Mach, CD_Power_On
0.01, 0.298281209890466
0.02, 0.342095654024372
0.03, 0.351196269061859
0.04, 0.353102785716813
0.05, 0.352767751643678
0.06, 0.351615153851401
0.07, 0.350161070592758
0.08, 0.348618432240067
0.09, 0.347081360877486
0.10, 0.345592363601519
0.11, 0.344169839365062
0.12, 0.3428204432805
0.13, 0.341545036279103
0.14, 0.340341580540227
0.15, 0.339206691533004
0.16, 0.338136474035362
0.17, 0.337126888174304
0.18, 0.336173992343524
0.19, 0.335274123745131
0.20, 0.334423814904882
0.21, 0.333619935886517
0.22, 0.332859600930124
0.23, 0.332140173140961
0.24, 0.331459313466695
0.25, 0.330814860489328
0.26, 0.330306305126197
0.27, 0.329830478985796
0.28, 0.329385760938611
0.29, 0.328970760653268
0.30, 0.328584185035432
0.31, 0.328224823485442
0.32, 0.327891678982815
0.33, 0.327583801749508
0.34, 0.327300340200388
0.35, 0.327040558297233
0.36, 0.326803785793382
0.37, 0.326589441567445
0.38, 0.326397026854992
0.39, 0.326226050032608
0.40, 0.326076178804156
0.41, 0.325947072906313
0.42, 0.325838473642913
0.43, 0.325750201090734
0.44, 0.32568212708249
0.45, 0.325634108322409
0.46, 0.325606167674823
0.47, 0.325598299299715
0.48, 0.325610607680292
0.49, 0.325643220977577
0.50, 0.325696338089843
0.51, 0.325770197820348
0.52, 0.325865116571916
0.53, 0.325981468963916
0.54, 0.326132677812397
0.55, 0.326586363225947
0.56, 0.327056576900964
0.57, 0.327544228583089
0.58, 0.328050318019325
0.59, 0.328325763216754
0.60, 0.328621876562394
0.61, 0.329123496880926
0.62, 0.329641863088188
0.63, 0.330185105804709
0.64, 0.330754884785479
0.65, 0.33135303978679
0.66, 0.331981639670182
0.67, 0.332642875986594
0.68, 0.333339277600119
0.69, 0.334073624272157
0.70, 0.33484900576536
0.71, 0.33464759094759
0.72, 0.334383481376058
0.73, 0.334119435921094
0.74, 0.333855464350288
0.75, 0.333591546432438
0.76, 0.333327701937552
0.77, 0.333063929740794
0.78, 0.332800211406631
0.79, 0.332536545812596
0.80, 0.332272942733434
0.81, 0.334501961945052
0.82, 0.336731062328478
0.83, 0.338960195454005
0.84, 0.341189410204947
0.85, 0.343418666361796
0.86, 0.345647983706168
0.87, 0.347877382020796
0.88, 0.350106840193488
0.89, 0.35233634980127
0.90, 0.354565919734149
0.91, 0.356976967988341
0.92, 0.364210112750918
0.93, 0.373370326170855
0.94, 0.380841035866864
0.95, 0.388311745562873
0.96, 0.395782455258882
0.97, 0.403253164954891
0.98, 0.4107238746509
0.99, 0.418194584346909
1.00, 0.425665294042918
1.01, 0.433136003738927
1.02, 0.440606713434937
1.03, 0.448077423130946
1.04, 0.455548132826955
1.05, 0.463018842522964
1.06, 0.461998744271569
1.07, 0.460990560504927
1.08, 0.459994248604205
1.09, 0.459009738162462
1.10, 0.458036997949433
1.11, 0.457075969880497
1.12, 0.456126577989544
1.13, 0.455188775405473
1.14, 0.454262509332061
1.15, 0.453347697030979
1.16, 0.451890952529539
1.17, 0.450427572341672
1.18, 0.448977860409386
1.19, 0.447395392774694
1.20, 0.445347990973803
1.21, 0.44326630381041
1.22, 0.441210541132561
1.23, 0.43919505394007
1.24, 0.437210254124488
1.25, 0.435253272229249
1.26, 0.43332269673319
1.27, 0.431417603840518
1.28, 0.429537323426018
1.29, 0.427681337458468
1.30, 0.425849247015866
1.31, 0.424040684066075
1.32, 0.422255348865848
1.33, 0.42049303815789
1.34, 0.418753442300353
1.35, 0.417036400299539
1.36, 0.415341711991328
1.37, 0.413669194281392
1.38, 0.412018683917819
1.39, 0.410390032053231
1.40, 0.408783079970865
1.41, 0.407197703849268
1.42, 0.405633791269655
1.43, 0.40409118314963
1.44, 0.402569789312698
1.45, 0.401069473168649
1.46, 0.399590135490803
1.47, 0.398131677249135
1.48, 0.396693997022125
1.49, 0.395276987192852
1.50, 0.393880563689105
1.51, 0.392504614756834
1.52, 0.391149090257584
1.53, 0.389813868253566
1.54, 0.388498875092672
1.55, 0.387204039774569
1.56, 0.385929289083356
1.57, 0.384674515460685
1.58, 0.383439668673722
1.59, 0.382224678964358
1.60, 0.381029447966514
1.61, 0.379853951382478
1.62, 0.378698095417352
1.63, 0.377561808706822
1.64, 0.37644504176165
1.65, 0.375347727416263
1.66, 0.374269810768945
1.67, 0.373211236637238
1.68, 0.372171933264171
1.69, 0.37115185127496
1.70, 0.370150949875917
1.71, 0.369169164583381
1.72, 0.368206447170333
1.73, 0.367262743886611
1.74, 0.366338013928549
1.75, 0.365432204645809
1.76, 0.364545285269419
1.77, 0.363677209376779
1.78, 0.362827898861616
1.79, 0.361997348904763
1.80, 0.361185523441703
1.81, 0.360458030894852
1.82, 0.359728438386413
1.83, 0.358582051972834
1.84, 0.357380953291786
1.85, 0.356186812096385
1.86, 0.354999516971393
1.87, 0.353818968136501
1.88, 0.352645048928081
1.89, 0.351477663274105
1.90, 0.350316720538684
1.91, 0.349162121284407
1.92, 0.348013767330102
1.93, 0.346871575653736
1.94, 0.345735453136953
1.95, 0.344605299805918
1.96, 0.343481045563507
1.97, 0.342362604054509
1.98, 0.341164673593237
1.99, 0.339972378458288
2.00, 0.33878567936083
2.01, 0.337694011613703
2.02, 0.336604393554814
2.03, 0.335521670952064
2.04, 0.334445767940903
2.05, 0.333376569151556
2.06, 0.332314002103
2.07, 0.331257975382938
2.08, 0.330208412579829
2.09, 0.32916520450785
2.10, 0.328128289889098
2.11, 0.3270975841469
2.12, 0.326072996137414
2.13, 0.325054478207957
2.14, 0.324041932589952
2.15, 0.323035281714937
2.16, 0.322034482325214
2.17, 0.321039432202565
2.18, 0.320050078822318
2.19, 0.319066360838257
2.20, 0.318088192427988
2.21, 0.317115532976935
2.22, 0.316148287427866
2.23, 0.315186429435993
2.24, 0.314229875632072
2.25, 0.313278565027513
2.26, 0.312332441212316
2.27, 0.311391445848334
2.28, 0.310455527660744
2.29, 0.309524628366327
2.30, 0.308598689958503
2.31, 0.307677644082688
2.32, 0.306761464117862
2.33, 0.305850075412208
2.34, 0.304943441712155
2.35, 0.304041490536014
2.36, 0.303144186745432
2.37, 0.302251475944052
2.38, 0.301363309671903
2.39, 0.300479642712232
2.40, 0.299600412153189
2.41, 0.298725590617235
2.42, 0.297855115026236
2.43, 0.296988949338596
2.44, 0.296127040492715
2.45, 0.295269350856932
2.46, 0.294674304923111
2.47, 0.29408338832007
2.48, 0.293496543424868
2.49, 0.292913738820932
2.50, 0.29233492886686
2.51, 0.29176007360078
2.52, 0.291189121696625
2.53, 0.290622037699735
2.54, 0.29005876460969
2.55, 0.289499285895255
2.56, 0.288943549692833
2.57, 0.288391515334953
2.58, 0.28784313646253
2.59, 0.287298380043458
2.60, 0.286757197435128
2.61, 0.28621956273661
2.62, 0.285685424017732
2.63, 0.285154746850298
2.64, 0.284627497760097
2.65, 0.284103623970969
2.66, 0.283583107890419
2.67, 0.283065896637413
2.68, 0.282551952689733
2.69, 0.282041246903532
2.70, 0.281533731142156
2.71, 0.281029378340225
2.72, 0.280528141406008
2.73, 0.28002999215732
2.74, 0.279534883946766
2.75, 0.279042789206271
2.76, 0.278553667452093
2.77, 0.278067484828215
2.78, 0.277584207043182
2.79, 0.277103785005823
2.80, 0.276626190280578
2.81, 0.276151398469808
2.82, 0.275679345971311
2.83, 0.275210024847936
2.84, 0.274743391671217
2.85, 0.27427940695415
2.86, 0.273818039050789
2.87, 0.273359243356885
2.88, 0.272902996972961
2.89, 0.272449257606325
2.90, 0.271997997006626
2.91, 0.271549166981759
2.92, 0.271102744694698
2.93, 0.270658692273828
2.94, 0.27021697758953
2.95, 0.269777547551341
2.96, 0.269340395354842
2.97, 0.268905472131336
2.98, 0.268472741148995
2.99, 0.268042169523454
3.00, 0.26761373068326
3.01, 0.267177844874154
3.02, 0.26677789972168
3.03, 0.266379554675288
3.04, 0.26598281536742
3.05, 0.265587694895695
3.06, 0.265194183688629
3.07, 0.264802276346823
3.08, 0.264411957433079
3.09, 0.264023246042205
3.10, 0.263636127184112
3.11, 0.263250604111173
3.12, 0.262866682163605
3.13, 0.262484329755298
3.14, 0.262103576920358
3.15, 0.261724406804815
3.16, 0.261346803974615
3.17, 0.260970773026142
3.18, 0.260596331868559
3.19, 0.260223454784549
3.20, 0.259852145895955
3.21, 0.259482403235973
3.22, 0.259114211757401
3.23, 0.258747584048225
3.24, 0.258382519320609
3.25, 0.258018991001689
3.26, 0.257657007977643
3.27, 0.257296582424599
3.28, 0.256937689725904
3.29, 0.256580336477479
3.30, 0.256224516425883
3.31, 0.255870224108322
3.32, 0.255517460771367
3.33, 0.255166206210438
3.34, 0.254816487440358
3.35, 0.254468272997916
3.36, 0.254121571011962
3.37, 0.253776378799887
3.38, 0.253432684541886
3.39, 0.253090491127521
3.40, 0.252749796822211
3.41, 0.252410588737438
3.42, 0.252072859860371
3.43, 0.251736628388017
3.44, 0.251401865370198
3.45, 0.251068564597386
3.46, 0.250736748113372
3.47, 0.250406388734472
3.48, 0.250077488294302
3.49, 0.249750049950903
3.50, 0.249424065110818
3.51, 0.249099511887372
3.52, 0.248776416441469
3.53, 0.248454752266127
3.54, 0.248134510902988
3.55, 0.247815708915839
3.56, 0.24749833384114
3.57, 0.247182363309524
3.58, 0.246867813102704
3.59, 0.246554670668554
3.60, 0.246242933453446
3.61, 0.24593259218951
3.62, 0.245623644203106
3.63, 0.245316086798572
3.64, 0.245009910886925
3.65, 0.244705113474734
3.66, 0.244401686170358
3.67, 0.244099625429682
3.68, 0.243798938143932
3.69, 0.243499595894129
3.70, 0.243201609921073
3.71, 0.242904976529576
3.72, 0.242609677278076
3.73, 0.242315713785693
3.74, 0.242023086849715
3.75, 0.241731778585391
3.76, 0.241441784752149
3.77, 0.24115311662073
3.78, 0.240865755870448
3.79, 0.240579687648396
3.80, 0.240294929099706
3.81, 0.240011460491484
3.82, 0.239729264365787
3.83, 0.239448364907436
3.84, 0.239168734689972
3.85, 0.238890368689706
3.86, 0.238581764057343
3.87, 0.238274415744931
3.88, 0.237968320157774
3.89, 0.237663462719565
3.90, 0.237359859236079
3.91, 0.237057480922021
3.92, 0.236756328211333
3.93, 0.236456407337643
3.94, 0.236157693829535
3.95, 0.23586018816595
3.96, 0.235563891000445
3.97, 0.235268793606728
3.98, 0.234974885836948
3.99, 0.234682159009306
4.00, 0.234390613365327
4.01, 0.234101645335565
4.02, 0.233813845541593
4.03, 0.233527198385116
4.04, 0.233241709981774
4.05, 0.232957351293196
4.06, 0.232674137160523
4.07, 0.232392058501224
4.08, 0.232111100174222
4.09, 0.2318312634965
4.10, 0.231552538160757
4.11, 0.231274909714953
4.12, 0.230998398860374
4.13, 0.230722975131695
4.14, 0.23044863033867
4.15, 0.23017538312698
4.16, 0.229903195453648
4.17, 0.229632080635841
4.18, 0.229362035692868
4.19, 0.229093035238768
4.20, 0.22882508434862
4.21, 0.228558178179626
4.22, 0.228292309559437
4.23, 0.228027471098464
4.24, 0.227763658102191
4.25, 0.227500853601023
4.26, 0.22723906175768
4.27, 0.226978273361002
4.28, 0.226718485663801
4.29, 0.22645969167946
4.30, 0.226201873706225
4.31, 0.22594503399012
4.32, 0.225689170801314
4.33, 0.225434263510182
4.34, 0.225180317936071
4.35, 0.224927318156004
4.36, 0.224675264078878
4.37, 0.224424154380056
4.38, 0.224173967788176
4.39, 0.223932314510769
4.40, 0.223708999242253
4.41, 0.223486087551538
4.42, 0.223263594738839
4.43, 0.223041489402197
4.44, 0.222819788485013
4.45, 0.222598478072102
4.46, 0.222377568626322
4.47, 0.222157044533721
4.48, 0.221936904054827
4.49, 0.221717155212997
4.50, 0.221497781563786
4.51, 0.221278782131922
4.52, 0.221060164618275
4.53, 0.22084191293443
4.54, 0.22062402962633
4.55, 0.220406506206688
4.56, 0.220189340420632
4.57, 0.219972540257232
4.58, 0.219756081926981
4.59, 0.219539982863604
4.60, 0.219324229196139
4.61, 0.219108816074541
4.62, 0.218893751396215
4.63, 0.218679010509718
4.64, 0.218464601999293
4.65, 0.218250520477036
4.66, 0.218036771583873
4.67, 0.217823335249775
4.68, 0.217610212674077
4.69, 0.217397415674336
4.70, 0.21718491714245
4.71, 0.216972722349171
4.72, 0.216760831156539
4.73, 0.216549236358319
4.74, 0.216337935980376
4.75, 0.216126924521362
4.76, 0.21591618906868
4.77, 0.215705745577324
4.78, 0.215495570871961
4.79, 0.215285670073475
4.80, 0.215076037973336
4.81, 0.21486667184599
4.82, 0.214657556625245
4.83, 0.214448701940646
4.84, 0.214240097845855
4.85, 0.21403174391501
4.86, 0.2138236248711
4.87, 0.213615745510314
4.88, 0.213408105226404
4.89, 0.213200683726814
4.90, 0.212993490979648
4.91, 0.212786523875435
4.92, 0.212579761650631
4.93, 0.212373216594374
4.94, 0.212166871216496
4.95, 0.211960733926361
4.96, 0.211754795075664
4.97, 0.211549043436878
4.98, 0.211343484332503
4.99, 0.211138101368192
5.00, 0.210932904044888
5.01, 0.210763076267847
5.02, 0.21056769230097
5.03, 0.210372664127891
5.04, 0.210177955531899
5.05, 0.209983576322273
5.06, 0.209789526329539
5.07, 0.209595784881663
5.08, 0.209402346200069
5.09, 0.209209216149346
5.10, 0.209016377313786
5.11, 0.208823825141366
5.12, 0.208631572680765
5.13, 0.208439582774218
5.14, 0.208247862710054
5.15, 0.208056410698424
5.16, 0.207865215028421
5.17, 0.207674280090861
5.18, 0.207483586589692
5.19, 0.207293120475289
5.20, 0.207102903455106
5.21, 0.206912911827901
5.22, 0.206723130070449
5.23, 0.206533568658351
5.24, 0.206344215554781
5.25, 0.206155069008408
5.26, 0.20596611826857
5.27, 0.205777346754656
5.28, 0.205588774460707
5.29, 0.205400367005403
5.30, 0.205212129199806
5.31, 0.205024063790985
5.32, 0.20483614662519
5.33, 0.20464838718638
5.34, 0.204460773622386
5.35, 0.204273298658085
5.36, 0.204085954873446
5.37, 0.203898735088754
5.38, 0.20371163688208
5.39, 0.203524650612821
5.40, 0.203337781636331
5.41, 0.203151002318641
5.42, 0.20296432787188
5.43, 0.20277773132393
5.44, 0.202591227875581
5.45, 0.202404789553881
5.46, 0.202218429703534
5.47, 0.202032123288045
5.48, 0.201845875523108
5.49, 0.201659676643896
5.50, 0.201473531634066
5.51, 0.201287415895702
5.52, 0.201101331969914
5.53, 0.200915274730799
5.54, 0.200729235043483
5.55, 0.200543207655529
5.56, 0.200357189944044
5.57, 0.200171169935254
5.58, 0.199985135313966
5.59, 0.199799096197113
5.60, 0.199613032673747
5.61, 0.19942694203586
5.62, 0.199240820053238
5.63, 0.199054661361007
5.64, 0.198868458790913
5.65, 0.198682195277714
5.66, 0.198495877660381
5.67, 0.198309504449328
5.68, 0.198123055197516
5.69, 0.197936520414154
5.70, 0.197749902414146
5.71, 0.197563208838371
5.72, 0.197376399987691
5.73, 0.197189498573974
5.74, 0.197002494043124
5.75, 0.196815362367134
5.76, 0.196628115693643
5.77, 0.196440739202866
5.78, 0.196253223019327
5.79, 0.196065567338315
5.80, 0.195877767070948
5.81, 0.195689807326703
5.82, 0.195501688676772
5.83, 0.19531340555182
5.84, 0.195124943530273
5.85, 0.194936312519865
5.86, 0.194747482516071
5.87, 0.194558461298104
5.88, 0.194369253965112
5.89, 0.194179835514924
5.90, 0.193990198532091
5.91, 0.193800338111918
5.92, 0.193610264424511
5.93, 0.193419955251247
5.94, 0.193229412518077
5.95, 0.193038619381115
5.96, 0.19284758090359
5.97, 0.192656279313994
5.98, 0.192464717462485
5.99, 0.192272880706499
6.00, 0.192080783289281
6.01, 0.191907721657621
6.02, 0.19175670861906
6.03, 0.191605898341756
6.04, 0.191455279896944
6.05, 0.191304863423486
6.06, 0.191154638094738
6.07, 0.191004601432494
6.08, 0.190854767336316
6.09, 0.190705133523085
6.10, 0.190555689170646
6.11, 0.190406444303115
6.12, 0.190257388000695
6.13, 0.190108520124669
6.14, 0.189959850274966
6.15, 0.18981137805103
6.16, 0.189663093307477
6.17, 0.189514995030717
6.18, 0.189367093175371
6.19, 0.189219376986073
6.20, 0.189071846767238
6.21, 0.188924521561952
6.22, 0.18877737106693
6.23, 0.188630414728815
6.24, 0.188483642444127
6.25, 0.188337053510026
6.26, 0.188190657571946
6.27, 0.188044444425341
6.28, 0.18789842346548
6.29, 0.187752584387468
6.30, 0.187606936686268
6.31, 0.1874614597134
6.32, 0.187316173651033
6.33, 0.187171076451962
6.34, 0.187026150307052
6.35, 0.186881413372133
6.36, 0.18673686538346
6.37, 0.186592485696894
6.38, 0.186448294285002
6.39, 0.186304290465798
6.40, 0.18616045410886
6.41, 0.186016804435362
6.42, 0.185873331177139
6.43, 0.18573004379491
6.44, 0.185586922252553
6.45, 0.185443995777666
6.46, 0.185301234331423
6.47, 0.185158647144693
6.48, 0.185016243615208
6.49, 0.184874013900251
6.50, 0.184731955979644
6.51, 0.184590082220186
6.52, 0.184448370705049
6.53, 0.184306850733008
6.54, 0.184165492655291
6.55, 0.184024305416135
6.56, 0.1838832989398
6.57, 0.183742452724033
6.58, 0.183601796366898
6.59, 0.18346129934418
6.60, 0.183320971378596
6.61, 0.183180822069223
6.62, 0.183040841115501
6.63, 0.18290101769738
6.64, 0.182761382055477
6.65, 0.182621902932818
6.66, 0.182482590687979
6.67, 0.18234345333002
6.68, 0.182204483207823
6.69, 0.182065678018142
6.70, 0.181927038113264
6.71, 0.181788562665351
6.72, 0.181650251393929
6.73, 0.181512113903157
6.74, 0.1813741395851
6.75, 0.181236318358786
6.76, 0.181098669729872
6.77, 0.180961183404537
6.78, 0.180823858579455
6.79, 0.180686705173167
6.80, 0.180549702793456
6.81, 0.180412860840518
6.82, 0.180276189132644
6.83, 0.1801396672793
6.84, 0.180003313428247
6.85, 0.17986711990963
6.86, 0.179731084878665
6.87, 0.179595198042726
6.88, 0.179459478919902
6.89, 0.17932391732323
6.90, 0.179188512563738
6.91, 0.179053264559547
6.92, 0.178918182825579
6.93, 0.178783236776551
6.94, 0.178648466330704
6.95, 0.178513840904901
6.96, 0.178379370017585
6.97, 0.178245063587196
6.98, 0.178110901032595
6.99, 0.17797689187598
7.00, 0.177852510002838
7.01, 0.177747932108249
7.02, 0.177643654541937
7.03, 0.177539683558207
7.04, 0.177435999641573
7.05, 0.177332621555373
7.06, 0.177229526612037
7.07, 0.177126726355904
7.08, 0.177024227338775
7.09, 0.176922010151549
7.10, 0.176820082202367
7.11, 0.176718453019299
7.12, 0.1766171023411
7.13, 0.176516037376478
7.14, 0.176415258822767
7.15, 0.176314764189081
7.16, 0.176214553107237
7.17, 0.176114625022453
7.18, 0.176014988600501
7.19, 0.175915610977194
7.20, 0.175816524186773
7.21, 0.175717714496897
7.22, 0.175619182515277
7.23, 0.175520916808902
7.24, 0.17542293577609
7.25, 0.175325219240353
7.26, 0.175227786558612
7.27, 0.175130615242927
7.28, 0.175033714934465
7.29, 0.174937084038067
7.30, 0.174840733354022
7.31, 0.174744630195533
7.32, 0.174648804406977
7.33, 0.174553244198422
7.34, 0.17445795045198
7.35, 0.174362909546464
7.36, 0.174268142007865
7.37, 0.174173627486102
7.38, 0.174079373496562
7.39, 0.173985380669155
7.40, 0.173891646595611
7.41, 0.173798171656604
7.42, 0.173704953545022
7.43, 0.173611981914247
7.44, 0.173519266144724
7.45, 0.173426816166216
7.46, 0.173334607993781
7.47, 0.173242654825889
7.48, 0.173150941524207
7.49, 0.173059490331929
7.50, 0.172968289481326
7.51, 0.172871063722646
7.52, 0.172774116876308
7.53, 0.172677447453418
7.54, 0.172581044782942
7.55, 0.172484927478869
7.56, 0.172389084774862
7.57, 0.172293495187766
7.58, 0.172198198223203
7.59, 0.172103163054976
7.60, 0.17200838853832
7.61, 0.1719138938512
7.62, 0.171819656096012
7.63, 0.171725687466051
7.64, 0.171631983645425
7.65, 0.171538545674209
7.66, 0.171445362709032
7.67, 0.171352442061403
7.68, 0.171259784638407
7.69, 0.171167389577183
7.70, 0.171075253263977
7.71, 0.170983367440177
7.72, 0.170891740419779
7.73, 0.170800369485758
7.74, 0.170709256424495
7.75, 0.170618388361728
7.76, 0.170527776152433
7.77, 0.170437417065508
7.78, 0.170347310502572
7.79, 0.170257445948825
7.80, 0.170167843208512
7.81, 0.170078479259102
7.82, 0.169989356119443
7.83, 0.169900489715243
7.84, 0.169811860911934
7.85, 0.169723479207425
7.86, 0.169635342802321
7.87, 0.169547440453893
7.88, 0.169459782522293
7.89, 0.169372367667326
7.90, 0.169285194141267
7.91, 0.169198251662438
7.92, 0.169111549643204
7.93, 0.169025086648382
7.94, 0.16893885184217
7.95, 0.168852865352704
7.96, 0.16876709644782
7.97, 0.1686815722902
7.98, 0.168596272556131
7.99, 0.168511208280091
8.00, 0.168426376177513
8.01, 0.168341767385678
8.02, 0.168257390080932
8.03, 0.168173244096272
8.04, 0.168089327611948
8.05, 0.168005630463338
8.06, 0.167922161990564
8.07, 0.167838910775366
8.08, 0.167755896067873
8.09, 0.167673098143122
8.10, 0.167590514758671
8.11, 0.167508155804938
8.12, 0.167426029814927
8.13, 0.167344107451895
8.14, 0.167262407060969
8.15, 0.167180927088772
8.16, 0.167099668583436
8.17, 0.167018618549124
8.18, 0.166937787362341
8.19, 0.166857165791415
8.20, 0.166776769874629
8.21, 0.16669658096607
8.22, 0.166616597706462
8.23, 0.166536830581054
8.24, 0.166457276793715
8.25, 0.166377936061752
8.26, 0.166298799440884
8.27, 0.166219873676634
8.28, 0.166141150107872
8.29, 0.166062636820635
8.30, 0.165984332283356
8.31, 0.165906228911428
8.32, 0.165828332108296
8.33, 0.165750633313038
8.34, 0.165673151778123
8.35, 0.165595857234964
8.36, 0.165518776904352
8.37, 0.165441891949987
8.38, 0.165365201632538
8.39, 0.165288723276906
8.40, 0.165212428933345
8.41, 0.165136345929462
8.42, 0.165060453706208
8.43, 0.164984763531474
8.44, 0.16490926246599
8.45, 0.16483395968641
8.46, 0.164758846999941
8.47, 0.164683931993265
8.48, 0.164609213427604
8.49, 0.164534682474934
8.50, 0.164460346007762
8.51, 0.16438619619092
8.52, 0.164312250166528
8.53, 0.164238477789997
8.54, 0.16416489888062
8.55, 0.164091512832515
8.56, 0.164018317787564
8.57, 0.163945305285618
8.58, 0.163872472574594
8.59, 0.16379982985265
8.60, 0.163727376347708
8.61, 0.163655102162877
8.62, 0.163583015370121
8.63, 0.16351110739054
8.64, 0.163439384725372
8.65, 0.163367849512953
8.66, 0.163296488500612
8.67, 0.163225313128407
8.68, 0.163154311658572
8.69, 0.163083484822426
8.70, 0.16301285008449
8.71, 0.162942388530798
8.72, 0.162872099235033
8.73, 0.162801990169343
8.74, 0.16273205307469
8.75, 0.16266229522153
8.76, 0.162592716293491
8.77, 0.16252330723137
8.78, 0.16245407681338
8.79, 0.16238501355155
8.80, 0.162316127052096
8.81, 0.16224740743418
8.82, 0.162178864288368
8.83, 0.162110486150362
8.84, 0.162042283057859
8.85, 0.161974243636551
8.86, 0.161906388448688
8.87, 0.161838685989631
8.88, 0.161771156434714
8.89, 0.161703788904381
8.90, 0.161636592620185
8.91, 0.161569567323755
8.92, 0.161502702674772
8.93, 0.161435997458204
8.94, 0.161369461280299
8.95, 0.161303094283651
8.96, 0.161236885056624
8.97, 0.161170843507338
8.98, 0.161104959342027
8.99, 0.161039231017102
9.00, 0.160973679494783
9.01, 0.160908272893324
9.02, 0.160843031125222
9.03, 0.160777954516554
9.04, 0.160713030678318
9.05, 0.160648260717205
9.06, 0.160583663526845
9.07, 0.160519208968936
9.08, 0.160454915706208
9.09, 0.16039078393642
9.10, 0.160326803002348
9.11, 0.160262972078165
9.12, 0.1601993111034
9.13, 0.160135789106121
9.14, 0.160072426058765
9.15, 0.160009221309149
9.16, 0.159946154384086
9.17, 0.159883253855382
9.18, 0.159820501034668
9.19, 0.159757893841538
9.20, 0.159695443037929
9.21, 0.159633147172735
9.22, 0.159570985678659
9.23, 0.159508979167371
9.24, 0.159447126017506
9.25, 0.159385415964657
9.26, 0.159323859068264
9.27, 0.159262444619556
9.28, 0.159201181546282
9.29, 0.159140060520944
9.30, 0.159079080227877
9.31, 0.159018250308353
9.32, 0.158957570824572
9.33, 0.158897030401192
9.34, 0.158836629321793
9.35, 0.158776376114785
9.36, 0.158716261841682
9.37, 0.158656295152251
9.38, 0.158596465994212
9.39, 0.158536782860192
9.40, 0.158477226871946
9.41, 0.158417826290985
9.42, 0.158358561200622
9.43, 0.15829943150001
9.44, 0.158240445638391
9.45, 0.158181594410455
9.46, 0.158122886893071
9.47, 0.158064312376993
9.48, 0.158005870970372
9.49, 0.157947571488162
9.50, 0.157889414278363
9.51, 0.157831388409649
9.52, 0.157773493642099
9.53, 0.157715739626349
9.54, 0.157658115977095
9.55, 0.157600622026068
9.56, 0.157543266969053
9.57, 0.157486051556904
9.58, 0.157428953781287
9.59, 0.15737200518082
9.60, 0.15731517337981
9.61, 0.157258479501917
9.62, 0.15720192195963
9.63, 0.157145491200256
9.64, 0.157089186415923
9.65, 0.15703301758262
9.66, 0.156976973483575
9.67, 0.156921064301021
9.68, 0.15686528008128
9.69, 0.156809619439181
9.70, 0.156754092356802
9.71, 0.156698688608639
9.72, 0.156643417765837
9.73, 0.156588269708662
9.74, 0.156533243160482
9.75, 0.156478348075322
9.76, 0.156423574834936
9.77, 0.156368932240561
9.78, 0.156314410173444
9.79, 0.156260008415603
9.80, 0.156205736071822
9.81, 0.156151583603649
9.82, 0.156097559837328
9.83, 0.156043654639646
9.84, 0.155989867713892
9.85, 0.155936208351984
9.86, 0.155882666257091
9.87, 0.155829242076157
9.88, 0.155775943963994
9.89, 0.155722772288153
9.90, 0.155669706933639
9.91, 0.155616767401642
9.92, 0.155563952616953
9.93, 0.155511252561807
9.94, 0.155458667516866
9.95, 0.155406206504134
9.96, 0.155353849118258
9.97, 0.155301625454603
9.98, 0.155249505009245
9.99, 0.155197516622972
10.00, 0.155145631440081
10.01, 0.155131778314875
10.02, 0.155115789212666
10.03, 0.155099847466601
10.04, 0.155083942414622
10.05, 0.155068074358871
10.06, 0.155052252835444
10.07, 0.15503646775836
10.08, 0.155020719719557
10.09, 0.15500501776428
10.10, 0.154989352109175
10.11, 0.154973732477706
10.12, 0.154958148969766
10.13, 0.154942601411908
10.14, 0.154927089339612
10.15, 0.154911622666288
10.16, 0.154896201883269
10.17, 0.154880806047815
10.18, 0.154865365651111
10.19, 0.154848590228269
10.20, 0.154831870353655
10.21, 0.154815194617225
10.22, 0.154798553498163
10.23, 0.154781967881973
10.24, 0.154765425765532
10.25, 0.154748928303646
10.26, 0.15473247522669
10.27, 0.154716065969213
10.28, 0.154699701302145
10.29, 0.154683379720635
10.30, 0.154667111995832
10.31, 0.154650878319404
10.32, 0.15463468794546
10.33, 0.154618551285446
10.34, 0.154602447453175
10.35, 0.154586387059613
10.36, 0.1545703794387
10.37, 0.154554405180315
10.38, 0.154538483040271
10.39, 0.154522594562931
10.40, 0.154506758050403
10.41, 0.154490953891268
10.42, 0.154475202072673
10.43, 0.15445948310784
10.44, 0.154443815677289
10.45, 0.154428180720556
10.46, 0.1544125973957
10.47, 0.154397045813967
10.48, 0.154381536086543
10.49, 0.15436607819779
10.50, 0.154350651233971
10.51, 0.15433527557966
10.52, 0.154319931796042
10.53, 0.154304628493193
10.54, 0.154289376604094
10.55, 0.154274155867276
10.56, 0.154258975815453
10.57, 0.15424383655928
10.58, 0.154228737809356
10.59, 0.15421367919822
10.60, 0.154198661314358
10.61, 0.154183683590197
10.62, 0.154168736683091
10.63, 0.154153839209069
10.64, 0.154138972094037
10.65, 0.154124154501222
10.66, 0.15410936695107
10.67, 0.154094629111407
10.68, 0.154079920924255
10.69, 0.154065251821603
10.70, 0.154050622291389
10.71, 0.154036032443495
10.72, 0.154021481197569
10.73, 0.154006959487445
10.74, 0.153992486810977
10.75, 0.153978042864723
10.76, 0.153963637492804
10.77, 0.153949281018526
10.78, 0.153934953202253
10.79, 0.153920653988881
10.80, 0.153906402709832
10.81, 0.153892190052477
10.82, 0.153878006026138
10.83, 0.153863869284087
10.84, 0.15384976135368
10.85, 0.153835691341521
10.86, 0.153821658741172
10.87, 0.153807653822944
10.88, 0.153793696812033
10.89, 0.153779767278787
10.90, 0.153765885253712
10.91, 0.153752030784761
10.92, 0.153738203302778
10.93, 0.153724423194556
10.94, 0.153710680190846
10.95, 0.153696964578347
10.96, 0.153683285468292
10.97, 0.153669643329853
10.98, 0.153656027452461
10.99, 0.153642458780339
11.00, 0.15362891680627
11.01, 0.153615410997802
11.02, 0.153601941483622
11.03, 0.153588508472076
11.04, 0.153575101871466
11.05, 0.15356174111205
11.06, 0.153548406880043
11.07, 0.153535098405617
11.08, 0.153521835318901
11.09, 0.153508598683982
11.10, 0.153495397607471
11.11, 0.153482231587958
11.12, 0.153469101720257
11.13, 0.153455997025996
11.14, 0.153442928398788
11.15, 0.153429894536466
11.16, 0.15341689554683
11.17, 0.153403922393636
11.18, 0.153390993550602
11.19, 0.153378079981406
11.20, 0.153365211893686
11.21, 0.153352368039039
11.22, 0.153339559003025
11.23, 0.153326784466142
11.24, 0.15331404451164
11.25, 0.153301329548653
11.26, 0.153288648127436
11.27, 0.153276001811963
11.28, 0.153263379781126
11.29, 0.153250791364216
11.30, 0.153238237346486
11.31, 0.153225716957152
11.32, 0.153213220981394
11.33, 0.153200758748354
11.34, 0.153188330165137
11.35, 0.153175925438811
11.36, 0.153163554623928
11.37, 0.153151217332186
11.38, 0.153138902762325
11.39, 0.153126632602006
11.40, 0.153114375176864
11.41, 0.153102160725537
11.42, 0.153089970325538
11.43, 0.153077812481178
11.44, 0.153065677877208
11.45, 0.153053585942343
11.46, 0.153041507261266
11.47, 0.153029471262626
11.48, 0.153017457953036
11.49, 0.153005477339076
11.50, 0.152993529571215
11.51, 0.152981603689872
11.52, 0.152969711245118
11.53, 0.152957840322316
11.54, 0.152946012170464
11.55, 0.152934196031863
11.56, 0.152922412098446
11.57, 0.152910670433617
11.58, 0.152898950843662
11.59, 0.152887252856836
11.60, 0.152875587057364
11.61, 0.152863953451435
11.62, 0.152852340889213
11.63, 0.152840760432824
11.64, 0.152829201750822
11.65, 0.152817673990123
11.66, 0.152806178453461
11.67, 0.152794714030571
11.68, 0.152783270787219
11.69, 0.152771848968106
11.70, 0.152760468857882
11.71, 0.152749099366949
11.72, 0.152737770740636
11.73, 0.152726463940066
11.74, 0.152715187576273
11.75, 0.152703931755027
11.76, 0.152692707638067
11.77, 0.152681503634455
11.78, 0.152670340530945
11.79, 0.152659187992774
11.80, 0.15264806660357
11.81, 0.152636975249342
11.82, 0.152625914340606
11.83, 0.152614873477496
11.84, 0.152603863171402
11.85, 0.152592873399474
11.86, 0.152581903753229
11.87, 0.152570974038099
11.88, 0.152560064937492
11.89, 0.152549175066222
11.90, 0.152538315377004
11.91, 0.152527485774483
11.92, 0.152516676095506
11.93, 0.152505895901688
11.94, 0.152495135676274
11.95, 0.152484404946489
11.96, 0.152473703750512
11.97, 0.152463022505317
11.98, 0.1524523603258
11.99, 0.152441737429776
12.00, 0.152431124087196
12.01, 0.152420540138717
12.02, 0.152409985275351
12.03, 0.152399449848022
12.04, 0.152388943283726
12.05, 0.152378465687432
12.06, 0.152368007642085
12.07, 0.152357567896606
12.08, 0.152347157133893
12.09, 0.152336775258816
12.10, 0.152326412276225
12.11, 0.152316078420632
12.12, 0.152305762281245
12.13, 0.152295465626746
12.14, 0.152285196856934
12.15, 0.152274956974233
12.16, 0.15226473556323
12.17, 0.152254542471157
12.18, 0.152244377181702
12.19, 0.152234221026883
12.20, 0.152224092655319
12.21, 0.152213992071603
12.22, 0.152203920408955
12.23, 0.152193856092836
12.24, 0.15218383015621
12.25, 0.152173822252306
12.26, 0.152163832031952
12.27, 0.15215386972654
12.28, 0.152143924662508
12.29, 0.152134008126167
12.30, 0.15212411881392
12.31, 0.15211423733424
12.32, 0.152104393238757
12.33, 0.152094566959043
12.34, 0.152084758071759
12.35, 0.15207497645592
12.36, 0.152065212669331
12.37, 0.152055475709371
12.38, 0.1520457560336
12.39, 0.152036063746229
12.40, 0.152026388751442
12.41, 0.152016740475409
12.42, 0.152007109500274
12.43, 0.151997505352165
12.44, 0.151987918513189
12.45, 0.151978358409432
12.46, 0.15196881526742
12.47, 0.151959288746084
12.48, 0.151949788972108
12.49, 0.151940316071371
12.50, 0.151930849903926
12.51, 0.151921419939285
12.52, 0.151912006837532
12.53, 0.151902610481512
12.54, 0.151893240339506
12.55, 0.151883886494126
12.56, 0.151874559206746
12.57, 0.151865248444424
12.58, 0.1518559537903
12.59, 0.151846685348194
12.60, 0.151837443221909
12.61, 0.151828216737227
12.62, 0.151819007173268
12.63, 0.151809823138881
12.64, 0.151800654757339
12.65, 0.151791513288353
12.66, 0.151782386920214
12.67, 0.151773286775215
12.68, 0.1517642022978
12.69, 0.151755133609642
12.70, 0.151746090695957
12.71, 0.151737063531693
12.72, 0.151728061877944
12.73, 0.151719075892149
12.74, 0.151710115423625
12.75, 0.151701170358435
12.76, 0.151692250989103
12.77, 0.151683337030132
12.78, 0.15167445819601
12.79, 0.151665584779208
12.80, 0.151656736494182
12.81, 0.151647913733369
12.82, 0.151639106011192
12.83, 0.151630313531055
12.84, 0.151621556311623
12.85, 0.15161280373654
12.86, 0.151604066413617
12.87, 0.151595354071931
12.88, 0.151586666774159
12.89, 0.1515779841749
12.90, 0.151569336626517
12.91, 0.151560693782865
12.92, 0.15155207553283
12.93, 0.151543482343994
12.94, 0.151534903580098
12.95, 0.151526339419518
12.96, 0.151517800154457
12.97, 0.1515092752101
12.98, 0.15150076487862
12.99, 0.151492278874174
13.00, 0.151483807488904
13.01, 0.151475360436939
13.02, 0.151466927721388
13.03, 0.151458509345352
13.04, 0.151450115311913
13.05, 0.151441745446713
13.06, 0.151433379818488
13.07, 0.151425038253023
13.08, 0.151416710864401
13.09, 0.151408407433347
13.10, 0.151400118084805
13.11, 0.151391842800152
13.12, 0.151383591703623
13.13, 0.151375354298458
13.14, 0.151367140677556
13.15, 0.151358940864097
13.16, 0.151350755239785
13.17, 0.151342593029522
13.18, 0.151334444625194
13.19, 0.151326320029675
13.20, 0.151318198956825
13.21, 0.151310111698492
13.22, 0.151302027679508
13.23, 0.151293967380694
13.24, 0.151285920426857
13.25, 0.151277897198791
13.26, 0.151269887429323
13.27, 0.151261890704964
13.28, 0.151253917525679
13.29, 0.151245957712767
13.30, 0.151238020953681
13.31, 0.151230087666089
13.32, 0.15122217753807
13.33, 0.151214290686616
13.34, 0.151206416711429
13.35, 0.15119855611783
13.36, 0.151190708512567
13.37, 0.151182883898281
13.38, 0.151175072071497
13.39, 0.151167283347203
13.40, 0.151159507721739
13.41, 0.1511517447087
13.42, 0.151144004599667
13.43, 0.151136277308208
13.44, 0.151128562925882
13.45, 0.151120870977234
13.46, 0.151113192042797
13.47, 0.151105525940779
13.48, 0.151097882175164
13.49, 0.151090241042292
13.50, 0.151082632459869
13.51, 0.151075036510779
13.52, 0.151067443012858
13.53, 0.151059881972315
13.54, 0.151052323283928
13.55, 0.151044787157482
13.56, 0.15103727338835
13.57, 0.151029761796679
13.58, 0.151022272770421
13.59, 0.151014795620126
13.60, 0.151007341142994
13.61, 0.150999898849399
13.62, 0.150992468352698
13.63, 0.15098506033323
13.64, 0.15097765411533
13.65, 0.150970280190317
13.66, 0.150962908360502
13.67, 0.150955558339185
13.68, 0.150948220328655
13.69, 0.15094090413119
13.70, 0.15093359013806
13.71, 0.150926297673522
13.72, 0.150919027618706
13.73, 0.150911768995935
13.74, 0.150904511908467
13.75, 0.15089728723696
13.76, 0.15089006361559
13.77, 0.150882862025142
13.78, 0.150875682178806
13.79, 0.150868503878463
13.80, 0.150861347026568
13.81, 0.150854201735847
13.82, 0.150847068187168
13.83, 0.150839956003656
13.84, 0.150832855287874
13.85, 0.150825776130938
13.86, 0.15081869814711
13.87, 0.150811641636325
13.88, 0.150804596790681
13.89, 0.150797573034259
13.90, 0.150790560558128
13.91, 0.150783559175348
13.92, 0.15077656936597
13.93, 0.150769600365037
13.94, 0.15076264304158
13.95, 0.15075569652819
13.96, 0.150748771020605
13.97, 0.150741856807537
13.98, 0.150734953701983
13.99, 0.150728071513938
14.00, 0.150721190240222
14.01, 0.150714330079951
14.02, 0.150707490742678
14.03, 0.15070065242603
14.04, 0.150693835035995
14.05, 0.150687028281736
14.06, 0.150680232746673
14.07, 0.150673457658405
14.08, 0.150666693312073
14.09, 0.150659940190246
14.10, 0.150653207231909
14.11, 0.150646475305946
14.12, 0.150639773841006
14.13, 0.150633073029533
14.14, 0.150626382967026
14.15, 0.150619723177333
14.16, 0.150613064140292
14.17, 0.150606415668735
14.18, 0.150599787664483
14.19, 0.150593170229353
14.20, 0.150586563076148
14.21, 0.150579976489681
14.22, 0.150573389994583
14.23, 0.15056682407578
14.24, 0.150560278446047
14.25, 0.150553733100634
14.26, 0.150547208143198
14.27, 0.150540693191105
14.28, 0.150534198628187
14.29, 0.150527704458866
14.30, 0.15052123039292
14.31, 0.150514766046278
14.32, 0.150508312195178
14.33, 0.150501878456058
14.34, 0.150495454726619
14.35, 0.150489041015981
14.36, 0.150482647233776
14.37, 0.150476263465905
14.38, 0.150469879910855
14.39, 0.150463526092283
14.40, 0.150457172209304
14.41, 0.150450838246762
14.42, 0.15044451412563
14.43, 0.150438199836533
14.44, 0.150431895292094
14.45, 0.150425610782928
14.46, 0.150419335921639
14.47, 0.150413070809828
14.48, 0.150406825439611
14.49, 0.1504005896314
14.50, 0.150394353577421
14.51, 0.150388147179247
14.52, 0.150381940249441
14.53, 0.150375753068457
14.54, 0.150369575457925
14.55, 0.150363407320411
14.56, 0.150357248746977
14.57, 0.150351109748974
14.58, 0.150344980217857
14.59, 0.150338859976457
14.60, 0.15033274930472
14.61, 0.150326657736958
14.62, 0.150320565930611
14.63, 0.150314503509136
14.64, 0.150308440096467
14.65, 0.150302385971294
14.66, 0.150296351624421
14.67, 0.150290326002125
14.68, 0.150284309860349
14.69, 0.15027831282324
14.70, 0.150272325281241
14.71, 0.150266336557788
14.72, 0.150260377043312
14.73, 0.150254416928236
14.74, 0.150248475735978
14.75, 0.15024254355695
14.76, 0.150236620303557
14.77, 0.150230706266196
14.78, 0.150224811346261
14.79, 0.150218915256137
14.80, 0.150213038083839
14.81, 0.150207180046356
14.82, 0.150201320942806
14.83, 0.150195470574552
14.84, 0.150189639229114
14.85, 0.150183816346395
14.86, 0.150178012777953
14.87, 0.150172207964144
14.88, 0.15016642170335
14.89, 0.15016064447148
14.90, 0.15015487570957
14.91, 0.150149115878987
14.92, 0.150143374606458
14.93, 0.150137641908159
14.94, 0.15013191814475
14.95, 0.150126203043286
14.96, 0.150120506320268
14.97, 0.150114808446657
14.98, 0.150109129038828
14.99, 0.150103468009052
15.00, 0.150097805752262
15.01, 0.150092151860486
15.02, 0.150086516539534
15.03, 0.150080889601654
15.04, 0.150075271237084
15.05, 0.150069661258061
15.06, 0.150064069465814
15.07, 0.150058486350569
15.08, 0.150052911624543
15.09, 0.15004734508895
15.10, 0.150041797028209
15.11, 0.150036247176991
15.12, 0.150030715619815
15.13, 0.150025192457873
15.14, 0.150019677386121
15.15, 0.150014180529093
15.16, 0.150008681970844
15.17, 0.150003201605987
15.18, 0.149997729170696
15.19, 0.149992275037683
15.20, 0.149986819001217
15.21, 0.149981381287113
15.22, 0.149975941671636
15.23, 0.149970519703024
15.24, 0.1499651161241
15.25, 0.149959710665096
15.26, 0.149954322756673
15.27, 0.149948943051993
15.28, 0.149943571759597
15.29, 0.14993820773245
15.30, 0.149932852201058
15.31, 0.149927514407268
15.32, 0.149922184352179
15.33, 0.149916862325881
15.34, 0.149911548059846
15.35, 0.149906241616492
15.36, 0.149900952916176
15.37, 0.14989567224897
15.38, 0.149890399326943
15.39, 0.149885133962157
15.40, 0.14987987653367
15.41, 0.149874626664538
15.42, 0.149869404644808
15.43, 0.1498641703552
15.44, 0.149858953837301
15.45, 0.149853754682925
15.46, 0.149848553382103
15.47, 0.149843369546861
15.48, 0.14983819335738
15.49, 0.149833024745256
15.50, 0.149827863701765
15.51, 0.149822710395765
15.52, 0.149817574292456
15.53, 0.149812436049792
15.54, 0.149807324969312
15.55, 0.149802211283815
15.56, 0.149797105540277
15.57, 0.149792006904895
15.58, 0.149786925824229
15.59, 0.149781851931912
15.60, 0.149776785439973
15.61, 0.149771726505358
15.62, 0.149766674861988
15.63, 0.149761640622179
15.64, 0.149756613553265
15.65, 0.149751583778453
15.66, 0.149746581510347
15.67, 0.14974157612667
15.68, 0.149736578228916
15.69, 0.149731597629017
15.70, 0.149726614127902
15.71, 0.149721647926495
15.72, 0.149716698925715
15.73, 0.149711746837477
15.74, 0.149706802240695
15.75, 0.149701874658276
15.76, 0.149696953891123
15.77, 0.149692040618136
15.78, 0.149687134073212
15.79, 0.149682235024241
15.80, 0.149677352605112
15.81, 0.149672467294711
15.82, 0.149667599180694
15.83, 0.149662738101286
15.84, 0.149657883655233
15.85, 0.149653046421405
15.86, 0.149648206287062
15.87, 0.149643382902178
15.88, 0.149638566329308
15.89, 0.1496337568968
15.90, 0.149628954102803
15.91, 0.149624158312085
15.92, 0.149619369275553
15.93, 0.149614597343792
15.94, 0.149609832079079
15.95, 0.149605073431616
15.96, 0.14960032164205
15.97, 0.149595576960198
15.98, 0.149590848823338
15.99, 0.149586127358119
16.00, 0.149581402513785
16.01, 0.149576694705885
16.02, 0.149571993446225
16.03, 0.14956729886181
16.04, 0.149562621074837
16.05, 0.149557939428475
16.06, 0.149553274869959
16.07, 0.149548616963663
16.08, 0.149543965421376
16.09, 0.149539320532878
16.10, 0.149534682298948
16.11, 0.149530060820362
16.12, 0.149525445608894
16.13, 0.14952082705431
16.14, 0.149516224968377
16.15, 0.149511639151857
16.16, 0.149507049994508
16.17, 0.149502467597086
16.18, 0.149497901182344
16.19, 0.149493341529029
16.20, 0.149488778293392
16.21, 0.149484241386988
16.22, 0.14947970075524
16.23, 0.149475166598882
16.24, 0.149470649107648
16.25, 0.149466127604267
16.26, 0.149461622289466
16.27, 0.149457123785226
16.28, 0.149452631416573
16.29, 0.149448145238659
16.30, 0.149443675441199
16.31, 0.149439201735901
16.32, 0.149434744454854
16.33, 0.149430293224828
16.34, 0.149425848378078
16.35, 0.149421409915304
16.36, 0.14941697730088
16.37, 0.149412551029964
16.38, 0.149408140856099
16.39, 0.149403737110132
16.40, 0.149399329132252
16.41, 0.149394937542473
16.42, 0.149390562193115
16.43, 0.149386182414394
16.44, 0.149381809266096
16.45, 0.149377452079118
16.46, 0.149373090605598
16.47, 0.149368745474985
16.48, 0.149364406308193
16.49, 0.149360073285284
16.50, 0.149355756038848
16.51, 0.149351434937262
16.52, 0.149347129902787
16.53, 0.149342820725117
16.54, 0.149338527227185
16.55, 0.149334240076004
16.56, 0.149329958795174
16.57, 0.149325683284031
16.58, 0.14932142364484
16.59, 0.149317159965263
16.60, 0.149312912259227
16.61, 0.14930867022472
16.62, 0.149304424302598
16.63, 0.149300203878378
16.64, 0.149295979605045
16.65, 0.149291761020172
16.66, 0.149287558009077
16.67, 0.149283350924432
16.68, 0.149279149819564
16.69, 0.149274974389794
16.70, 0.149270794399281
16.71, 0.149266620490834
16.72, 0.149262452258785
16.73, 0.149258289467776
16.74, 0.149254142507396
16.75, 0.149249991343095
16.76, 0.149245855756893
16.77, 0.149241726003072
16.78, 0.149237601793211
16.79, 0.149233482993396
16.80, 0.149229369873344
16.81, 0.149225272587974
16.82, 0.149221170848855
16.83, 0.149217084656554
16.84, 0.149213003911634
16.85, 0.149208928681127
16.86, 0.149204859321812
16.87, 0.149200795322556
16.88, 0.149196736772913
16.89, 0.149192693773435
16.90, 0.149188656324671
16.91, 0.149184614427169
16.92, 0.149180587792472
16.93, 0.149176566710123
16.94, 0.149172551080662
16.95, 0.149168541104626
16.96, 0.149164546393551
16.97, 0.149160546847968
16.98, 0.149156552857409
16.99, 0.149152574422402
17.00, 0.149148601354473
17.01, 0.149144633354144
17.02, 0.149140671010937
17.03, 0.149136713936371
17.04, 0.149132762130963
17.05, 0.149128825784227
17.06, 0.149124884807675
17.07, 0.149120958712816
17.08, 0.14911703817816
17.09, 0.14911312291521
17.10, 0.14910921292447
17.11, 0.149105308235932
17.12, 0.149101408790962
17.13, 0.149097514619697
17.14, 0.149093635622635
17.15, 0.149089761611265
17.16, 0.149085882875079
17.17, 0.149082019543148
17.18, 0.14907816135864
17.19, 0.149074308161773
17.20, 0.149070460142028
17.21, 0.149066627210886
17.22, 0.149062789585658
17.23, 0.149058967110999
17.24, 0.149055139626368
17.25, 0.149051327259627
17.26, 0.149047520045314
17.27, 0.149043717722436
17.28, 0.149039920491458
17.29, 0.149036128568642
17.30, 0.149032351511702
17.31, 0.149028569448044
17.32, 0.149024802504485
17.33, 0.149021030617613
17.34, 0.149017273662454
17.35, 0.149013521476181
17.36, 0.149009774574452
17.37, 0.149006032505348
17.38, 0.149002295595905
17.39, 0.148998573419683
17.40, 0.148994846215298
17.41, 0.148991133908674
17.42, 0.148987426436155
17.43, 0.148983714126216
17.44, 0.148980016650965
17.45, 0.148976333661446
17.46, 0.148972636185189
17.47, 0.148968963195809
17.48, 0.148965285042257
17.49, 0.148961621765718
17.50, 0.148957953514569
17.51, 0.148954299952559
17.52, 0.148950651127494
17.53, 0.148946997305026
17.54, 0.148943368073372
17.55, 0.148939733679484
17.56, 0.148936104066515
17.57, 0.14893247939185
17.58, 0.148928859332839
17.59, 0.148925253867391
17.60, 0.148921653241044
17.61, 0.148918047398345
17.62, 0.148914456106271
17.63, 0.148910869631862
17.64, 0.148907287942715
17.65, 0.148903710704965
17.66, 0.148900148575067
17.67, 0.148896580654026
17.68, 0.148893017574142
17.69, 0.14888946921428
17.70, 0.148885925285827
17.71, 0.148882376146328
17.72, 0.148878851659981
17.73, 0.148875311506191
17.74, 0.148871796263338
17.75, 0.14886827543351
17.76, 0.148864759057801
17.77, 0.148861247505159
17.78, 0.148857750575957
17.79, 0.148854247981566
17.80, 0.148850760091741
17.81, 0.148847276368215
17.82, 0.148843797658604
17.83, 0.148840323096275
17.84, 0.148836853259589
17.85, 0.148833387759908
17.86, 0.148829926986592
17.87, 0.148826480243324
17.88, 0.148823028345947
17.89, 0.148819590787006
17.90, 0.148816157666853
17.91, 0.148812718985843
17.92, 0.148809294744325
17.93, 0.148805875131647
17.94, 0.148802459770159
17.95, 0.148799048749205
17.96, 0.148795652069129
17.97, 0.148792249930275
17.98, 0.148788861843984
17.99, 0.148785468488594
18.00, 0.148782089286447
18.01, 0.148778704426876
18.02, 0.148775334110217
18.03, 0.148771968136805
18.04, 0.148768606217971
18.05, 0.148765248843046
18.06, 0.14876190552336
18.07, 0.148758556648239
18.08, 0.14875521192901
18.09, 0.148751881554999
18.10, 0.148748545626528
18.11, 0.14874522385492
18.12, 0.148741906355909
18.13, 0.148738593087857
18.14, 0.148735283977625
18.15, 0.148731979025529
18.16, 0.148728678520883
18.17, 0.148725382075001
18.18, 0.148722089788195
18.19, 0.1487188117753
18.20, 0.148715527996449
18.21, 0.1487122584776
18.22, 0.148708992730062
18.23, 0.148705721332138
18.24, 0.148702464309029
18.25, 0.148699211233117
18.26, 0.148695962218728
18.27, 0.148692717466158
18.28, 0.148689486744605
18.29, 0.148686250216446
18.30, 0.148683027706498
18.31, 0.148679799259556
18.32, 0.148676574944312
18.33, 0.148673364679634
18.34, 0.148670158578835
18.35, 0.148666956510236
18.36, 0.148663758348939
18.37, 0.148660564352385
18.38, 0.148657374388521
18.39, 0.148654188333182
18.40, 0.148651006443438
18.41, 0.148647838442364
18.42, 0.148644664495526
18.43, 0.148641504570621
18.44, 0.148638338634859
18.45, 0.148635186654529
18.46, 0.148632038663651
18.47, 0.148628894584496
18.48, 0.148625754428648
18.49, 0.148622618262706
18.50, 0.148619486154163
18.51, 0.148616357791325
18.52, 0.148613233342162
18.53, 0.148610123027998
18.54, 0.14860700638378
18.55, 0.148603903830351
18.56, 0.148600794992133
18.57, 0.14859770010049
18.58, 0.148594609024818
18.59, 0.148591521940503
18.60, 0.148588438672913
18.61, 0.148585359352458
18.62, 0.148582283704976
18.63, 0.148579211949404
18.64, 0.148576154067547
18.65, 0.148573089833371
18.66, 0.148570039618148
18.67, 0.148566983150871
18.68, 0.148563940422859
18.69, 0.148560891614898
18.70, 0.148557856555275
18.71, 0.148554825127427
18.72, 0.148551797548174
18.73, 0.148548773898413
18.74, 0.148545753737004
18.75, 0.148542747569068
18.76, 0.148539734897847
18.77, 0.148536726149542
18.78, 0.148533721006081
18.79, 0.148530729704548
18.80, 0.148527731937984
18.81, 0.148524747921126
18.82, 0.148521767746898
18.83, 0.148518791008682
18.84, 0.148515818220524
18.85, 0.14851284907569
18.86, 0.14850988352991
18.87, 0.148506921621513
18.88, 0.148503963319133
18.89, 0.148501008760986
18.90, 0.148498067702798
18.91, 0.148495120283345
18.92, 0.148492186714855
18.93, 0.14848924650249
18.94, 0.148486320179973
18.95, 0.14848339731402
18.96, 0.148480467843966
18.97, 0.148477552225412
18.98, 0.148474640208576
18.99, 0.148471731549175
19.00, 0.148468836636421
19.01, 0.148465935121198
19.02, 0.148463037313491
19.03, 0.148460142964069
19.04, 0.148457262217644
19.05, 0.148454375118924
19.06, 0.148451501234618
19.07, 0.148448631198434
19.08, 0.148445754521578
19.09, 0.148442891348756
19.10, 0.148440031531829
19.11, 0.148437175278797
19.12, 0.148434322774908
19.13, 0.148431473486866
19.14, 0.148428627703872
19.15, 0.148425785481624
19.16, 0.148422956620321
19.17, 0.148420121264663
19.18, 0.148417299370346
19.19, 0.148414470937565
19.20, 0.148411645822016
19.21, 0.148408834212894
19.22, 0.14840602596589
19.23, 0.148403221281199
19.24, 0.148400419859012
19.25, 0.148397621855018
19.26, 0.148394827213907
19.27, 0.148392036035869
19.28, 0.148389248221091
19.29, 0.14838646372526
19.30, 0.148383682693062
19.31, 0.148380915024682
19.32, 0.148378140675805
19.33, 0.148375379647994
19.34, 0.148372611983066
19.35, 0.148369857538188
19.36, 0.148367106658042
19.37, 0.148364348898306
19.38, 0.14836160455916
19.39, 0.148358863440783
19.40, 0.14835612554335
19.41, 0.148353391212084
19.42, 0.148350670101467
19.43, 0.148347942167822
19.44, 0.148345217600324
19.45, 0.148342496110146
19.46, 0.148339788086459
19.47, 0.148337073340358
19.48, 0.148334371716565
19.49, 0.148331663415275
19.50, 0.148328968436657
19.51, 0.14832627653638
19.52, 0.148323578058522
19.53, 0.148320892559825
19.54, 0.148318210384468
19.55, 0.148315531432616
19.56, 0.148312855758937
19.57, 0.148310193165484
19.58, 0.148307523796026
19.59, 0.148304857606225
19.60, 0.148302194594841
19.61, 0.148299544809234
19.62, 0.148296888203763
19.63, 0.148294244678588
19.64, 0.148291594332063
19.65, 0.148288957167851
19.66, 0.148286322984405
19.67, 0.148283682324277
19.68, 0.14828105450273
19.69, 0.148278429762413
19.70, 0.148275808401077
19.71, 0.14827318992358
19.72, 0.148270574680671
19.73, 0.148267972466601
19.74, 0.14826536339002
19.75, 0.14826275749268
19.76, 0.148260154435925
19.77, 0.148257564561605
19.78, 0.148254967966675
19.79, 0.148252384213067
19.80, 0.148249793594445
19.81, 0.148247215962133
19.82, 0.148244641609401
19.83, 0.148242070198961
19.84, 0.148239501727471
19.85, 0.148236936291198
19.86, 0.148234363897937
19.87, 0.14823181458448
19.88, 0.14822925831451
19.89, 0.148226704979931
19.90, 0.14822415468931
19.91, 0.148221607434164
19.92, 0.148219073167943
19.93, 0.148216531892779
19.94, 0.148214003562506
19.95, 0.148211468267869
19.96, 0.148208945774083
19.97, 0.148206416460511
19.98, 0.14820389994825
19.99, 0.148201386471776
20.00, 0.148198875941567
20.01, 0.14819635844722
20.02, 0.148193853849584
20.03, 0.148191352054391
20.04, 0.148188853295163
20.05, 0.148186357483324
20.06, 0.148183874563019
20.07, 0.148181384490547
20.08, 0.148178897509673
20.09, 0.148176423226409
20.10, 0.148173941991636
20.11, 0.148171473504057
20.12, 0.148168998103461
20.13, 0.148166535363009
20.14, 0.148164065514341
20.15, 0.148161608615249
20.16, 0.148159154707998
20.17, 0.148156703599342
20.18, 0.148154255051901
20.19, 0.148151809740885
20.20, 0.148149367128823
20.21, 0.14814692732311
20.22, 0.1481444903649
20.23, 0.148142056350497
20.24, 0.148139625091018
20.25, 0.148137196538722
20.26, 0.148134780834028
20.27, 0.148132358173604
20.28, 0.148129947976482
20.29, 0.14812753087153
20.30, 0.148125126422188
20.31, 0.148122714773069
20.32, 0.148120315788066
20.33, 0.148117919795318
20.34, 0.148115526458627
20.35, 0.148113125922602
20.36, 0.148110738142853
20.37, 0.148108353028221
20.38, 0.14810597080594
20.39, 0.148103591240261
20.40, 0.148101214431289
20.41, 0.148098850523632
20.42, 0.148096479182075
20.43, 0.148094110543954
20.44, 0.148091744707465
20.45, 0.14808939162821
20.46, 0.148087031206295
20.47, 0.148084683541822
20.48, 0.148082328444606
20.49, 0.148079986095414
20.50, 0.148077646603971
20.51, 0.148075299525876
20.52, 0.148072965350232
20.53, 0.148070633788138
20.54, 0.148068304884193
20.55, 0.148065978738496
20.56, 0.14806365501706
20.57, 0.148061334288242
20.58, 0.148059015928964
20.59, 0.148056700472824
20.60, 0.148054387530918
20.61, 0.148052077203341
20.62, 0.14804977953469
20.63, 0.148047474480558
20.64, 0.148045172085539
20.65, 0.148042882449727
20.66, 0.148040595184215
20.67, 0.148038300678095
20.68, 0.14803600868696
20.69, 0.1480337294554
20.70, 0.148031452739007
20.71, 0.148029168637871
20.72, 0.148026907052082
20.73, 0.148024628081729
20.74, 0.148022361771403
20.75, 0.148020097932189
20.76, 0.148017836753178
20.77, 0.148015577945456
20.78, 0.148013331998109
20.79, 0.148011068322225
20.80, 0.14800882740689
20.81, 0.148006578963189
20.82, 0.148004333035706
20.83, 0.148002099624527
20.84, 0.147999858829735
20.85, 0.147997630651414
20.86, 0.147995394845147
20.87, 0.147993171555517
20.88, 0.147990940969459
20.89, 0.147988722768764
20.90, 0.14798649708495
20.91, 0.147984283773598
20.92, 0.147982073079289
20.93, 0.147979864902102
20.94, 0.147977659197616
20.95, 0.147975456010411
20.96, 0.147973255237754
20.97, 0.14797105714076
20.98, 0.147968861172281
20.99, 0.147966667821393
21.00, 0.147964477088172
21.01, 0.147962288583695
21.02, 0.147960112697036
21.03, 0.147957929269389
21.04, 0.147955748274012
21.05, 0.147953579707679
21.06, 0.147951403559463
21.07, 0.147949239740438
21.08, 0.147947068524886
21.09, 0.14794490969788
21.10, 0.147942753200281
21.11, 0.147940589121164
21.12, 0.147938437700984
21.13, 0.147936288425458
21.14, 0.147934141668625
21.15, 0.147931997141555
21.16, 0.147929855273382
21.17, 0.147927715594965
21.18, 0.147925578391017
21.19, 0.147923443661607
21.20, 0.14792131124655
21.21, 0.14791918112184
21.22, 0.14791705332737
21.23, 0.147914938052208
21.24, 0.147912815046846
21.25, 0.147910694476916
21.26, 0.147908586237491
21.27, 0.147906470312326
21.28, 0.147904366778525
21.29, 0.147902255619922
21.30, 0.147900156731035
21.31, 0.147898050278441
21.32, 0.147895955912235
21.33, 0.147893864104698
21.34, 0.147891774589377
21.35, 0.147889677260631
21.36, 0.147887592390506
21.37, 0.147885509768514
21.38, 0.147883429377781
21.39, 0.147881351545617
21.40, 0.147879275862001
21.41, 0.14787720234792
21.42, 0.147875131227161
21.43, 0.147873062337955
21.44, 0.14787100586273
21.45, 0.147868941536732
21.46, 0.147866879624675
21.47, 0.147864819862115
21.48, 0.147862772431397
21.49, 0.147860717314561
21.50, 0.147858674347621
21.51, 0.147856623650021
21.52, 0.147854585247082
21.53, 0.14785253911344
21.54, 0.147850505130221
21.55, 0.147848473560757
21.56, 0.147846433997476
21.57, 0.147844406847905
21.58, 0.147842381749275
21.59, 0.147840359164312
21.60, 0.147838338586045
21.61, 0.147836320176898
21.62, 0.147834304163703
21.63, 0.147832290319581
21.64, 0.147830278482663
21.65, 0.14782826905927
21.66, 0.147826261743332
21.67, 0.14782425664087
21.68, 0.147822253746112
21.69, 0.14782026292028
21.70, 0.147818264446899
21.71, 0.147816268042393
21.72, 0.147814283890584
21.73, 0.147812291907598
21.74, 0.147810302033053
21.75, 0.147808324427278
21.76, 0.147806348954642
21.77, 0.147804365446309
21.78, 0.147802394351165
21.79, 0.147800425265063
21.80, 0.147798448347596
21.81, 0.147796483539408
21.82, 0.147794521044298
21.83, 0.147792560593648
21.84, 0.147790602132631
21.85, 0.147788645910106
21.86, 0.147786681951173
21.87, 0.147784729917723
21.88, 0.147782790092677
21.89, 0.147780842307845
21.90, 0.147778886586858
21.91, 0.147776953139676
21.92, 0.147775011753052
21.93, 0.147773072430181
21.94, 0.147771145246741
21.95, 0.147769209949699
21.96, 0.147767277035316
21.97, 0.147765356085986
21.98, 0.147763427197889
21.99, 0.147761500363357
22.00, 0.147759585668498
22.01, 0.147757663025203
22.02, 0.147755752445377
22.03, 0.14775384399534
22.04, 0.14775192753063
22.05, 0.147750023127922
22.06, 0.147748120788551
22.07, 0.14774622056912
22.08, 0.147744312335166
22.09, 0.147742416019146
22.10, 0.147740521910826
22.11, 0.147738629778094
22.12, 0.147736739708114
22.13, 0.147734851701232
22.14, 0.147732965680043
22.15, 0.147731081789083
22.16, 0.147729199729386
22.17, 0.147727319732966
22.18, 0.147725451799467
22.19, 0.147723575841835
22.20, 0.147721702024602
22.21, 0.147719839972058
22.22, 0.147717970136791
22.23, 0.147716102267524
22.24, 0.147714246249786
22.25, 0.147712382352612
22.26, 0.147710530451533
22.27, 0.147708670450251
22.28, 0.147706822521525
22.29, 0.147704966434488
22.30, 0.147703122478171
22.31, 0.147701280353605
22.32, 0.147699430369819
22.33, 0.147697592141926
22.34, 0.147695755976359
22.35, 0.147693921797164
22.36, 0.147692089604367
22.37, 0.147690249253499
22.38, 0.147688420889087
22.39, 0.147686594511162
22.40, 0.147684770034306
22.41, 0.147682947485003
22.42, 0.14768112691227
22.43, 0.147679308181633
22.44, 0.14767750159212
22.45, 0.147675686680259
22.46, 0.147673873919574
22.47, 0.147672062991093
22.48, 0.147670263894844
22.49, 0.147668456785349
22.50, 0.147666651518137
22.51, 0.147664858237731
22.52, 0.147663056725018
22.53, 0.147661267273868
22.54, 0.1476594696651
22.55, 0.147657683898739
22.56, 0.147655890109308
22.57, 0.147654108162331
22.58, 0.147652318192332
22.59, 0.147650539930335
22.60, 0.147648763645363
22.61, 0.147646979347438
22.62, 0.147645206747584
22.63, 0.147643436134822
22.64, 0.147641667364676
22.65, 0.147639900427168
22.66, 0.147638135332318
22.67, 0.147636372080149
22.68, 0.147634600660682
22.69, 0.147632841228438
22.70, 0.147631083494438
22.71, 0.147629337757702
22.72, 0.147627583699252
22.73, 0.147625831628107
22.74, 0.147624081255287
22.75, 0.147622332859812
22.76, 0.147620586162701
22.77, 0.147618851462974
22.78, 0.147617108514592
22.79, 0.147615377336125
22.80, 0.147613638010598
22.81, 0.14761190051803
22.82, 0.147610164713939
22.83, 0.147608440897343
22.84, 0.147606718779259
22.85, 0.147604988494205
22.86, 0.147603270052199
22.87, 0.147601543308757
22.88, 0.147599828408397
22.89, 0.147598115341134
22.90, 0.147596394034665
22.91, 0.147594684509084
22.92, 0.147592976816651
22.93, 0.14759126081288
22.94, 0.147589556652286
22.95, 0.147587854190387
22.96, 0.147586153571697
22.97, 0.147584454857969
22.98, 0.147582757771178
22.99, 0.14758106237314
23.00, 0.14757936881837
23.01, 0.147577676952382
23.02, 0.14757598692969
23.03, 0.147574298605807
23.04, 0.147572612176549
23.05, 0.147570937394764
23.06, 0.147569254291828
23.07, 0.147567572887755
23.08, 0.147565893327057
23.09, 0.14756422552624
23.10, 0.147562549487769
23.11, 0.14756087514821
23.12, 0.147559212363076
23.13, 0.147557541555878
23.14, 0.147555882373814
23.15, 0.147554214809963
23.16, 0.147552559089581
23.17, 0.147550895058181
23.18, 0.147549242715774
23.19, 0.147547592152751
23.20, 0.1475459331983
23.21, 0.147544285952872
23.22, 0.147542630396479
23.23, 0.147540986599268
23.24, 0.147539344430911
23.25, 0.147537704086117
23.26, 0.147536065305896
23.27, 0.147534418284654
23.28, 0.147532782892545
23.29, 0.147531149189536
23.30, 0.147529517255351
23.31, 0.147527886796007
23.32, 0.147526258180286
23.33, 0.147524631243699
23.34, 0.147523005931231
23.35, 0.147521382248373
23.36, 0.147519760254672
23.37, 0.147518139884934
23.38, 0.147516531279507
23.39, 0.147514914228758
23.40, 0.147513298936316
23.41, 0.147511685119384
23.42, 0.147510072991649
23.43, 0.147508472632064
23.44, 0.147506873902685
23.45, 0.147505266708023
23.46, 0.147503661301351
23.47, 0.14750205734058
23.48, 0.147500465099042
23.49, 0.147498864605335
23.50, 0.147497275597722
23.51, 0.147495688124857
23.52, 0.147494092429663
23.53, 0.147492508355252
23.54, 0.147490915893905
23.55, 0.147489334918966
23.56, 0.147487755633299
23.57, 0.147486178105033
23.58, 0.147484591908863
23.59, 0.147483017624486
23.60, 0.147481444672328
23.61, 0.147479863419459
23.62, 0.147478303779221
23.63, 0.147476725760385
23.64, 0.14747515920957
23.65, 0.147473594434777
23.66, 0.147472031127897
23.67, 0.147470469452658
23.68, 0.147468919167729
23.69, 0.147467360649547
23.70, 0.147465803753186
23.71, 0.147464248334462
23.72, 0.147462694537676
23.73, 0.147461142352917
23.74, 0.147459591501212
23.75, 0.147458042415924
23.76, 0.147456504942805
23.77, 0.147454958890009
23.78, 0.147453414438964
23.79, 0.14745187147576
23.80, 0.147450340268695
23.81, 0.147448800395086
23.82, 0.147447272133002
23.83, 0.147445735493488
23.84, 0.147444200330887
23.85, 0.147442676646467
23.86, 0.147441154717849
23.87, 0.147439624123022
23.88, 0.147438105159384
23.89, 0.147436577654147
23.90, 0.147435061779988
23.91, 0.147433537219838
23.92, 0.147432024435151
23.93, 0.147430513050673
23.94, 0.147429003134866
23.95, 0.147427484839854
23.96, 0.14742597803362
23.97, 0.147424472693566
23.98, 0.147422968822398
23.99, 0.147421466561795
24.00, 0.147419965790184
24.01, 0.147418466484524
24.02, 0.147416958733553
24.03, 0.147415462451731
24.04, 0.147413977635688
24.05, 0.147412484308896
24.06, 0.147410992582268
24.07, 0.147409502210495
24.08, 0.14740801342877
24.09, 0.147406526057213
24.10, 0.147405040165164
24.11, 0.147403555892989
24.12, 0.147402072955923
24.13, 0.147400601484115
24.14, 0.147399121546958
24.15, 0.147397643099558
24.16, 0.147396176117242
24.17, 0.147394700535064
24.18, 0.147393226432792
24.19, 0.147391753795428
24.20, 0.147390292638068
24.21, 0.1473888229555
24.22, 0.147387364663045
24.23, 0.14738589786074
24.24, 0.14738444252305
24.25, 0.147382978719957
24.26, 0.147381526262658
24.27, 0.147380065259797
24.28, 0.147378615677018
24.29, 0.147377167554673
24.30, 0.14737571090659
24.31, 0.14737426565857
24.32, 0.147372821756624
24.33, 0.147371369443263
24.34, 0.147369928405447
24.35, 0.147368488838342
24.36, 0.147367050725145
24.37, 0.147365604176472
24.38, 0.147364168873316
24.39, 0.147362735051054
24.40, 0.147361302557962
24.41, 0.147359871589365
24.42, 0.147358441977297
24.43, 0.14735701381872
24.44, 0.147355587060116
24.45, 0.147354161556977
24.46, 0.147352737545044
24.47, 0.147351314986363
24.48, 0.147349893827623
24.49, 0.14734847400572
24.50, 0.147347055646889
24.51, 0.147345638687974
24.52, 0.147344223128967
24.53, 0.147342818906969
24.54, 0.147341406003303
24.55, 0.147339994644018
24.56, 0.147338594540107
24.57, 0.147337185980558
24.58, 0.147335778613731
24.59, 0.147334382699433
24.60, 0.147332978194971
24.61, 0.147331574935836
24.62, 0.147330183158588
24.63, 0.147328782719127
24.64, 0.147327383659464
24.65, 0.147325995999589
24.66, 0.147324609594991
24.67, 0.147323214527984
24.68, 0.147321830922961
24.69, 0.147320438717685
24.70, 0.147319057767647
24.71, 0.147317678217334
24.72, 0.147316290056737
24.73, 0.14731491309947
24.74, 0.147313527593822
24.75, 0.147312153343358
24.76, 0.147310780492566
24.77, 0.147309409041435
24.78, 0.147308038845454
24.79, 0.147306659987537
24.80, 0.147305292590872
24.81, 0.147303926439323
24.82, 0.147302561552879
24.83, 0.147301198046028
24.84, 0.147299835814258
24.85, 0.147298464962057
24.86, 0.147297105458185
24.87, 0.147295747260636
24.88, 0.14729439032812
24.89, 0.147293044785125
24.90, 0.147291690507139
24.91, 0.147290337608649
24.92, 0.147288985975144
24.93, 0.147287635596609
24.94, 0.147286286546697
24.95, 0.147284938812616
24.96, 0.147283592343468
24.97, 0.14728224725374
24.98, 0.147280913428918
24.99, 0.147279570848991
25.00, 0.147278229678444
0.01, 0.313517258582622
0.02, 0.357358409561155
0.03, 0.366464571826654
0.04, 0.368372250587966
0.05, 0.368037012296723
0.06, 0.366883711945033
0.07, 0.365428742358229
0.08, 0.363885163699125
0.09, 0.362347155423458
0.10, 0.36085725053769
0.11, 0.359433859209695
0.12, 0.358083640608442
0.13, 0.35680745618998
0.14, 0.355603266891519
0.15, 0.354467686119172
0.16, 0.353396816276555
0.17, 0.352386615028192
0.18, 0.35143313836519
0.19, 0.350532721257024
0.20, 0.34968189411587
0.21, 0.348877525097631
0.22, 0.3481167266834
0.23, 0.347396860371131
0.24, 0.346715585682731
0.25, 0.346070739882726
0.26, 0.345561874532573
0.27, 0.34508575835506
0.28, 0.344640769232525
0.29, 0.344225515986124
0.30, 0.343838704733325
0.31, 0.343479124136551
0.32, 0.343145776567592
0.33, 0.342837711669472
0.34, 0.342554077337981
0.35, 0.342294137086248
0.36, 0.342057220259067
0.37, 0.341842745380829
0.38, 0.341650213383086
0.39, 0.341479132342753
0.40, 0.34132916976115
0.41, 0.341199985167542
0.42, 0.341091319708081
0.43, 0.34100299334987
0.44, 0.340934877847502
0.45, 0.340886829817861
0.46, 0.340858872139212
0.47, 0.340850998967981
0.48, 0.340863314851062
0.49, 0.340895948027596
0.50, 0.340949097517094
0.51, 0.341023002268378
0.52, 0.341117978877129
0.53, 0.341234402191066
0.54, 0.341385703208039
0.55, 0.341839665162946
0.56, 0.342310165454028
0.57, 0.342798114381455
0.58, 0.343304512301622
0.59, 0.3435801253951
0.60, 0.343876419234943
0.61, 0.34437834531328
0.62, 0.344897027487708
0.63, 0.345440601334729
0.64, 0.346010727621029
0.65, 0.346609247224311
0.66, 0.347238230267178
0.67, 0.347899869636417
0.68, 0.348596695737576
0.69, 0.349331490026441
0.70, 0.350107344149012
0.71, 0.349905806559988
0.72, 0.349641536001972
0.73, 0.349377329599608
0.74, 0.349113197126435
0.75, 0.348849118338923
0.76, 0.34858511301913
0.77, 0.348321180041532
0.78, 0.348057300959362
0.79, 0.347793474649467
0.80, 0.347529710892551
0.81, 0.349760088790122
0.82, 0.351990547908978
0.83, 0.354221039789893
0.84, 0.356451613345978
0.85, 0.358682228333207
0.86, 0.360912904545257
0.87, 0.363143661776917
0.88, 0.365374478903128
0.89, 0.36760534749578
0.90, 0.369836276450301
0.91, 0.372099708962222
0.92, 0.379188177263963
0.93, 0.388204888856778
0.94, 0.395531066898302
0.95, 0.402857244939826
0.96, 0.41018342298135
0.97, 0.417509601022875
0.98, 0.424835779064399
0.99, 0.432161957105923
1.00, 0.439488135147447
1.01, 0.446814313188972
1.02, 0.454140491230496
1.03, 0.46146666927202
1.04, 0.468792847313544
1.05, 0.476119025355068
1.06, 0.47512818541802
1.07, 0.474146876098202
1.08, 0.473175647003514
1.09, 0.472214765146382
1.10, 0.471264443864654
1.11, 0.470324810601644
1.12, 0.469395931996043
1.13, 0.468477873802132
1.14, 0.46757067575551
1.15, 0.466674329654159
1.16, 0.465235175302698
1.17, 0.463788888085103
1.18, 0.462320148867125
1.19, 0.460715947052685
1.20, 0.45864691058376
1.21, 0.456543919511029
1.22, 0.454467191786854
1.23, 0.452431063680804
1.24, 0.450425918891404
1.25, 0.448448865886547
1.26, 0.446498476378969
1.27, 0.444573808165592
1.28, 0.442674177922749
1.29, 0.440799054165351
1.30, 0.438948024725532
1.31, 0.43712071141839
1.32, 0.435316804627752
1.33, 0.433536090735705
1.34, 0.431778252317865
1.35, 0.430043120371733
1.36, 0.428330893876051
1.37, 0.426642419377959
1.38, 0.424976162279354
1.39, 0.423331961784493
1.40, 0.421709646693361
1.41, 0.420109080103627
1.42, 0.418530140487527
1.43, 0.416972658401557
1.44, 0.415436534182522
1.45, 0.413921622450262
1.46, 0.412427815278703
1.47, 0.410955007676836
1.48, 0.409503090156288
1.49, 0.408071948648873
1.50, 0.406661493316375
1.51, 0.405271607008371
1.52, 0.403902233488938
1.53, 0.402553246328433
1.54, 0.401224567066421
1.55, 0.399916120704099
1.56, 0.398627829393402
1.57, 0.397359582496454
1.58, 0.396111326104764
1.59, 0.394882986100886
1.60, 0.3936744620145
1.61, 0.392485726775697
1.62, 0.391316683010484
1.63, 0.390167256960776
1.64, 0.389037396809267
1.65, 0.387927032650572
1.66, 0.386836108586504
1.67, 0.385764565927797
1.68, 0.384712332187239
1.69, 0.383679354402369
1.70, 0.382665592433466
1.71, 0.381670978343274
1.72, 0.380695462854715
1.73, 0.379738990957547
1.74, 0.378801520420036
1.75, 0.377882996963386
1.76, 0.376983388975116
1.77, 0.376102648235183
1.78, 0.375240696394919
1.79, 0.374397526793045
1.80, 0.37357310303565
1.81, 0.372833071821084
1.82, 0.372090946956588
1.83, 0.370921002101669
1.84, 0.369693876730326
1.85, 0.36847286015833
1.86, 0.367257914309407
1.87, 0.366049015289964
1.88, 0.364846110457478
1.89, 0.363649162758822
1.90, 0.3624581465181
1.91, 0.361273013093637
1.92, 0.360093705642917
1.93, 0.358920194075391
1.94, 0.357752422890586
1.95, 0.356590338162924
1.96, 0.355433900814066
1.97, 0.354283057995133
1.98, 0.353052490419432
1.99, 0.351827399839546
2.00, 0.350607781087243
2.01, 0.349483141393448
2.02, 0.348360472345592
2.03, 0.347244639939459
2.04, 0.346135588883629
2.05, 0.345033221744672
2.06, 0.343937486656089
2.07, 0.342848306313063
2.08, 0.341765620330329
2.09, 0.34068933317718
2.10, 0.339619391636767
2.11, 0.338555732506247
2.12, 0.33749826519068
2.13, 0.336446958389933
2.14, 0.335401724246702
2.15, 0.334362488577726
2.16, 0.333329225039183
2.17, 0.332301828672852
2.18, 0.331280258182928
2.19, 0.330264457565669
2.20, 0.329254349848822
2.21, 0.328249898262349
2.22, 0.327251007517447
2.23, 0.326257660341512
2.24, 0.325269778252556
2.25, 0.324287304083367
2.26, 0.323310177290369
2.27, 0.322338352447672
2.28, 0.321371774050932
2.29, 0.320410388430516
2.30, 0.319454141750114
2.31, 0.31850296171563
2.32, 0.317556830346854
2.33, 0.316615668577315
2.34, 0.315679444933379
2.35, 0.314748086801857
2.36, 0.313821558761214
2.37, 0.312899807089127
2.38, 0.311982787932981
2.39, 0.311070451215213
2.40, 0.310162734430287
2.41, 0.309259614460198
2.42, 0.308361028440989
2.43, 0.307466932265954
2.44, 0.306577281003862
2.45, 0.30569203713909
2.46, 0.305069774378542
2.47, 0.304451825497167
2.48, 0.303838132555064
2.49, 0.303228660203844
2.50, 0.302623367161253
2.51, 0.302022213516185
2.52, 0.301425139108906
2.53, 0.300832113615971
2.54, 0.300243079614306
2.55, 0.299658012611675
2.56, 0.299076868337913
2.57, 0.298499603241019
2.58, 0.297926165630505
2.59, 0.297356527793245
2.60, 0.296790632405147
2.61, 0.29622845704597
2.62, 0.295669946824163
2.63, 0.295115071105947
2.64, 0.29456378769189
2.65, 0.294016049239477
2.66, 0.29347183242155
2.67, 0.29293108548202
2.68, 0.292393766504066
2.69, 0.291859846507018
2.70, 0.291329281609797
2.71, 0.29080203605052
2.72, 0.290278063122699
2.73, 0.289757334449592
2.74, 0.289239799926928
2.75, 0.288725435021086
2.76, 0.2882141962111
2.77, 0.287706045005307
2.78, 0.287200951483706
2.79, 0.286698862108972
2.80, 0.286199744692116
2.81, 0.285703579056673
2.82, 0.28521029311128
2.83, 0.284719883119178
2.84, 0.284232305440611
2.85, 0.283747517021223
2.86, 0.283265481963451
2.87, 0.282785536533986
2.88, 0.28230755019982
2.89, 0.281832211519778
2.90, 0.281359484138643
2.91, 0.280889319635833
2.92, 0.280421695125948
2.93, 0.279956568765152
2.94, 0.279493912843802
2.95, 0.279033665206441
2.96, 0.278575828206443
2.97, 0.278120576208425
2.98, 0.277672342999094
2.99, 0.277226395718026
3.00, 0.276782694676045
3.01, 0.276331663005785
3.02, 0.275916706835652
3.03, 0.275503468644212
3.04, 0.275091954119648
3.05, 0.2746821679671
3.06, 0.274274105124264
3.07, 0.273867760152372
3.08, 0.273463113419666
3.09, 0.273060179759221
3.10, 0.272658953027378
3.11, 0.27225942375055
3.12, 0.271861605668176
3.13, 0.271465462880845
3.14, 0.27107102162965
3.15, 0.270678264973831
3.16, 0.270287182064464
3.17, 0.26989776848244
3.18, 0.269510046909785
3.19, 0.269123987346782
3.20, 0.268739594131796
3.21, 0.268356869140518
3.22, 0.267975785129537
3.23, 0.267596363032668
3.24, 0.267218602407296
3.25, 0.266842467913945
3.26, 0.266467972670688
3.27, 0.266095124942035
3.28, 0.265723900027932
3.29, 0.265354305043686
3.30, 0.264986333099107
3.31, 0.264619978846466
3.32, 0.264255239743884
3.33, 0.26389209572722
3.34, 0.263530573247616
3.35, 0.263170641608635
3.36, 0.262812304013244
3.37, 0.262455558797856
3.38, 0.262100397566115
3.39, 0.261746815199968
3.40, 0.261394813996181
3.41, 0.261044377331815
3.42, 0.260695501987236
3.43, 0.260348202126758
3.44, 0.260002448833495
3.45, 0.259658232152588
3.46, 0.25931557779311
3.47, 0.258974454417507
3.48, 0.258634864491227
3.49, 0.25829681475922
3.50, 0.25796028840846
3.51, 0.257625264151778
3.52, 0.257291771839899
3.53, 0.256959784929065
3.54, 0.256629287051155
3.55, 0.256300298471143
3.56, 0.255972807353856
3.57, 0.255646790777719
3.58, 0.255322260880162
3.59, 0.254999204728726
3.60, 0.25467761993428
3.61, 0.254357497302952
3.62, 0.254038834459336
3.63, 0.253721628118154
3.64, 0.253405865567202
3.65, 0.25309154354136
3.66, 0.252778654021138
3.67, 0.252467193123968
3.68, 0.252157172304864
3.69, 0.251848554379838
3.70, 0.251541350767954
3.71, 0.251235562200231
3.72, 0.250931165823913
3.73, 0.25062816353921
3.74, 0.250326556024132
3.75, 0.250026325428492
3.76, 0.249727463165405
3.77, 0.249429989192435
3.78, 0.249133872488979
3.79, 0.248839106681389
3.80, 0.248545705011325
3.81, 0.248253647170656
3.82, 0.247962916186946
3.83, 0.247673536349119
3.84, 0.247385475460693
3.85, 0.247098733287788
3.86, 0.246781783339952
3.87, 0.246466144133763
3.88, 0.246151807745313
3.89, 0.245838755604482
3.90, 0.245527012214854
3.91, 0.245216539386794
3.92, 0.24490734294886
3.93, 0.244599428458028
3.94, 0.24429276764143
3.95, 0.243987364853385
3.96, 0.243683212504217
3.97, 0.243380310376192
3.98, 0.243078644159549
3.99, 0.242778200739228
4.00, 0.242478989357365
4.01, 0.242182398061091
4.02, 0.241887017332986
4.03, 0.241592840004447
4.04, 0.241299859202243
4.05, 0.241008053273856
4.06, 0.240717434936651
4.07, 0.240427994213674
4.08, 0.240139715744674
4.09, 0.239852601564275
4.10, 0.239566638574356
4.11, 0.239281814729335
4.12, 0.238998147809168
4.13, 0.238715609055031
4.14, 0.238434188455697
4.15, 0.238153905004524
4.16, 0.237874720040455
4.17, 0.237596646218019
4.18, 0.23731968095235
4.19, 0.237043798241918
4.20, 0.236769002196221
4.21, 0.236495288573895
4.22, 0.236222649027626
4.23, 0.235951075906674
4.24, 0.235680564804761
4.25, 0.235411098322853
4.26, 0.235142679518255
4.27, 0.234875299623011
4.28, 0.23460895482508
4.29, 0.234343638935681
4.30, 0.234079332690338
4.31, 0.233816038804362
4.32, 0.233553755172872
4.33, 0.233292460046354
4.34, 0.233032159986675
4.35, 0.232772838755649
4.36, 0.232514495257947
4.37, 0.232257127905904
4.38, 0.232000716123609
4.39, 0.231752872670109
4.40, 0.231523409218734
4.41, 0.231294380516205
4.42, 0.231065800620261
4.43, 0.230837638306352
4.44, 0.23060990930213
4.45, 0.23038260109369
4.46, 0.230155722843004
4.47, 0.229929258668716
4.48, 0.229703206688192
4.49, 0.229477574888214
4.50, 0.229252346080936
4.51, 0.229027519091663
4.52, 0.228803101831068
4.53, 0.228579077815237
4.54, 0.228355448972002
4.55, 0.228132206682622
4.56, 0.227909348935415
4.57, 0.227686882666803
4.58, 0.227464784756312
4.59, 0.227245506064964
4.60, 0.227025000591359
4.61, 0.226804871244452
4.62, 0.226585125758081
4.63, 0.226365738796821
4.64, 0.226146718574107
4.65, 0.225928059489032
4.66, 0.225709768091216
4.67, 0.225491822409153
4.68, 0.225274224479342
4.69, 0.225056985875075
4.70, 0.224840078938189
4.71, 0.224623507749407
4.72, 0.224407273823267
4.73, 0.224191368317598
4.74, 0.223975790241562
4.75, 0.223760533127355
4.76, 0.223545583281912
4.77, 0.223330957573817
4.78, 0.223116632467083
4.79, 0.222902612453803
4.80, 0.222688891773222
4.81, 0.222475468118279
4.82, 0.222262325938324
4.83, 0.222049474762561
4.84, 0.221836904964277
4.85, 0.221624614972103
4.86, 0.221412589903762
4.87, 0.221200834165751
4.88, 0.22098934707285
4.89, 0.220778107610473
4.90, 0.22056712688251
4.91, 0.220356400290421
4.92, 0.220145907014441
4.93, 0.219935659341864
4.94, 0.219725640358564
4.95, 0.219515857539865
4.96, 0.219306300875949
4.97, 0.219096959018674
4.98, 0.218887838136647
4.99, 0.218678920053812
5.00, 0.218470215319692
5.01, 0.218296928537929
5.02, 0.218098097310554
5.03, 0.217899647864671
5.04, 0.217701545369318
5.05, 0.217503798824178
5.06, 0.217306408161627
5.07, 0.217109351365211
5.08, 0.216912623942808
5.09, 0.216716231066923
5.10, 0.216520154991723
5.11, 0.216324390993429
5.12, 0.216128952728986
5.13, 0.215933801442531
5.14, 0.215738945615305
5.15, 0.21554438219776
5.16, 0.21535010079281
5.17, 0.215156104105822
5.18, 0.214962373336535
5.19, 0.214768894350635
5.20, 0.21457568913663
5.21, 0.214382732385247
5.22, 0.214190009934012
5.23, 0.213997531757192
5.24, 0.213805284973738
5.25, 0.213613268701985
5.26, 0.213421471097874
5.27, 0.213229875992235
5.28, 0.213038502978992
5.29, 0.212847317778106
5.30, 0.212656325290849
5.31, 0.2124655275461
5.32, 0.212274900522413
5.33, 0.212084453656888
5.34, 0.21189417441985
5.35, 0.21170405628258
5.36, 0.211514090747138
5.37, 0.211324271448574
5.38, 0.211134595748206
5.39, 0.210945052774787
5.40, 0.210755648694816
5.41, 0.210566355833895
5.42, 0.210377188815999
5.43, 0.210188120553892
5.44, 0.209999166252491
5.45, 0.209810298163477
5.46, 0.209621529213005
5.47, 0.2094328336902
5.48, 0.209244218097729
5.49, 0.209055670787599
5.50, 0.208867197985028
5.51, 0.208678774569867
5.52, 0.208490402769087
5.53, 0.20830207710128
5.54, 0.208113789052722
5.55, 0.207925533031185
5.56, 0.207737306228747
5.57, 0.207549095677574
5.58, 0.207360890585878
5.59, 0.207172700044953
5.60, 0.206984503776202
5.61, 0.206796299410128
5.62, 0.206608082655865
5.63, 0.206419847904603
5.64, 0.206231587631785
5.65, 0.206043284806398
5.66, 0.205854946502819
5.67, 0.205666570603503
5.68, 0.205478137156434
5.69, 0.205284947239887
5.70, 0.205090442486007
5.71, 0.204895875878418
5.72, 0.204701207561108
5.73, 0.204506460857842
5.74, 0.20431162438855
5.75, 0.204116673995241
5.76, 0.203921622868173
5.77, 0.203726455020374
5.78, 0.203531160920818
5.79, 0.203335741474936
5.80, 0.20314019042386
5.81, 0.202944493288226
5.82, 0.202748651227138
5.83, 0.202552657523899
5.84, 0.202356498541721
5.85, 0.202160183429852
5.86, 0.201963683317048
5.87, 0.201767005230885
5.88, 0.201570153804994
5.89, 0.201373104853412
5.90, 0.201175849988561
5.91, 0.200978385480477
5.92, 0.20078072023651
5.93, 0.200582833350329
5.94, 0.200384725396173
5.95, 0.200186380251294
5.96, 0.199987802769836
5.97, 0.199788975056033
5.98, 0.199589899851448
5.99, 0.199390563145609
6.00, 0.199190978182495
6.01, 0.199010453906527
6.02, 0.1988520047555
6.03, 0.198693771469346
6.04, 0.198535742494899
6.05, 0.198377929001867
6.06, 0.19822031972169
6.07, 0.19806291209744
6.08, 0.197905719241849
6.09, 0.19774874022039
6.10, 0.197591963807421
6.11, 0.197435399108526
6.12, 0.197279036403519
6.13, 0.197122874227389
6.14, 0.196966923190789
6.15, 0.196811182267048
6.16, 0.196655642043853
6.17, 0.196500301039184
6.18, 0.1963451685228
6.19, 0.196190234586931
6.20, 0.196035499245618
6.21, 0.195880981527354
6.22, 0.195726651120977
6.23, 0.195572527038212
6.24, 0.195418600062644
6.25, 0.195264868523945
6.26, 0.195111342037486
6.27, 0.19495801118394
6.28, 0.194804885009096
6.29, 0.194651952841388
6.30, 0.194499224070651
6.31, 0.194346678344866
6.32, 0.194194336172768
6.33, 0.194042195063861
6.34, 0.193890237395599
6.35, 0.193738480302924
6.36, 0.193586925065335
6.37, 0.193435549626047
6.38, 0.193284374977762
6.39, 0.193133399474727
6.40, 0.19298260400871
6.41, 0.19283200691163
6.42, 0.192681598455055
6.43, 0.192531387555577
6.44, 0.19238135438971
6.45, 0.192231527759907
6.46, 0.192081878857378
6.47, 0.191932415638618
6.48, 0.191783147560755
6.49, 0.191634065299179
6.50, 0.191485166433438
6.51, 0.191336463424244
6.52, 0.191187934845288
6.53, 0.191039608879849
6.54, 0.190891456454793
6.55, 0.190743486256865
6.56, 0.19059570866566
6.57, 0.190448102678745
6.58, 0.190300698429033
6.59, 0.190153464828709
6.60, 0.190006411432336
6.61, 0.189859548119962
6.62, 0.189712864771353
6.63, 0.189566350044375
6.64, 0.189420034789757
6.65, 0.189273886569017
6.66, 0.189127917297289
6.67, 0.188982133536201
6.68, 0.188836529030258
6.69, 0.188691099735175
6.70, 0.188545847183901
6.71, 0.188400770267592
6.72, 0.188255868670602
6.73, 0.188111151731333
6.74, 0.187966608832292
6.75, 0.187822230600692
6.76, 0.187678034954481
6.77, 0.187534013465642
6.78, 0.187390164285482
6.79, 0.187246497187399
6.80, 0.187102992030909
6.81, 0.186959657856308
6.82, 0.186816504975728
6.83, 0.186673512875446
6.84, 0.186530699094323
6.85, 0.186388056481679
6.86, 0.186245583203799
6.87, 0.186103268403674
6.88, 0.185961132435288
6.89, 0.185819164312856
6.90, 0.185677363511915
6.91, 0.185535730427075
6.92, 0.185394273603061
6.93, 0.185252963099758
6.94, 0.185111839185186
6.95, 0.184970870153366
6.96, 0.184830066098236
6.97, 0.184689437122022
6.98, 0.184548961832314
6.99, 0.184408650645862
7.00, 0.184277983170661
7.01, 0.184167141452286
7.02, 0.184056610466756
7.03, 0.183946396437385
7.04, 0.183836479529777
7.05, 0.183726878824991
7.06, 0.183617571643319
7.07, 0.183508569200084
7.08, 0.183399878245505
7.09, 0.183291478966643
7.10, 0.183183379415507
7.11, 0.183075588380521
7.12, 0.182968085938066
7.13, 0.182860879412061
7.14, 0.182753969279724
7.15, 0.182647352943839
7.16, 0.182541030219595
7.17, 0.182435884587312
7.18, 0.182331501985526
7.19, 0.182227386820123
7.20, 0.182123573915089
7.21, 0.182020046886573
7.22, 0.18191680741357
7.23, 0.181813844408637
7.24, 0.181711175624534
7.25, 0.181608781219814
7.26, 0.181506679968874
7.27, 0.181404850075984
7.28, 0.18130330057408
7.29, 0.18120203007048
7.30, 0.18110104966159
7.31, 0.181000326253874
7.32, 0.180899889317625
7.33, 0.180799727508038
7.34, 0.180699842285142
7.35, 0.180600218921662
7.36, 0.180500878017855
7.37, 0.180401800223561
7.38, 0.180302991529856
7.39, 0.180204453702319
7.40, 0.18010618429304
7.41, 0.180008182761277
7.42, 0.179910447701011
7.43, 0.179812968439335
7.44, 0.179715753650581
7.45, 0.179618814381592
7.46, 0.179522126218837
7.47, 0.179425701909798
7.48, 0.179329526259887
7.49, 0.179233622366773
7.50, 0.179137977685436
7.51, 0.179036313216779
7.52, 0.178934936554856
7.53, 0.178833847000916
7.54, 0.178733032272925
7.55, 0.178632512300948
7.56, 0.178532276333738
7.57, 0.178432301530759
7.58, 0.178332629184042
7.59, 0.178233226614079
7.60, 0.178134094303104
7.61, 0.178035250278261
7.62, 0.177936671625107
7.63, 0.177838371313236
7.64, 0.17774034462479
7.65, 0.177642591908145
7.66, 0.177545103352154
7.67, 0.177447885572331
7.68, 0.177350940183118
7.69, 0.177254265165442
7.70, 0.177157857700726
7.71, 0.177061709686219
7.72, 0.176965828691619
7.73, 0.176870212090914
7.74, 0.176774861922565
7.75, 0.176679765740343
7.76, 0.176584933317819
7.77, 0.176490363025972
7.78, 0.176396053111173
7.79, 0.176301993943741
7.80, 0.176208204810774
7.81, 0.1761146626941
7.82, 0.176021369651031
7.83, 0.175928342079703
7.84, 0.175835560486139
7.85, 0.175743033732718
7.86, 0.175650760600863
7.87, 0.175558729931844
7.88, 0.175466951636894
7.89, 0.175375425056376
7.90, 0.17528414719288
7.91, 0.175193109058719
7.92, 0.175102319302942
7.93, 0.175011777038757
7.94, 0.174921470693657
7.95, 0.174831420599509
7.96, 0.174741596130469
7.97, 0.174652024684218
7.98, 0.174562684987386
7.99, 0.174473589373577
8.00, 0.174384733845928
8.01, 0.174296109536227
8.02, 0.174207724175541
8.03, 0.174119578042305
8.04, 0.174031669530964
8.05, 0.173943987853205
8.06, 0.173856543254307
8.07, 0.173769323314973
8.08, 0.173682347059518
8.09, 0.173595596348207
8.10, 0.173509067463653
8.11, 0.17342277045033
8.12, 0.173336714454212
8.13, 0.173250869733524
8.14, 0.17316525446235
8.15, 0.173079866963178
8.16, 0.172994708834174
8.17, 0.1729097667736
8.18, 0.172825050844151
8.19, 0.17274055232856
8.20, 0.172656287107192
8.21, 0.172572235963894
8.22, 0.172488397996855
8.23, 0.172404783998794
8.24, 0.172321390738146
8.25, 0.172238217340459
8.26, 0.1721552561979
8.27, 0.172072512920238
8.28, 0.171989979128807
8.29, 0.171907663170453
8.30, 0.171825562761601
8.31, 0.171743671756761
8.32, 0.171661993933971
8.33, 0.171580521192081
8.34, 0.171499273498779
8.35, 0.171418219492581
8.36, 0.171337387061825
8.37, 0.171256757598379
8.38, 0.171176329604561
8.39, 0.171096120652054
8.40, 0.171016102993078
8.41, 0.170936303512558
8.42, 0.170856701870447
8.43, 0.170777309792914
8.44, 0.170698113350656
8.45, 0.170619122071267
8.46, 0.170540328785637
8.47, 0.170461739303999
8.48, 0.17038335353148
8.49, 0.170305162445706
8.50, 0.170227172776196
8.51, 0.170149376663269
8.52, 0.170071791175914
8.53, 0.169994386131654
8.54, 0.169917181592501
8.55, 0.169840176543213
8.56, 0.16976336924122
8.57, 0.169686751465052
8.58, 0.169610320365865
8.59, 0.169534085907936
8.60, 0.16945804772248
8.61, 0.16938219490411
8.62, 0.169306536699202
8.63, 0.169231063959061
8.64, 0.169155782924738
8.65, 0.169080696288213
8.66, 0.169005790278039
8.67, 0.168931077051074
8.68, 0.168856543819075
8.69, 0.168782192046179
8.70, 0.168708038771784
8.71, 0.168634065665355
8.72, 0.168560270615123
8.73, 0.168486662875332
8.74, 0.168413233371445
8.75, 0.168339989424209
8.76, 0.168266931503628
8.77, 0.168194049283181
8.78, 0.168121352609456
8.79, 0.168048829153546
8.80, 0.167976489262431
8.81, 0.167904322327853
8.82, 0.167832338151137
8.83, 0.167760525112139
8.84, 0.167688894084779
8.85, 0.167617432455625
8.86, 0.167546162125855
8.87, 0.167475050060239
8.88, 0.16740411778465
8.89, 0.167333353505382
8.90, 0.167262766542723
8.91, 0.167192356982597
8.92, 0.167122114189047
8.93, 0.167052036605965
8.94, 0.166982134962624
8.95, 0.166912408200292
8.96, 0.166842845806715
8.97, 0.166773456867094
8.98, 0.166704231571968
8.99, 0.166635167757601
9.00, 0.16656628743068
9.01, 0.166497558094043
9.02, 0.166428999081638
9.03, 0.166360611831533
9.04, 0.166292383176514
9.05, 0.166224313990949
9.06, 0.166156424063614
9.07, 0.166088682859771
9.08, 0.166021108054269
9.09, 0.165953701547684
9.10, 0.165886451224925
9.11, 0.165819357175301
9.12, 0.165752438784726
9.13, 0.165685665392361
9.14, 0.165619057010428
9.15, 0.165552612358652
9.16, 0.165486311746498
9.17, 0.165420183089997
9.18, 0.165354208118328
9.19, 0.165288384264941
9.20, 0.165222722498893
9.21, 0.165157221835649
9.22, 0.16509186129934
9.23, 0.165026660967313
9.24, 0.164961620185611
9.25, 0.164896727915066
9.26, 0.16483199442101
9.27, 0.164767409380021
9.28, 0.164702980978085
9.29, 0.164638700592217
9.30, 0.164574566613655
9.31, 0.164510588498708
9.32, 0.164446766649997
9.33, 0.164383089238142
9.34, 0.164319556754058
9.35, 0.164256177264054
9.36, 0.164192942871767
9.37, 0.164129861160033
9.38, 0.164066922909961
9.39, 0.164004135851217
9.40, 0.163941481688211
9.41, 0.163878988126307
9.42, 0.163816635474376
9.43, 0.163754423780991
9.44, 0.163692361515677
9.45, 0.163630439229937
9.46, 0.163568666124282
9.47, 0.163507031295705
9.48, 0.163445534964938
9.49, 0.163384185308135
9.50, 0.16332298441635
9.51, 0.163261919753127
9.52, 0.163200991185506
9.53, 0.163140208479349
9.54, 0.163079562333429
9.55, 0.16301905054615
9.56, 0.16295868320206
9.57, 0.162898460673678
9.58, 0.16283836081379
9.59, 0.162778415319869
9.60, 0.162718592338801
9.61, 0.162658911949906
9.62, 0.162599373531471
9.63, 0.162539966993987
9.64, 0.162480691079077
9.65, 0.162421556772273
9.66, 0.162362551932155
9.67, 0.162303687483693
9.68, 0.162244953173602
9.69, 0.162186347168371
9.70, 0.162127879879967
9.71, 0.162069541698936
9.72, 0.162011340404218
9.73, 0.161953267623631
9.74, 0.161895321493506
9.75, 0.161837511475785
9.76, 0.161779828380795
9.77, 0.161722281273523
9.78, 0.161664859225171
9.79, 0.161607562834288
9.80, 0.161550400410112
9.81, 0.161493362845585
9.82, 0.161436459479378
9.83, 0.161379678982666
9.84, 0.161323021902436
9.85, 0.16126649710309
9.86, 0.16121009443503
9.87, 0.161153814943849
9.88, 0.161097666165937
9.89, 0.161041648836636
9.90, 0.160985742716487
9.91, 0.160929966971381
9.92, 0.160874321216793
9.93, 0.160818794227321
9.94, 0.160763387562761
9.95, 0.160708109738858
9.96, 0.160652940467919
9.97, 0.160597909218944
9.98, 0.160542986388606
9.99, 0.16048819964917
10.00, 0.160433521490093
10.01, 0.160416903063801
10.02, 0.160398152023848
10.03, 0.160379452514587
10.04, 0.160360795242758
10.05, 0.16034217876577
10.06, 0.160323613789018
10.07, 0.160305089937171
10.08, 0.160286607334949
10.09, 0.160268176042027
10.10, 0.160249785119512
10.11, 0.160231444415377
10.12, 0.160213144844265
10.13, 0.160194885954695
10.14, 0.160176667175248
10.15, 0.160158497593176
10.16, 0.160140378831304
10.17, 0.160122289660985
10.18, 0.160104160220719
10.19, 0.160084698908451
10.20, 0.160065298472089
10.21, 0.160045945664804
10.22, 0.160026632777115
10.23, 0.160007379541597
10.24, 0.159988173867459
10.25, 0.159969017498885
10.26, 0.159949909809711
10.27, 0.159930850541626
10.28, 0.159911840507377
10.29, 0.159892877654876
10.30, 0.159873972446862
10.31, 0.159855106401355
10.32, 0.15983628784249
10.33, 0.159817527120325
10.34, 0.159798803497264
10.35, 0.159780127846312
10.36, 0.159761509163954
10.37, 0.15974292808089
10.38, 0.159724403216748
10.39, 0.159705916646283
10.40, 0.159687486322257
10.41, 0.15966909240561
10.42, 0.159650755092428
10.43, 0.159632454779591
10.44, 0.15961421007851
10.45, 0.159596002171601
10.46, 0.159577849963603
10.47, 0.159559734184495
10.48, 0.159541663967975
10.49, 0.159523650302265
10.50, 0.159505671082011
10.51, 0.159487747375218
10.52, 0.159469859960518
10.53, 0.159452016902922
10.54, 0.159434229502116
10.55, 0.15941647753244
10.56, 0.159398770257503
10.57, 0.159381107569658
10.58, 0.159363489615984
10.59, 0.159345915868363
10.60, 0.159328386989319
10.61, 0.159310901997766
10.62, 0.159293452481109
10.63, 0.159276056017936
10.64, 0.159258693734661
10.65, 0.159241385568745
10.66, 0.159224111100888
10.67, 0.159206889964086
10.68, 0.15918970327532
10.69, 0.159172558858528
10.70, 0.159155458543454
10.71, 0.159138401210625
10.72, 0.159121387124703
10.73, 0.15910440622255
10.74, 0.159087478471178
10.75, 0.159070583135036
10.76, 0.15905373019549
10.77, 0.159036930266955
10.78, 0.159020162585825
10.79, 0.159003427773638
10.80, 0.158986744930902
10.81, 0.158970104075215
10.82, 0.158953495874652
10.83, 0.158936938708688
10.84, 0.158920414154429
10.85, 0.15890393151261
10.86, 0.158887489933553
10.87, 0.158871080247402
10.88, 0.158854721813799
10.89, 0.158838394762184
10.90, 0.158822119052605
10.91, 0.158805874555777
10.92, 0.158789661157922
10.93, 0.15877349849686
10.94, 0.158757376908338
10.95, 0.158741286486284
10.96, 0.158725236272446
10.97, 0.158709226600447
10.98, 0.158693246771772
10.99, 0.158677318501979
11.00, 0.158661420111647
11.01, 0.158645561452162
11.02, 0.158629743320147
11.03, 0.158613964889658
11.04, 0.158598216606964
11.05, 0.158582517635822
11.06, 0.158566849422672
11.07, 0.158551210207671
11.08, 0.158535620093902
11.09, 0.158520059569679
11.10, 0.15850453879584
11.11, 0.158489056595769
11.12, 0.158473614318833
11.13, 0.158458200495079
11.14, 0.158442826212248
11.15, 0.158427490553555
11.16, 0.158412193266671
11.17, 0.158396925641942
11.18, 0.158381705421298
11.19, 0.158366504110118
11.20, 0.158351351606296
11.21, 0.158336227330695
11.22, 0.158321141008949
11.23, 0.158306093003371
11.24, 0.158291082730737
11.25, 0.158276101550848
11.26, 0.15826115664969
11.27, 0.158246250957394
11.28, 0.158231372705737
11.29, 0.158216531361426
11.30, 0.158201728420737
11.31, 0.15818696191063
11.32, 0.158172223503984
11.33, 0.158157522298095
11.34, 0.158142858109624
11.35, 0.158128221347916
11.36, 0.158113621724439
11.37, 0.158099059181591
11.38, 0.158084522640885
11.39, 0.158070034143404
11.40, 0.158055561577711
11.41, 0.158041135020494
11.42, 0.158026736224589
11.43, 0.158012373225939
11.44, 0.157998037078576
11.45, 0.157983746760933
11.46, 0.157969472900704
11.47, 0.157957248025177
11.48, 0.157945397856825
11.49, 0.157933583584563
11.50, 0.157921805386403
11.51, 0.157910052576286
11.52, 0.157898336505511
11.53, 0.157886644987698
11.54, 0.157874999972168
11.55, 0.157863369617869
11.56, 0.157851775119767
11.57, 0.157840226535692
11.58, 0.157828702688628
11.59, 0.157817203655626
11.60, 0.15780574038774
11.61, 0.157794312083591
11.62, 0.157782908410251
11.63, 0.157771539966205
11.64, 0.157760196521215
11.65, 0.157748887076176
11.66, 0.157737612986214
11.67, 0.15772637329356
11.68, 0.157715158372849
11.69, 0.157703967472244
11.70, 0.157692821567921
11.71, 0.157681689389521
11.72, 0.157670601525505
11.73, 0.157659538363384
11.74, 0.157648508764268
11.75, 0.157637502795486
11.76, 0.157626531707976
11.77, 0.157615583991343
11.78, 0.157604680152162
11.79, 0.15759379004999
11.80, 0.157582934213612
11.81, 0.157572111233475
11.82, 0.157561322211631
11.83, 0.15755055595079
11.84, 0.157539823312448
11.85, 0.157529114426049
11.86, 0.15751842878984
11.87, 0.157507785830728
11.88, 0.157497166939082
11.89, 0.157486569571515
11.90, 0.157476005933904
11.91, 0.157465475666872
11.92, 0.157454967867459
11.93, 0.157444492710982
11.94, 0.157434040584396
11.95, 0.157423621150666
11.96, 0.15741323394192
11.97, 0.157402869703313
11.98, 0.157392527336324
11.99, 0.157382227241312
12.00, 0.157371939966958
12.01, 0.157361684621371
12.02, 0.157351461947096
12.03, 0.157341261012044
12.04, 0.157331092492605
12.05, 0.157320955626637
12.06, 0.157310840874063
12.07, 0.157300747662312
12.08, 0.157290686054492
12.09, 0.157280656838658
12.10, 0.157270648762458
12.11, 0.157260672966255
12.12, 0.157250717840452
12.13, 0.15724078496599
12.14, 0.157230883074343
12.15, 0.157221012749887
12.16, 0.157211163576461
12.17, 0.157201345717224
12.18, 0.15719155837412
12.19, 0.157181783759212
12.20, 0.157172039131465
12.21, 0.157162324843502
12.22, 0.157152642633612
12.23, 0.157142970758082
12.24, 0.15713333959524
12.25, 0.15712372998892
12.26, 0.157114140247001
12.27, 0.157104581470775
12.28, 0.157095042613999
12.29, 0.157085535447296
12.30, 0.157076057942442
12.31, 0.15706659105078
12.32, 0.157057164256593
12.33, 0.157047758213233
12.34, 0.157038372230422
12.35, 0.1570290162499
12.36, 0.157019681074133
12.37, 0.157010374883073
12.38, 0.157001089132208
12.39, 0.156991833356516
12.40, 0.156982597990359
12.41, 0.156973391558638
12.42, 0.156964205444266
12.43, 0.156955048713662
12.44, 0.156945911972621
12.45, 0.156936804609631
12.46, 0.156927716874948
12.47, 0.15691864875606
12.48, 0.156909609543458
12.49, 0.15690060040392
12.50, 0.156891600398294
12.51, 0.156882639363048
12.52, 0.156873697802869
12.53, 0.156864775542279
12.54, 0.156855882227972
12.55, 0.156847007685521
12.56, 0.156838162335755
12.57, 0.156829336135619
12.58, 0.156820529048501
12.59, 0.156811750424066
12.60, 0.156803000768368
12.61, 0.156794269194169
12.62, 0.156785557779061
12.63, 0.156776873945597
12.64, 0.156768208324711
12.65, 0.156759572281397
12.66, 0.15675095434741
12.67, 0.156742364800064
12.68, 0.156733793545638
12.69, 0.156725240680438
12.70, 0.156716715769263
12.71, 0.156708209525876
12.72, 0.156699731539665
12.73, 0.156691271162502
12.74, 0.1566828390804
12.75, 0.156674425372449
12.76, 0.156666039504445
12.77, 0.156657661670525
12.78, 0.156649321531836
12.79, 0.15664098891226
12.80, 0.156632684454434
12.81, 0.156624407735606
12.82, 0.156616148560844
12.83, 0.156607907155854
12.84, 0.156599703276491
12.85, 0.156591507003244
12.86, 0.156583328101064
12.87, 0.156575176857167
12.88, 0.156567052588879
12.89, 0.156558936247237
12.90, 0.15655085695639
12.91, 0.156542784982161
12.92, 0.15653473974597
12.93, 0.156526722056097
12.94, 0.156518721483221
12.95, 0.156510738063457
12.96, 0.15650278161629
12.97, 0.156494842048764
12.98, 0.15648691972218
12.99, 0.156479023730081
13.00, 0.156471144984061
13.01, 0.156463292665905
13.02, 0.156455457731209
13.03, 0.156447638764939
13.04, 0.156439847168712
13.05, 0.15643208182533
13.06, 0.156424322838131
13.07, 0.156416590413225
13.08, 0.156408875341014
13.09, 0.156401185770705
13.10, 0.156393512816271
13.11, 0.156385856012739
13.12, 0.156378226063606
13.13, 0.156370612243999
13.14, 0.156363024316222
13.15, 0.156355452403513
13.16, 0.156347897146874
13.17, 0.156340367843292
13.18, 0.156332854547343
13.19, 0.156325367408426
13.20, 0.156317886005523
13.21, 0.156310440525163
13.22, 0.156303000783885
13.23, 0.156295587284701
13.24, 0.156288189246122
13.25, 0.156280817016347
13.26, 0.156273460880491
13.27, 0.156266119774796
13.28, 0.156258804250906
13.29, 0.156251505200255
13.30, 0.156244230701199
13.31, 0.156236962379146
13.32, 0.156229719209068
13.33, 0.156222501369928
13.34, 0.156215298952187
13.35, 0.156208112453814
13.36, 0.156200940593442
13.37, 0.156193794239936
13.38, 0.156186662667793
13.39, 0.156179556816554
13.40, 0.156172466071937
13.41, 0.156165390091096
13.42, 0.15615833948267
13.43, 0.156151303866729
13.44, 0.156144283087236
13.45, 0.156137287296785
13.46, 0.156130306147827
13.47, 0.156123340796464
13.48, 0.156116399461452
13.49, 0.156109462710699
13.50, 0.15610256158184
13.51, 0.156095674608789
13.52, 0.156088792197184
13.53, 0.156081944363054
13.54, 0.156075101270182
13.55, 0.156068282861538
13.56, 0.156061488841772
13.57, 0.156054699523274
13.58, 0.156047934413264
13.59, 0.156041183614756
13.60, 0.156034457581772
13.61, 0.156027745755188
13.62, 0.156021047788581
13.63, 0.156014374801173
13.64, 0.156007705343387
13.65, 0.15600107054364
13.66, 0.15599443994612
13.67, 0.155987833106903
13.68, 0.155981240418202
13.69, 0.155974671509371
13.70, 0.155968107319184
13.71, 0.155961566243945
13.72, 0.155955050167207
13.73, 0.155948547010393
13.74, 0.155942047935948
13.75, 0.155935583333982
13.76, 0.155929121743429
13.77, 0.155922684183945
13.78, 0.155916270115352
13.79, 0.155909860382456
13.80, 0.155903473738761
13.81, 0.155897100807114
13.82, 0.155890741481031
13.83, 0.155884405613559
13.84, 0.155878083291264
13.85, 0.15587178496412
13.86, 0.155865489264462
13.87, 0.155859217160055
13.88, 0.155852958813146
13.89, 0.155846723578423
13.90, 0.155840501648757
13.91, 0.15583429278992
13.92, 0.15582809745523
13.93, 0.155821925101861
13.94, 0.155815766413684
13.95, 0.155809620479234
13.96, 0.155803497635833
13.97, 0.155797388067108
13.98, 0.155791291148827
13.99, 0.155785217741834
14.00, 0.155779147128067
14.01, 0.155773099211097
14.02, 0.155767074161078
14.03, 0.155761052576993
14.04, 0.155755053607456
14.05, 0.155749067128579
14.06, 0.155743093493839
14.07, 0.155737142774787
14.08, 0.1557312047146
14.09, 0.15572527954172
14.10, 0.155719377028398
14.11, 0.155713476992788
14.12, 0.155707609438195
14.13, 0.155701744120663
14.14, 0.155695891979916
14.15, 0.155690072121847
14.16, 0.155684254623305
14.17, 0.155678449658353
14.18, 0.155672667135778
14.19, 0.155666897162725
14.20, 0.155661139008173
14.21, 0.155655403997626
14.22, 0.155649670525569
14.23, 0.155643959165129
14.24, 0.155638270616869
14.25, 0.155632583790833
14.26, 0.155626919390335
14.27, 0.155621266913184
14.28, 0.155615636876986
14.29, 0.155610008880046
14.30, 0.155604402879263
14.31, 0.15559880850054
14.32, 0.155593226722499
14.33, 0.155587159791206
14.34, 0.155579517480692
14.35, 0.155571886993912
14.36, 0.155564279174411
14.37, 0.155556683200876
14.38, 0.155549089514012
14.39, 0.155541528141297
14.40, 0.155533968624068
14.41, 0.155526431341449
14.42, 0.155518905746084
14.43, 0.155511392406749
14.44, 0.155503891007407
14.45, 0.155496411615178
14.46, 0.155488944182604
14.47, 0.155481488699772
14.48, 0.155474054998324
14.49, 0.155466633003312
14.50, 0.155459213130881
14.51, 0.155451824340645
14.52, 0.155444437816414
14.53, 0.155437073365615
14.54, 0.155429720230399
14.55, 0.15542237848079
14.56, 0.155415048605796
14.57, 0.155407740669874
14.58, 0.155400443969087
14.59, 0.155393158984565
14.60, 0.155385885353601
14.61, 0.155378633090888
14.62, 0.155371382952907
14.63, 0.155364163964809
14.64, 0.155356945890272
14.65, 0.155349739883683
14.66, 0.155342555042968
14.67, 0.155335381189531
14.68, 0.155328219102383
14.69, 0.155321078006751
14.70, 0.15531394876444
14.71, 0.155306820529732
14.72, 0.155299722947334
14.73, 0.155292627536087
14.74, 0.155285552825284
14.75, 0.155278488976747
14.76, 0.155271435941676
14.77, 0.15526439478875
14.78, 0.155257374205585
14.79, 0.155250354706728
14.80, 0.155243356463315
14.81, 0.155236379112928
14.82, 0.155229403057682
14.83, 0.155222437481196
14.84, 0.155215492870405
14.85, 0.155208558943043
14.86, 0.155201646682869
14.87, 0.15519473447554
14.88, 0.155187843085585
14.89, 0.155180963072142
14.90, 0.15517409339142
14.91, 0.155167234357309
14.92, 0.155160396340799
14.93, 0.155153568466954
14.94, 0.155146751983717
14.95, 0.15513994599352
14.96, 0.155133160130939
14.97, 0.155126375396933
14.98, 0.155119610993466
14.99, 0.155112866842801
15.00, 0.155106123598074
15.01, 0.155099390543772
15.02, 0.155092678469434
15.03, 0.155085976516195
15.04, 0.15507928498436
15.05, 0.155072604039004
15.06, 0.155065943126366
15.07, 0.155059292686367
15.08, 0.155052652918594
15.09, 0.155046022799803
15.10, 0.155039413829482
15.11, 0.15503280433946
15.12, 0.155026215444929
15.13, 0.155019636805209
15.14, 0.155013068448516
15.15, 0.155006519696524
15.16, 0.154999971500649
15.17, 0.154993443704207
15.18, 0.154986925277964
15.19, 0.154980427346328
15.20, 0.15497392949359
15.21, 0.154967451973381
15.22, 0.154960974038243
15.23, 0.154954515955136
15.24, 0.154948078517093
15.25, 0.154941640524118
15.26, 0.154935222427373
15.27, 0.154928814264434
15.28, 0.154922416323616
15.29, 0.154916027423035
15.30, 0.15490964933719
15.31, 0.154903290751263
15.32, 0.154896941622601
15.33, 0.154890602519588
15.34, 0.154884273223459
15.35, 0.154877953182056
15.36, 0.154871653042099
15.37, 0.154865362806131
15.38, 0.154859082503973
15.39, 0.154852811133935
15.40, 0.154846550004467
15.41, 0.154840297685746
15.42, 0.154834075961659
15.43, 0.154827843253749
15.44, 0.154821630177969
15.45, 0.154815436605158
15.46, 0.154809242238583
15.47, 0.154803067593
15.48, 0.15479690248556
15.49, 0.154790746638913
15.50, 0.154784600497418
15.51, 0.15477846352521
15.52, 0.154772345954485
15.53, 0.15476622763614
15.54, 0.154760138735754
15.55, 0.154754048911086
15.56, 0.154747968856366
15.57, 0.154741897621953
15.58, 0.154735845822533
15.59, 0.154729803387965
15.60, 0.154723769615749
15.61, 0.154717745728947
15.62, 0.154711730849227
15.63, 0.154705734653281
15.64, 0.15469974795791
15.65, 0.154693760348127
15.66, 0.154687801905223
15.67, 0.15468184220948
15.68, 0.154675891624866
15.69, 0.154669960630938
15.70, 0.154664028147528
15.71, 0.154658114666654
15.72, 0.154652220159309
15.73, 0.154646324732015
15.74, 0.154640438564284
15.75, 0.15463457076811
15.76, 0.15462871160126
15.77, 0.154622862069963
15.78, 0.154617020956672
15.79, 0.154611188692406
15.80, 0.154605375343376
15.81, 0.154599560766753
15.82, 0.154593764828824
15.83, 0.154587978015523
15.84, 0.154582199638382
15.85, 0.1545764398305
15.86, 0.154570679273602
15.87, 0.154564937171293
15.88, 0.154559203836864
15.89, 0.154553478751204
15.90, 0.15454776248667
15.91, 0.154542054666677
15.92, 0.154536355639052
15.93, 0.154530675640298
15.94, 0.154525003540966
15.95, 0.154519340279355
15.96, 0.154513685011739
15.97, 0.154508039275434
15.98, 0.154502411268529
15.99, 0.154496791713331
16.00, 0.154491171007407
16.01, 0.154485568564168
16.02, 0.154479974480703
16.03, 0.154474388750288
16.04, 0.154468821638041
16.05, 0.154463252255793
16.06, 0.154457701864403
16.07, 0.154452159800282
16.08, 0.154446625810318
16.09, 0.154441099848836
16.10, 0.154435582698937
16.11, 0.154430083651495
16.12, 0.154424592914157
16.13, 0.154419100214799
16.14, 0.154413625721282
16.15, 0.154408169233795
16.16, 0.154402711113736
16.17, 0.154397261456744
16.18, 0.154391829584754
16.19, 0.154386405696649
16.20, 0.154380980581474
16.21, 0.154375582884352
16.22, 0.154370183323795
16.23, 0.154364791845331
16.24, 0.154359418825899
16.25, 0.154354043477005
16.26, 0.154348686029803
16.27, 0.154343337271556
16.28, 0.154337995879628
16.29, 0.15433266232253
16.30, 0.15432734679662
16.31, 0.1543220287771
16.32, 0.154316729891249
16.33, 0.154311437691382
16.34, 0.154306153585604
16.35, 0.154300877708793
16.36, 0.154295609886306
16.37, 0.154290349160658
16.38, 0.154285106633142
16.39, 0.154279872423049
16.40, 0.154274635047462
16.41, 0.154269415414935
16.42, 0.154264214754385
16.43, 0.154259010396564
16.44, 0.154253814827187
16.45, 0.154248636433885
16.46, 0.154243455521235
16.47, 0.154238292729212
16.48, 0.154233137098786
16.49, 0.154227989789631
16.50, 0.154222859473901
16.51, 0.154217727139879
16.52, 0.154212612014014
16.53, 0.154207494994898
16.54, 0.154202394802348
16.55, 0.154197302778884
16.56, 0.154192218197179
16.57, 0.154187140813391
16.58, 0.15418208086251
16.59, 0.15417701871136
16.60, 0.15417197414291
16.61, 0.154166936559133
16.62, 0.154161897249782
16.63, 0.154156884202159
16.64, 0.154151869461291
16.65, 0.154146861553936
16.66, 0.154141871545451
16.67, 0.154136878301314
16.68, 0.154131892977966
16.69, 0.154126934792974
16.70, 0.154121973660501
16.71, 0.154117020235254
16.72, 0.154112073856518
16.73, 0.154107134564334
16.74, 0.154102212882599
16.75, 0.154097288129387
16.76, 0.154092381142377
16.77, 0.15408748073099
16.78, 0.154082588137845
16.79, 0.154077702012825
16.80, 0.15407282344607
16.81, 0.15406796232665
16.82, 0.154063097984552
16.83, 0.154058250979714
16.84, 0.154053410582884
16.85, 0.154048577307616
16.86, 0.154043751707436
16.87, 0.154038933158469
16.88, 0.154034121316043
16.89, 0.154029326647192
16.90, 0.154024539313686
16.91, 0.154019748608731
16.92, 0.154014974952689
16.93, 0.154010208155889
16.94, 0.154005448463275
16.95, 0.15400069596111
16.96, 0.153995960124875
16.97, 0.153991221095065
16.98, 0.153986489251564
16.99, 0.153981774277997
17.00, 0.153977066220657
17.01, 0.153972365039805
17.02, 0.153967670652946
17.03, 0.153962982880286
17.04, 0.153958302391606
17.05, 0.153953638688664
17.06, 0.153948971591147
17.07, 0.15394432095025
17.08, 0.153939677573027
17.09, 0.153935040798093
17.10, 0.153930410848147
17.11, 0.153925787925935
17.12, 0.153921171474925
17.13, 0.153916562021441
17.14, 0.153911968914675
17.15, 0.153907382443236
17.16, 0.153902792482844
17.17, 0.153898220131486
17.18, 0.153893653599518
17.19, 0.153889093715328
17.20, 0.153883461113075
17.21, 0.153878568977886
17.22, 0.153873673517935
17.23, 0.153868793968752
17.24, 0.15386391078918
17.25, 0.15385904403523
17.26, 0.153854183346834
17.27, 0.153849328352767
17.28, 0.153844479863708
17.29, 0.153839637960103
17.30, 0.153834811768043
17.31, 0.153829981868076
17.32, 0.153825168556592
17.33, 0.153820350658387
17.34, 0.153815549454849
17.35, 0.153810753800641
17.36, 0.153805964403898
17.37, 0.153801181154288
17.38, 0.153796403889451
17.39, 0.153791642764269
17.40, 0.15378687781997
17.41, 0.153782128632274
17.42, 0.153777385160197
17.43, 0.153772638180862
17.44, 0.153767907503683
17.45, 0.153763191988734
17.46, 0.153758462959077
17.47, 0.153753759589933
17.48, 0.153749052523767
17.49, 0.153744360703233
17.50, 0.153739665608702
17.51, 0.153734986055992
17.52, 0.153730312231282
17.53, 0.153725634698049
17.54, 0.153720982536854
17.55, 0.153716326542008
17.56, 0.153711676619478
17.57, 0.153707032083918
17.58, 0.153702393863443
17.59, 0.153697770684901
17.60, 0.153693153676631
17.61, 0.153688532691912
17.62, 0.153683927151815
17.63, 0.153679327764382
17.64, 0.153674733462849
17.65, 0.153670145543866
17.66, 0.153665573437769
17.67, 0.153660996441114
17.68, 0.153656425612501
17.69, 0.153651870340505
17.70, 0.15364732084001
17.71, 0.153642766790157
17.72, 0.153638238509975
17.73, 0.153633695761932
17.74, 0.153629179196925
17.75, 0.153624657394555
17.76, 0.153620141459645
17.77, 0.153615631583654
17.78, 0.15361113718088
17.79, 0.153606638355126
17.80, 0.153602154706441
17.81, 0.153597676917524
17.82, 0.153593204599947
17.83, 0.153588737672052
17.84, 0.153584276791813
17.85, 0.15357982110642
17.86, 0.153575371005788
17.87, 0.153570936099946
17.88, 0.153566496940498
17.89, 0.153562073086285
17.90, 0.153557654892882
17.91, 0.153553231920127
17.92, 0.153548824640711
17.93, 0.153544422984467
17.94, 0.153540026286038
17.95, 0.153535635328018
17.96, 0.153531259503389
17.97, 0.15352687942832
17.98, 0.153522514375277
17.99, 0.153518144807544
18.00, 0.153513790263887
18.01, 0.153509431301881
18.02, 0.153505088216208
18.03, 0.153500749768154
18.04, 0.153496416791985
18.05, 0.153492089524118
18.06, 0.153487776848754
18.07, 0.153483460124467
18.08, 0.153479148090288
18.09, 0.153474851724497
18.10, 0.153470550494323
18.11, 0.153466264292548
18.12, 0.153461983790829
18.13, 0.153457708278911
18.14, 0.15345343808901
18.15, 0.153449172941241
18.16, 0.153444913092874
18.17, 0.153440658137861
18.18, 0.153436408541969
18.19, 0.15343217415661
18.20, 0.153427935258853
18.21, 0.15342371101394
18.22, 0.153419491703418
18.23, 0.153415268080072
18.24, 0.153411059702303
18.25, 0.153406855660983
18.26, 0.153402657238389
18.27, 0.153398463565149
18.28, 0.153394285241459
18.29, 0.153390101902706
18.30, 0.153385933846748
18.31, 0.153381760618505
18.32, 0.153377592468398
18.33, 0.15337343909178
18.34, 0.1533692911355
18.35, 0.153365148073709
18.36, 0.153361009688848
18.37, 0.153356876743344
18.38, 0.153352748761255
18.39, 0.153348625338269
18.40, 0.153344507006614
18.41, 0.15334040383869
18.42, 0.153336295417201
18.43, 0.153332201972796
18.44, 0.153328103306594
18.45, 0.153324019855407
18.46, 0.153319941199784
18.47, 0.153315867217764
18.48, 0.153311798356388
18.49, 0.153307734493477
18.50, 0.153303675351536
18.51, 0.153299620879093
18.52, 0.153295571505907
18.53, 0.153291537151425
18.54, 0.153287496756419
18.55, 0.153283472221465
18.56, 0.153279441604787
18.57, 0.153275426391443
18.58, 0.153271415695795
18.59, 0.153267410247892
18.60, 0.153263409025275
18.61, 0.153259413020472
18.62, 0.153255421309411
18.63, 0.153251434520014
18.64, 0.15324746232933
18.65, 0.153243485044722
18.66, 0.153239522487206
18.67, 0.153235554634261
18.68, 0.153231601327179
18.69, 0.153227643106198
18.70, 0.153223699448123
18.71, 0.153219760215474
18.72, 0.153215825697819
18.73, 0.153211895890296
18.74, 0.153207970777488
18.75, 0.153204060461892
18.76, 0.153200144508733
18.77, 0.153196233200367
18.78, 0.153192326364506
18.79, 0.153188434642771
18.80, 0.153184537093153
18.81, 0.153180654252091
18.82, 0.153176775966715
18.83, 0.153172902314933
18.84, 0.153169033185638
18.85, 0.153165168795785
18.86, 0.15316130881488
18.87, 0.153157453161727
18.88, 0.153153602012926
18.89, 0.153149755888503
18.90, 0.153145923972549
18.91, 0.153142086500959
18.92, 0.153138263756338
18.93, 0.15313443508212
18.94, 0.153130621116888
18.95, 0.153126811878026
18.96, 0.153122996257876
18.97, 0.153119195869576
18.98, 0.153115400274053
18.99, 0.153111608340315
19.00, 0.15310783105424
19.01, 0.153104048205607
19.02, 0.153100269536799
19.03, 0.153096495621621
19.04, 0.153092735940271
19.05, 0.153088970859872
19.06, 0.153085220128159
19.07, 0.153081473637841
19.08, 0.153077721715421
19.09, 0.153073984096528
19.10, 0.153070250476157
19.11, 0.153066521299141
19.12, 0.153062796763671
19.13, 0.153059076178977
19.14, 0.153055360271074
19.15, 0.153051648270882
19.16, 0.153047950919339
19.17, 0.153044247780661
19.18, 0.153040558921225
19.19, 0.153036864317873
19.20, 0.153033173757741
19.21, 0.153029497597375
19.22, 0.153025825908082
19.23, 0.153022158211538
19.24, 0.153018494892726
19.25, 0.153014835862766
19.26, 0.153011181009173
19.27, 0.153007530282498
19.28, 0.153003883715591
19.29, 0.153000241270204
19.30, 0.152996603572305
19.31, 0.152992979577869
19.32, 0.152989350025164
19.33, 0.152985734684604
19.34, 0.152982112953352
19.35, 0.152978505646068
19.36, 0.152974902725018
19.37, 0.152971293699722
19.38, 0.15296769885857
19.39, 0.152964107950518
19.40, 0.152960521479669
19.41, 0.152956939061888
19.42, 0.152953370994135
19.43, 0.152949796433038
19.44, 0.152946226368783
19.45, 0.15294266027391
19.46, 0.152939108301566
19.47, 0.152935550488158
19.48, 0.152932006139819
19.49, 0.152928456696812
19.50, 0.152924920872839
19.51, 0.152921388906117
19.52, 0.152917851249899
19.53, 0.15291432762928
19.54, 0.152910807761807
19.55, 0.152907291833578
19.56, 0.152903780403564
19.57, 0.152900282872491
19.58, 0.152896778823244
19.59, 0.152893279132557
19.60, 0.152889783540033
19.61, 0.152886301737712
19.62, 0.152882813947626
19.63, 0.152879339640837
19.64, 0.152875860105702
19.65, 0.152872393634231
19.66, 0.152868931735612
19.67, 0.152865463794012
19.68, 0.152862009343245
19.69, 0.152858558795846
19.70, 0.152855112433148
19.71, 0.152851670099761
19.72, 0.152848231389662
19.73, 0.1528448063267
19.74, 0.152841375653034
19.75, 0.15283794853037
19.76, 0.152834525434678
19.77, 0.152831115800127
19.78, 0.152827700727601
19.79, 0.152824298767864
19.80, 0.152820891144307
19.81, 0.15281749717363
19.82, 0.152814106994842
19.83, 0.152810720801629
19.84, 0.152807337878455
19.85, 0.152803959210789
19.86, 0.152800574316232
19.87, 0.152797213270101
19.88, 0.152793845580502
19.89, 0.152790482047357
19.90, 0.152787122225397
19.91, 0.152783766330063
19.92, 0.152780423632862
19.93, 0.152777075177241
19.94, 0.152773740357814
19.95, 0.152770399459824
19.96, 0.152767071485443
19.97, 0.152763738047216
19.98, 0.152760418084556
19.99, 0.152757101898789
20.00, 0.152753788997978
20.01, 0.152750470332645
20.02, 0.152747165339051
20.03, 0.152743863712462
20.04, 0.152740565620686
20.05, 0.152737271540594
20.06, 0.152733991257179
20.07, 0.152730704003377
20.08, 0.152727421048464
20.09, 0.152724151636815
20.10, 0.152720875445577
20.11, 0.152717613220464
20.12, 0.15271434482919
20.13, 0.152711089444903
20.14, 0.15270782817674
20.15, 0.152704579961196
20.16, 0.152701336107861
20.17, 0.15269809533248
20.18, 0.152694857771858
20.19, 0.152691624754378
20.20, 0.152688394622994
20.21, 0.152685168044736
20.22, 0.15268194561579
20.23, 0.152678726380994
20.24, 0.152675510668464
20.25, 0.152672298248193
20.26, 0.152669099566831
20.27, 0.15266589459195
20.28, 0.152662702846286
20.29, 0.152659505003045
20.30, 0.152656320484833
20.31, 0.152653129504268
20.32, 0.152649951862315
20.33, 0.152646777647077
20.34, 0.152643607231701
20.35, 0.152640430344596
20.36, 0.152637266902221
20.37, 0.152634106369143
20.38, 0.152630949580966
20.39, 0.152627796653808
20.40, 0.152624646688443
20.41, 0.15262151085351
20.42, 0.152618367747862
20.43, 0.152615228198935
20.44, 0.152612092197897
20.45, 0.152608969695357
20.46, 0.152605840514962
20.47, 0.152602724851772
20.48, 0.152599602012752
20.49, 0.152596493164717
20.50, 0.152593387828659
20.51, 0.152590275258364
20.52, 0.15258717673889
20.53, 0.152584081186682
20.54, 0.152580988877748
20.55, 0.152577900648798
20.56, 0.152574814941193
20.57, 0.152571733139408
20.58, 0.152568654291729
20.59, 0.152565579277666
20.60, 0.152562506950673
20.61, 0.152559438393679
20.62, 0.152556383232291
20.63, 0.152553320964914
20.64, 0.15255026251802
20.65, 0.152547217179768
20.66, 0.152544174798477
20.67, 0.152541126094158
20.68, 0.152538080956115
20.69, 0.152535048406019
20.70, 0.152532019566956
20.71, 0.152528984099552
20.72, 0.15252597183422
20.73, 0.152522942464339
20.74, 0.15251992648763
20.75, 0.152516914144956
20.76, 0.152513904720365
20.77, 0.152510898429134
20.78, 0.15250790567994
20.79, 0.152504895900132
20.80, 0.152501909244905
20.81, 0.15249891617783
20.82, 0.15249592590297
20.83, 0.152492949283832
20.84, 0.152489965551308
20.85, 0.152486995252887
20.86, 0.152484017984617
20.87, 0.152481053896978
20.88, 0.152478083355307
20.89, 0.152475125492015
20.90, 0.152472161157717
20.91, 0.152469209519077
20.92, 0.152466261263086
20.93, 0.152463316236392
20.94, 0.152460374288969
20.95, 0.152457435642184
20.96, 0.152454500211176
20.97, 0.152451567662615
20.98, 0.152448638413872
20.99, 0.152445712030067
21.00, 0.152442788954482
21.01, 0.152439868879519
21.02, 0.152436962070877
21.03, 0.152434048583214
21.04, 0.152431137634704
21.05, 0.15242824032858
21.06, 0.15242533571362
21.07, 0.152422444170446
21.08, 0.152419545876639
21.09, 0.152416660736491
21.10, 0.152413778205355
21.11, 0.152410889188811
21.12, 0.152408013218432
21.13, 0.152405140006211
21.14, 0.152402270015424
21.15, 0.1523994028981
21.16, 0.152396539292433
21.17, 0.152393678078433
21.18, 0.152390820488994
21.19, 0.15238796566015
21.20, 0.1523851138216
21.21, 0.152382264993919
21.22, 0.152379419217515
21.23, 0.152376586247898
21.24, 0.152373746687872
21.25, 0.152370909802757
21.26, 0.152368085904499
21.27, 0.152365255114677
21.28, 0.152362436991719
21.29, 0.152359612323177
21.30, 0.152356800244258
21.31, 0.152353981268669
21.32, 0.152351175072925
21.33, 0.152348372214499
21.34, 0.152345572220737
21.35, 0.15234276477889
21.36, 0.15233997047979
21.37, 0.152337179156539
21.38, 0.152334390698715
21.39, 0.152331605544131
21.40, 0.152328822799981
21.41, 0.152326043338511
21.42, 0.1523232665467
21.43, 0.152320492287522
21.44, 0.152317731584681
21.45, 0.152314963642131
21.46, 0.152312198504312
21.47, 0.152309436049678
21.48, 0.15230668672874
21.49, 0.152303930389898
21.50, 0.152301186541591
21.51, 0.152298435982003
21.52, 0.152295698018046
21.53, 0.152292953121004
21.54, 0.152290220502781
21.55, 0.152287491497062
21.56, 0.152284754720219
21.57, 0.152282031495781
21.58, 0.152279310183049
21.59, 0.152276592516888
21.60, 0.152273877486556
21.61, 0.152271164923667
21.62, 0.152268455470162
21.63, 0.152265748884209
21.64, 0.152263044512515
21.65, 0.152260343675705
21.66, 0.152257645205833
21.67, 0.152254949702734
21.68, 0.152252257049631
21.69, 0.15224957675857
21.70, 0.152246889456447
21.71, 0.152244205416812
21.72, 0.152241533456298
21.73, 0.152238854780653
21.74, 0.152236178332429
21.75, 0.152233515477271
21.76, 0.152230854936198
21.77, 0.15222818658433
21.78, 0.152225531786779
21.79, 0.152222879189513
21.80, 0.152220219567058
21.81, 0.152217572686189
21.82, 0.152214928764642
21.83, 0.152212287240745
21.84, 0.152209648255811
21.85, 0.152207012327506
21.86, 0.152204368945452
21.87, 0.15220173848444
21.88, 0.152199120492405
21.89, 0.152196495250811
21.90, 0.152193862373759
21.91, 0.152191252857231
21.92, 0.152188635582563
21.93, 0.15218602117327
21.94, 0.152183419532183
21.95, 0.152180809993775
21.96, 0.152178203550785
21.97, 0.152175609820805
21.98, 0.152173008779081
21.99, 0.152170410041326
22.00, 0.152167824095208
22.01, 0.152165230924405
22.02, 0.152162650459094
22.03, 0.152160072424531
22.04, 0.152157487059682
22.05, 0.152154914448914
22.06, 0.152152344497817
22.07, 0.152149776968047
22.08, 0.152147202096396
22.09, 0.152144639842031
22.10, 0.152142080385213
22.11, 0.152139523342239
22.12, 0.152136968866968
22.13, 0.152134417163994
22.14, 0.152131867671353
22.15, 0.152129321582361
22.16, 0.152126777390216
22.17, 0.152124235568664
22.18, 0.15212170688309
22.19, 0.152119170469876
22.20, 0.152116636924135
22.21, 0.152114115242632
22.22, 0.152111586934628
22.23, 0.152109060890424
22.24, 0.15210654694676
22.25, 0.152104026203315
22.26, 0.152101517717433
22.27, 0.152099001743716
22.28, 0.152096498469693
22.29, 0.152093987471527
22.30, 0.152091489117029
22.31, 0.152088993394696
22.32, 0.152086490383628
22.33, 0.152083999313586
22.34, 0.152081511124466
22.35, 0.152079025058553
22.36, 0.152076542135392
22.37, 0.152074051347256
22.38, 0.152071573161126
22.39, 0.152069097205886
22.40, 0.152066623726466
22.41, 0.152064152948955
22.42, 0.152061684775212
22.43, 0.152059218715803
22.44, 0.152056765463868
22.45, 0.152054304573123
22.46, 0.15205184606132
22.47, 0.152049390459372
22.48, 0.152046946488812
22.49, 0.152044495641189
22.50, 0.152042046839214
22.51, 0.15203961071554
22.52, 0.152037166968956
22.53, 0.152034735608662
22.54, 0.152032296712865
22.55, 0.152029870321486
22.56, 0.152027436152099
22.57, 0.152025014482156
22.58, 0.15202258543955
22.59, 0.152020168362132
22.60, 0.152017754392877
22.61, 0.15201533216934
22.62, 0.152012922758531
22.63, 0.152010515581395
22.64, 0.152008110891459
22.65, 0.152005708698122
22.66, 0.152003308524648
22.67, 0.152000910908262
22.68, 0.151998505810389
22.69, 0.151996112905992
22.70, 0.151993722374459
22.71, 0.151991344064013
22.72, 0.151988958524922
22.73, 0.15198657521873
22.74, 0.151984194223368
22.75, 0.151981815463304
22.76, 0.151979439089042
22.77, 0.151977075336413
22.78, 0.151974703667234
22.79, 0.151972344312151
22.80, 0.151969977514318
22.81, 0.151967612745341
22.82, 0.151965250318014
22.83, 0.151962900565468
22.84, 0.151960553176967
22.85, 0.151958197829022
22.86, 0.151955854582118
22.87, 0.151953504070786
22.88, 0.151951165645111
22.89, 0.151948829734171
22.90, 0.151946485832195
22.91, 0.151944154348334
22.92, 0.151941825334341
22.93, 0.151936524524074
22.94, 0.151934012166436
22.95, 0.151931502322546
22.96, 0.151928994731901
22.97, 0.151926489901696
22.98, 0.151923987462754
22.99, 0.15192148704775
23.00, 0.151918989325948
23.01, 0.151916494085433
23.02, 0.151914001040856
23.03, 0.151911510544982
23.04, 0.151909022787126
23.05, 0.151906547019403
23.06, 0.151904063682139
23.07, 0.151901582516351
23.08, 0.151899104335969
23.09, 0.151896637998192
23.10, 0.151894164530493
23.11, 0.151891693194286
23.12, 0.151889234171033
23.13, 0.151886767529774
23.14, 0.151884313375261
23.15, 0.151881851557071
23.16, 0.151879402009041
23.17, 0.151876944908497
23.18, 0.151874500318254
23.19, 0.151872057923045
23.20, 0.151869607917175
23.21, 0.151867169984263
23.22, 0.151864724493657
23.23, 0.151862291674545
23.24, 0.151859860791133
23.25, 0.151857432508106
23.26, 0.151855006597857
23.27, 0.151852573303028
23.28, 0.15185015152612
23.29, 0.151847732677687
23.30, 0.151845316036365
23.31, 0.151842901581855
23.32, 0.151840489381051
23.33, 0.15183807958912
23.34, 0.151835672316979
23.35, 0.151833267003974
23.36, 0.151830864144628
23.37, 0.151828463770167
23.38, 0.151826075490289
23.39, 0.151823679534018
23.40, 0.15182128579717
23.41, 0.151818894254504
23.42, 0.151816505193526
23.43, 0.151814128345111
23.44, 0.151811753845631
23.45, 0.151809371672602
23.46, 0.151806991680467
23.47, 0.151804613451384
23.48, 0.151802248204373
23.49, 0.151799875102635
23.50, 0.151797514257108
23.51, 0.151795155258561
23.52, 0.15179278851538
23.53, 0.151790434517608
23.54, 0.15178807254244
23.55, 0.151785722795672
23.56, 0.151783375146618
23.57, 0.151781030059899
23.58, 0.15177867659358
23.59, 0.151776335935638
23.60, 0.151773997281311
23.61, 0.151771650707485
23.62, 0.151769326614009
23.63, 0.151766984459053
23.64, 0.151764654965457
23.65, 0.151762327205157
23.66, 0.151760002157701
23.67, 0.151757678659075
23.68, 0.151755367708651
23.69, 0.151753048946779
23.70, 0.151750732547709
23.71, 0.151748418029635
23.72, 0.15174610586263
23.73, 0.151743795775435
23.74, 0.151741487692497
23.75, 0.151739182231576
23.76, 0.151736888672529
23.77, 0.15173458734247
23.78, 0.151732287989778
23.79, 0.151729990883085
23.80, 0.151727706359431
23.81, 0.151725413451707
23.82, 0.151723133006672
23.83, 0.151720844552404
23.84, 0.151718558310092
23.85, 0.151716284292721
23.86, 0.151714012475037
23.87, 0.151711732308303
23.88, 0.151709464966027
23.89, 0.15170718942758
23.90, 0.151704925878866
23.91, 0.151702654429372
23.92, 0.151700395554407
23.93, 0.151698138466124
23.94, 0.151695883512267
23.95, 0.151693620674284
23.96, 0.151691369973855
23.97, 0.151689121607118
23.98, 0.15168687495068
23.99, 0.151684630349891
24.00, 0.151682387966334
24.01, 0.151680147858847
24.02, 0.151677900114604
24.03, 0.151675664088206
24.04, 0.151673440029545
24.05, 0.151671208066952
24.06, 0.151668978566857
24.07, 0.151666750732348
24.08, 0.151664525303249
24.09, 0.151662302076215
24.10, 0.151660080188613
24.11, 0.151657861176138
24.12, 0.151655643729433
24.13, 0.151653438661479
24.14, 0.151651225433579
24.15, 0.151649014046629
24.16, 0.151646815322863
24.17, 0.151644608321897
24.18, 0.151642403106227
24.19, 0.15164020018806
24.20, 0.151638009478643
24.21, 0.151635810623647
24.22, 0.151633623962995
24.23, 0.151631429039534
24.24, 0.151629246430939
24.25, 0.151627055690557
24.26, 0.151624877024512
24.27, 0.15162269061094
24.28, 0.151620515968358
24.29, 0.151618343057754
24.30, 0.151616162423466
24.31, 0.151613994051309
24.32, 0.151611827237491
24.33, 0.151609652838716
24.34, 0.151607490502056
24.35, 0.151605329494279
24.36, 0.151603171172766
24.37, 0.15160100479037
24.38, 0.151598850375632
24.39, 0.151596697678313
24.40, 0.151594546833609
24.41, 0.151592398173303
24.42, 0.151590251642692
24.43, 0.151588106905234
24.44, 0.151585964377687
24.45, 0.151583823821526
24.46, 0.151581685083974
24.47, 0.151579548174725
24.48, 0.151577413438745
24.49, 0.151575280710462
24.50, 0.151573149865463
24.51, 0.151571020748548
24.52, 0.151568894227996
24.53, 0.151566778909302
24.54, 0.151564656106416
24.55, 0.151562534792513
24.56, 0.151560425874138
24.57, 0.151558308890673
24.58, 0.151556193386894
24.59, 0.151554090047325
24.60, 0.151551978542781
24.61, 0.151549868999172
24.62, 0.151547771677453
24.63, 0.151545666078867
24.64, 0.15154356215841
24.65, 0.151541470869652
24.66, 0.151539380705921
24.67, 0.151537282589994
24.68, 0.15153519672131
24.69, 0.151533102608858
24.70, 0.15153102053131
24.71, 0.151528940157886
24.72, 0.151526851913114
24.73, 0.151524775169578
24.74, 0.151522690703571
24.75, 0.151520618202962
24.76, 0.151518547464457
24.77, 0.151516478423682
24.78, 0.151514411400268
24.79, 0.151512336035339
24.80, 0.151510272888908
24.81, 0.151508211737555
24.82, 0.151506152213527
24.83, 0.151504094819093
24.84, 0.151502039009762
24.85, 0.151499974877926
24.86, 0.151497922855403
24.87, 0.151495872878875
24.88, 0.151493824494689
24.89, 0.151491788336804
24.90, 0.151489743672104
24.91, 0.151487701183674
24.92, 0.151485660252673
24.93, 0.151483621401099
24.94, 0.151481584060853
24.95, 0.151479548895857
24.96, 0.151477515276855
24.97, 0.15147548379913
24.98, 0.151473463924696
24.99, 0.151471436021225
25.00, 0.151469409889031
0.01, 0.362102583797242
0.02, 0.406024018338205
0.03, 0.41514685615009
0.04, 0.417058028324405
0.05, 0.416722176132211
0.06, 0.415566763813597
0.07, 0.414109129831834
0.08, 0.412562724513509
0.09, 0.411021899779317
0.10, 0.40952926652376
0.11, 0.408103268628099
0.12, 0.406750577455828
0.13, 0.405472056040522
0.14, 0.404265661585386
0.15, 0.403128001294874
0.16, 0.402055170435178
0.17, 0.401043119268342
0.18, 0.400087896563062
0.19, 0.399185830577265
0.20, 0.398333445369492
0.21, 0.397527603360494
0.22, 0.396765411743629
0.23, 0.396044227185128
0.24, 0.39536170492093
0.25, 0.394715678255074
0.26, 0.394205881051578
0.27, 0.393728892992237
0.28, 0.393283088988907
0.29, 0.392867075315163
0.30, 0.392479555719068
0.31, 0.392119316644799
0.32, 0.39178535863725
0.33, 0.391476729599117
0.34, 0.391192575865785
0.35, 0.390932159601699
0.36, 0.390694808923525
0.37, 0.390479941290834
0.38, 0.390287056721263
0.39, 0.390115662390905
0.40, 0.389965425192189
0.41, 0.389836004030901
0.42, 0.389727139579168
0.43, 0.389638651474413
0.44, 0.389570411236378
0.45, 0.38952227521938
0.46, 0.38949426634358
0.47, 0.389486378754702
0.48, 0.389498717191091
0.49, 0.389531410126723
0.50, 0.389584656945564
0.51, 0.389658697034004
0.52, 0.389753847567489
0.53, 0.389870484080171
0.54, 0.390022062165249
0.55, 0.39047685543234
0.56, 0.390948217321228
0.57, 0.39143705979906
0.58, 0.391944385054119
0.59, 0.392220502860647
0.60, 0.392517339284897
0.61, 0.393020184509122
0.62, 0.393539816513831
0.63, 0.394084385773699
0.64, 0.39465555609667
0.65, 0.39525517173153
0.66, 0.395885306591771
0.67, 0.396548157579875
0.68, 0.397246259735165
0.69, 0.397982399606933
0.70, 0.398759674502715
0.71, 0.398557767850488
0.72, 0.3982930133503
0.73, 0.398028323123247
0.74, 0.397763706960768
0.75, 0.397499144582261
0.76, 0.397234655806009
0.77, 0.396970239504431
0.78, 0.396705877196973
0.79, 0.39644156775843
0.80, 0.396177320987414
0.81, 0.398411783236768
0.82, 0.400646326856144
0.83, 0.402880903297572
0.84, 0.405115561563738
0.85, 0.407350261336918
0.86, 0.409585022447036
0.87, 0.41181986472513
0.88, 0.414054767007456
0.89, 0.416289720850471
0.90, 0.418524735165891
0.91, 0.420345692697384
0.92, 0.427000521805473
0.93, 0.435587125276179
0.94, 0.442480099427055
0.95, 0.449373073577931
0.96, 0.456266047728807
0.97, 0.463159021879683
0.98, 0.470051996030559
0.99, 0.476944970181435
1.00, 0.483837944332311
1.01, 0.490730918483188
1.02, 0.497623892634064
1.03, 0.50451686678494
1.04, 0.511409840935816
1.05, 0.518302815086692
1.06, 0.517399673488397
1.07, 0.516498916775538
1.08, 0.515602869792924
1.09, 0.51471281098853
1.10, 0.513829686808436
1.11, 0.512954180827392
1.12, 0.512086787150602
1.13, 0.511227909133829
1.14, 0.510377863882383
1.15, 0.509536866621128
1.16, 0.508150432273789
1.17, 0.506755374698115
1.18, 0.505229592439271
1.19, 0.503560232806506
1.20, 0.501426334391404
1.21, 0.499259472664134
1.22, 0.497119890183716
1.23, 0.495021879139595
1.24, 0.492955738669989
1.25, 0.490918511055036
1.26, 0.488908717742663
1.27, 0.486925361347983
1.28, 0.484967718980644
1.29, 0.483035218824045
1.30, 0.481127409002925
1.31, 0.47924388089691
1.32, 0.477384295293544
1.33, 0.475548407517255
1.34, 0.473735876813395
1.35, 0.471946510171742
1.36, 0.470181703025991
1.37, 0.468445388337816
1.38, 0.466731920811241
1.39, 0.465041103833763
1.40, 0.46337272878521
1.41, 0.461726619551838
1.42, 0.460102627300559
1.43, 0.458500551528963
1.44, 0.456906432538002
1.45, 0.455326288483833
1.46, 0.453767627075827
1.47, 0.452230325454023
1.48, 0.450714249948627
1.49, 0.449219267152809
1.50, 0.447745269943956
1.51, 0.446292124995094
1.52, 0.44485975779249
1.53, 0.443448028441253
1.54, 0.442056844067293
1.55, 0.440686117685775
1.56, 0.439335757563045
1.57, 0.438005643829592
1.58, 0.436695711558645
1.59, 0.435405873565008
1.60, 0.434136023070253
1.61, 0.432886124694507
1.62, 0.431656070334723
1.63, 0.430445779056976
1.64, 0.429255192065155
1.65, 0.428084231240778
1.66, 0.426932837698375
1.67, 0.425800942236527
1.68, 0.424688470178698
1.69, 0.423595357807885
1.70, 0.422521566944448
1.71, 0.421467019298448
1.72, 0.420431662444921
1.73, 0.41941543759618
1.74, 0.418418298239554
1.75, 0.417440185214566
1.76, 0.41648106438011
1.77, 0.415540882127946
1.78, 0.414619559382405
1.79, 0.413717083960338
1.80, 0.412833418480265
1.81, 0.412034324716641
1.82, 0.411233156211744
1.83, 0.409971114157857
1.84, 0.408644492570203
1.85, 0.407321435827207
1.86, 0.406002125690196
1.87, 0.404686765740298
1.88, 0.403375495241698
1.89, 0.402068454053657
1.90, 0.400765811221503
1.91, 0.39946767036648
1.92, 0.398174098560796
1.93, 0.396885224378939
1.94, 0.395601105081949
1.95, 0.39432182477628
1.96, 0.393047437364011
1.97, 0.391777990433153
1.98, 0.390428111492798
1.99, 0.389083234971879
2.00, 0.387743457980611
2.01, 0.386498503794551
2.02, 0.385255283330802
2.03, 0.384018723244746
2.04, 0.382788829913818
2.05, 0.381565559669316
2.06, 0.380348922437715
2.07, 0.379138883201773
2.08, 0.377935429615617
2.09, 0.37673850708004
2.10, 0.375548086541386
2.11, 0.374364168865797
2.12, 0.373186665103214
2.13, 0.37201559297107
2.14, 0.370850894321209
2.15, 0.369692505117326
2.16, 0.368540449715788
2.17, 0.367394614944514
2.18, 0.366254993166657
2.19, 0.365121544392559
2.20, 0.363994218178387
2.21, 0.362872989278134
2.22, 0.361757761708346
2.23, 0.360648545390739
2.24, 0.359545276492745
2.25, 0.358447909301652
2.26, 0.357356370882942
2.27, 0.356270654515726
2.28, 0.355190692017143
2.29, 0.354116443546763
2.30, 0.353047867768625
2.31, 0.351984880579342
2.32, 0.350927489899939
2.33, 0.349875603430351
2.34, 0.348829204024921
2.35, 0.347788218675902
2.36, 0.346752611112717
2.37, 0.34572232963323
2.38, 0.34469734419541
2.39, 0.343677590150863
2.40, 0.342663006211688
2.41, 0.341653582027953
2.42, 0.340649255377392
2.43, 0.339649957977426
2.44, 0.338655669267845
2.45, 0.337666352080661
2.46, 0.336941028749705
2.47, 0.336220572514919
2.48, 0.335504924485979
2.49, 0.334794037528473
2.50, 0.334087883426732
2.51, 0.333386422421619
2.52, 0.332689567873651
2.53, 0.331997304840341
2.54, 0.331309574631392
2.55, 0.330626328890871
2.56, 0.329947546110135
2.57, 0.329273174090417
2.58, 0.328603145159762
2.59, 0.327937447548856
2.60, 0.327275997910063
2.61, 0.326618784256581
2.62, 0.325965742819678
2.63, 0.325316854339398
2.64, 0.324672050461728
2.65, 0.324031300131577
2.66, 0.323394562831685
2.67, 0.32276179017777
2.68, 0.322132927079725
2.69, 0.32150794504586
2.70, 0.320886812951194
2.71, 0.320269468965395
2.72, 0.319655867536509
2.73, 0.319045979704457
2.74, 0.318439745002522
2.75, 0.317837147992902
2.76, 0.317238136050157
2.77, 0.316642656786797
2.78, 0.316050693386357
2.79, 0.31546217898363
2.80, 0.314877070138334
2.81, 0.31429535932711
2.82, 0.313716949011473
2.83, 0.313141848045564
2.84, 0.312570012156042
2.85, 0.312001387594981
2.86, 0.311435925720164
2.87, 0.310873596554235
2.88, 0.31031434580679
2.89, 0.309758164294344
2.90, 0.309204991366678
2.91, 0.308654777918084
2.92, 0.308107500918048
2.93, 0.30756310661554
2.94, 0.307021580549921
2.95, 0.306482833392556
2.96, 0.305946894947849
2.97, 0.305414608736155
2.98, 0.304903809206315
2.99, 0.304395675021958
3.00, 0.30389012717256
3.01, 0.303377597394518
3.02, 0.302901547505632
3.03, 0.302427568934392
3.04, 0.30195566753608
3.05, 0.301485822858927
3.06, 0.301018043357131
3.07, 0.300552323473882
3.08, 0.300088631003887
3.09, 0.299626968005507
3.10, 0.299167354852728
3.11, 0.298709743925127
3.12, 0.298254174139355
3.13, 0.297800596666444
3.14, 0.297349026377859
3.15, 0.296899446072577
3.16, 0.296451858645827
3.17, 0.296006232654009
3.18, 0.295562605086197
3.19, 0.295120933105775
3.20, 0.294681221700171
3.21, 0.294243484263186
3.22, 0.293807656992423
3.23, 0.293373785838917
3.24, 0.292941871394858
3.25, 0.292511852042169
3.26, 0.292083753584337
3.27, 0.291657572560624
3.28, 0.291233284020829
3.29, 0.290810896637203
3.30, 0.290390401610812
3.31, 0.289971793938826
3.32, 0.289555059723254
3.33, 0.289140179320819
3.34, 0.28872717749313
3.35, 0.28831602584205
3.36, 0.287906712804932
3.37, 0.287499239772772
3.38, 0.28709360861114
3.39, 0.286689790198683
3.40, 0.286287798916367
3.41, 0.285887606947017
3.42, 0.285489222441314
3.43, 0.285092647475422
3.44, 0.28469785323209
3.45, 0.284304818529562
3.46, 0.283913580063945
3.47, 0.283524094046055
3.48, 0.2831363648353
3.49, 0.282750409928632
3.50, 0.282366187874314
3.51, 0.281983679182103
3.52, 0.281602924763353
3.53, 0.281223897963909
3.54, 0.280846558705606
3.55, 0.280470938348035
3.56, 0.280097026939539
3.57, 0.279724799903142
3.58, 0.279354258452382
3.59, 0.27899849419935
3.60, 0.278652767189978
3.61, 0.27830870082549
3.62, 0.277966293624439
3.63, 0.277625540534134
3.64, 0.277286417981474
3.65, 0.276948921886926
3.66, 0.2766130453465
3.67, 0.276278783463081
3.68, 0.275946161371954
3.69, 0.275615115615325
3.70, 0.275285658146665
3.71, 0.274957802964805
3.72, 0.274631513994072
3.73, 0.274306793977262
3.74, 0.273983643234848
3.75, 0.273662044020161
3.76, 0.273341974717939
3.77, 0.273023481325107
3.78, 0.272706494752164
3.79, 0.272391034042502
3.80, 0.272077100736965
3.81, 0.271764672803005
3.82, 0.271453734723443
3.83, 0.271144311099376
3.84, 0.270836355435734
3.85, 0.270529881856369
3.86, 0.270193292840954
3.87, 0.269858177706207
3.88, 0.269524515551112
3.89, 0.269192275833765
3.90, 0.26886150913007
3.91, 0.268532149060132
3.92, 0.268204217623219
3.93, 0.267877718348029
3.94, 0.267552611566478
3.95, 0.267228913249568
3.96, 0.26690659109803
3.97, 0.266585670399011
3.98, 0.266266124367113
3.99, 0.265947926598257
4.00, 0.26563111331447
4.01, 0.265317047440325
4.02, 0.265004319034413
4.03, 0.264692946196588
4.04, 0.264382883118689
4.05, 0.264074130287613
4.06, 0.263766694054637
4.07, 0.263460561761681
4.08, 0.263155717391431
4.09, 0.262852165129676
4.10, 0.262549883512598
4.11, 0.262248867708044
4.12, 0.261949126739203
4.13, 0.261650636962442
4.14, 0.261353382907979
4.15, 0.261057384611457
4.16, 0.260762601558889
4.17, 0.26046904441857
4.18, 0.260176711792136
4.19, 0.259885575832707
4.20, 0.259595637755427
4.21, 0.259306895121738
4.22, 0.259019336062259
4.23, 0.258732952143389
4.24, 0.258447739822847
4.25, 0.258163680414232
4.26, 0.257880773661328
4.27, 0.257599012124651
4.28, 0.257318388800192
4.29, 0.257038899890688
4.30, 0.256760521447227
4.31, 0.256483257591834
4.32, 0.256207105095388
4.33, 0.255932038851334
4.34, 0.255658067647315
4.35, 0.255385174300205
4.36, 0.255113354704448
4.37, 0.254842606483919
4.38, 0.25457291114726
4.39, 0.254311889141472
4.40, 0.254069373110654
4.41, 0.253827385267961
4.42, 0.25358593594682
4.43, 0.253344994454305
4.44, 0.25310457287387
4.45, 0.252864662891969
4.46, 0.252625269771138
4.47, 0.252386376828376
4.48, 0.252147981751908
4.49, 0.251910092418912
4.50, 0.251672689413077
4.51, 0.251435770961922
4.52, 0.251199345605039
4.53, 0.250963395672918
4.54, 0.250727921240561
4.55, 0.250492913295153
4.56, 0.250258370553968
4.57, 0.250024296798101
4.58, 0.249790670912417
4.59, 0.249567238110402
4.60, 0.249337865824339
4.61, 0.249108976322541
4.62, 0.248880576848583
4.63, 0.248652640016637
4.64, 0.248425172928657
4.65, 0.248198169345214
4.66, 0.247971638539832
4.67, 0.247745552841109
4.68, 0.247519916794992
4.69, 0.247294741242634
4.70, 0.247069996876894
4.71, 0.246845684211331
4.72, 0.246621809713952
4.73, 0.24639835963873
4.74, 0.246175335942308
4.75, 0.245952729259836
4.76, 0.245730523558688
4.77, 0.245508738446071
4.78, 0.24528734930479
4.79, 0.245066358742133
4.80, 0.244845759341977
4.81, 0.244625550051722
4.82, 0.244405713868429
4.83, 0.244186260020583
4.84, 0.243967179839514
4.85, 0.243748468320119
4.86, 0.243530111763288
4.87, 0.243312113407402
4.88, 0.243094472330533
4.89, 0.242877165353646
4.90, 0.242660206985281
4.91, 0.242443588163292
4.92, 0.242227287899292
4.93, 0.242011318475108
4.94, 0.241795664703241
4.95, 0.241580331259216
4.96, 0.241365307049516
4.97, 0.241150580364376
4.98, 0.240936159908695
4.99, 0.240722022165551
5.00, 0.240508180827693
5.01, 0.240329902726662
5.02, 0.240126115251031
5.03, 0.239922787458493
5.04, 0.239719888671783
5.05, 0.239517425463817
5.06, 0.239315398072265
5.07, 0.239113780450588
5.08, 0.238912571962852
5.09, 0.238711775707036
5.10, 0.238511372947645
5.11, 0.238311358446025
5.12, 0.238111747682502
5.13, 0.237912497110627
5.14, 0.237713618787496
5.15, 0.237515105887542
5.16, 0.237316951951862
5.17, 0.237119154633611
5.18, 0.2369216966186
5.19, 0.236724563518571
5.20, 0.236527778164635
5.21, 0.236331310427208
5.22, 0.236135150222675
5.23, 0.235939306022581
5.24, 0.235743762415204
5.25, 0.235548521125736
5.26, 0.235353567032553
5.27, 0.235158885199713
5.28, 0.234964494021863
5.29, 0.234770359522383
5.30, 0.23457648687298
5.31, 0.234382875949737
5.32, 0.234189503127654
5.33, 0.233996377703434
5.34, 0.233803485116463
5.35, 0.233610821075382
5.36, 0.233418373851107
5.37, 0.233226139520971
5.38, 0.233034114796535
5.39, 0.23284228511758
5.40, 0.232650659082086
5.41, 0.232459208894319
5.42, 0.232267947415314
5.43, 0.232076847212611
5.44, 0.231885923503584
5.45, 0.231695149213121
5.46, 0.231504536012811
5.47, 0.231314056170157
5.48, 0.231123720045631
5.49, 0.230933510346294
5.50, 0.23074343701904
5.51, 0.230553473378155
5.52, 0.230363620708983
5.53, 0.230173872464443
5.54, 0.229984221992692
5.55, 0.229794662682931
5.56, 0.229605191172594
5.57, 0.229415791514023
5.58, 0.229226457481866
5.59, 0.229037195093055
5.60, 0.228847982966842
5.61, 0.228658819748413
5.62, 0.228469700965085
5.63, 0.228280620276792
5.64, 0.228091569090912
5.65, 0.227902530478943
5.66, 0.22771351222094
5.67, 0.227524510316999
5.68, 0.227335506298869
5.69, 0.227127744378672
5.70, 0.226914975759723
5.71, 0.226702186419413
5.72, 0.226489336031278
5.73, 0.226276449753398
5.74, 0.226085152266232
5.75, 0.225909675036935
5.76, 0.225734139829752
5.77, 0.225558527158918
5.78, 0.225382828525861
5.79, 0.225207046964707
5.80, 0.225031172709459
5.81, 0.224855192513155
5.82, 0.224679109297193
5.83, 0.224502912905571
5.84, 0.224326592053862
5.85, 0.224150153617754
5.86, 0.22397357212294
5.87, 0.223796852343943
5.88, 0.223619997519016
5.89, 0.22344298590869
5.90, 0.223265806211345
5.91, 0.223088458218306
5.92, 0.222910947051792
5.93, 0.222733255739036
5.94, 0.22255538080244
5.95, 0.22237730828083
5.96, 0.222199042401631
5.97, 0.222020564896505
5.98, 0.221841878181522
5.99, 0.221662970140861
6.00, 0.221483851023217
6.01, 0.221323867335901
6.02, 0.221186038419198
6.03, 0.221048464647339
6.04, 0.220911132595425
6.05, 0.220774056523245
6.06, 0.220637223837499
6.07, 0.22050063174528
6.08, 0.22036429100082
6.09, 0.220228204712076
6.10, 0.220092360443863
6.11, 0.219956764548462
6.12, 0.219821410901533
6.13, 0.219686294062424
6.14, 0.219551427671548
6.15, 0.21941680882541
6.16, 0.219282430309065
6.17, 0.219148289236344
6.18, 0.219014392824143
6.19, 0.218880733705352
6.20, 0.21874731102361
6.21, 0.21861414376375
6.22, 0.218481201590857
6.23, 0.218348502213052
6.24, 0.218216039072904
6.25, 0.218083807599977
6.26, 0.21795181731957
6.27, 0.217820061166052
6.28, 0.217688547137673
6.29, 0.217557263463697
6.30, 0.217426219218869
6.31, 0.217295394939733
6.32, 0.217164812114026
6.33, 0.217034466922458
6.34, 0.216904342301687
6.35, 0.216774452326588
6.36, 0.216644802902617
6.37, 0.216515367738394
6.38, 0.21638617088465
6.39, 0.216257207806657
6.40, 0.216128462460182
6.41, 0.215999950511626
6.42, 0.215871663850394
6.43, 0.215743609762074
6.44, 0.215615769060461
6.45, 0.215488169273767
6.46, 0.215360785280151
6.47, 0.215233621216148
6.48, 0.215106686716968
6.49, 0.214979974011008
6.50, 0.214853479477969
6.51, 0.214727215860132
6.52, 0.21460116320143
6.53, 0.214475346341537
6.54, 0.214349737932665
6.55, 0.214224345889759
6.56, 0.214099181957369
6.57, 0.213974223633625
6.58, 0.21384950265484
6.59, 0.213724986243614
6.60, 0.21360068345051
6.61, 0.213476604997853
6.62, 0.213352741305895
6.63, 0.213229079467461
6.64, 0.213105652162293
6.65, 0.2129824234101
6.66, 0.212859409791954
6.67, 0.212736613530742
6.68, 0.212614032554418
6.69, 0.212491657599791
6.70, 0.212369493738932
6.71, 0.212247539020659
6.72, 0.212125793023889
6.73, 0.212004264290451
6.74, 0.211882942174157
6.75, 0.211761819424987
6.76, 0.211640909201728
6.77, 0.211520208669184
6.78, 0.211399712845104
6.79, 0.211279431067856
6.80, 0.211159343951434
6.81, 0.211039459457375
6.82, 0.210919789378165
6.83, 0.210800312830717
6.84, 0.210681045528765
6.85, 0.210561981877852
6.86, 0.210443120077436
6.87, 0.210324447578673
6.88, 0.210205987241305
6.89, 0.210087725684969
6.90, 0.20996966287833
6.91, 0.209851800644294
6.92, 0.20973414461942
6.93, 0.20961666679736
6.94, 0.209499408494822
6.95, 0.209382334639888
6.96, 0.209265457051619
6.97, 0.209148786383212
6.98, 0.209032298810303
6.99, 0.208916007431177
7.00, 0.208809409056723
7.01, 0.208722701823953
7.02, 0.208636336513939
7.03, 0.208550319257138
7.04, 0.208464629263093
7.05, 0.208379286565358
7.06, 0.208294268507662
7.07, 0.208209585319151
7.08, 0.208125244344842
7.09, 0.208041224561165
7.10, 0.20795753595021
7.11, 0.207874185083311
7.12, 0.207791153048794
7.13, 0.207708447515978
7.14, 0.207626068302261
7.15, 0.207544012491694
7.16, 0.207462280449125
7.17, 0.207374709580314
7.18, 0.207260209882083
7.19, 0.207146014426357
7.20, 0.207032166399737
7.21, 0.206918641470226
7.22, 0.206805444528067
7.23, 0.206692565521609
7.24, 0.206580020268623
7.25, 0.206467789931847
7.26, 0.20635589153964
7.27, 0.206244305371084
7.28, 0.206133038635973
7.29, 0.206022090548539
7.30, 0.20591147309287
7.31, 0.205801151956056
7.32, 0.205691155487178
7.33, 0.205581473675689
7.34, 0.205472109713952
7.35, 0.205363045559054
7.36, 0.205254302033978
7.37, 0.205145862785787
7.38, 0.205037729236374
7.39, 0.204929906555561
7.40, 0.204822392176603
7.41, 0.204715182796756
7.42, 0.204608279711076
7.43, 0.204501671268525
7.44, 0.204395364026865
7.45, 0.204289372381517
7.46, 0.204183670634094
7.47, 0.204078270180287
7.48, 0.203973155656796
7.49, 0.203868352722756
7.50, 0.203763846503098
7.51, 0.20365334672716
7.52, 0.203543172333523
7.53, 0.20343332499194
7.54, 0.203323787591237
7.55, 0.203214584006602
7.56, 0.203105703531968
7.57, 0.202997119257841
7.58, 0.202888877831343
7.59, 0.202780941017376
7.60, 0.202673314175215
7.61, 0.202566011882436
7.62, 0.202459011174009
7.63, 0.202352327346583
7.64, 0.202245954477368
7.65, 0.202139890841339
7.66, 0.202034129721441
7.67, 0.201928675646943
7.68, 0.201823532352628
7.69, 0.201718694353612
7.70, 0.201614161214887
7.71, 0.201509925300867
7.72, 0.201405991950204
7.73, 0.201302358809692
7.74, 0.201199028673434
7.75, 0.201095990378184
7.76, 0.20099325045599
7.77, 0.200890810581372
7.78, 0.200788665537774
7.79, 0.200686808348661
7.80, 0.200585256751051
7.81, 0.200483987739714
7.82, 0.200383003487277
7.83, 0.20028232180809
7.84, 0.200181922130724
7.85, 0.200081811412573
7.86, 0.199981990176073
7.87, 0.199882447514246
7.88, 0.199783191992706
7.89, 0.199684224991827
7.90, 0.199585539768173
7.91, 0.199487131212837
7.92, 0.199389005686819
7.93, 0.199291163947161
7.94, 0.199193592212977
7.95, 0.199096311426937
7.96, 0.19899929128174
7.97, 0.198902559879621
7.98, 0.198806093100462
7.99, 0.198709907172136
8.00, 0.198613995962596
8.01, 0.198518350587138
8.02, 0.198422977442101
8.03, 0.198327878141163
8.04, 0.198233051720808
8.05, 0.19813848552313
8.06, 0.198044192506715
8.07, 0.197950157251542
8.08, 0.197856398105121
8.09, 0.197762901679446
8.10, 0.197669659835873
8.11, 0.197576683080727
8.12, 0.197483982397434
8.13, 0.197391526829962
8.14, 0.197299334039778
8.15, 0.197207401977258
8.16, 0.197115733889332
8.17, 0.197024315557248
8.18, 0.196933156103077
8.19, 0.196842248351471
8.20, 0.196751607709514
8.21, 0.19666121325161
8.22, 0.196571065447245
8.23, 0.196481176010827
8.24, 0.196391540405558
8.25, 0.196302155983136
8.26, 0.196213019141777
8.27, 0.196124132086778
8.28, 0.19603548728615
8.29, 0.195947093868556
8.30, 0.195858947296233
8.31, 0.195771045737482
8.32, 0.195683388098127
8.33, 0.195595967655157
8.34, 0.195508806520272
8.35, 0.195421870055817
8.36, 0.195335188151271
8.37, 0.195248742882357
8.38, 0.195162530478191
8.39, 0.195076569250278
8.40, 0.194990832056109
8.41, 0.19490534445378
8.42, 0.194820086759606
8.43, 0.194735072073542
8.44, 0.194650283498516
8.45, 0.194565731614148
8.46, 0.194481412319828
8.47, 0.194397326100827
8.48, 0.194313476291178
8.49, 0.194229853285892
8.50, 0.194146463385906
8.51, 0.194063298658015
8.52, 0.193980375952092
8.53, 0.193897664971922
8.54, 0.193815186507191
8.55, 0.193732938315575
8.56, 0.19365091900085
8.57, 0.193569121056955
8.58, 0.193487541344985
8.59, 0.193406189128211
8.60, 0.193325065246719
8.61, 0.193232835183677
8.62, 0.19314647106945
8.63, 0.193060312359487
8.64, 0.192974364514953
8.65, 0.192888631887412
8.66, 0.192803099150289
8.67, 0.192717780609156
8.68, 0.192632660326838
8.69, 0.19254774196414
8.70, 0.192463041286222
8.71, 0.192378541711318
8.72, 0.192294237574193
8.73, 0.19221014197229
8.74, 0.192126243386527
8.75, 0.192042549288427
8.76, 0.191959062505214
8.77, 0.191875768911451
8.78, 0.191792681556292
8.79, 0.191709785590014
8.80, 0.191627093580138
8.81, 0.191544592737855
8.82, 0.191462293496315
8.83, 0.191380183768148
8.84, 0.191298276933961
8.85, 0.191216556665911
8.86, 0.191135048878806
8.87, 0.191053715949206
8.88, 0.190972583451413
8.89, 0.190891636851443
8.90, 0.190810885765595
8.91, 0.190730331311847
8.92, 0.19064996196799
8.93, 0.190569775155506
8.94, 0.190489784970064
8.95, 0.190409986751868
8.96, 0.190330372684584
8.97, 0.190250949386694
8.98, 0.190171708500419
8.99, 0.190092646003098
9.00, 0.190013787032373
9.01, 0.189935097246166
9.02, 0.189856594244298
9.03, 0.189778282798093
9.04, 0.18970014740754
9.05, 0.189622188250615
9.06, 0.189544427799435
9.07, 0.18946683433077
9.08, 0.189389422558335
9.09, 0.189312199487003
9.10, 0.189235148631586
9.11, 0.189158272824554
9.12, 0.189081589792439
9.13, 0.189005069806759
9.14, 0.188928732999099
9.15, 0.188852576206433
9.16, 0.188776582084165
9.17, 0.188700776582753
9.18, 0.18862514268291
9.19, 0.188549676360821
9.20, 0.188474389206452
9.21, 0.188399281633845
9.22, 0.188324331442294
9.23, 0.188249557107589
9.24, 0.188174960875638
9.25, 0.188100529384815
9.26, 0.188026273517684
9.27, 0.187952184105875
9.28, 0.187878267111939
9.29, 0.187804516024666
9.30, 0.187730928356704
9.31, 0.18765751300998
9.32, 0.187584271407547
9.33, 0.187511190358959
9.34, 0.18743827097663
9.35, 0.18736551994174
9.36, 0.187292932481706
9.37, 0.187220512981216
9.38, 0.187148254719466
9.39, 0.18707616313914
9.40, 0.187004221691088
9.41, 0.186932456413752
9.42, 0.186860848292011
9.43, 0.186789397822333
9.44, 0.186718113535092
9.45, 0.186646985252772
9.46, 0.186576022546559
9.47, 0.186505213932574
9.48, 0.186434559969026
9.49, 0.186364066917262
9.50, 0.186293742093258
9.51, 0.186223568149021
9.52, 0.186153545272212
9.53, 0.186083683574146
9.54, 0.186013977003122
9.55, 0.185944418761303
9.56, 0.185875021597406
9.57, 0.185805784749868
9.58, 0.185736685655059
9.59, 0.185667756486801
9.60, 0.185598966958268
9.61, 0.185530334018415
9.62, 0.185461859940567
9.63, 0.185393533026019
9.64, 0.185325350665979
9.65, 0.185257326872193
9.66, 0.185189446731491
9.67, 0.18512172339531
9.68, 0.185054145712209
9.69, 0.184986710504744
9.70, 0.184919429473561
9.71, 0.184852294855791
9.72, 0.184785309058185
9.73, 0.184718468946904
9.74, 0.184651770898586
9.75, 0.184585222900184
9.76, 0.184518817046643
9.77, 0.184452563193608
9.78, 0.184386447984062
9.79, 0.184320474464155
9.80, 0.184254648558479
9.81, 0.184188962453056
9.82, 0.184123427022632
9.83, 0.184058027354407
9.84, 0.18399276652441
9.85, 0.183927652115577
9.86, 0.183862674419605
9.87, 0.183797835677058
9.88, 0.183733141570616
9.89, 0.183668593938097
9.90, 0.183604172166842
9.91, 0.183539894417778
9.92, 0.183475762376735
9.93, 0.183411761198288
9.94, 0.18334789627652
9.95, 0.183284174609685
9.96, 0.183220576262673
9.97, 0.183157128827074
9.98, 0.183093805398998
9.99, 0.183030630148138
10.00, 0.182967579596004
10.01, 0.18294267193252
10.02, 0.182915641726082
10.03, 0.18288867556406
10.04, 0.182861768256191
10.05, 0.182834913129936
10.06, 0.182808124395786
10.07, 0.182781390811024
10.08, 0.182754711099846
10.09, 0.182728098362798
10.10, 0.182701538197132
10.11, 0.182675040824091
10.12, 0.182648599600546
10.13, 0.182622213241579
10.14, 0.182595880855334
10.15, 0.18256960905265
10.16, 0.182543402848076
10.17, 0.182517240155836
10.18, 0.182491050056874
10.19, 0.182463537533671
10.20, 0.182436101856729
10.21, 0.182408724273259
10.22, 0.182381402503327
10.23, 0.182354152823646
10.24, 0.182326962880562
10.25, 0.182299836184974
10.26, 0.18227277104196
10.27, 0.18224576811388
10.28, 0.18221882833884
10.29, 0.182191948024354
10.30, 0.182165136708746
10.31, 0.182138379885761
10.32, 0.182111683091922
10.33, 0.182085056493325
10.34, 0.182058479797677
10.35, 0.182031964663522
10.36, 0.182005519075842
10.37, 0.181979123787603
10.38, 0.181952797010314
10.39, 0.181926522408507
10.40, 0.181900316887857
10.41, 0.18187415992684
10.42, 0.181848072347941
10.43, 0.181822034199208
10.44, 0.181796063884983
10.45, 0.181770143315632
10.46, 0.181744290636658
10.47, 0.181718488432622
10.48, 0.18169274290719
10.49, 0.181667068057772
10.50, 0.181641438206959
10.51, 0.181615876471495
10.52, 0.181590364281714
10.53, 0.181564908068801
10.54, 0.181539520231732
10.55, 0.181514180652077
10.56, 0.181488897786831
10.57, 0.181463670873977
10.58, 0.181438501368974
10.59, 0.181413388262108
10.60, 0.181388332437857
10.61, 0.181363331675589
10.62, 0.181338380350552
10.63, 0.181313492931639
10.64, 0.181288651146184
10.65, 0.181263877252585
10.66, 0.181239148014478
10.67, 0.181214482960562
10.68, 0.18118986672973
10.69, 0.181165302325718
10.70, 0.181140795600447
10.71, 0.181116341749356
10.72, 0.181091945068868
10.73, 0.181067592507319
10.74, 0.181043305438156
10.75, 0.181019061830431
10.76, 0.180994872076974
10.77, 0.180970747664869
10.78, 0.180946666259776
10.79, 0.180922630511505
10.80, 0.180898658828486
10.81, 0.180874739220581
10.82, 0.180850864330468
10.83, 0.180827051716994
10.84, 0.180803283106298
10.85, 0.180779568381082
10.86, 0.180755905662788
10.87, 0.180732287459634
10.88, 0.18070873053682
10.89, 0.180685216699592
10.90, 0.180661765696899
10.91, 0.180638356868071
10.92, 0.180614991464354
10.93, 0.180591686878581
10.94, 0.180568435259953
10.95, 0.180545226124505
10.96, 0.180522068305756
10.97, 0.180498961731003
10.98, 0.180475895737813
10.99, 0.180452894353975
11.00, 0.180429932386217
11.01, 0.180407020836544
11.02, 0.180384162503752
11.03, 0.180361353461567
11.04, 0.180338585768779
11.05, 0.180315877790403
11.06, 0.180293213251596
11.07, 0.180270587424884
11.08, 0.180248021831151
11.09, 0.180225495232711
11.10, 0.180203020950544
11.11, 0.180180595784075
11.12, 0.180158221845704
11.13, 0.180135886191886
11.14, 0.180113600492322
11.15, 0.180091364985426
11.16, 0.180069178339367
11.17, 0.180047032823414
11.18, 0.180024943986011
11.19, 0.180002884956171
11.20, 0.179980884703465
11.21, 0.179958924654822
11.22, 0.179937011958235
11.23, 0.179915149019813
11.24, 0.179893333258518
11.25, 0.179871558883802
11.26, 0.179849828992204
11.27, 0.179828150609003
11.28, 0.17980650912689
11.29, 0.179784914424526
11.30, 0.179763370129537
11.31, 0.179741870665032
11.32, 0.179720410364773
11.33, 0.179698997631149
11.34, 0.17967763200969
11.35, 0.179656304516036
11.36, 0.179635023833294
11.37, 0.179613790895153
11.38, 0.179592593792054
11.39, 0.179571455624614
11.40, 0.179550342971067
11.41, 0.179529285422812
11.42, 0.179508266756905
11.43, 0.17948729360537
11.44, 0.179466358129139
11.45, 0.179445477956989
11.46, 0.179424623845394
11.47, 0.179380756587028
11.48, 0.179356998520436
11.49, 0.179333290905024
11.50, 0.179309633996294
11.51, 0.179286017922932
11.52, 0.179262453435393
11.53, 0.179238927527583
11.54, 0.179215464243103
11.55, 0.179192028488258
11.56, 0.179168644459672
11.57, 0.179145322193447
11.58, 0.179122037559868
11.59, 0.179098792275945
11.60, 0.179075598387305
11.61, 0.179052452666738
11.62, 0.179029347224926
11.63, 0.179006291265515
11.64, 0.178983274856529
11.65, 0.178960306556099
11.66, 0.178937387871337
11.67, 0.178914518296498
11.68, 0.178891689126943
11.69, 0.178868896618551
11.70, 0.178846163815429
11.71, 0.17882345890012
11.72, 0.178800813484729
11.73, 0.178778206232137
11.74, 0.178755646748046
11.75, 0.178733124979407
11.76, 0.178710652439521
11.77, 0.178688217854282
11.78, 0.178665840885435
11.79, 0.178643491969782
11.80, 0.178621191466739
11.81, 0.178598937075697
11.82, 0.178576731966545
11.83, 0.178554562546534
11.84, 0.178532440721594
11.85, 0.178510357072543
11.86, 0.178488310812964
11.87, 0.178466320230123
11.88, 0.178444368828374
11.89, 0.178422450587464
11.90, 0.178400581464656
11.91, 0.17837876030409
11.92, 0.178356973980037
11.93, 0.1783352345024
11.94, 0.178313531964351
11.95, 0.178291876430733
11.96, 0.178270265911651
11.97, 0.178248692130881
11.98, 0.178227153345085
11.99, 0.178205670496823
12.00, 0.178184214965058
12.01, 0.178162803657054
12.02, 0.178141440462308
12.03, 0.178120110597684
12.04, 0.178098828479685
12.05, 0.178077590741857
12.06, 0.178056387470223
12.07, 0.178035220121003
12.08, 0.178014096894412
12.09, 0.177993021220822
12.10, 0.177971978074211
12.11, 0.177950981305244
12.12, 0.177930018703265
12.13, 0.177909091281372
12.14, 0.17788820876021
12.15, 0.177867370465959
12.16, 0.177846565975079
12.17, 0.177825806392697
12.18, 0.177805090071143
12.19, 0.177784401855274
12.20, 0.177763754833508
12.21, 0.177743150396613
12.22, 0.177722592091546
12.23, 0.177702057662279
12.24, 0.177681575519909
12.25, 0.177661130072
12.26, 0.17764071559576
12.27, 0.177620345795043
12.28, 0.177600008501322
12.29, 0.177579716931963
12.30, 0.177559466881532
12.31, 0.17753924032396
12.32, 0.177519066536723
12.33, 0.177498926832793
12.34, 0.17747881971663
12.35, 0.177458755312984
12.36, 0.177438725152554
12.37, 0.177418734959979
12.38, 0.177398779176962
12.39, 0.177378865627141
12.40, 0.177358986328984
12.41, 0.177339147100749
12.42, 0.177319341720565
12.43, 0.177299577871816
12.44, 0.177279846525932
12.45, 0.177260156953657
12.46, 0.177240499471249
12.47, 0.177220875045977
12.48, 0.177201290456766
12.49, 0.177181749985469
12.50, 0.17716223029208
12.51, 0.177142762308105
12.52, 0.177123326067247
12.53, 0.17710392121411
12.54, 0.177084557925157
12.55, 0.177065225250338
12.56, 0.177045934083429
12.57, 0.177026674345924
12.58, 0.177007447135947
12.59, 0.176988259537493
12.60, 0.176969113257327
12.61, 0.176949996764513
12.62, 0.176930914525047
12.63, 0.176911870400441
12.64, 0.176892856538248
12.65, 0.176873884614018
12.66, 0.176854944183926
12.67, 0.17683604298738
12.68, 0.176817172309897
12.69, 0.176798332166672
12.70, 0.176779530857232
12.71, 0.176760761304862
12.72, 0.176742032579211
12.73, 0.17672333161228
12.74, 0.176704671593102
12.75, 0.176686043174236
12.76, 0.176667453338286
12.77, 0.176648883711929
12.78, 0.176630363791495
12.79, 0.176611861990989
12.80, 0.176593401730371
12.81, 0.176574980138215
12.82, 0.176556587885675
12.83, 0.176538225260234
12.84, 0.176519911224976
12.85, 0.176501617943982
12.86, 0.176483352650648
12.87, 0.176465127300226
12.88, 0.176446938970707
12.89, 0.176428772494102
12.90, 0.176410653307985
12.91, 0.176392553507351
12.92, 0.176374491107378
12.93, 0.176356467932536
12.94, 0.17633847416867
12.95, 0.176320509420377
12.96, 0.17630258208511
12.97, 0.176284683509182
12.98, 0.176266814256025
12.99, 0.176248981553815
13.00, 0.176231178165866
13.01, 0.176213411673195
13.02, 0.176195675881399
13.03, 0.176177965119414
13.04, 0.176160294976023
13.05, 0.176142661502725
13.06, 0.176125044901382
13.07, 0.176107466513188
13.08, 0.176089919150701
13.09, 0.176072406067534
13.10, 0.176054921337192
13.11, 0.176037463151663
13.12, 0.176020043945786
13.13, 0.176002652305767
13.14, 0.175985296997898
13.15, 0.175967968440211
13.16, 0.175950668045893
13.17, 0.175933405322976
13.18, 0.175916169309796
13.19, 0.17589897058993
13.20, 0.175881788332876
13.21, 0.17586465240453
13.22, 0.175847533790359
13.23, 0.175830453054915
13.24, 0.175813398193676
13.25, 0.175796379452109
13.26, 0.175779388765709
13.27, 0.175762423116406
13.28, 0.17574549320573
13.29, 0.175728593127777
13.30, 0.175711726132497
13.31, 0.175694877460393
13.32, 0.175678063943877
13.33, 0.175661285942582
13.34, 0.175644535012922
13.35, 0.175627811625736
13.36, 0.175611111832405
13.37, 0.175594449093314
13.38, 0.175577811113019
13.39, 0.17556121069816
13.40, 0.175544635398946
13.41, 0.175528085297779
13.42, 0.175511571948663
13.43, 0.175495084086753
13.44, 0.175478620808749
13.45, 0.175462194144823
13.46, 0.175445790960317
13.47, 0.175429416416657
13.48, 0.175413074875027
13.49, 0.175396747712188
13.50, 0.1753804693179
13.51, 0.175364213577769
13.52, 0.175347972654247
13.53, 0.175331776587894
13.54, 0.17531559634361
13.55, 0.175299451059576
13.56, 0.175283340163425
13.57, 0.175267245437885
13.58, 0.175251183745146
13.59, 0.175235147558545
13.60, 0.175219146298389
13.61, 0.175203169192076
13.62, 0.175187216008669
13.63, 0.175171299177941
13.64, 0.175155394925275
13.65, 0.175139536283902
13.66, 0.175123692019032
13.67, 0.175107881210471
13.68, 0.175092094814611
13.69, 0.175076341937411
13.70, 0.175060605153648
13.71, 0.175044900073055
13.72, 0.175029231578907
13.73, 0.175013584287493
13.74, 0.174997952531094
13.75, 0.174982365224446
13.76, 0.174966790615752
13.77, 0.174951249836202
13.78, 0.174935741581052
13.79, 0.174920249816158
13.80, 0.174904789845984
13.81, 0.174889353817362
13.82, 0.174873940757372
13.83, 0.174858561203236
13.84, 0.174843205188434
13.85, 0.174827884233602
13.86, 0.174812574022507
13.87, 0.174797297519796
13.88, 0.174782044793092
13.89, 0.174766824984054
13.90, 0.174751628285813
13.91, 0.174736454317306
13.92, 0.174721303446642
13.93, 0.174706185791809
13.94, 0.174691091476516
13.95, 0.174676019452156
13.96, 0.174660980475424
13.97, 0.174645964409815
13.98, 0.174630969315388
13.99, 0.174616009197946
14.00, 0.174601061191337
14.01, 0.174586144308237
14.02, 0.17457126009439
14.03, 0.174556390346694
14.04, 0.1745415519385
14.05, 0.17452673524122
14.06, 0.174511939913993
14.07, 0.174497178553127
14.08, 0.174482439242125
14.09, 0.174467721442577
14.10, 0.174453037419467
14.11, 0.174438363836144
14.12, 0.174423732413544
14.13, 0.174409111594337
14.14, 0.174394514843839
14.15, 0.174379960010111
14.16, 0.174365415956781
14.17, 0.174350893935691
14.18, 0.174336403871482
14.19, 0.174321935882134
14.20, 0.174307487901145
14.21, 0.174293074368532
14.22, 0.174278670285909
14.23, 0.174264296485807
14.24, 0.174249956624665
14.25, 0.174235626354366
14.26, 0.174221328170762
14.27, 0.174207051208135
14.28, 0.17419280638006
14.29, 0.174178572062298
14.30, 0.174164368947528
14.31, 0.174150186686407
14.32, 0.174136026859142
14.33, 0.174121896437725
14.34, 0.174107788057748
14.35, 0.174093699052129
14.36, 0.174079643058845
14.37, 0.174065606532027
14.38, 0.174051580633295
14.39, 0.174037596895439
14.40, 0.17402362288283
14.41, 0.174009680151489
14.42, 0.173995756745077
14.43, 0.17398185496034
14.44, 0.173967973790719
14.45, 0.173954122628377
14.46, 0.173940292439702
14.47, 0.173926482875421
14.48, 0.173912703281124
14.49, 0.173898943890388
14.50, 0.173885195785434
14.51, 0.173871485097366
14.52, 0.173857787115156
14.53, 0.173844120223326
14.54, 0.17383047192186
14.55, 0.173816842777674
14.56, 0.173803234467553
14.57, 0.173789657210115
14.58, 0.173776098511562
14.59, 0.173762560821234
14.60, 0.173749041844946
14.61, 0.173735553032336
14.62, 0.173722075431571
14.63, 0.173708636269427
14.64, 0.173695205723225
14.65, 0.173681797567279
14.66, 0.173668416719252
14.67, 0.173655055618653
14.68, 0.173641715108559
14.69, 0.17362840321338
14.70, 0.173615112202719
14.71, 0.173601830718676
14.72, 0.17358858616568
14.73, 0.17357535403934
14.74, 0.173562149884026
14.75, 0.17354896407048
14.76, 0.173535796661105
14.77, 0.173522651052446
14.78, 0.173509532288714
14.79, 0.173496423283799
14.80, 0.173483344453021
14.81, 0.173470293692071
14.82, 0.173457253205389
14.83, 0.173444230319851
14.84, 0.173431236115104
14.85, 0.173418261136566
14.86, 0.173405316759259
14.87, 0.173392378202106
14.88, 0.173379469120761
14.89, 0.173366580318701
14.90, 0.173353709293758
14.91, 0.17334085591266
14.92, 0.173328032772353
14.93, 0.173315226321589
14.94, 0.173302440462919
14.95, 0.173289672421348
14.96, 0.17327693158084
14.97, 0.173264200525873
14.98, 0.173251497211205
14.99, 0.173238821583974
15.00, 0.173226155066103
15.01, 0.173213506015179
15.02, 0.173200886965465
15.03, 0.17318828504127
15.04, 0.173175700867736
15.05, 0.173163135662522
15.06, 0.173150597802718
15.07, 0.173138077572327
15.08, 0.173125576626772
15.09, 0.173113091466359
15.10, 0.173100637227794
15.11, 0.173088188032604
15.12, 0.173075768080523
15.13, 0.173063365701184
15.14, 0.173050981916689
15.15, 0.173038623637062
15.16, 0.173026274408503
15.17, 0.173013953915581
15.18, 0.173001648829559
15.19, 0.172989372523082
15.20, 0.172977103945827
15.21, 0.172964863429827
15.22, 0.172952628652543
15.23, 0.172940422030363
15.24, 0.172928244501763
15.25, 0.172916072073124
15.26, 0.172903928249654
15.27, 0.172891801218535
15.28, 0.172879691502129
15.29, 0.172867597808995
15.30, 0.17285552353922
15.31, 0.172843475704299
15.32, 0.17283144412531
15.33, 0.172819430199746
15.34, 0.172807433852934
15.35, 0.172795452685395
15.36, 0.172783499516138
15.37, 0.172771563480695
15.38, 0.172759645556279
15.39, 0.172747742296835
15.40, 0.172735857791649
15.41, 0.172723987449754
15.42, 0.172712157527913
15.43, 0.172700322068427
15.44, 0.172688513404003
15.45, 0.1726767322368
15.46, 0.172664955906526
15.47, 0.172653207628938
15.48, 0.172641476127853
15.49, 0.17262976049451
15.50, 0.172618062526331
15.51, 0.172606379569907
15.52, 0.172594724151523
15.53, 0.1725830736977
15.54, 0.172571460959088
15.55, 0.172559853864492
15.56, 0.17254826354452
15.57, 0.17253668869721
15.58, 0.172525140436189
15.59, 0.172513609574129
15.60, 0.172502092662097
15.61, 0.172490594113821
15.62, 0.172479111210615
15.63, 0.172467652318327
15.64, 0.172456211394476
15.65, 0.172444776405664
15.66, 0.172433377034633
15.67, 0.172421983463608
15.68, 0.172410605339536
15.69, 0.172399255138186
15.70, 0.172387909133055
15.71, 0.172376588683762
15.72, 0.172365293966261
15.73, 0.172354006264749
15.74, 0.172342734556475
15.75, 0.172331486716665
15.76, 0.172320254367426
15.77, 0.172309039491094
15.78, 0.172297839511813
15.79, 0.172286653845717
15.80, 0.172275495348681
15.81, 0.17226434200907
15.82, 0.172253213024617
15.83, 0.172242100817668
15.84, 0.172231003833726
15.85, 0.17221993086464
15.86, 0.172208864968406
15.87, 0.172197824005628
15.88, 0.172186799036056
15.89, 0.172175786995192
15.90, 0.172164791670308
15.91, 0.172153810457491
15.92, 0.172142845488782
15.93, 0.172131906653692
15.94, 0.172120980744136
15.95, 0.172110071655222
15.96, 0.17209917528766
15.97, 0.172088297033042
15.98, 0.172077441369879
15.99, 0.172066600800873
16.00, 0.172055767062317
16.01, 0.172044956558682
16.02, 0.172034161136339
16.03, 0.172023380382627
16.04, 0.172012624986043
16.05, 0.172001873359776
16.06, 0.17199114769982
16.07, 0.171980436654118
16.08, 0.171969740069683
16.09, 0.171959056890206
16.10, 0.171948390238774
16.11, 0.171937746973486
16.12, 0.171927119382789
16.13, 0.17191649520536
16.14, 0.171905895671493
16.15, 0.17189532057458
16.16, 0.171884750185817
16.17, 0.171874194580479
16.18, 0.171863663372772
16.19, 0.171853145018265
16.20, 0.171842633696488
16.21, 0.17183215425143
16.22, 0.171821679713742
16.23, 0.171811219258927
16.24, 0.171800783820055
16.25, 0.171790352270042
16.26, 0.171779944926269
16.27, 0.171769553066317
16.28, 0.171759173421042
16.29, 0.171748807692957
16.30, 0.171738466093298
16.31, 0.171728127383128
16.32, 0.171717817067177
16.33, 0.171707516474308
16.34, 0.171697230232465
16.35, 0.171686958873656
16.36, 0.171676703300221
16.37, 0.171666458195205
16.38, 0.171656238694837
16.39, 0.171646034279117
16.40, 0.171635830992682
16.41, 0.171625650604028
16.42, 0.171615498463419
16.43, 0.171605345902901
16.44, 0.171595209677477
16.45, 0.171585095342236
16.46, 0.171574984852547
16.47, 0.171564898874952
16.48, 0.171554824706877
16.49, 0.171544766439352
16.50, 0.171534729860534
16.51, 0.171524697811733
16.52, 0.171514687428674
16.53, 0.171504682928749
16.54, 0.171494699720142
16.55, 0.171484731165111
16.56, 0.171474775779077
16.57, 0.171464832883924
16.58, 0.171454913107474
16.59, 0.171444997648159
16.60, 0.171435105591663
16.61, 0.171425225447494
16.62, 0.171415351044904
16.63, 0.171405506175019
16.64, 0.17139566705037
16.65, 0.171385839162691
16.66, 0.171376037109556
16.67, 0.171366235293301
16.68, 0.171356448171981
16.69, 0.171346693526095
16.70, 0.171336941714204
16.71, 0.171327203421657
16.72, 0.171317477218134
16.73, 0.171307763964114
16.74, 0.171298074581065
16.75, 0.171288386441327
16.76, 0.171278723541992
16.77, 0.171269070356299
16.78, 0.171259432711158
16.79, 0.171249805605732
16.80, 0.171240192584351
16.81, 0.171230602734143
16.82, 0.171221014236104
16.83, 0.171211449321937
16.84, 0.171201895369338
16.85, 0.171192354225269
16.86, 0.171182827027928
16.87, 0.171173312810405
16.88, 0.171163809921323
16.89, 0.171154329921243
16.90, 0.171144863450066
16.91, 0.171135397675566
16.92, 0.17112595513785
16.93, 0.171116524205635
16.94, 0.171107106151166
16.95, 0.171097700713067
16.96, 0.171088316953961
16.97, 0.171078935728458
16.98, 0.171069567382495
16.99, 0.171060220644732
17.00, 0.171050886260051
17.01, 0.17104156496221
17.02, 0.171032254649228
17.03, 0.17102295576177
17.04, 0.171013670970706
17.05, 0.171004407711159
17.06, 0.170995145522385
17.07, 0.17098590526882
17.08, 0.170976678137723
17.09, 0.170967462344847
17.10, 0.170958258773865
17.11, 0.170949068140275
17.12, 0.170939888389989
17.13, 0.170930721531591
17.14, 0.170921575256674
17.15, 0.170912441278898
17.16, 0.170903308228554
17.17, 0.170894200103032
17.18, 0.170885100512847
17.19, 0.170876013243409
17.20, 0.170866938674356
17.21, 0.17085788490982
17.22, 0.17084883397387
17.23, 0.170839803271157
17.24, 0.170830775111984
17.25, 0.170821769332008
17.26, 0.170812774383165
17.27, 0.170803789558719
17.28, 0.170794817493428
17.29, 0.170785857855531
17.30, 0.170776918472268
17.31, 0.170767981277331
17.32, 0.170759067070431
17.33, 0.170750151338511
17.34, 0.170741259573632
17.35, 0.170732377680201
17.36, 0.170723506938218
17.37, 0.170714648256205
17.38, 0.170705799999719
17.39, 0.170696974061161
17.40, 0.170688149884889
17.41, 0.170679345991893
17.42, 0.170670552403999
17.43, 0.170661761238055
17.44, 0.170652992710082
17.45, 0.170644243304078
17.46, 0.170635485223751
17.47, 0.170626758243776
17.48, 0.170618033881193
17.49, 0.170609327780767
17.50, 0.170600625410427
17.51, 0.170591943039273
17.52, 0.170583271263137
17.53, 0.170574601533103
17.54, 0.170565961403082
17.55, 0.170557323302892
17.56, 0.170548697021988
17.57, 0.17054007934381
17.58, 0.170531474940638
17.59, 0.170522888784148
17.60, 0.170514314643806
17.61, 0.170505742094166
17.62, 0.170497189514448
17.63, 0.170488648929487
17.64, 0.170480116166873
17.65, 0.170471597405753
17.66, 0.170463098396055
17.67, 0.170454599015328
17.68, 0.170446111594999
17.69, 0.17043764404894
17.70, 0.170429188096159
17.71, 0.170420731377106
17.72, 0.170412305569271
17.73, 0.170403870678808
17.74, 0.170395467569124
17.75, 0.170387062049362
17.76, 0.170378668407905
17.77, 0.170370286299104
17.78, 0.170361923974936
17.79, 0.170353562710358
17.80, 0.170345219793197
17.81, 0.170336889560934
17.82, 0.170328567914948
17.83, 0.17032025712151
17.84, 0.170311958072146
17.85, 0.170303668517582
17.86, 0.170295388844314
17.87, 0.170287129575631
17.88, 0.17027887046588
17.89, 0.170270631267653
17.90, 0.170262403096422
17.91, 0.170254174186426
17.92, 0.170245966421242
17.93, 0.170237768947666
17.94, 0.170229580232832
17.95, 0.17022140313231
17.96, 0.170213245213442
17.97, 0.170205088333687
17.98, 0.170196951044472
17.99, 0.17018881315926
18.00, 0.170180694560836
18.01, 0.170172576905401
18.02, 0.170164480765477
18.03, 0.170156391782601
18.04, 0.170148314152013
18.05, 0.170140247346934
18.06, 0.170132198366664
18.07, 0.170124151469982
18.08, 0.170116112476363
18.09, 0.170108094723994
18.10, 0.170100075777188
18.11, 0.170092076067679
18.12, 0.170084087928399
18.13, 0.170076108639794
18.14, 0.17006813974407
18.15, 0.170060180116342
18.16, 0.170052229912745
18.17, 0.170044288670094
18.18, 0.170036357944556
18.19, 0.170028446792883
18.20, 0.170020536436992
18.21, 0.170012643457096
18.22, 0.170004760438442
18.23, 0.169996878651702
18.24, 0.16998901625104
18.25, 0.169981160878822
18.26, 0.169973317313272
18.27, 0.169965481473515
18.28, 0.169957666445693
18.29, 0.169949850280324
18.30, 0.169942054688251
18.31, 0.169934257710806
18.32, 0.169926470138121
18.33, 0.169918700990514
18.34, 0.169910942509012
18.35, 0.169903192981129
18.36, 0.169895451906466
18.37, 0.169887721556097
18.38, 0.169880000418168
18.39, 0.169872287243514
18.40, 0.169864583384108
18.41, 0.169856899954424
18.42, 0.169849214784809
18.43, 0.169841548889161
18.44, 0.169833881565543
18.45, 0.169826234656205
18.46, 0.169818596377256
18.47, 0.169810966469061
18.48, 0.169803346678881
18.49, 0.169795736313595
18.50, 0.169788134056491
18.51, 0.169780540631052
18.52, 0.169772957246677
18.53, 0.169765392912889
18.54, 0.169757824784196
18.55, 0.169750279191789
18.56, 0.169742729493928
18.57, 0.169735200928714
18.58, 0.169727680342113
18.59, 0.169720170121733
18.60, 0.169712666698621
18.61, 0.169705173644465
18.62, 0.169697688081961
18.63, 0.169690211859915
18.64, 0.169682753736815
18.65, 0.169675295613732
18.66, 0.169667855657274
18.67, 0.169660414584583
18.68, 0.169652991782259
18.69, 0.16964556886283
18.70, 0.169638164244537
18.71, 0.169630767722064
18.72, 0.169623379797958
18.73, 0.169616000205209
18.74, 0.169608630199448
18.75, 0.169601278671253
18.76, 0.169593925366453
18.77, 0.169586580131197
18.78, 0.169579243225105
18.79, 0.169571926497396
18.80, 0.169564607097259
18.81, 0.169557306520492
18.82, 0.169550013872304
18.83, 0.169542730677911
18.84, 0.169535454947187
18.85, 0.169528188461797
18.86, 0.169520930028195
18.87, 0.169513679201808
18.88, 0.169506436777555
18.89, 0.169499204414865
18.90, 0.169491989579303
18.91, 0.169484772792678
18.92, 0.169477574543596
18.93, 0.169470373685493
18.94, 0.169463191166316
18.95, 0.169456018349201
18.96, 0.169448840982945
18.97, 0.169441684145488
18.98, 0.169434536825212
18.99, 0.169427395228075
19.00, 0.169420272123465
19.01, 0.169413147712331
19.02, 0.169406030030589
19.03, 0.169398922114065
19.04, 0.169391831446016
19.05, 0.169384739354826
19.06, 0.16937766612588
19.07, 0.169370599425584
19.08, 0.169363532019192
19.09, 0.169356482411122
19.10, 0.169349439821023
19.11, 0.169342405398566
19.12, 0.169335379375652
19.13, 0.169328360584395
19.14, 0.169321351055102
19.15, 0.169314347541284
19.16, 0.169307363598771
19.17, 0.16930037704656
19.18, 0.169293408277821
19.19, 0.169286437194202
19.20, 0.169279473372302
19.21, 0.169272527665278
19.22, 0.16926559078562
19.23, 0.169258660216022
19.24, 0.169251738389094
19.25, 0.169244824477753
19.26, 0.169237918193052
19.27, 0.169231019031905
19.28, 0.169224127419751
19.29, 0.169217243331421
19.30, 0.169210368830492
19.31, 0.169203510037569
19.32, 0.169196650031579
19.33, 0.169189807885073
19.34, 0.169182961057628
19.35, 0.169176133229079
19.36, 0.169169313210246
19.37, 0.169162490367139
19.38, 0.169155684947832
19.39, 0.169148886542604
19.40, 0.169142097161029
19.41, 0.169135314227602
19.42, 0.169128549960105
19.43, 0.169121781112849
19.44, 0.16911502107207
19.45, 0.169108268589906
19.46, 0.169101533106985
19.47, 0.169094795329901
19.48, 0.169088072945361
19.49, 0.169081351105617
19.50, 0.169074644663133
19.51, 0.169067945297455
19.52, 0.169061243783962
19.53, 0.169054560347418
19.54, 0.169047882821859
19.55, 0.169041212245411
19.56, 0.169034550683646
19.57, 0.169027906329238
19.58, 0.169021257078615
19.59, 0.169014616564447
19.60, 0.169007983744416
19.61, 0.169001367240435
19.62, 0.168994748071717
19.63, 0.168988144418093
19.64, 0.168981541129842
19.65, 0.168974951363216
19.66, 0.168968371750288
19.67, 0.168961788197774
19.68, 0.168955220889621
19.69, 0.168948660742475
19.70, 0.168942107983367
19.71, 0.168935563470257
19.72, 0.168929024523571
19.73, 0.168922501850353
19.74, 0.168915978086561
19.75, 0.168909459750878
19.76, 0.168902949756084
19.77, 0.16889645481048
19.78, 0.168889959019116
19.79, 0.168883477896723
19.80, 0.168876995448425
19.81, 0.168870529383379
19.82, 0.168864069373048
19.83, 0.16885761719766
19.84, 0.168851170001754
19.85, 0.168844731431151
19.86, 0.168838289528933
19.87, 0.168831874480969
19.88, 0.168825454424507
19.89, 0.168819042876274
19.90, 0.168812637725769
19.91, 0.168806239854564
19.92, 0.168799856484979
19.93, 0.168793471776678
19.94, 0.168787103442996
19.95, 0.168780732347006
19.96, 0.168774375198636
19.97, 0.168768017301786
19.98, 0.1687616755475
19.99, 0.168755340432349
20.00, 0.168749010253053
20.01, 0.168742678535682
20.02, 0.168736363438771
20.03, 0.168730054021588
20.04, 0.168723750249858
20.05, 0.168717454290339
20.06, 0.168711175445932
20.07, 0.168704890776046
20.08, 0.168698614618966
20.09, 0.168692355130009
20.10, 0.168686089961572
20.11, 0.168679842992868
20.12, 0.168673592671354
20.13, 0.168667356966134
20.14, 0.168661119611512
20.15, 0.16865489617784
20.16, 0.168648681768462
20.17, 0.16864247182368
20.18, 0.168636267596843
20.19, 0.168630072369191
20.20, 0.168623881122595
20.21, 0.168617696196539
20.22, 0.168611519845875
20.23, 0.168605347958515
20.24, 0.168599182407236
20.25, 0.168593022410589
20.26, 0.168586879328146
20.27, 0.168580732435557
20.28, 0.168574601561441
20.29, 0.168568467506719
20.30, 0.168562349266862
20.31, 0.16855622725315
20.32, 0.168550121072938
20.33, 0.168544020089669
20.34, 0.168537926797714
20.35, 0.168531829672764
20.36, 0.16852574850894
20.37, 0.168519671433933
20.38, 0.168513601101893
20.39, 0.168507538678595
20.40, 0.16850148026418
20.41, 0.168495440091845
20.42, 0.16848939356006
20.43, 0.168483353559852
20.44, 0.168477319756479
20.45, 0.168471302080546
20.46, 0.168465280121335
20.47, 0.168459274353564
20.48, 0.168453262571684
20.49, 0.168447268893273
20.50, 0.16844128106943
20.51, 0.168435287444088
20.52, 0.168429311683263
20.53, 0.168423340316237
20.54, 0.168417374307597
20.55, 0.16841141669701
20.56, 0.168405462249775
20.57, 0.168399514791658
20.58, 0.168393572380754
20.59, 0.168387636928372
20.60, 0.168381705011815
20.61, 0.168375780655033
20.62, 0.168369872222653
20.63, 0.168363957837442
20.64, 0.168358051064324
20.65, 0.168352158752603
20.66, 0.168346271456558
20.67, 0.168340380883027
20.68, 0.168334497317078
20.69, 0.168328626109578
20.70, 0.168322762477631
20.71, 0.168316894759402
20.72, 0.168311052571518
20.73, 0.168305194382926
20.74, 0.168299352044713
20.75, 0.168293517080884
20.76, 0.168287686057483
20.77, 0.168281860696051
20.78, 0.1682760511592
20.79, 0.168270226917781
20.80, 0.168264427121268
20.81, 0.1682586244836
20.82, 0.168252825684303
20.83, 0.16824704417001
20.84, 0.16824125656097
20.85, 0.168235485040578
20.86, 0.168229708721476
20.87, 0.168223947766835
20.88, 0.16821818307159
20.89, 0.168212432116366
20.90, 0.16820667790212
20.91, 0.168200937525474
20.92, 0.168195202994437
20.93, 0.168189473990407
20.94, 0.168183750041715
20.95, 0.168178031894589
20.96, 0.168172319512636
20.97, 0.168166610775571
20.98, 0.168160908986881
20.99, 0.168155210937
21.00, 0.168149518392652
21.01, 0.168143831284933
21.02, 0.168138159504685
21.03, 0.168132483741267
21.04, 0.168126810944387
21.05, 0.168121155528945
21.06, 0.168115493719931
21.07, 0.168109847300487
21.08, 0.168104196153141
21.09, 0.168098560534576
21.10, 0.168092928439663
21.11, 0.168087293216372
21.12, 0.168081672266387
21.13, 0.168076055974832
21.14, 0.168070445067397
21.15, 0.168064839014056
21.16, 0.16805923907458
21.17, 0.168053642172942
21.18, 0.168048052379177
21.19, 0.168042466234242
21.20, 0.168036885131463
21.21, 0.16803130921995
21.22, 0.168025738536579
21.23, 0.168020181532219
21.24, 0.16801462135933
21.25, 0.168009064579478
21.26, 0.168003522749162
21.27, 0.167997976397927
21.28, 0.167992443524442
21.29, 0.16798690732028
21.30, 0.167981384639577
21.31, 0.167975857031407
21.32, 0.167970344246491
21.33, 0.167964837092537
21.34, 0.167959334473715
21.35, 0.167953825451316
21.36, 0.167948331566775
21.37, 0.167942842778722
21.38, 0.16793735869124
21.39, 0.167931880068291
21.40, 0.167926404564816
21.41, 0.167920935599668
21.42, 0.167915470046376
21.43, 0.167910007836983
21.44, 0.167904562511951
21.45, 0.167899111677457
21.46, 0.16789366471263
21.47, 0.167888221919188
21.48, 0.167882794546451
21.49, 0.167877362037039
21.50, 0.167871942912483
21.51, 0.167866520000351
21.52, 0.167861110449099
21.53, 0.16785569621355
21.54, 0.167850294494605
21.55, 0.167844899829255
21.56, 0.167839497902956
21.57, 0.167834112780022
21.58, 0.167828728983949
21.59, 0.167823352057839
21.60, 0.167817979475773
21.61, 0.167812610072663
21.62, 0.167807245729685
21.63, 0.167801886155096
21.64, 0.167796529217451
21.65, 0.167791178972969
21.66, 0.167785831665095
21.67, 0.167780489368826
21.68, 0.167775151629552
21.69, 0.167769826907605
21.70, 0.167764496853981
21.71, 0.167759173407214
21.72, 0.167753861280672
21.73, 0.167748545540637
21.74, 0.167743232135867
21.75, 0.167737936039982
21.76, 0.1677326425416
21.77, 0.167727341642473
21.78, 0.167722057449172
21.79, 0.167716775755195
21.80, 0.167711489173233
21.81, 0.167706216943898
21.82, 0.167700949321566
21.83, 0.16769568486104
21.84, 0.167690424286484
21.85, 0.167685168916247
21.86, 0.167679906629691
21.87, 0.167674659933592
21.88, 0.167669426167635
21.89, 0.167664186955959
21.90, 0.167658940679988
21.91, 0.167653720686932
21.92, 0.167648493138847
21.93, 0.167643270513654
21.94, 0.167638062191047
21.95, 0.167632846263824
21.96, 0.167627635207923
21.97, 0.167622438741408
21.98, 0.167617236471837
21.99, 0.167612036880947
22.00, 0.167606851655084
22.01, 0.167601660987911
22.02, 0.167596484559655
22.03, 0.16759131106807
22.04, 0.167586131896333
22.05, 0.167580967146896
22.06, 0.167575806433216
22.07, 0.167570648627734
22.08, 0.167565485074963
22.09, 0.167560335809173
22.10, 0.16755519067722
22.11, 0.16755004883594
22.12, 0.167544910634008
22.13, 0.167539776883195
22.14, 0.167534645563953
22.15, 0.167529521008301
22.16, 0.167524398083783
22.17, 0.167519277983681
22.18, 0.167514173763695
22.19, 0.167509062227223
22.20, 0.16750395525504
22.21, 0.167498859957839
22.22, 0.167493761007134
22.23, 0.167488664715022
22.24, 0.167483580766961
22.25, 0.167478492747352
22.26, 0.167473417255999
22.27, 0.16746833559415
22.28, 0.16746326798864
22.29, 0.167458193432
22.30, 0.167453132523206
22.31, 0.167448076107329
22.32, 0.167443013569094
22.33, 0.167437962978174
22.34, 0.167432917168167
22.35, 0.167427873332669
22.36, 0.167422835542205
22.37, 0.167417790196234
22.38, 0.167412758723344
22.39, 0.167407729634753
22.40, 0.167402704160531
22.41, 0.167397683120027
22.42, 0.167392665968892
22.43, 0.167387651148603
22.44, 0.167382650528632
22.45, 0.167377643709047
22.46, 0.167372639336342
22.47, 0.167367640483947
22.48, 0.167362652035997
22.49, 0.167357659486659
22.50, 0.16735266895745
22.51, 0.167347692539178
22.52, 0.167342709679364
22.53, 0.167337739528903
22.54, 0.167332763052262
22.55, 0.167327800403968
22.56, 0.167322830046577
22.57, 0.167317873487344
22.58, 0.167312910829098
22.59, 0.167307960226146
22.60, 0.167303015436066
22.61, 0.167298060977209
22.62, 0.167293121976261
22.63, 0.167288185246922
22.64, 0.16728325223068
22.65, 0.167278322989928
22.66, 0.167273395583763
22.67, 0.167268472154636
22.68, 0.167263542573104
22.69, 0.16725862507165
22.70, 0.167253711228492
22.71, 0.167248809535526
22.72, 0.16724390314345
22.73, 0.167238998968422
22.74, 0.167234098183126
22.75, 0.16722919964415
22.76, 0.167224304784332
22.77, 0.167219423645058
22.78, 0.167214534807234
22.79, 0.167209659132238
22.80, 0.167204777338035
22.81, 0.167199897367198
22.82, 0.16719502089815
22.83, 0.167190158361258
22.84, 0.167185299375431
22.85, 0.167180432239151
22.86, 0.167175577159198
22.87, 0.167170717100055
22.88, 0.167165869025477
22.89, 0.167161024675521
22.90, 0.167156172239927
22.91, 0.167151333289096
22.92, 0.167146497868131
22.93, 0.16714165415566
22.94, 0.167152944801436
22.95, 0.167148764687449
22.96, 0.167144587434272
22.97, 0.167140414884661
22.98, 0.167136246396515
22.99, 0.167132080316458
23.00, 0.167127918857064
23.01, 0.167123761634591
23.02, 0.167119607045486
23.03, 0.167115456933384
23.04, 0.167111311468428
23.05, 0.167107178402126
23.06, 0.16710303940087
23.07, 0.167098903369735
23.08, 0.167094773129603
23.09, 0.167090654362686
23.10, 0.167086531169215
23.11, 0.167082410787152
23.12, 0.16707830437539
23.13, 0.167074190940635
23.14, 0.167070091959598
23.15, 0.167065986851925
23.16, 0.16706189467833
23.17, 0.16705779661097
23.18, 0.167053712901355
23.19, 0.1670496320185
23.20, 0.167045545251428
23.21, 0.167041471034707
23.22, 0.167037390904956
23.23, 0.167033325568525
23.24, 0.167029262474962
23.25, 0.167025203698054
23.26, 0.16702114910458
23.27, 0.167017089082044
23.28, 0.167013039632771
23.29, 0.167008996216049
23.30, 0.167004955709517
23.31, 0.167000918913587
23.32, 0.166996884990532
23.33, 0.166992855054036
23.34, 0.16698882971273
23.35, 0.166984806709208
23.36, 0.166980787842202
23.37, 0.166976773432262
23.38, 0.166972771498806
23.39, 0.166968763585977
23.40, 0.166964758667269
23.41, 0.166960757489801
23.42, 0.166956760562677
23.43, 0.166952776573761
23.44, 0.166948796481959
23.45, 0.1669448104839
23.46, 0.166940827238881
23.47, 0.166936846102297
23.48, 0.166932881128299
23.49, 0.166928908886228
23.50, 0.166924950604554
23.51, 0.166920994501776
23.52, 0.166917031482532
23.53, 0.166913083976505
23.54, 0.166909129117594
23.55, 0.166905188108552
23.56, 0.166901249819131
23.57, 0.166897315902776
23.58, 0.16689337386919
23.59, 0.166889446730133
23.60, 0.166885523006093
23.61, 0.166881591904374
23.62, 0.166877685283636
23.63, 0.166873760951703
23.64, 0.16686985225841
23.65, 0.166865944570786
23.66, 0.166862042728522
23.67, 0.166858141587943
23.68, 0.166854255867864
23.69, 0.166850363002386
23.70, 0.166846474122891
23.71, 0.166842587735835
23.72, 0.166838705288137
23.73, 0.16683482572545
23.74, 0.1668309495823
23.75, 0.166827078029516
23.76, 0.16682321865101
23.77, 0.166819353329729
23.78, 0.166815490516336
23.79, 0.166811631626467
23.80, 0.166807787203601
23.81, 0.166803934648885
23.82, 0.166800096514185
23.83, 0.166796250880078
23.84, 0.166792409067756
23.85, 0.166788581125701
23.86, 0.166784756121044
23.87, 0.166780923125437
23.88, 0.16677710593901
23.89, 0.166773280999897
23.90, 0.166769468534069
23.91, 0.166765649929848
23.92, 0.166761845704505
23.93, 0.166758043833694
23.94, 0.166754245502623
23.95, 0.166750440181416
23.96, 0.166746648352877
23.97, 0.166742860869088
23.98, 0.166739075230212
23.99, 0.166735292392427
24.00, 0.166731513366411
24.01, 0.166727738456767
24.02, 0.166723957746239
24.03, 0.166720188911639
24.04, 0.166716432962347
24.05, 0.166712670341234
24.06, 0.166708912181023
24.07, 0.166705156031664
24.08, 0.166701404145959
24.09, 0.166697656250536
24.10, 0.166693908689445
24.11, 0.166690167181278
24.12, 0.166686427345719
24.13, 0.166682702042955
24.14, 0.16667896891172
24.15, 0.166675238090526
24.16, 0.166671522940641
24.17, 0.166667799897718
24.18, 0.166664078972845
24.19, 0.166660362258882
24.20, 0.166656659356149
24.21, 0.166652948864034
24.22, 0.166649252395654
24.23, 0.166645547823859
24.24, 0.166641857534902
24.25, 0.166638159533704
24.26, 0.166634475210631
24.27, 0.166630784952332
24.28, 0.166627106937466
24.29, 0.16662343088938
24.30, 0.166619748942922
24.31, 0.166616081264218
24.32, 0.166612415201929
24.33, 0.166608743454099
24.34, 0.166605085548659
24.35, 0.166601427969708
24.36, 0.166597776194149
24.37, 0.166594116903917
24.38, 0.16659047116976
24.39, 0.166586827286035
24.40, 0.166583186248329
24.41, 0.166579548797781
24.42, 0.16657591521952
24.43, 0.166572283877866
24.44, 0.16656865659958
24.45, 0.166565032864634
24.46, 0.166561411355954
24.47, 0.166557792226392
24.48, 0.166554177015091
24.49, 0.166550565249637
24.50, 0.166546956054609
24.51, 0.166543348999213
24.52, 0.166539747554793
24.53, 0.166536156335645
24.54, 0.166532560650566
24.55, 0.166528965717528
24.56, 0.1665253860272
24.57, 0.166521798872173
24.58, 0.166518213487101
24.59, 0.166514641829995
24.60, 0.166511062713108
24.61, 0.166507487133269
24.62, 0.16650392542493
24.63, 0.166500356026441
24.64, 0.166496788632332
24.65, 0.166493236995017
24.66, 0.166489685524916
24.67, 0.166486127664425
24.68, 0.166482583838353
24.69, 0.166479032270627
24.70, 0.166475494508858
24.71, 0.166471958797882
24.72, 0.166468416865057
24.73, 0.166464886761365
24.74, 0.166461350846045
24.75, 0.16645782846058
24.76, 0.166454308359443
24.77, 0.166450790285646
24.78, 0.166447275950438
24.79, 0.166443753670911
24.80, 0.166440245316914
24.81, 0.166436740643457
24.82, 0.166433238120831
24.83, 0.166429739414015
24.84, 0.166426242659973
24.85, 0.166422737915103
24.86, 0.166419246999701
24.87, 0.166415759786823
24.88, 0.166412274587049
24.89, 0.166408803561886
24.90, 0.166405324154104
24.91, 0.166401848751557
24.92, 0.166398375223976
24.93, 0.16639490568841
24.94, 0.166391437653388
24.95, 0.166387973811647
24.96, 0.166384511800586
24.97, 0.166381053657023
24.98, 0.166377607573947
24.99, 0.16637415508136
