Mach, CD_Power_Off
0.01, 0.310575247347611
0.02, 0.354389691481516
0.03, 0.363490306519003
0.04, 0.365396823173957
0.05, 0.365061789100823
0.06, 0.363909191308546
0.07, 0.362455108049903
0.08, 0.360912469697211
0.09, 0.35937539833463
0.10, 0.357886401058663
0.11, 0.356463876822206
0.12, 0.355114480737644
0.13, 0.353839073736247
0.14, 0.352635617997372
0.15, 0.351500728990149
0.16, 0.350430511492506
0.17, 0.349420925631448
0.18, 0.348468029800668
0.19, 0.347568161202275
0.20, 0.346717852362027
0.21, 0.345913973343662
0.22, 0.345153638387268
0.23, 0.344434210598105
0.24, 0.343753350923839
0.25, 0.343108897946472
0.26, 0.342600342583341
0.27, 0.34212451644294
0.28, 0.341679798395755
0.29, 0.341264798110412
0.30, 0.340878222492577
0.31, 0.340518860942587
0.32, 0.34018571643996
0.33, 0.339877839206652
0.34, 0.339594377657532
0.35, 0.339334595754377
0.36, 0.339097823250526
0.37, 0.338883479024589
0.38, 0.338691064312136
0.39, 0.338520087489752
0.40, 0.338370216261301
0.41, 0.338241110363457
0.42, 0.338132511100057
0.43, 0.338044238547878
0.44, 0.337976164539634
0.45, 0.337928145779554
0.46, 0.337900205131967
0.47, 0.337892336756859
0.48, 0.337904645137437
0.49, 0.337937258434721
0.50, 0.337990375546987
0.51, 0.338064235277493
0.52, 0.33815915402906
0.53, 0.338275506421061
0.54, 0.338426715269542
0.55, 0.338880400683091
0.56, 0.339350614358108
0.57, 0.339838266040234
0.58, 0.340344355476469
0.59, 0.340869961519137
0.60, 0.341416235710016
0.61, 0.342168016873786
0.62, 0.342936543926286
0.63, 0.343729947488046
0.64, 0.344549887314055
0.65, 0.345398203160605
0.66, 0.346276963889235
0.67, 0.347188361050885
0.68, 0.348134923509649
0.69, 0.349119431026926
0.70, 0.350144973365368
0.71, 0.350193719392836
0.72, 0.350179770666542
0.73, 0.350165886056818
0.74, 0.350152075331249
0.75, 0.350138318258638
0.76, 0.350124634608991
0.77, 0.350111023257472
0.78, 0.350097465768547
0.79, 0.35008396101975
0.80, 0.350070518785827
0.81, 0.352549698842684
0.82, 0.355028960071349
0.83, 0.357508254042114
0.84, 0.359987629638295
0.85, 0.362467046640382
0.86, 0.364946524829993
0.87, 0.367426083989859
0.88, 0.36990570300779
0.89, 0.37238537346081
0.90, 0.374865104238928
0.91, 0.377414186947753
0.92, 0.385061435074227
0.93, 0.395100500805176
0.94, 0.403707760077364
0.95, 0.412315019349552
0.96, 0.420922278621739
0.97, 0.429529537893927
0.98, 0.438136797166115
0.99, 0.446744056438303
1.00, 0.455351315710491
1.01, 0.463958574982679
1.02, 0.472565834254866
1.03, 0.481173093527054
1.04, 0.489780352799242
1.05, 0.49838761207143
1.06, 0.49721767789659
1.07, 0.496059658206503
1.08, 0.494913510382337
1.09, 0.493779164017149
1.10, 0.492656587880676
1.11, 0.491545723888296
1.12, 0.490446496073899
1.13, 0.489358857566383
1.14, 0.488282755569527
1.15, 0.487218107345001
1.16, 0.485611526920116
1.17, 0.483998310808804
1.18, 0.482398762953074
1.19, 0.480666459394938
1.20, 0.478566615035338
1.21, 0.476484927871945
1.22, 0.474429165194096
1.23, 0.472413678001604
1.24, 0.470428878186022
1.25, 0.468471896290783
1.26, 0.466541320794724
1.27, 0.464636227902052
1.28, 0.462755947487552
1.29, 0.460899961520002
1.30, 0.459067871077401
1.31, 0.45725930812761
1.32, 0.455473972927382
1.33, 0.453711662219424
1.34, 0.451972066361888
1.35, 0.450255024361074
1.36, 0.448560336052862
1.37, 0.446887818342927
1.38, 0.445237307979354
1.39, 0.443608656114766
1.40, 0.4420017040324
1.41, 0.440416327910802
1.42, 0.43885241533119
1.43, 0.437309807211165
1.44, 0.435788413374233
1.45, 0.434288097230184
1.46, 0.432808759552337
1.47, 0.43135030131067
1.48, 0.42991262108366
1.49, 0.428495611254387
1.50, 0.42709918775064
1.51, 0.425723238818368
1.52, 0.424367714319119
1.53, 0.4230324923151
1.54, 0.421717499154206
1.55, 0.420422663836103
1.56, 0.419147913144891
1.57, 0.41789313952222
1.58, 0.416658292735257
1.59, 0.415443303025893
1.60, 0.414248072028049
1.61, 0.413072575444013
1.62, 0.411916719478887
1.63, 0.410780432768357
1.64, 0.409663665823185
1.65, 0.408566351477798
1.66, 0.40748843483048
1.67, 0.406429860698773
1.68, 0.405390557325706
1.69, 0.404370475336494
1.70, 0.403369573937452
1.71, 0.402387788644915
1.72, 0.401425071231868
1.73, 0.400481367948146
1.74, 0.399556637990083
1.75, 0.398650828707344
1.76, 0.397763909330954
1.77, 0.396895833438314
1.78, 0.396046522923151
1.79, 0.395215972966297
1.80, 0.394404147503238
1.81, 0.393676654956386
1.82, 0.392947062447948
1.83, 0.391800676034369
1.84, 0.390599577353321
1.85, 0.38940543615792
1.86, 0.388218141032927
1.87, 0.387037592198036
1.88, 0.385863672989615
1.89, 0.384696287335639
1.90, 0.383535344600219
1.91, 0.382380745345942
1.92, 0.381232391391637
1.93, 0.380090199715271
1.94, 0.378954077198487
1.95, 0.377823923867453
1.96, 0.376699669625041
1.97, 0.375581228116044
1.98, 0.374468516836554
1.99, 0.373361440883387
2.00, 0.372259960967711
2.01, 0.371253512402366
2.02, 0.370249113525259
2.03, 0.369251610104291
2.04, 0.368260926274912
2.05, 0.367276946667347
2.06, 0.366299598800573
2.07, 0.365328791262294
2.08, 0.364364447640967
2.09, 0.36340645875077
2.10, 0.3624547633138
2.11, 0.361509276753384
2.12, 0.360569907925681
2.13, 0.359636609178005
2.14, 0.358709282741783
2.15, 0.35778785104855
2.16, 0.356872270840608
2.17, 0.355962439899742
2.18, 0.355058305701276
2.19, 0.354159806898998
2.20, 0.353266857670511
2.21, 0.35237941740124
2.22, 0.351497391033954
2.23, 0.350620752223862
2.24, 0.349749417601723
2.25, 0.348883326178947
2.26, 0.348022421545532
2.27, 0.347166645363332
2.28, 0.346315946357523
2.29, 0.345470266244888
2.30, 0.344629547018847
2.31, 0.343793720324814
2.32, 0.34296275954177
2.33, 0.342136590017898
2.34, 0.341315175499627
2.35, 0.340498443505268
2.36, 0.339686358896469
2.37, 0.338878867276871
2.38, 0.338075920186503
2.39, 0.337277472408614
2.40, 0.336483461031353
2.41, 0.335693858677182
2.42, 0.334908602267965
2.43, 0.334127655762107
2.44, 0.333350966098008
2.45, 0.332578495608047
2.46, 0.331810184862004
2.47, 0.331046003446742
2.48, 0.330285893739318
2.49, 0.329529824323161
2.50, 0.328777749556868
2.51, 0.328029629478566
2.52, 0.32728541276219
2.53, 0.326545063953078
2.54, 0.325808526050812
2.55, 0.325075782524155
2.56, 0.324346781509512
2.57, 0.323621482339411
2.58, 0.322899838654766
2.59, 0.322181817423473
2.60, 0.321467370002921
2.61, 0.320756470492182
2.62, 0.320049066961082
2.63, 0.319345124981426
2.64, 0.318644611079004
2.65, 0.317947472477655
2.66, 0.317253691584883
2.67, 0.316563215519656
2.68, 0.315876006759754
2.69, 0.315192036161332
2.70, 0.314511255587735
2.71, 0.313833637973582
2.72, 0.313159136227144
2.73, 0.312487722166234
2.74, 0.311819349143459
2.75, 0.311153989590743
2.76, 0.310491603024343
2.77, 0.309832155588243
2.78, 0.309175612990989
2.79, 0.308521926141409
2.80, 0.307871066603942
2.81, 0.307223009980951
2.82, 0.306577692670232
2.83, 0.305935106734636
2.84, 0.305295208745695
2.85, 0.304657959216407
2.86, 0.304023326500824
2.87, 0.303391265994698
2.88, 0.302761754798554
2.89, 0.302134750619696
2.90, 0.301510225207776
2.91, 0.300888130370687
2.92, 0.300268443271404
2.93, 0.299651126038314
2.94, 0.299036146541793
2.95, 0.298423451691383
2.96, 0.297813034682663
2.97, 0.297204846646936
2.98, 0.296598850852373
2.99, 0.295995014414611
3.00, 0.295393310750957
3.01, 0.294868581053042
3.02, 0.294379792011759
3.03, 0.293892603076557
3.04, 0.29340701987988
3.05, 0.292923055519346
3.06, 0.29244070042347
3.07, 0.291959949192855
3.08, 0.291480786390302
3.09, 0.291003231110619
3.10, 0.290527268363716
3.11, 0.290052901401968
3.12, 0.28958013556559
3.13, 0.289108939268475
3.14, 0.288639342544725
3.15, 0.288171328540373
3.16, 0.287704881821364
3.17, 0.287240006984081
3.18, 0.286776721937689
3.19, 0.28631500096487
3.20, 0.285854848187466
3.21, 0.285396261638675
3.22, 0.284939226271294
3.23, 0.284483754673308
3.24, 0.284029846056883
3.25, 0.283577473849154
3.26, 0.283126646936298
3.27, 0.282677377494445
3.28, 0.282229640906941
3.29, 0.281783443769707
3.30, 0.281338779829301
3.31, 0.28089564362293
3.32, 0.280454036397166
3.33, 0.280013937947428
3.34, 0.27957537528854
3.35, 0.279138316957288
3.36, 0.278702771082524
3.37, 0.27826873498164
3.38, 0.27783619683483
3.39, 0.277405159531656
3.40, 0.276975621337536
3.41, 0.276547569363954
3.42, 0.276120996598078
3.43, 0.275695921236914
3.44, 0.275272314330286
3.45, 0.274850169668665
3.46, 0.274429509295842
3.47, 0.274010306028132
3.48, 0.273592561699152
3.49, 0.273176279466945
3.50, 0.27276145073805
3.51, 0.272348053625795
3.52, 0.271936114291083
3.53, 0.271525606226931
3.54, 0.271116520974983
3.55, 0.270708875099025
3.56, 0.270302656135516
3.57, 0.269897841715091
3.58, 0.269494447619462
3.59, 0.269092461296503
3.60, 0.268691880192585
3.61, 0.26829269503984
3.62, 0.267894903164626
3.63, 0.267498501871283
3.64, 0.267103482070827
3.65, 0.266709840769826
3.66, 0.266317569576642
3.67, 0.265926664947156
3.68, 0.265537133772597
3.69, 0.265148947633984
3.70, 0.264762117772119
3.71, 0.264376640491813
3.72, 0.263992497351503
3.73, 0.263609689970311
3.74, 0.263228219145524
3.75, 0.26284806699239
3.76, 0.262469229270339
3.77, 0.262091717250111
3.78, 0.26171551261102
3.79, 0.261340600500158
3.80, 0.26096699806266
3.81, 0.260594685565628
3.82, 0.260223645551121
3.83, 0.259853902203961
3.84, 0.259485428097688
3.85, 0.259118218253564
3.86, 0.25875227417656
3.87, 0.258387586419506
3.88, 0.258024151387708
3.89, 0.257661954504858
3.90, 0.257301011576731
3.91, 0.256941293818032
3.92, 0.256582801662703
3.93, 0.256225541344372
3.94, 0.255869488391623
3.95, 0.255514643283397
3.96, 0.255161006673251
3.97, 0.254808569834893
3.98, 0.254457322620472
3.99, 0.254107256348188
4.00, 0.253758371259569
4.01, 0.253412063785166
4.02, 0.253066924546553
4.03, 0.252722937945434
4.04, 0.252380110097451
4.05, 0.252038411964232
4.06, 0.251697858386919
4.07, 0.251358440282979
4.08, 0.251020142511335
4.09, 0.250682966388972
4.10, 0.250346901608588
4.11, 0.250011933718143
4.12, 0.249678083418923
4.13, 0.249345320245603
4.14, 0.249013636007937
4.15, 0.248683049351606
4.16, 0.248353522233633
4.17, 0.248025067971185
4.18, 0.24769768358357
4.19, 0.24737134368483
4.20, 0.24704605335004
4.21, 0.246721807736405
4.22, 0.246398599671575
4.23, 0.246076421765961
4.24, 0.245755269325048
4.25, 0.245435125379239
4.26, 0.245115994091254
4.27, 0.244797866249935
4.28, 0.244480739108093
4.29, 0.244164605679112
4.30, 0.243849448261235
4.31, 0.243535269100489
4.32, 0.243222066467042
4.33, 0.242909819731268
4.34, 0.242598534712517
4.35, 0.242288195487808
4.36, 0.241978801966042
4.37, 0.241670352822579
4.38, 0.241362826786058
4.39, 0.24105622966715
4.40, 0.240750545425215
4.41, 0.24044576784113
4.42, 0.240141908326083
4.43, 0.239838931625228
4.44, 0.23953685086483
4.45, 0.239235648347946
4.46, 0.238935330790665
4.47, 0.238635878866894
4.48, 0.238337287159272
4.49, 0.238039560047161
4.50, 0.23774267747565
4.51, 0.23744663489218
4.52, 0.237151436453157
4.53, 0.236857062558185
4.54, 0.236563512273356
4.55, 0.236270773663331
4.56, 0.235978841056649
4.57, 0.235687719056918
4.58, 0.235397380519978
4.59, 0.235107839555373
4.60, 0.234819078998127
4.61, 0.234531090734021
4.62, 0.234243879425821
4.63, 0.233957417216665
4.64, 0.233671709514298
4.65, 0.233386747782934
4.66, 0.233102534543936
4.67, 0.232819046635733
4.68, 0.232536282193856
4.69, 0.232254249999501
4.70, 0.231972919935364
4.71, 0.231692294289878
4.72, 0.231412369969361
4.73, 0.231133136838186
4.74, 0.230854590018882
4.75, 0.23057672113255
4.76, 0.230299514414562
4.77, 0.230022982993144
4.78, 0.229747100891193
4.79, 0.229471870452565
4.80, 0.229197283716194
4.81, 0.228923335228228
4.82, 0.228650007218171
4.83, 0.22837730663501
4.84, 0.228105220875353
4.85, 0.227833746879553
4.86, 0.22756286675984
4.87, 0.227292582724444
4.88, 0.227022891601716
4.89, 0.22675377055604
4.90, 0.22648522703457
4.91, 0.226217255428769
4.92, 0.225949832497693
4.93, 0.22568296807453
4.94, 0.225416642234392
4.95, 0.22515086097294
4.96, 0.224885612248974
4.97, 0.224620882462672
4.98, 0.224356674584629
4.99, 0.224092969888783
5.00, 0.223829775564347
5.01, 0.223602273224635
5.02, 0.223349534861196
5.03, 0.223097470204706
5.04, 0.222846040804701
5.05, 0.222595254255715
5.06, 0.222345108192355
5.07, 0.222095579765305
5.08, 0.221846661037156
5.09, 0.221598355731939
5.10, 0.221350644311474
5.11, 0.221103520119179
5.12, 0.220856994116913
5.13, 0.220611027077646
5.14, 0.220365624237839
5.15, 0.220120781772986
5.16, 0.219876485954576
5.17, 0.219632739172707
5.18, 0.219389520147323
5.19, 0.219146812861353
5.20, 0.2189046370712
5.21, 0.218662967140804
5.22, 0.2184217856282
5.23, 0.21818110110617
5.24, 0.217940899650836
5.25, 0.21770117763943
5.26, 0.217461922465315
5.27, 0.217223115707219
5.28, 0.216984775533692
5.29, 0.21674686575294
5.30, 0.216509389380427
5.31, 0.216272347382361
5.32, 0.216035713838719
5.33, 0.215799496481643
5.34, 0.215563681721457
5.35, 0.215328260559711
5.36, 0.21509322386709
5.37, 0.214858562768499
5.38, 0.21462427316041
5.39, 0.214390343734264
5.40, 0.214156778190972
5.41, 0.213923547255514
5.42, 0.213690664512224
5.43, 0.213458101374329
5.44, 0.213225871440972
5.45, 0.212993945150442
5.46, 0.212762334271454
5.47, 0.212531012204169
5.48, 0.212299982613466
5.49, 0.212069234196113
5.50, 0.211838770409657
5.51, 0.211608565142253
5.52, 0.211378619433145
5.53, 0.211148926666517
5.54, 0.210919476229426
5.55, 0.210690261403095
5.56, 0.210461278109913
5.57, 0.210232512932905
5.58, 0.210003952125083
5.59, 0.209775604382884
5.60, 0.209547448386066
5.61, 0.209319480028419
5.62, 0.209091693692517
5.63, 0.208864082637168
5.64, 0.208636638328584
5.65, 0.208409342346686
5.66, 0.208182200186199
5.67, 0.207955209023784
5.68, 0.207728347089051
5.69, 0.207501603578161
5.70, 0.207274979503184
5.71, 0.207048481212275
5.72, 0.206822067723606
5.73, 0.206595760476282
5.74, 0.20636954765329
5.75, 0.206143403973461
5.76, 0.205917340340937
5.77, 0.205691340702014
5.78, 0.205465393956791
5.79, 0.205239499085535
5.80, 0.205013649793668
5.81, 0.204787829994202
5.82, 0.204562039071025
5.83, 0.204336270276565
5.84, 0.204110508020005
5.85, 0.203884761048746
5.86, 0.203658998206757
5.87, 0.203433226130502
5.88, 0.20320744878505
5.89, 0.202981640042748
5.90, 0.202755791371184
5.91, 0.202529896757146
5.92, 0.20230396527059
5.93, 0.202077973601039
5.94, 0.201851922590811
5.95, 0.201625794320535
5.96, 0.201399592786032
5.97, 0.201173299156393
5.98, 0.200946915230305
5.99, 0.200720425321604
6.00, 0.200493842637727
6.01, 0.200286462597386
6.02, 0.2001012969877
6.03, 0.199916498964002
6.04, 0.199732056592224
6.05, 0.19954797901339
6.06, 0.199364254410409
6.07, 0.199180879321963
6.08, 0.198997866671766
6.09, 0.198815213208056
6.10, 0.198632907147178
6.11, 0.198450957558825
6.12, 0.198269352575799
6.13, 0.198088091118935
6.14, 0.197907181854616
6.15, 0.197726623455575
6.16, 0.197546404856498
6.17, 0.197366524130586
6.18, 0.197186990325912
6.19, 0.197007791787169
6.20, 0.196828927925382
6.21, 0.196650416896738
6.22, 0.196472227517493
6.23, 0.19629437836021
6.24, 0.196116858453662
6.25, 0.195939666233532
6.26, 0.195762810490003
6.27, 0.195586280169442
6.28, 0.195410083824148
6.29, 0.195234210312321
6.30, 0.195058668298031
6.31, 0.194883436307867
6.32, 0.194708533704979
6.33, 0.194533957629003
6.34, 0.19435968946346
6.35, 0.194185746562597
6.36, 0.194012127866803
6.37, 0.193838811941737
6.38, 0.193665817975387
6.39, 0.193493144506758
6.40, 0.193320770631947
6.41, 0.193148714804125
6.42, 0.192976965992559
6.43, 0.192805532900789
6.44, 0.192634394740857
6.45, 0.192463579993825
6.46, 0.192293057879586
6.47, 0.192122836892941
6.48, 0.191952925700724
6.49, 0.191783313734442
6.50, 0.19161399825323
6.51, 0.191444990908237
6.52, 0.191276269071989
6.53, 0.191107861337572
6.54, 0.190939737355444
6.55, 0.190771905373952
6.56, 0.1906043746263
6.57, 0.190437123923981
6.58, 0.190270182183562
6.59, 0.190103518204052
6.60, 0.189937141036075
6.61, 0.189771059611257
6.62, 0.189605262966193
6.63, 0.189439739622559
6.64, 0.189274519167224
6.65, 0.189109569693966
6.66, 0.188944900916567
6.67, 0.18878052020372
6.68, 0.18861641926832
6.69, 0.188452595175492
6.70, 0.188289047650203
6.71, 0.18812577524158
6.72, 0.187962777050362
6.73, 0.18780006206613
6.74, 0.187637619070551
6.75, 0.187475437376401
6.76, 0.187313535887199
6.77, 0.187151903711062
6.78, 0.18699053945065
6.79, 0.186829452434504
6.80, 0.186668621684391
6.81, 0.186508056018439
6.82, 0.186347764676794
6.83, 0.186187726694662
6.84, 0.186027959649404
6.85, 0.185868455304589
6.86, 0.185709211252657
6.87, 0.185550216641971
6.88, 0.185391490435346
6.89, 0.185233021894251
6.90, 0.185074809781828
6.91, 0.184916853471958
6.92, 0.184759161938945
6.93, 0.184601704060481
6.94, 0.184444519221345
6.95, 0.184287576308475
6.96, 0.184130884313898
6.97, 0.183974452633118
6.98, 0.183818260165516
6.99, 0.183662315917235
7.00, 0.18351609326111
7.01, 0.183389768382941
7.02, 0.183263837126521
7.03, 0.183138305243546
7.04, 0.183013152719219
7.05, 0.182888397820833
7.06, 0.182764017368023
7.07, 0.182640022415553
7.08, 0.182516419028843
7.09, 0.182393187315583
7.10, 0.182270334203851
7.11, 0.182147868744777
7.12, 0.182025770203276
7.13, 0.181904045317288
7.14, 0.181782694316432
7.15, 0.181661714245136
7.16, 0.181541104273534
7.17, 0.181420863388142
7.18, 0.181300999798993
7.19, 0.181181480189094
7.20, 0.181062336142797
7.21, 0.180943553480762
7.22, 0.180825132366574
7.23, 0.180707060925942
7.24, 0.180589357118732
7.25, 0.180472000332809
7.26, 0.180355009492235
7.27, 0.180238361678969
7.28, 0.180122066106823
7.29, 0.180006120756006
7.30, 0.179890536004873
7.31, 0.179775278747378
7.32, 0.179660378411309
7.33, 0.179545822792784
7.34, 0.17943161236259
7.35, 0.179317733090814
7.36, 0.179204205097306
7.37, 0.179091007628407
7.38, 0.178978147798468
7.39, 0.17886562583889
7.40, 0.1787534389454
7.41, 0.178641587105158
7.42, 0.178530067620006
7.43, 0.178418869754731
7.44, 0.178308002503618
7.45, 0.178197475412684
7.46, 0.178087264115637
7.47, 0.177977381431978
7.48, 0.177867811846768
7.49, 0.177758577228937
7.50, 0.177649665438823
7.51, 0.177541064882729
7.52, 0.1774327845842
7.53, 0.177324822854858
7.54, 0.177217168825381
7.55, 0.177109840912655
7.56, 0.177002828154425
7.57, 0.176896108872784
7.58, 0.176789722379766
7.59, 0.176683637656739
7.60, 0.176577853367651
7.61, 0.176472388500316
7.62, 0.176367219968109
7.63, 0.176262359776426
7.64, 0.176157803422591
7.65, 0.176053551760998
7.66, 0.175949593763694
7.67, 0.175845936558699
7.68, 0.17574258087069
7.69, 0.175639525655471
7.70, 0.175536767119023
7.71, 0.175434296823529
7.72, 0.175332122904832
7.73, 0.175230242468799
7.74, 0.17512865712574
7.75, 0.175027353826356
7.76, 0.174926343251605
7.77, 0.174825622497387
7.78, 0.174725190793331
7.79, 0.174625037453647
7.80, 0.17452518211259
7.81, 0.174425601578624
7.82, 0.174326297702573
7.83, 0.174227286243098
7.84, 0.174128547899551
7.85, 0.174030092004723
7.86, 0.173931916595053
7.87, 0.173834010264597
7.88, 0.173736383211233
7.89, 0.173639033933425
7.90, 0.17354196052304
7.91, 0.173445152538908
7.92, 0.173348619234824
7.93, 0.173252359017941
7.94, 0.173156360895699
7.95, 0.17306064484037
7.96, 0.172965179964819
7.97, 0.172869993277645
7.98, 0.172775064301924
7.99, 0.172680403919802
8.00, 0.172586008695246
8.01, 0.17249186961493
8.02, 0.17239799470545
8.03, 0.172304383650904
8.04, 0.172211034483485
8.05, 0.172117936891352
8.06, 0.172025100068241
8.07, 0.171932512450331
8.08, 0.171840193143018
8.09, 0.171748122277411
8.10, 0.171656297467961
8.11, 0.171564728462776
8.12, 0.171473423653354
8.13, 0.171382353562238
8.14, 0.17129153639463
8.15, 0.171200970458013
8.16, 0.171110656662155
8.17, 0.171020581873628
8.18, 0.170930756332118
8.19, 0.170841170669893
8.20, 0.170751840789932
8.21, 0.170662747911776
8.22, 0.170573890542346
8.23, 0.170485279033835
8.24, 0.170396910457789
8.25, 0.170308784399928
8.26, 0.170220891785112
8.27, 0.170133239228728
8.28, 0.170045817940227
8.29, 0.169958635876943
8.30, 0.169871691379313
8.31, 0.169784976735441
8.32, 0.169698497222181
8.33, 0.169612244152713
8.34, 0.169526236654305
8.35, 0.169440444333847
8.36, 0.169354894288296
8.37, 0.16926956755819
8.38, 0.169184463281712
8.39, 0.169099598661943
8.40, 0.169014945627983
8.41, 0.168930531386943
8.42, 0.168846335259934
8.43, 0.168762368395659
8.44, 0.168678617736306
8.45, 0.168595092340629
8.46, 0.168511783898577
8.47, 0.168428699880202
8.48, 0.168345838930734
8.49, 0.168263192106777
8.50, 0.168180766166093
8.51, 0.168098553159382
8.52, 0.168016570115253
8.53, 0.167934786776209
8.54, 0.167853222849247
8.55, 0.167771877616788
8.56, 0.167690749109619
8.57, 0.167609828757088
8.58, 0.167529113697201
8.59, 0.16744861401879
8.60, 0.167368328841041
8.61, 0.167288248158898
8.62, 0.167208379936742
8.63, 0.167128715488662
8.64, 0.167049261209451
8.65, 0.166970019131568
8.66, 0.166890975897024
8.67, 0.166812142841119
8.68, 0.166733508121883
8.69, 0.166655072366983
8.70, 0.166576852937833
8.71, 0.166498830817904
8.72, 0.16642100497886
8.73, 0.166343383291366
8.74, 0.166265957395431
8.75, 0.166188734461094
8.76, 0.166111714072091
8.77, 0.166034887069849
8.78, 0.165958262133734
8.79, 0.165881827677444
8.80, 0.165805593209379
8.81, 0.165729548751394
8.82, 0.165653703797259
8.83, 0.165578046786383
8.84, 0.165502587660668
8.85, 0.165427314950516
8.86, 0.165352249123374
8.87, 0.1652773585803
8.88, 0.16520266340281
8.89, 0.165128152618015
8.90, 0.165053835354621
8.91, 0.164979711261887
8.92, 0.164905769907604
8.93, 0.164832009985321
8.94, 0.164758441010342
8.95, 0.164685063034783
8.96, 0.164611864556993
8.97, 0.164538855395544
8.98, 0.16446602516758
8.99, 0.164393372240878
9.00, 0.164320917489478
9.01, 0.164248628943909
9.02, 0.164176526429384
9.03, 0.16410461018515
9.04, 0.164032867735814
9.05, 0.163961300102114
9.06, 0.163889926092172
9.07, 0.163818715482604
9.08, 0.163747686851499
9.09, 0.163676840312398
9.10, 0.163606165124289
9.11, 0.163535660377984
9.12, 0.163465345930067
9.13, 0.163395190726086
9.14, 0.163325214656372
9.15, 0.163255416987051
9.16, 0.163185777163659
9.17, 0.16311632367713
9.18, 0.163047037758633
9.19, 0.162977917247704
9.20, 0.162908972826625
9.21, 0.162840202965032
9.22, 0.16277158701677
9.23, 0.162703145515045
9.24, 0.162634876760419
9.25, 0.162566770410805
9.26, 0.162498836448348
9.27, 0.162431064087369
9.28, 0.162363462179092
9.29, 0.162296021319875
9.30, 0.162228740118289
9.31, 0.162161628140215
9.32, 0.16209468537284
9.33, 0.162027900366179
9.34, 0.161961273329537
9.35, 0.16189481271742
9.36, 0.161828509517803
9.37, 0.161762372307274
9.38, 0.161696390960738
9.39, 0.161630573898367
9.40, 0.161564902169815
9.41, 0.161499403964846
9.42, 0.161434059295383
9.43, 0.161368867989537
9.44, 0.161303838425855
9.45, 0.161238961328682
9.46, 0.161174245704883
9.47, 0.161109680775552
9.48, 0.161045266579522
9.49, 0.160981011862764
9.50, 0.160916916904637
9.51, 0.1608529707055
9.52, 0.160789172957458
9.53, 0.160725533243498
9.54, 0.160662041111
9.55, 0.160598695824701
9.56, 0.160535506513722
9.57, 0.160472473862572
9.58, 0.160409575796895
9.59, 0.160346843789606
9.60, 0.160284245399626
9.61, 0.160221801685545
9.62, 0.160159510995097
9.63, 0.160097363711143
9.64, 0.160035358961679
9.65, 0.159973506658866
9.66, 0.159911795522415
9.67, 0.159850235671342
9.68, 0.15978881708906
9.69, 0.159727538327789
9.70, 0.159666409307296
9.71, 0.159605419740064
9.72, 0.159544579135523
9.73, 0.159483877312517
9.74, 0.159423312933286
9.75, 0.159362895891017
9.76, 0.159302616506916
9.77, 0.159242483521962
9.78, 0.159182486757426
9.79, 0.159122625935638
9.80, 0.159062910101976
9.81, 0.159003329658861
9.82, 0.158943893373696
9.83, 0.158884591054698
9.84, 0.158825422346868
9.85, 0.158766396484107
9.86, 0.158707503111845
9.87, 0.158648742819554
9.88, 0.158590123704849
9.89, 0.15853164607835
9.90, 0.158473289768399
9.91, 0.158415074219789
9.92, 0.15835699830118
9.93, 0.158299051938937
9.94, 0.158241235358114
9.95, 0.158183557525367
9.96, 0.158125997980254
9.97, 0.158068586763307
9.98, 0.158011293316026
9.99, 0.157954146424875
10.00, 0.157897117180084
10.01, 0.157878134382138
10.02, 0.157857029942778
10.03, 0.157835987141833
10.04, 0.157814995264174
10.05, 0.157794054559115
10.06, 0.157773174510172
10.07, 0.157752344979023
10.08, 0.157731566505512
10.09, 0.157710848083025
10.10, 0.157690179876591
10.11, 0.157669571558297
10.12, 0.157649013176892
10.13, 0.157628504508019
10.14, 0.157608045036488
10.15, 0.157587644625266
10.16, 0.157567303715477
10.17, 0.157547001314401
10.18, 0.157526667863472
10.19, 0.15750501284828
10.20, 0.157483426793892
10.21, 0.157461898241195
10.22, 0.157440417620523
10.23, 0.157419005768756
10.24, 0.157397650634366
10.25, 0.157376353323976
10.26, 0.157355113519998
10.27, 0.157333930609232
10.28, 0.157312805315079
10.29, 0.157291736085373
10.30, 0.157270733644163
10.31, 0.15724977813623
10.32, 0.157228878769007
10.33, 0.157208045907477
10.34, 0.157187258619199
10.35, 0.157166527469089
10.36, 0.157145861745254
10.37, 0.157125241991936
10.38, 0.157104686919524
10.39, 0.157084178027157
10.40, 0.157063733571923
10.41, 0.157043333897584
10.42, 0.157022998946672
10.43, 0.157002709187991
10.44, 0.156982483257842
10.45, 0.15696230205174
10.46, 0.156942184683919
10.47, 0.156922111221996
10.48, 0.156902091733724
10.49, 0.156882136160222
10.50, 0.156862223544706
10.51, 0.156842374228893
10.52, 0.156822568731299
10.53, 0.156802815619525
10.54, 0.156783125784261
10.55, 0.156763478921937
10.56, 0.156743884523352
10.57, 0.15672434265743
10.58, 0.156704852993224
10.59, 0.156685415121913
10.60, 0.156666029590802
10.61, 0.156646695791318
10.62, 0.156627404339998
10.63, 0.156608173812235
10.64, 0.156588985093474
10.65, 0.156569857306658
10.66, 0.156550770932131
10.67, 0.156531745597789
10.68, 0.156512761205898
10.69, 0.156493827148868
10.70, 0.156474943875228
10.71, 0.156456111455628
10.72, 0.15643732877065
10.73, 0.156418586715234
10.74, 0.15639990474851
10.75, 0.156381262528482
10.76, 0.156362669860882
10.77, 0.156344137030796
10.78, 0.156325643760533
10.79, 0.156307189957098
10.80, 0.15628879491419
10.81, 0.156270449281616
10.82, 0.156252143031298
10.83, 0.156233894779271
10.84, 0.156215686015815
10.85, 0.156197525810616
10.86, 0.156179413620479
10.87, 0.156161339679115
10.88, 0.15614332417528
10.89, 0.156125346643035
10.90, 0.156107427076758
10.91, 0.15608954548843
10.92, 0.156071701273073
10.93, 0.156053914781815
10.94, 0.156036175709893
10.95, 0.156018474308648
10.96, 0.156000819654101
10.97, 0.155983212180365
10.98, 0.155965641141962
10.99, 0.155948127448353
11.00, 0.15593065055771
11.01, 0.155913219903114
11.02, 0.155895835578935
11.03, 0.155878497759346
11.04, 0.155861196318622
11.05, 0.155843950653136
11.06, 0.155826741415366
11.07, 0.155809567801886
11.08, 0.155792449409372
11.09, 0.155775367268598
11.10, 0.155758330453002
11.11, 0.155741338428144
11.12, 0.155724392255944
11.13, 0.155707480925278
11.14, 0.155690615297141
11.15, 0.15567379403689
11.16, 0.155657017219981
11.17, 0.155640275777965
11.18, 0.155623588152489
11.19, 0.155606925275296
11.20, 0.155590317322218
11.21, 0.155573743013187
11.22, 0.155557212902223
11.23, 0.155540726638422
11.24, 0.155524284273759
11.25, 0.155507876186224
11.26, 0.15549151089506
11.27, 0.155475189933357
11.28, 0.155458902449251
11.29, 0.155442657741405
11.30, 0.155426456564573
11.31, 0.155410298117598
11.32, 0.155394173155411
11.33, 0.155378090977033
11.34, 0.155362051459571
11.35, 0.155346044780221
11.36, 0.155330080963785
11.37, 0.155314159592334
11.38, 0.155298269835106
11.39, 0.155282433350377
11.40, 0.155266618434523
11.41, 0.155250855297039
11.42, 0.15523512498642
11.43, 0.155219435978072
11.44, 0.155203778927966
11.45, 0.155188173236153
11.46, 0.155172589458767
11.47, 0.155157056996028
11.48, 0.155141555826237
11.49, 0.155126095927775
11.50, 0.155110677423028
11.51, 0.15509528932445
11.52, 0.155079943154258
11.53, 0.155064626970073
11.54, 0.15504936199327
11.55, 0.155034117438633
11.56, 0.155018913470696
11.57, 0.155003760125569
11.58, 0.154988637182361
11.59, 0.154973544142257
11.60, 0.15495849156252
11.61, 0.154943479422492
11.62, 0.154928496545593
11.63, 0.154913553967318
11.64, 0.154898641329693
11.65, 0.154883767753217
11.66, 0.154868934514312
11.67, 0.154854140476507
11.68, 0.154839375679467
11.69, 0.154824640341899
11.70, 0.154809954722563
11.71, 0.154795287706075
11.72, 0.15478066951208
11.73, 0.154766081076123
11.74, 0.154751530983759
11.75, 0.154737009315385
11.76, 0.154722527207467
11.77, 0.154708073043892
11.78, 0.154693667586347
11.79, 0.154679280475095
11.80, 0.154664932268893
11.81, 0.154650621828977
11.82, 0.154636349541191
11.83, 0.154622104981092
11.84, 0.154607898635594
11.85, 0.154593720457466
11.86, 0.154579570013941
11.87, 0.154565467086266
11.88, 0.154551392333757
11.89, 0.154537344347231
11.90, 0.154523334055506
11.91, 0.154509361339419
11.92, 0.154495416012105
11.93, 0.154481507611561
11.94, 0.15446762659751
11.95, 0.154453782473742
11.96, 0.154439975255097
11.97, 0.154426195335304
11.98, 0.154412441806099
11.99, 0.154398734862235
12.00, 0.154385044750687
12.01, 0.154371391289229
12.02, 0.154357774146078
12.03, 0.154344183649453
12.04, 0.154330629203734
12.05, 0.154317110891363
12.06, 0.154303619272845
12.07, 0.15429015307475
12.08, 0.15427672295771
12.09, 0.15426332880442
12.10, 0.154249960597637
12.11, 0.15423662854987
12.12, 0.154223321228406
12.13, 0.154210040380094
12.14, 0.154196794382983
12.15, 0.154183584217834
12.16, 0.154170399447652
12.17, 0.154157249898173
12.18, 0.15414413503167
12.19, 0.154131036158833
12.20, 0.154117971907031
12.21, 0.154104942259692
12.22, 0.154091948328953
12.23, 0.154078968519269
12.24, 0.154066033842686
12.25, 0.154053123931589
12.26, 0.154040238416047
12.27, 0.154027387506771
12.28, 0.154014560509598
12.29, 0.154001768690315
12.30, 0.153989010724884
12.31, 0.153976267201412
12.32, 0.153963567651241
12.33, 0.153950892485736
12.34, 0.153938241261427
12.35, 0.15392562383727
12.36, 0.153913030751097
12.37, 0.153900470980382
12.38, 0.153887934962862
12.39, 0.153875432782994
12.40, 0.153862954325291
12.41, 0.15385050899632
12.42, 0.153838087358701
12.43, 0.153825698919112
12.44, 0.15381333414028
12.45, 0.15380100242899
12.46, 0.153788693992536
12.47, 0.153776408470692
12.48, 0.153764155971058
12.49, 0.153751936600498
12.50, 0.153739730200126
12.51, 0.153727566220584
12.52, 0.153715425303158
12.53, 0.153703307311967
12.54, 0.153691221696634
12.55, 0.153679158521187
12.56, 0.153667128028481
12.57, 0.15365512016713
12.58, 0.153643134501896
12.59, 0.153631181118291
12.60, 0.153619260101879
12.61, 0.153607360760271
12.62, 0.153595484354483
12.63, 0.15358363947533
12.64, 0.153571816228118
12.65, 0.153560025854658
12.66, 0.153548256525406
12.67, 0.153536519344888
12.68, 0.15352480373985
12.69, 0.153513109814329
12.70, 0.153501447535973
12.71, 0.153489806862224
12.72, 0.153478197536742
12.73, 0.15346660969959
12.74, 0.153455053182775
12.75, 0.153443517855119
12.76, 0.153432013991962
12.77, 0.153420521290692
12.78, 0.153409069448742
12.79, 0.153397628741595
12.80, 0.153386218866778
12.81, 0.153374840199863
12.82, 0.15336348223847
12.83, 0.153352145169263
12.84, 0.153340848994228
12.85, 0.153329563080391
12.86, 0.153318298019007
12.87, 0.153307063522658
12.88, 0.153295859637586
12.89, 0.153284666002017
12.90, 0.153273512951998
12.91, 0.153262370125129
12.92, 0.153251257394103
12.93, 0.153240175210367
12.94, 0.153229112921585
12.95, 0.153218070690116
12.96, 0.153207058792202
12.97, 0.153196066637129
12.98, 0.153185094501228
12.99, 0.153174152082871
13.00, 0.153163229658472
13.01, 0.153152336926489
13.02, 0.153141463874422
13.03, 0.153130610489811
13.04, 0.153119786760242
13.05, 0.153108992495911
13.06, 0.153098207750168
13.07, 0.153087452333468
13.08, 0.153076716344616
13.09, 0.153066009549118
13.10, 0.153055322056751
13.11, 0.153044653833782
13.12, 0.153034014989391
13.13, 0.153023395011814
13.14, 0.153012803979006
13.15, 0.153002231899249
13.16, 0.152991679139411
13.17, 0.152981154909605
13.18, 0.152970649586984
13.19, 0.152960173159743
13.20, 0.152949705327114
13.21, 0.152939276366369
13.22, 0.152928855687818
13.23, 0.152918463757812
13.24, 0.152908090186736
13.25, 0.15289774534102
13.26, 0.152887418939175
13.27, 0.152877110553445
13.28, 0.152866830669584
13.29, 0.152856569094727
13.30, 0.152846335502214
13.31, 0.152836110295652
13.32, 0.152825913149106
13.33, 0.152815744165609
13.34, 0.152805592930948
13.35, 0.152795459936582
13.36, 0.152785344775445
13.37, 0.152775257436414
13.38, 0.152765187702296
13.39, 0.152755145874414
13.40, 0.152745121935489
13.41, 0.152735115385545
13.42, 0.152725136502639
13.43, 0.152715175186866
13.44, 0.152705231516356
13.45, 0.152695315002276
13.46, 0.152685416211826
13.47, 0.152675534949929
13.48, 0.152665680707328
13.49, 0.152655833767172
13.50, 0.152646024034021
13.51, 0.15263623157766
13.52, 0.152626446202871
13.53, 0.152616697902854
13.54, 0.152606956559427
13.55, 0.152597242369457
13.56, 0.152587555115446
13.57, 0.152577874604714
13.58, 0.152568221212432
13.59, 0.152558584236414
13.60, 0.152548974461165
13.61, 0.152539381384414
13.62, 0.152529804606911
13.63, 0.152520254796439
13.64, 0.152510711264812
13.65, 0.152501204490879
13.66, 0.152491704264522
13.67, 0.152482230286654
13.68, 0.152472772747221
13.69, 0.152463341436202
13.70, 0.152453916732607
13.71, 0.15244451794848
13.72, 0.152435145952778
13.73, 0.152425789755692
13.74, 0.152416439448392
13.75, 0.152407125899491
13.76, 0.152397817731157
13.77, 0.152388535912214
13.78, 0.152379280143927
13.79, 0.152370030216296
13.80, 0.152360806019936
13.81, 0.152351597655775
13.82, 0.152342405292918
13.83, 0.152333238542776
13.84, 0.15232408749623
13.85, 0.152314962232758
13.86, 0.152305842355026
13.87, 0.152296748151408
13.88, 0.152287669802484
13.89, 0.152278616720855
13.90, 0.15226957908615
13.91, 0.152260556700028
13.92, 0.152251550031178
13.93, 0.152242568303318
13.94, 0.152233602374196
13.95, 0.152224651365156
13.96, 0.152215725460728
13.97, 0.152206814938455
13.98, 0.1521979196002
13.99, 0.152189049244866
14.00, 0.152180183858217
14.01, 0.15217134362835
14.02, 0.152162528253835
14.03, 0.152153717921357
14.04, 0.152144932525996
14.05, 0.152136161766047
14.06, 0.152127406214093
14.07, 0.15211867508694
14.08, 0.152109958668967
14.09, 0.152101257432019
14.10, 0.152092580304396
14.11, 0.152083908144327
14.12, 0.152075270369848
14.13, 0.152066637162823
14.14, 0.152058018608206
14.15, 0.152049434219335
14.16, 0.152040854465578
14.17, 0.152032289149326
14.18, 0.152023748161999
14.19, 0.152015221595043
14.20, 0.15200670915093
14.21, 0.151998221104174
14.22, 0.151989736969139
14.23, 0.151981277220525
14.24, 0.151972841560908
14.25, 0.151964409975377
14.26, 0.151956002557463
14.27, 0.151947608914436
14.28, 0.151939239420068
14.29, 0.151930874068755
14.30, 0.15192253256028
14.31, 0.151914204500614
14.32, 0.151905890656067
14.33, 0.151897600633183
14.34, 0.151889324319802
14.35, 0.151881061715216
14.36, 0.15187282271926
14.37, 0.151864597408073
14.38, 0.151856375970409
14.39, 0.15184818792023
14.40, 0.151840003446981
14.41, 0.151831842525873
14.42, 0.151823695068275
14.43, 0.151815561055242
14.44, 0.151807440389857
14.45, 0.151799343353226
14.46, 0.151791259548479
14.47, 0.151783189067769
14.48, 0.151775141893797
14.49, 0.151767107837593
14.50, 0.151759077082032
14.51, 0.151751079519361
14.52, 0.151743084952855
14.53, 0.151735113653706
14.54, 0.151727155434314
14.55, 0.151719210188044
14.56, 0.151711277996788
14.57, 0.151703368862758
14.58, 0.151695472668298
14.59, 0.151687589227158
14.60, 0.151679718810236
14.61, 0.151671870942818
14.62, 0.151664026273357
14.63, 0.151656214416344
14.64, 0.151648404986781
14.65, 0.151640608254456
14.66, 0.151632834701294
14.67, 0.151625073264727
14.68, 0.151617324691882
14.69, 0.151609598598115
14.70, 0.151601885365109
14.71, 0.151594174307567
14.72, 0.151586495807218
14.73, 0.151578820045809
14.74, 0.15157116653811
14.75, 0.151563525365913
14.76, 0.151555896433031
14.77, 0.151548280021298
14.78, 0.151540686023572
14.79, 0.151533094143729
14.80, 0.151525524461302
14.81, 0.151517977184825
14.82, 0.151510432104992
14.83, 0.151502899014764
14.84, 0.151495388193289
14.85, 0.151487889072125
14.86, 0.15148041249451
14.87, 0.151472937892508
14.88, 0.151465485056236
14.89, 0.151458044453362
14.90, 0.151450615516711
14.91, 0.151443198699463
14.92, 0.151435803620183
14.93, 0.151428420286916
14.94, 0.151421049052212
14.95, 0.151413689635043
14.96, 0.151406351743855
14.97, 0.151399015841576
14.98, 0.151391701536579
14.99, 0.151384408733151
15.00, 0.151377117818274
15.01, 0.151369838376046
15.02, 0.151362580604373
15.03, 0.151355334307624
15.04, 0.151348099668183
15.05, 0.151340876490459
15.06, 0.151333674567877
15.07, 0.151326484382882
15.08, 0.151319305639938
15.09, 0.15131213813253
15.10, 0.151304992137368
15.11, 0.151297847381445
15.12, 0.151290723941621
15.13, 0.151283611911456
15.14, 0.151276510978297
15.15, 0.151269431259093
15.16, 0.151262352830339
15.17, 0.151255295579109
15.18, 0.151248249234066
15.19, 0.15124122416043
15.20, 0.151234200145005
15.21, 0.151227197406164
15.22, 0.151220195712751
15.23, 0.151213214605609
15.24, 0.151206254820187
15.25, 0.15119929607937
15.26, 0.151192357806488
15.27, 0.151185430647402
15.28, 0.151178514803371
15.29, 0.151171609120103
15.30, 0.151164714820866
15.31, 0.151157841140297
15.32, 0.151150978072301
15.33, 0.151144125899803
15.34, 0.151137284347126
15.35, 0.151130453469568
15.36, 0.151123643180383
15.37, 0.151116843762564
15.38, 0.151110054921122
15.39, 0.151103276461084
15.40, 0.151096508754495
15.41, 0.151089751417418
15.42, 0.151083024732932
15.43, 0.151076288574806
15.44, 0.151069572977703
15.45, 0.151062877526529
15.46, 0.151056182704431
15.47, 0.151049508116574
15.48, 0.151042843936295
15.49, 0.151036190088371
15.50, 0.151029546557277
15.51, 0.151022913505094
15.52, 0.151016300390264
15.53, 0.151009687864003
15.54, 0.151003105221135
15.55, 0.150996522687763
15.56, 0.150989950804188
15.57, 0.150983388729952
15.58, 0.150976846904982
15.59, 0.150970314956298
15.60, 0.150963793089334
15.61, 0.150957281454464
15.62, 0.150950779779055
15.63, 0.150944298168891
15.64, 0.150937826384792
15.65, 0.150931354543474
15.66, 0.150924912851065
15.67, 0.150918470678836
15.68, 0.150912038621846
15.69, 0.150905626485615
15.70, 0.150899214064677
15.71, 0.150892821553578
15.72, 0.150886448846884
15.73, 0.150880075650174
15.74, 0.150873712536042
15.75, 0.150867369021099
15.76, 0.150861034899969
15.77, 0.150854710845292
15.78, 0.150848396084725
15.79, 0.150842091379935
15.80, 0.150835805858608
15.81, 0.150829519993446
15.82, 0.15082325386594
15.83, 0.150816997308167
15.84, 0.150810749912746
15.85, 0.150804522252436
15.86, 0.150798294208406
15.87, 0.150792085424558
15.88, 0.15078588595739
15.89, 0.150779696129215
15.90, 0.150773515432165
15.91, 0.150767344225004
15.92, 0.15076118225266
15.93, 0.150755039859753
15.94, 0.150748906602614
15.95, 0.150742782425517
15.96, 0.150736667563197
15.97, 0.150730562259579
15.98, 0.150724475946066
15.99, 0.150718398743448
16.00, 0.15071232059513
16.01, 0.150706261910838
16.02, 0.150700212196574
16.03, 0.150694171573553
16.04, 0.150688150158202
16.05, 0.150682127287938
16.06, 0.150676123904258
16.07, 0.150670129565819
16.08, 0.150664143978704
16.09, 0.150658167427012
16.10, 0.150652199905852
16.11, 0.150646251510349
16.12, 0.15064031174664
16.13, 0.150634370998878
16.14, 0.150628449073224
16.15, 0.150622545764858
16.16, 0.150616641457971
16.17, 0.150610746247765
16.18, 0.150604869351458
16.19, 0.150599001542281
16.20, 0.15059313247098
16.21, 0.150587292043624
16.22, 0.150581450200167
16.23, 0.15057561713589
16.24, 0.150569803035088
16.25, 0.150563987215069
16.26, 0.150558189871154
16.27, 0.150552401619934
16.28, 0.150546621781062
16.29, 0.150540850404331
16.30, 0.150535097674114
16.31, 0.150529343296793
16.32, 0.150523607599146
16.33, 0.150517880202647
16.34, 0.150512161434271
16.35, 0.150506451289454
16.36, 0.150500749227322
16.37, 0.150495055737797
16.38, 0.150489380569206
16.39, 0.150483714047192
16.40, 0.150478045506757
16.41, 0.150472395562741
16.42, 0.150466764062307
16.43, 0.150461130330529
16.44, 0.150455505422066
16.45, 0.150449898662701
16.46, 0.150444289799475
16.47, 0.150438699456755
16.48, 0.150433117250386
16.49, 0.150427543355377
16.50, 0.150421987399279
16.51, 0.150416429745444
16.52, 0.150410890311127
16.53, 0.150405348881024
16.54, 0.150399825273089
16.55, 0.150394310149368
16.56, 0.150388803028511
16.57, 0.150383303804915
16.58, 0.150377822575925
16.59, 0.15037233942429
16.60, 0.150366874359046
16.61, 0.150361417073299
16.62, 0.150355958003039
16.63, 0.150350526528931
16.64, 0.15034509329912
16.65, 0.150339667846357
16.66, 0.150334260051148
16.67, 0.150328850261369
16.68, 0.150323448525564
16.69, 0.150318074534286
16.70, 0.150312698046937
16.71, 0.150307329701585
16.72, 0.150301969087833
16.73, 0.150296615965609
16.74, 0.150291280719802
16.75, 0.150285943311173
16.76, 0.150280623517068
16.77, 0.150275311587109
16.78, 0.150270007228227
16.79, 0.150264710301873
16.80, 0.150259421073144
16.81, 0.150254149692352
16.82, 0.15024887586647
16.83, 0.150243619591483
16.84, 0.150238370763388
16.85, 0.150233129444659
16.86, 0.150227895987534
16.87, 0.15022266987635
16.88, 0.150217451196144
16.89, 0.150212250042964
16.90, 0.150207056412869
16.91, 0.150201860301927
16.92, 0.150196681417217
16.93, 0.150191510043829
16.94, 0.150186346077862
16.95, 0.150181189715425
16.96, 0.150176050563639
16.97, 0.150170908518633
16.98, 0.150165773965548
16.99, 0.150160656900534
17.00, 0.150155547130752
17.01, 0.15015044435237
17.02, 0.15014534915057
17.03, 0.150140261132542
17.04, 0.150135180294487
17.05, 0.150130116821613
17.06, 0.150125050621141
17.07, 0.150120001200302
17.08, 0.150114959233333
17.09, 0.150109924427485
17.10, 0.150104896779016
17.11, 0.150099876313686
17.12, 0.15009486296864
17.13, 0.150089856769809
17.14, 0.15008486761349
17.15, 0.150079885306991
17.16, 0.150074900135629
17.17, 0.150069932224314
17.18, 0.150064971312063
17.19, 0.150060017234956
17.20, 0.150055070178348
17.21, 0.150050140049603
17.22, 0.15004520706193
17.23, 0.150040291055891
17.24, 0.150035371866863
17.25, 0.150030469618639
17.26, 0.1500255743417
17.27, 0.150020685771004
17.28, 0.150015804102981
17.29, 0.150010929549868
17.30, 0.150006071665367
17.31, 0.150001210572881
17.32, 0.149996366395234
17.33, 0.149991519065038
17.34, 0.149986688453347
17.35, 0.149981864393376
17.36, 0.149977047396837
17.37, 0.149972237007874
17.38, 0.149967433549598
17.39, 0.149962646591655
17.40, 0.149957856368757
17.41, 0.149953082802934
17.42, 0.14994831582665
17.43, 0.149943545764508
17.44, 0.149938792284753
17.45, 0.149934055034583
17.46, 0.149929305037684
17.47, 0.149924581263845
17.48, 0.149919854058199
17.49, 0.149915143458121
17.50, 0.14991042960819
17.51, 0.149905732168371
17.52, 0.149901041182691
17.53, 0.149896346913037
17.54, 0.149891678943868
17.55, 0.149887007518391
17.56, 0.149882342576026
17.57, 0.14987768427043
17.58, 0.14987303227524
17.59, 0.149868396564658
17.60, 0.149863767380528
17.61, 0.149859134663713
17.62, 0.149854518177515
17.63, 0.14984990818531
17.64, 0.149845304651039
17.65, 0.149840707237193
17.66, 0.149836126596592
17.67, 0.149831541826617
17.68, 0.149826963555952
17.69, 0.149822401659858
17.70, 0.149817845846125
17.71, 0.149813286468714
17.72, 0.149808753388246
17.73, 0.149804206280561
17.74, 0.149799685720481
17.75, 0.149795161206548
17.76, 0.149790642776318
17.77, 0.149786130795213
17.78, 0.149781635060086
17.79, 0.1497771352788
17.80, 0.149772651817611
17.81, 0.149768174134763
17.82, 0.149763703074391
17.83, 0.149759237766389
17.84, 0.14975477878566
17.85, 0.149750325740112
17.86, 0.149745879015662
17.87, 0.14974144791256
17.88, 0.149737013243224
17.89, 0.149732594496784
17.90, 0.149728181770187
17.91, 0.149723765060388
17.92, 0.149719364364351
17.93, 0.149714969868046
17.94, 0.14971058119045
17.95, 0.14970619841755
17.96, 0.149701831546336
17.97, 0.149697460773811
17.98, 0.149693105607981
17.99, 0.149688746723861
18.00, 0.149684403540474
18.01, 0.149680056243849
18.02, 0.149675725031023
18.03, 0.149671399699041
18.04, 0.149667079955954
18.05, 0.149662766287821
18.06, 0.149658468202709
18.07, 0.149654166086689
18.08, 0.149649869647844
18.09, 0.14964558907226
18.10, 0.149641304457033
18.11, 0.149637035510264
18.12, 0.149632772344477
18.13, 0.149628514914831
18.14, 0.149624263144992
18.15, 0.149620017032091
18.16, 0.149615776862263
18.17, 0.149611542243655
18.18, 0.149607313273417
18.19, 0.149603100063232
18.20, 0.149598882570089
18.21, 0.149594680816811
18.22, 0.149590484311578
18.23, 0.149586283629575
18.24, 0.149582098792892
18.25, 0.14957791937081
18.26, 0.149573745474557
18.27, 0.149569577301346
18.28, 0.149565424617294
18.29, 0.14956126758171
18.30, 0.149557126016349
18.31, 0.14955297996295
18.32, 0.149548839487162
18.33, 0.149544714504812
18.34, 0.149540595126185
18.35, 0.149536481216579
18.36, 0.149532372648083
18.37, 0.149528269675131
18.38, 0.149524172162672
18.39, 0.149520079983551
18.40, 0.149515993391853
18.41, 0.149511922107681
18.42, 0.149507846293634
18.43, 0.149503785914448
18.44, 0.149499720934381
18.45, 0.14949567131678
18.46, 0.149491627092727
18.47, 0.149487588181566
18.48, 0.14948355459196
18.49, 0.149479526387594
18.50, 0.149475503633055
18.51, 0.149471486013752
18.52, 0.149467473694764
18.53, 0.149463476894531
18.54, 0.149459475145126
18.55, 0.149455488864522
18.56, 0.149451497674282
18.57, 0.149447521802916
18.58, 0.149443551116974
18.59, 0.149439585789004
18.60, 0.149435625641542
18.61, 0.149431670802174
18.62, 0.149427720993923
18.63, 0.149423776432916
18.64, 0.149419847098157
18.65, 0.149415912760814
18.66, 0.149411993789375
18.67, 0.149408069910052
18.68, 0.14940416111139
18.69, 0.149400247571409
18.70, 0.149396349115638
18.71, 0.149392455624761
18.72, 0.149388567312854
18.73, 0.149384684258077
18.74, 0.149380806016558
18.75, 0.149376943090696
18.76, 0.149373074981016
18.77, 0.149369212111008
18.78, 0.149365354159899
18.79, 0.149361511362077
18.80, 0.149357663407894
18.81, 0.149353830509404
18.82, 0.149350002756858
18.83, 0.149346179740969
18.84, 0.149342361973122
18.85, 0.149338549143927
18.86, 0.149334741206466
18.87, 0.14933093819643
18.88, 0.149327140079816
18.89, 0.149323346992214
18.90, 0.149319568686728
18.91, 0.149315785299521
18.92, 0.149312017040212
18.93, 0.149308243411363
18.94, 0.149304484944103
18.95, 0.14930073120256
18.96, 0.149296972123488
18.97, 0.149293228159914
18.98, 0.149289489059487
18.99, 0.149285754575362
19.00, 0.149282035094199
19.01, 0.149278310264331
19.02, 0.149274590393201
19.03, 0.149270875229044
19.04, 0.149267174914042
19.05, 0.14926346949038
19.06, 0.149259778522251
19.07, 0.149256092640853
19.08, 0.149252401354887
19.09, 0.149248724806564
19.10, 0.149245052845252
19.11, 0.149241385676468
19.12, 0.149237723482981
19.13, 0.149234065729021
19.14, 0.149230412701325
19.15, 0.149226764453131
19.16, 0.149223130782184
19.17, 0.149219491830737
19.18, 0.149215867552043
19.19, 0.149212237943864
19.20, 0.149208612859467
19.21, 0.149205002485622
19.22, 0.149201396675606
19.23, 0.1491977956272
19.24, 0.149194199038192
19.25, 0.149190607061873
19.26, 0.14918701964054
19.27, 0.149183436871995
19.28, 0.149179858654045
19.29, 0.149176284940003
19.30, 0.149172715872186
19.31, 0.149169161348415
19.32, 0.149165601322018
19.33, 0.149162055792207
19.34, 0.149158504798455
19.35, 0.149154968195589
19.36, 0.149151436325956
19.37, 0.149147898742908
19.38, 0.149144375744302
19.39, 0.149140857128001
19.40, 0.14913734289187
19.41, 0.149133833378826
19.42, 0.149130338241054
19.43, 0.149126837432582
19.44, 0.149123341140298
19.45, 0.149119849073093
19.46, 0.149116371617861
19.47, 0.149112888583429
19.48, 0.149109419812251
19.49, 0.149105945502264
19.50, 0.149102485651384
19.51, 0.14909903001303
19.52, 0.149095568929039
19.53, 0.149092121953914
19.54, 0.149088679429604
19.55, 0.149085241254048
19.56, 0.149081807479692
19.57, 0.149078387906375
19.58, 0.149074962675657
19.59, 0.149071541740994
19.60, 0.149068125098947
19.61, 0.149064722794685
19.62, 0.149061314780378
19.63, 0.149057920954003
19.64, 0.149054521411736
19.65, 0.14905113615507
19.66, 0.14904775498029
19.67, 0.149044368427788
19.68, 0.149040995810669
19.69, 0.149037627369434
19.70, 0.149034263399687
19.71, 0.149030903404146
19.72, 0.149027547731425
19.73, 0.149024206173646
19.74, 0.149020858837334
19.75, 0.149017515762123
19.76, 0.149014176607241
19.77, 0.14901085171243
19.78, 0.149007521172541
19.79, 0.149004204547408
19.80, 0.149000882128601
19.81, 0.148997573765355
19.82, 0.148994269748858
19.83, 0.148990969739743
19.84, 0.148987673732595
19.85, 0.148984381821613
19.86, 0.148981084012528
19.87, 0.148977810340075
19.88, 0.148974530765883
19.89, 0.148971255179808
19.90, 0.148967983688374
19.91, 0.148964716281061
19.92, 0.148961462909284
19.93, 0.148958203573147
19.94, 0.148954958224461
19.95, 0.148951706951952
19.96, 0.148948469518823
19.97, 0.148945226302426
19.98, 0.148941996921855
19.99, 0.148938771609587
20.00, 0.148935550274107
20.01, 0.14893232300302
20.02, 0.148929109655192
20.03, 0.148925900134374
20.04, 0.148922694672116
20.05, 0.148919493177868
20.06, 0.148916305593811
20.07, 0.148913111874282
20.08, 0.148909922261093
20.09, 0.1489067463583
20.10, 0.148903564514842
20.11, 0.148900396427477
20.12, 0.148897222434057
20.13, 0.148894062105811
20.14, 0.148890895672451
20.15, 0.148887743189844
20.16, 0.148884594698338
20.17, 0.148881450002771
20.18, 0.148878308863855
20.19, 0.148875171954894
20.20, 0.148872038736515
20.21, 0.14886890931422
20.22, 0.14886578372727
20.23, 0.148862662070082
20.24, 0.14885954415189
20.25, 0.148856429923076
20.26, 0.148853329522185
20.27, 0.148850223144016
20.28, 0.148847130205736
20.29, 0.148844031334354
20.30, 0.148840946091453
20.31, 0.148837854619796
20.32, 0.148834776781428
20.33, 0.148831702902646
20.34, 0.148828632645414
20.35, 0.148825556152507
20.36, 0.148822493377706
20.37, 0.148819434228026
20.38, 0.148816378928882
20.39, 0.148813327242705
20.40, 0.148810279267792
20.41, 0.148807245146942
20.42, 0.148804204543135
20.43, 0.148801167591909
20.44, 0.148798134389664
20.45, 0.148795114890213
20.46, 0.148792088991873
20.47, 0.148789076792966
20.48, 0.148786058101527
20.49, 0.14878305309655
20.50, 0.14878005188599
20.51, 0.148777044023681
20.52, 0.148774049996964
20.53, 0.148771059515181
20.54, 0.148768072621178
20.55, 0.148765089413304
20.56, 0.148762109555829
20.57, 0.148759133615366
20.58, 0.148756160967104
20.59, 0.148753192142906
20.60, 0.148750226752141
20.61, 0.148747264893178
20.62, 0.148744316608894
20.63, 0.148741361853166
20.64, 0.148738410668875
20.65, 0.148735473154407
20.66, 0.14873253891915
20.67, 0.148729598350496
20.68, 0.148726661202342
20.69, 0.148723737717585
20.70, 0.148720817650129
20.71, 0.148717891098379
20.72, 0.148714987960744
20.73, 0.148712068335637
20.74, 0.148709162265975
20.75, 0.148706259561176
20.76, 0.148703360408664
20.77, 0.148700464517864
20.78, 0.148697582376207
20.79, 0.148694683393126
20.80, 0.148691808056056
20.81, 0.148688926074438
20.82, 0.148686047491215
20.83, 0.148683182304832
20.84, 0.14868031061374
20.85, 0.148677452416391
20.86, 0.148674587466743
20.87, 0.148671735907753
20.88, 0.14866887792474
20.89, 0.148666033197878
20.90, 0.148663181857075
20.91, 0.148660343756301
20.92, 0.148657509138535
20.93, 0.148654677902254
20.94, 0.148651850001441
20.95, 0.148649025479082
20.96, 0.148646204230855
20.97, 0.148643386516291
20.98, 0.148640571786656
20.99, 0.14863776052945
21.00, 0.148634952743173
21.01, 0.148632148037332
21.02, 0.148629356799433
21.03, 0.148626558869105
21.04, 0.148623764218046
21.05, 0.148620982841473
21.06, 0.148618194726906
21.07, 0.148615419783869
21.08, 0.148612638285099
21.09, 0.148609870014124
21.10, 0.148607104910268
21.11, 0.148604333061069
21.12, 0.14860157470545
21.13, 0.148598819327602
21.14, 0.148596067300036
21.15, 0.148593318332301
21.16, 0.148590572852014
21.17, 0.148587830388518
21.18, 0.148585091225017
21.19, 0.14858235536007
21.20, 0.148579622631988
21.21, 0.148576893015265
21.22, 0.148574166548298
21.23, 0.148571453418658
21.24, 0.148568733375349
21.25, 0.148566016582514
21.26, 0.148563312933743
21.27, 0.14856060241131
21.28, 0.148557905090843
21.29, 0.148555200954701
21.30, 0.148552509895934
21.31, 0.148549812079649
21.32, 0.148547127154479
21.33, 0.148544445591245
21.34, 0.148541767122035
21.35, 0.148539081639756
21.36, 0.148536409415003
21.37, 0.148533740235842
21.38, 0.148531074083952
21.39, 0.148528411285206
21.40, 0.148525751428144
21.41, 0.148523094532318
21.42, 0.148520440820085
21.43, 0.148517790128249
21.44, 0.148515152637812
21.45, 0.148512508082601
21.46, 0.148509866725911
21.47, 0.148507228301882
21.48, 0.148504602991449
21.49, 0.148501970775243
21.50, 0.148499351487872
21.51, 0.148496725247379
21.52, 0.148494112077685
21.53, 0.148491491952032
21.54, 0.148488884750151
21.55, 0.148486280733987
21.56, 0.148483669494579
21.57, 0.148481071438073
21.58, 0.148478476200319
21.59, 0.148475884242664
21.60, 0.148473295056766
21.61, 0.148470708803676
21.62, 0.148468125708859
21.63, 0.148465545544071
21.64, 0.148462968146082
21.65, 0.148460393919853
21.66, 0.148457822557959
21.67, 0.148455254165067
21.68, 0.148452688734058
21.69, 0.148450136124806
21.70, 0.148447576619493
21.71, 0.148445019933202
21.72, 0.148442476248416
21.73, 0.148439925479929
21.74, 0.148437377566025
21.75, 0.148434842665705
21.76, 0.148432310642014
21.77, 0.148429771324791
21.78, 0.148427245161603
21.79, 0.148424721746986
21.80, 0.148422191239219
21.81, 0.148419673577636
21.82, 0.148417158964726
21.83, 0.148414647130566
21.84, 0.148412138019028
21.85, 0.148409631877671
21.86, 0.148407118730297
21.87, 0.148404618237506
21.88, 0.148402130680926
21.89, 0.148399635891079
21.90, 0.148397133890312
21.91, 0.148394654887302
21.92, 0.148392168667523
21.93, 0.148389685232893
21.94, 0.148387214657816
21.95, 0.148384736687987
21.96, 0.148382261818401
21.97, 0.148379799630186
21.98, 0.148377330218259
21.99, 0.148374863573692
22.00, 0.148372409781335
22.01, 0.148369948751827
22.02, 0.148367500495819
22.03, 0.148365055078384
22.04, 0.148362602353813
22.05, 0.148360162397538
22.06, 0.148357725209653
22.07, 0.148355290845524
22.08, 0.148352849169453
22.09, 0.148350420112663
22.10, 0.148347993963693
22.11, 0.1483455704892
22.12, 0.148343149775127
22.13, 0.148340731820598
22.14, 0.148338316546987
22.15, 0.148335904097615
22.16, 0.148333494172303
22.17, 0.148331087001852
22.18, 0.148328692584701
22.19, 0.148326290832586
22.20, 0.148323891908838
22.21, 0.148321505436548
22.22, 0.148319111867104
22.23, 0.148316720948034
22.24, 0.148314342563676
22.25, 0.148311956981873
22.26, 0.148309584076969
22.27, 0.148307203751483
22.28, 0.148304836176989
22.29, 0.148302461121441
22.30, 0.148300098872694
22.31, 0.148297739130603
22.32, 0.148295372203027
22.33, 0.148293017703907
22.34, 0.148290665938512
22.35, 0.14828831682972
22.36, 0.148285970376397
22.37, 0.148283616432915
22.38, 0.148281275142644
22.39, 0.148278936504459
22.40, 0.148276600431793
22.41, 0.148274266949978
22.42, 0.148271936106885
22.43, 0.148269607766896
22.44, 0.148267292227897
22.45, 0.148264969025275
22.46, 0.14826264863142
22.47, 0.148260330726223
22.48, 0.148258025308579
22.49, 0.148255712531884
22.50, 0.148253402250536
22.51, 0.148251104607936
22.52, 0.148248799383846
22.53, 0.148246506871018
22.54, 0.148244206849154
22.55, 0.148241919317161
22.56, 0.148239624408451
22.57, 0.148237341987438
22.58, 0.148235052187538
22.59, 0.148232774738668
22.60, 0.148230499908748
22.61, 0.1482282177067
22.62, 0.14822594784245
22.63, 0.148223680603922
22.64, 0.148221415845546
22.65, 0.148219153556251
22.66, 0.148216893744972
22.67, 0.148214636410641
22.68, 0.148212371542197
22.69, 0.148210119293078
22.70, 0.148207869373225
22.71, 0.148205632080581
22.72, 0.148203387095091
22.73, 0.148201144724704
22.74, 0.148198904679367
22.75, 0.148196667237032
22.76, 0.148194432117653
22.77, 0.148192209619185
22.78, 0.148189979494528
22.79, 0.148187761761193
22.80, 0.148185536501147
22.81, 0.148183313693354
22.82, 0.14818109319228
22.83, 0.148178885295893
22.84, 0.148176679714162
22.85, 0.148174466580557
22.86, 0.148172265904055
22.87, 0.14817005753913
22.88, 0.148167861629259
22.89, 0.148165668163422
22.90, 0.14816346706828
22.91, 0.148161278362896
22.92, 0.148159092098496
22.93, 0.148156898129569
22.94, 0.148154716609604
22.95, 0.148152537393092
22.96, 0.148150360623527
22.97, 0.148148186361644
22.98, 0.148146014328398
22.99, 0.148143844584591
23.00, 0.148141677283724
23.01, 0.148139512270301
23.02, 0.148137349697826
23.03, 0.148135189420805
23.04, 0.148133031634051
23.05, 0.148130886089408
23.06, 0.148128732817252
23.07, 0.148126581836598
23.08, 0.148124433290963
23.09, 0.148122297095859
23.10, 0.148120153252757
23.11, 0.148118011697235
23.12, 0.148115882283816
23.13, 0.148113745435027
23.14, 0.148111620797083
23.15, 0.148109488362078
23.16, 0.148107368354291
23.17, 0.148105240618257
23.18, 0.14810312515301
23.19, 0.14810101204797
23.20, 0.14809889113135
23.21, 0.148096782502636
23.22, 0.148094666140869
23.23, 0.148092562115232
23.24, 0.148090460294434
23.25, 0.148088360872222
23.26, 0.148086263588646
23.27, 0.148084158637156
23.28, 0.148082065886949
23.29, 0.14807997539704
23.30, 0.148077887246203
23.31, 0.148075801139501
23.32, 0.148073717444774
23.33, 0.148071635996583
23.34, 0.148069556738972
23.35, 0.14806747967649
23.36, 0.148065404867744
23.37, 0.148063332246602
23.38, 0.148061271952478
23.39, 0.148059203774804
23.40, 0.148057137916277
23.41, 0.148055074093171
23.42, 0.148053012518245
23.43, 0.148050963269524
23.44, 0.148048916208143
23.45, 0.148046861237688
23.46, 0.148044808610514
23.47, 0.148042757983612
23.48, 0.148040719629398
23.49, 0.148038673575556
23.50, 0.148036639559435
23.51, 0.14803460762878
23.52, 0.148032568025602
23.53, 0.14803054059211
23.54, 0.148028505319677
23.55, 0.148026482080744
23.56, 0.148024461077274
23.57, 0.148022442376498
23.58, 0.14802041555221
23.59, 0.148018401183213
23.60, 0.148016388689038
23.61, 0.148014368435864
23.62, 0.148012370336142
23.63, 0.148010354397754
23.64, 0.148008350466433
23.65, 0.148006348849295
23.66, 0.148004349237347
23.67, 0.148002351793437
23.68, 0.148000366275353
23.69, 0.147998373058657
23.70, 0.147996381997543
23.71, 0.147994392946957
23.72, 0.147992406050324
23.73, 0.147990421296866
23.74, 0.147988438406739
23.75, 0.147986457812439
23.76, 0.147984489358855
23.77, 0.147982512853276
23.78, 0.147980538476267
23.79, 0.14797856611306
23.80, 0.147976606031095
23.81, 0.14797463780683
23.82, 0.147972681717484
23.83, 0.147970717773244
23.84, 0.147968755827606
23.85, 0.147966805880986
23.86, 0.147964858210158
23.87, 0.147962902392264
23.88, 0.147960958723861
23.89, 0.147959007031315
23.90, 0.147957067486463
23.91, 0.147955119771398
23.92, 0.147953184346736
23.93, 0.147951250836386
23.94, 0.147949319307979
23.95, 0.147947379912803
23.96, 0.147945452518013
23.97, 0.147943527100181
23.98, 0.147941603661186
23.99, 0.147939682341881
24.00, 0.147937763019869
24.01, 0.147935845671286
24.02, 0.147933920384052
24.03, 0.147932007071806
24.04, 0.147930105730361
24.05, 0.147928196382374
24.06, 0.147926289137943
24.07, 0.147924383750946
24.08, 0.147922480455768
24.09, 0.147920579071718
24.10, 0.147918679667329
24.11, 0.14791678238216
24.12, 0.147914886930643
24.13, 0.147913003442125
24.14, 0.147911111985196
24.15, 0.147909222514165
24.16, 0.147907345003559
24.17, 0.147905459387638
24.18, 0.147903575745373
24.19, 0.147901694060976
24.20, 0.147899824348749
24.21, 0.147897946602692
24.22, 0.147896080737337
24.23, 0.147894206851934
24.24, 0.147892344920163
24.25, 0.147890475011225
24.26, 0.147888616935531
24.27, 0.147886750800948
24.28, 0.147884896572339
24.29, 0.147883044289279
24.30, 0.147881183964823
24.31, 0.147879335523995
24.32, 0.147877488912035
24.33, 0.147875634370682
24.34, 0.147873791586126
24.35, 0.147871950752768
24.36, 0.147870111853036
24.37, 0.147868264996781
24.38, 0.147866429864233
24.39, 0.147864596690008
24.40, 0.147862765321621
24.41, 0.147860935953639
24.42, 0.147859108417338
24.43, 0.147857282808924
24.44, 0.147855459074124
24.45, 0.14785363706768
24.46, 0.147851817024579
24.47, 0.147849998906118
24.48, 0.147848182658237
24.49, 0.147846368217087
24.50, 0.147844555708156
24.51, 0.147842745067546
24.52, 0.147840936294504
24.53, 0.147839139325392
24.54, 0.147837334140793
24.55, 0.147835530966018
24.56, 0.147833739511322
24.57, 0.147831940064962
24.58, 0.14783014227456
24.59, 0.147828356399193
24.60, 0.147826562395437
24.61, 0.147824770098053
24.62, 0.147822989742873
24.63, 0.147821201185073
24.64, 0.147819414465936
24.65, 0.14781763960473
24.66, 0.147815866456222
24.67, 0.147814085102005
24.68, 0.147812315665753
24.69, 0.147810538084511
24.70, 0.147808772213052
24.71, 0.14780700819515
24.72, 0.147805236020082
24.73, 0.14780347550075
24.74, 0.14780170688473
24.75, 0.14779994997488
24.76, 0.147798194914979
24.77, 0.14779644170431
24.78, 0.147794690197656
24.79, 0.147792930477227
24.80, 0.14779118266551
24.81, 0.147789436545666
24.82, 0.147787692136985
24.83, 0.147785949553256
24.84, 0.147784208689271
24.85, 0.147782459648822
24.86, 0.147780722399974
24.87, 0.147778986900029
24.88, 0.147777253107006
24.89, 0.147775531144701
24.90, 0.147773800887915
24.91, 0.147772072450445
24.92, 0.147770345717095
24.93, 0.147768620677167
24.94, 0.147766897403628
24.95, 0.147765175883005
24.96, 0.147763456063718
24.97, 0.147761738059576
24.98, 0.147760031755386
24.99, 0.14775831713046
25.00, 0.147756604348608
0.01, 0.325818789800209
0.02, 0.369659940778741
0.03, 0.378766103044241
0.04, 0.380673781805552
0.05, 0.380338543514308
0.06, 0.379185243162618
0.07, 0.377730273575815
0.08, 0.37618669491671
0.09, 0.374648686641043
0.10, 0.373158781755276
0.11, 0.37173539042728
0.12, 0.370385171826029
0.13, 0.369108987407565
0.14, 0.367904798109105
0.15, 0.366769217336758
0.16, 0.365698347494142
0.17, 0.364688146245777
0.18, 0.363734669582776
0.19, 0.362834252474609
0.20, 0.361983425333456
0.21, 0.361179056315218
0.22, 0.360418257900987
0.23, 0.359698391588716
0.24, 0.359017116900317
0.25, 0.358372271100312
0.26, 0.35786340575016
0.27, 0.357387289572647
0.28, 0.356942300450112
0.29, 0.356527047203711
0.30, 0.356140235950912
0.31, 0.355780655354137
0.32, 0.355447307785177
0.33, 0.355139242887059
0.34, 0.354855608555566
0.35, 0.354595668303834
0.36, 0.354358751476653
0.37, 0.354144276598416
0.38, 0.353951744600671
0.39, 0.35378066356034
0.40, 0.353630700978736
0.41, 0.353501516385128
0.42, 0.353392850925666
0.43, 0.353304524567456
0.44, 0.353236409065088
0.45, 0.353188361035447
0.46, 0.353160403356798
0.47, 0.353152530185566
0.48, 0.353164846068647
0.49, 0.353197479245181
0.50, 0.35325062873468
0.51, 0.353324533485963
0.52, 0.353419510094715
0.53, 0.353535933408653
0.54, 0.353687234425625
0.55, 0.354141196380532
0.56, 0.354611696671614
0.57, 0.355099645599042
0.58, 0.355606043519208
0.59, 0.356131969942042
0.60, 0.356678577111239
0.61, 0.357430816518932
0.62, 0.358199812022716
0.63, 0.358993699199093
0.64, 0.359814138814748
0.65, 0.360662971747386
0.66, 0.361542268119608
0.67, 0.362454220818203
0.68, 0.363401360248717
0.69, 0.364386467866938
0.70, 0.365412635318865
0.71, 0.365461411059196
0.72, 0.365447453830536
0.73, 0.365433560757527
0.74, 0.36541974161371
0.75, 0.365405976155553
0.76, 0.365392284165116
0.77, 0.365378664516874
0.78, 0.365365098764059
0.79, 0.365351585783521
0.80, 0.36533813535596
0.81, 0.367818826582887
0.82, 0.370299599031099
0.83, 0.372780404241369
0.84, 0.375261291126809
0.85, 0.377742219443394
0.86, 0.380223208984799
0.87, 0.382704279545816
0.88, 0.385185410001382
0.89, 0.387666591923389
0.90, 0.390147834207266
0.91, 0.392549385311934
0.92, 0.400052209391917
0.93, 0.409948308995161
0.94, 0.418411729390178
0.95, 0.426875149785195
0.96, 0.435338570180212
0.97, 0.44380199057523
0.98, 0.452265410970247
0.99, 0.460728831365264
1.00, 0.469192251760281
1.01, 0.477655672155298
1.02, 0.486119092550316
1.03, 0.494582512945333
1.04, 0.50304593334035
1.05, 0.511509353735367
1.06, 0.510368586543242
1.07, 0.509237349968347
1.08, 0.508116193618582
1.09, 0.507005384506373
1.10, 0.505905135969567
1.11, 0.504815575451481
1.12, 0.503736769590801
1.13, 0.502668784141814
1.14, 0.501611658840114
1.15, 0.500565385483686
1.16, 0.498976303877148
1.17, 0.497380089404475
1.18, 0.495761422931421
1.19, 0.494007293861902
1.20, 0.491885782868206
1.21, 0.489782791795476
1.22, 0.487706064071301
1.23, 0.485669935965251
1.24, 0.48366479117585
1.25, 0.481687738170993
1.26, 0.479737348663416
1.27, 0.477812680450039
1.28, 0.475913050207194
1.29, 0.474037926449797
1.30, 0.472186897009979
1.31, 0.470359583702836
1.32, 0.468555676912197
1.33, 0.466774963020151
1.34, 0.465017124602311
1.35, 0.463281992656179
1.36, 0.461569766160496
1.37, 0.459881291662405
1.38, 0.4582150345638
1.39, 0.456570834068939
1.40, 0.454948518977807
1.41, 0.453347952388073
1.42, 0.451769012771973
1.43, 0.450211530686002
1.44, 0.448675406466968
1.45, 0.447160494734709
1.46, 0.44566668756315
1.47, 0.444193879961282
1.48, 0.442741962440734
1.49, 0.441310820933319
1.50, 0.439900365600821
1.51, 0.438510479292817
1.52, 0.437141105773383
1.53, 0.435792118612879
1.54, 0.434463439350868
1.55, 0.433154992988545
1.56, 0.431866701677848
1.57, 0.4305984547809
1.58, 0.42935019838921
1.59, 0.428121858385332
1.60, 0.426913334298946
1.61, 0.425724599060143
1.62, 0.424555555294929
1.63, 0.423406129245223
1.64, 0.422276269093712
1.65, 0.421165904935019
1.66, 0.420074980870949
1.67, 0.419003438212242
1.68, 0.417951204471686
1.69, 0.416918226686815
1.70, 0.415904464717912
1.71, 0.41490985062772
1.72, 0.413934335139161
1.73, 0.412977863241993
1.74, 0.412040392704482
1.75, 0.411121869247832
1.76, 0.410222261259563
1.77, 0.40934152051963
1.78, 0.408479568679365
1.79, 0.407636399077491
1.80, 0.406811975320097
1.81, 0.40607194410553
1.82, 0.405329819241034
1.83, 0.404159874386116
1.84, 0.402932749014772
1.85, 0.401711732442777
1.86, 0.400496786593854
1.87, 0.39928788757441
1.88, 0.398084982741925
1.89, 0.396888035043267
1.90, 0.395697018802546
1.91, 0.394511885378082
1.92, 0.393332577927364
1.93, 0.392159066359837
1.94, 0.390991295175032
1.95, 0.38982921044737
1.96, 0.388672773098512
1.97, 0.38752193027958
1.98, 0.386376633830526
1.99, 0.385236814377289
2.00, 0.384102466751635
2.01, 0.383063098184489
2.02, 0.38202570026328
2.03, 0.380995138983796
2.04, 0.379971359054615
2.05, 0.378954263042306
2.06, 0.377943799080372
2.07, 0.376939889863994
2.08, 0.375942475007909
2.09, 0.374951458981409
2.10, 0.373966788567643
2.11, 0.372988400563772
2.12, 0.372016204374853
2.13, 0.371050168700755
2.14, 0.370090205684172
2.15, 0.369136241141845
2.16, 0.368188248729949
2.17, 0.367246123490268
2.18, 0.366309824126993
2.19, 0.365379294636382
2.20, 0.364454458046184
2.21, 0.363535277586359
2.22, 0.362621657968106
2.23, 0.36171358191882
2.24, 0.360810970956512
2.25, 0.359913767913971
2.26, 0.359021912247622
2.27, 0.358135358531572
2.28, 0.357254051261481
2.29, 0.356377936767714
2.30, 0.355506961213961
2.31, 0.354641052306126
2.32, 0.353780192063998
2.33, 0.352924301421107
2.34, 0.35207334890382
2.35, 0.351227261898946
2.36, 0.350386004984951
2.37, 0.349549524439512
2.38, 0.348717776410016
2.39, 0.347890710818896
2.40, 0.347068265160619
2.41, 0.346250416317178
2.42, 0.345437101424617
2.43, 0.344628276376231
2.44, 0.343823896240788
2.45, 0.343023923466682
2.46, 0.342228290281332
2.47, 0.341436970975159
2.48, 0.340649907608256
2.49, 0.339867064832235
2.50, 0.339088401364845
2.51, 0.338313877294977
2.52, 0.337543432462898
2.53, 0.336777036545163
2.54, 0.336014632118699
2.55, 0.335256194691268
2.56, 0.334501679992706
2.57, 0.333751044471012
2.58, 0.333004236435698
2.59, 0.332261228173638
2.60, 0.33152196236074
2.61, 0.330786416576763
2.62, 0.330054535930156
2.63, 0.329326289787141
2.64, 0.328601635948283
2.65, 0.32788052707107
2.66, 0.327162939828344
2.67, 0.326448822464014
2.68, 0.325738133061259
2.69, 0.325030842639413
2.70, 0.324326907317391
2.71, 0.323626291333314
2.72, 0.322928947980693
2.73, 0.322234848882786
2.74, 0.321543943935322
2.75, 0.320856208604679
2.76, 0.320171599369895
2.77, 0.319490077739301
2.78, 0.3188116137929
2.79, 0.318136153993367
2.80, 0.317463666151711
2.81, 0.316794130091468
2.82, 0.316127473721275
2.83, 0.315463693304373
2.84, 0.314802745201006
2.85, 0.314144586356818
2.86, 0.313489180874245
2.87, 0.31283586501998
2.88, 0.312184508261015
2.89, 0.311535799156173
2.90, 0.310889701350239
2.91, 0.310246166422628
2.92, 0.309605171487944
2.93, 0.308966674702348
2.94, 0.308330648356197
2.95, 0.307697030294037
2.96, 0.307065822869238
2.97, 0.306437200446421
2.98, 0.30581559681229
2.99, 0.305196279106422
3.00, 0.304579207628397
3.01, 0.304039277915041
3.02, 0.303535423701812
3.03, 0.303033287467278
3.04, 0.302532874899619
3.05, 0.302034190703975
3.06, 0.301537229818044
3.07, 0.301041986803057
3.08, 0.300548442027256
3.09, 0.300056610323716
3.10, 0.299566485548777
3.11, 0.299078058228855
3.12, 0.298591342103385
3.13, 0.298106301272958
3.14, 0.297622961978669
3.15, 0.297141307279754
3.16, 0.296661326327292
3.17, 0.296183014702172
3.18, 0.295706395086423
3.19, 0.295231437480324
3.20, 0.294758146222242
3.21, 0.29428652318787
3.22, 0.293816541133793
3.23, 0.29334822099383
3.24, 0.292881562325362
3.25, 0.292416529788916
3.26, 0.291953136502563
3.27, 0.291491390730816
3.28, 0.291031267773618
3.29, 0.290572774746277
3.30, 0.290115904758602
3.31, 0.289660652462865
3.32, 0.289207015317189
3.33, 0.28875497325743
3.34, 0.288304552734731
3.35, 0.287855723052654
3.36, 0.287408487414167
3.37, 0.286962844155685
3.38, 0.286518784880848
3.39, 0.286076304471607
3.40, 0.285635405224725
3.41, 0.285196070517263
3.42, 0.284758297129589
3.43, 0.284322099226016
3.44, 0.283887447889657
3.45, 0.283454333165654
3.46, 0.283022780763081
3.47, 0.282592759344384
3.48, 0.282164271375008
3.49, 0.281737323599906
3.50, 0.281311899206051
3.51, 0.280887976906273
3.52, 0.2804655865513
3.53, 0.28004470159737
3.54, 0.279625305676366
3.55, 0.279207419053258
3.56, 0.278791029892875
3.57, 0.278376115273643
3.58, 0.27796268733299
3.59, 0.277550733138459
3.60, 0.277140250300918
3.61, 0.276731229626496
3.62, 0.276323668739784
3.63, 0.275917564355508
3.64, 0.27551290376146
3.65, 0.275109683692523
3.66, 0.274707896129205
3.67, 0.27430753718894
3.68, 0.273908618326741
3.69, 0.27351110235862
3.70, 0.273115000703641
3.71, 0.272720314092822
3.72, 0.272327019673409
3.73, 0.271935119345611
3.74, 0.271544613787437
3.75, 0.271155485148703
3.76, 0.270767724842521
3.77, 0.270381352826455
3.78, 0.269996338079904
3.79, 0.269612674229219
3.80, 0.26923037451606
3.81, 0.268849418632294
3.82, 0.26846978960549
3.83, 0.268091511724568
3.84, 0.267714552793047
3.85, 0.267338912622025
3.86, 0.266964588278616
3.87, 0.266591574676854
3.88, 0.266219863892832
3.89, 0.265849437356428
3.90, 0.265480319571227
3.91, 0.265112472347594
3.92, 0.264745901514088
3.93, 0.264380612627683
3.94, 0.264016577415513
3.95, 0.263653800231895
3.96, 0.263292273487155
3.97, 0.262931996963557
3.98, 0.262572956351341
3.99, 0.262215138535448
4.00, 0.261858552758011
4.01, 0.261504587066166
4.02, 0.261151831942488
4.03, 0.260800280218376
4.04, 0.260449925020599
4.05, 0.260100744696641
4.06, 0.259752751963862
4.07, 0.259405936845312
4.08, 0.25906028398074
4.09, 0.258715795404768
4.10, 0.258372458019276
4.11, 0.258030259778683
4.12, 0.257689218462943
4.13, 0.257349305313234
4.14, 0.257010510318328
4.15, 0.256672852471581
4.16, 0.25633629311194
4.17, 0.25600084489393
4.18, 0.255666505232689
4.19, 0.255333248126685
4.20, 0.255001077685415
4.21, 0.254669989667516
4.22, 0.254339975725676
4.23, 0.25401102820915
4.24, 0.253683142711665
4.25, 0.253356301834184
4.26, 0.253030508634014
4.27, 0.252705754343197
4.28, 0.252382035149693
4.29, 0.252059344864721
4.30, 0.251737664223806
4.31, 0.251416995942258
4.32, 0.251097337915194
4.33, 0.250778668393104
4.34, 0.250460993937852
4.35, 0.250144298311253
4.36, 0.24982858041798
4.37, 0.249513838670364
4.38, 0.249200052492496
4.39, 0.248887225611348
4.40, 0.248575342979015
4.41, 0.248264398482227
4.42, 0.247954402287326
4.43, 0.247645319314524
4.44, 0.247337161472013
4.45, 0.247029912461824
4.46, 0.246723577696876
4.47, 0.246418137581408
4.48, 0.246113586552657
4.49, 0.245809928951187
4.50, 0.245507143976487
4.51, 0.245205226874395
4.52, 0.244904182008957
4.53, 0.24460398938214
4.54, 0.244304647439801
4.55, 0.244006144113048
4.56, 0.243708473971525
4.57, 0.243411640564132
4.58, 0.243115617413692
4.59, 0.242822852055024
4.60, 0.242529295190704
4.61, 0.242236546463526
4.62, 0.241944610370713
4.63, 0.241653458369471
4.64, 0.2413630954948
4.65, 0.241073512995989
4.66, 0.240784714301197
4.67, 0.240496674345493
4.68, 0.240209392099701
4.69, 0.239922876098901
4.70, 0.239637095673896
4.71, 0.23935205192127
4.72, 0.23906774339804
4.73, 0.238784158330857
4.74, 0.238501292823776
4.75, 0.238219137529686
4.76, 0.237937675901757
4.77, 0.237656921980079
4.78, 0.237376849425187
4.79, 0.237097459950456
4.80, 0.236818745040914
4.81, 0.236540699659543
4.82, 0.236263305549736
4.83, 0.235986569558507
4.84, 0.235710479400471
4.85, 0.235435030868866
4.86, 0.235160206469066
4.87, 0.23488600801803
4.88, 0.234612432263576
4.89, 0.234339455646507
4.90, 0.234067086748226
4.91, 0.233795318469601
4.92, 0.233524127511962
4.93, 0.233253523705154
4.94, 0.232983487698845
4.95, 0.232714024553185
4.96, 0.232445121864007
4.97, 0.232176765909422
4.98, 0.231908960504701
4.99, 0.231641685140652
5.00, 0.231374948053658
5.01, 0.231143951554022
5.02, 0.230887730970041
5.03, 0.230632210274483
5.04, 0.230377352401275
5.05, 0.230123164134003
5.06, 0.229869643207787
5.07, 0.229616765427562
5.08, 0.229364524141057
5.09, 0.229112922378916
5.10, 0.228861940271539
5.11, 0.228611570989307
5.12, 0.22836182610107
5.13, 0.228112664780443
5.14, 0.227864093455543
5.15, 0.22761610704093
5.16, 0.227368693120681
5.17, 0.227121852398223
5.18, 0.226875564088088
5.19, 0.226629812087312
5.20, 0.226384616432166
5.21, 0.226139949877378
5.22, 0.225895796340562
5.23, 0.22565216389201
5.24, 0.22540903776247
5.25, 0.225166415197696
5.26, 0.224924282496527
5.27, 0.224682621648009
5.28, 0.224441450419461
5.29, 0.224200732719266
5.30, 0.223960471652005
5.31, 0.223720667464611
5.32, 0.223481294368287
5.33, 0.223242360047247
5.34, 0.223003850233253
5.35, 0.222765756673207
5.36, 0.222528069158841
5.37, 0.222290779628797
5.38, 0.222053883761765
5.39, 0.221817369017525
5.40, 0.221581239907126
5.41, 0.221345467114117
5.42, 0.22111006363369
5.43, 0.220875000762965
5.44, 0.220640292104237
5.45, 0.220405908319462
5.46, 0.220171860757843
5.47, 0.219938122144207
5.48, 0.219704697429462
5.49, 0.219471573426275
5.50, 0.219238754832822
5.51, 0.219006215014099
5.52, 0.218773954694298
5.53, 0.218541966901192
5.54, 0.218310241642083
5.55, 0.218078771857512
5.56, 0.217847553283952
5.57, 0.217616571509488
5.58, 0.217385814309663
5.59, 0.217155289354411
5.60, 0.216924974954982
5.61, 0.216694867342821
5.62, 0.216464960839011
5.63, 0.216235248457578
5.64, 0.216005721307603
5.65, 0.215776361002411
5.66, 0.21554717327131
5.67, 0.21531815466219
5.68, 0.21508928389888
5.69, 0.214855860745805
5.70, 0.21462132553148
5.71, 0.214386929946022
5.72, 0.21415263284994
5.73, 0.213918456293466
5.74, 0.21368438763284
5.75, 0.213450401456148
5.76, 0.21321650970939
5.77, 0.212982695170926
5.78, 0.212748947084557
5.79, 0.212515265139951
5.80, 0.212281641871807
5.81, 0.212048061603573
5.82, 0.211814524306318
5.83, 0.211581022084396
5.84, 0.21134754013106
5.85, 0.211114086434516
5.86, 0.210880630971318
5.87, 0.210647179625589
5.88, 0.210413735896195
5.89, 0.210180274471004
5.90, 0.209946785844795
5.91, 0.209713265178408
5.92, 0.209479720278376
5.93, 0.209246129145846
5.94, 0.209012491270764
5.95, 0.208778789454241
5.96, 0.208545027482365
5.97, 0.208311186399318
5.98, 0.208077267894559
5.99, 0.207843256913373
6.00, 0.207609165663304
6.01, 0.207394302060061
6.02, 0.207201679520406
6.03, 0.20700943777082
6.04, 0.206817564252227
6.05, 0.206626069135884
6.06, 0.206434940162182
6.07, 0.206244173790482
6.08, 0.206053782157072
6.09, 0.205863763358196
6.10, 0.205674105206121
6.11, 0.205484815851429
6.12, 0.205295884625951
6.13, 0.205107309123661
6.14, 0.204919099021093
6.15, 0.204731252364304
6.16, 0.204543758820485
6.17, 0.204356615993853
6.18, 0.204169832247066
6.19, 0.203983396771866
6.20, 0.203797308688358
6.21, 0.203611586137595
6.22, 0.20342619792742
6.23, 0.203241162194945
6.24, 0.20305646885548
6.25, 0.202872115376693
6.26, 0.202688110518184
6.27, 0.202504444011021
6.28, 0.20232112405751
6.29, 0.20213813914867
6.30, 0.201955497842934
6.31, 0.201773178962852
6.32, 0.201591202197639
6.33, 0.201409564243147
6.34, 0.20122824666899
6.35, 0.201047265808041
6.36, 0.200866622143446
6.37, 0.200686292827739
6.38, 0.200506298068564
6.39, 0.200326635440681
6.40, 0.200147285061911
6.41, 0.199968264495698
6.42, 0.199789563250578
6.43, 0.199611189485503
6.44, 0.19943312262469
6.45, 0.199255390723605
6.46, 0.199077964231723
6.47, 0.198900850369023
6.48, 0.198724057861289
6.49, 0.198547576657692
6.50, 0.198371403616656
6.51, 0.198195550482805
6.52, 0.19801999511875
6.53, 0.197844765001654
6.54, 0.197669830357182
6.55, 0.197495199175767
6.56, 0.197320881145526
6.57, 0.197146854577355
6.58, 0.196973148922254
6.59, 0.196799732415218
6.60, 0.19662661393831
6.61, 0.196453802703718
6.62, 0.19628128792796
6.63, 0.196109057610224
6.64, 0.195937141947097
6.65, 0.19576550785045
6.66, 0.195594166590235
6.67, 0.195423124087314
6.68, 0.195252373449826
6.69, 0.195081910001465
6.70, 0.194911734647482
6.71, 0.194741845655618
6.72, 0.19457224209106
6.73, 0.194402932677259
6.74, 0.194233906185953
6.75, 0.194065152637735
6.76, 0.193896689348042
6.77, 0.193728507290435
6.78, 0.193560604021845
6.79, 0.193392988725309
6.80, 0.193225640673968
6.81, 0.1930585683257
6.82, 0.192891781414136
6.83, 0.192725258850945
6.84, 0.192559017604237
6.85, 0.192393049956414
6.86, 0.192227353510641
6.87, 0.192061916850556
6.88, 0.191896759774531
6.89, 0.191731870744879
6.90, 0.191567248688916
6.91, 0.191402893456678
6.92, 0.191238813051945
6.93, 0.19107497699725
6.94, 0.190911425026822
6.95, 0.190748124904438
6.96, 0.190585086197297
6.97, 0.190422318484373
6.98, 0.190259799853455
6.99, 0.190097540204928
7.00, 0.189945018633819
7.01, 0.189812416676114
7.02, 0.189680218801592
7.03, 0.189548430730654
7.04, 0.189417032129284
7.05, 0.189286041582199
7.06, 0.189155435916593
7.07, 0.189025225857915
7.08, 0.188895417669706
7.09, 0.188765991055525
7.10, 0.188636953587025
7.11, 0.1885083135754
7.12, 0.188380050622901
7.13, 0.188252171582393
7.14, 0.188124676463094
7.15, 0.187997562202817
7.16, 0.187870828154787
7.17, 0.187745357340346
7.18, 0.187620735242008
7.19, 0.187496465812579
7.20, 0.187372583425884
7.21, 0.187249071250797
7.22, 0.187125930521919
7.23, 0.187003149710255
7.24, 0.186880746129851
7.25, 0.186758699503342
7.26, 0.186637028172005
7.27, 0.186515709909745
7.28, 0.186394753321886
7.29, 0.186274156590852
7.30, 0.186153930390857
7.31, 0.186034041208865
7.32, 0.185914518098319
7.33, 0.185795349300218
7.34, 0.185676535863014
7.35, 0.185558062650455
7.36, 0.18543994985641
7.37, 0.185322177726897
7.38, 0.185204751851708
7.39, 0.185087673597674
7.40, 0.184970940120638
7.41, 0.184854550486105
7.42, 0.18473850289677
7.43, 0.184622786290898
7.44, 0.184507408956421
7.45, 0.184392381556205
7.46, 0.184277679295136
7.47, 0.184163314541498
7.48, 0.184049271723861
7.49, 0.18393557356541
7.50, 0.183822207148958
7.51, 0.183709160949445
7.52, 0.183596443927089
7.53, 0.183484055183536
7.54, 0.183371982238342
7.55, 0.183260244824351
7.56, 0.183148831994275
7.57, 0.183037720712709
7.58, 0.182926952077978
7.59, 0.182816493218021
7.60, 0.182706344423671
7.61, 0.182596523531801
7.62, 0.182487007438836
7.63, 0.182377808926353
7.64, 0.182268923089598
7.65, 0.182160350091152
7.66, 0.182052079935175
7.67, 0.18194411905358
7.68, 0.181836468878287
7.69, 0.181729127208779
7.70, 0.181622091046107
7.71, 0.181515352108202
7.72, 0.1814089177865
7.73, 0.181302785277776
7.74, 0.181196956444312
7.75, 0.181091418664733
7.76, 0.18098618153849
7.77, 0.180881243263453
7.78, 0.180776601913903
7.79, 0.180672247689064
7.80, 0.180568199705939
7.81, 0.180464434777248
7.82, 0.180360954792178
7.83, 0.180257775981714
7.84, 0.180154878685699
7.85, 0.180052271601294
7.86, 0.179949953345655
7.87, 0.179847912596738
7.88, 0.179746159103403
7.89, 0.179644692044574
7.90, 0.179543508262332
7.91, 0.179442598609406
7.92, 0.179341971576175
7.93, 0.179241626118089
7.94, 0.179141550505785
7.95, 0.179041764915172
7.96, 0.178942238565343
7.97, 0.178842998699795
7.98, 0.178744023891862
7.99, 0.178645326322722
8.00, 0.178546901843946
8.01, 0.178448741436632
8.02, 0.178350852682001
8.03, 0.178253235709501
8.04, 0.178155888765425
8.05, 0.178058800914157
8.06, 0.177961982254496
8.07, 0.177865420221501
8.08, 0.17776913369466
8.09, 0.177673104390225
8.10, 0.177577328447613
8.11, 0.177481815768904
8.12, 0.177386575358478
8.13, 0.17729157733376
8.14, 0.177196839728826
8.15, 0.177102360726936
8.16, 0.177008141787808
8.17, 0.176914169472033
8.18, 0.176820453705399
8.19, 0.176726985634497
8.20, 0.17663378100431
8.21, 0.176540820464049
8.22, 0.176448102978027
8.23, 0.176355639205818
8.24, 0.176263425783459
8.25, 0.176171461704828
8.26, 0.176079739231157
8.27, 0.175988263841993
8.28, 0.175897027029178
8.29, 0.175806037010774
8.30, 0.175715291375134
8.31, 0.175624783849396
8.32, 0.175534518084937
8.33, 0.175444485854629
8.34, 0.175354707000879
8.35, 0.175265150037612
8.36, 0.17517584272925
8.37, 0.175086766344427
8.38, 0.174997919262899
8.39, 0.174909318934456
8.40, 0.174820937490088
8.41, 0.174732801694153
8.42, 0.17464489108669
8.43, 0.174557217274608
8.44, 0.174469766209987
8.45, 0.174382547302453
8.46, 0.174295553265562
8.47, 0.174208789792852
8.48, 0.174122256673382
8.49, 0.174035944769339
8.50, 0.173949860695423
8.51, 0.173863996477756
8.52, 0.173778369071744
8.53, 0.173692948181934
8.54, 0.173607753757975
8.55, 0.173522784672859
8.56, 0.173438039072852
8.57, 0.173353508625913
8.58, 0.17326919037322
8.59, 0.173185094169664
8.60, 0.173101219537647
8.61, 0.173017555463559
8.62, 0.172934111086126
8.63, 0.172850877149574
8.64, 0.172767859788448
8.65, 0.172685061588782
8.66, 0.17260246867375
8.67, 0.172520093095388
8.68, 0.172437921961185
8.69, 0.172355956631562
8.70, 0.172274214042747
8.71, 0.172192675761581
8.72, 0.172111339574213
8.73, 0.172030214633342
8.74, 0.171949291763418
8.75, 0.171868578184707
8.76, 0.171788074267262
8.77, 0.171707769585129
8.78, 0.171627673885993
8.79, 0.171547774742554
8.80, 0.171468082403916
8.81, 0.171388586164455
8.82, 0.17130929572864
8.83, 0.171230199379976
8.84, 0.171151307896531
8.85, 0.171072608569522
8.86, 0.17099412320527
8.87, 0.170915818674182
8.88, 0.170837716408255
8.89, 0.170759804520395
8.90, 0.170682092237984
8.91, 0.170604579554524
8.92, 0.17052725574211
8.93, 0.170450119153158
8.94, 0.170373180425941
8.95, 0.170296438411194
8.96, 0.170219882506597
8.97, 0.170143521707745
8.98, 0.170067346116032
8.99, 0.169991353479038
9.00, 0.169915565715213
9.01, 0.169839950239614
9.02, 0.169764526298858
9.03, 0.169689295244126
9.04, 0.16961424382176
9.05, 0.169539372820128
9.06, 0.169464701942437
9.07, 0.169390200568824
9.08, 0.169315886289439
9.09, 0.169241760920591
9.10, 0.169167812263353
9.11, 0.169094040323614
9.12, 0.169020464404302
9.13, 0.168947053762001
9.14, 0.16887382832678
9.15, 0.168800786736624
9.16, 0.168727909219666
9.17, 0.168655223611022
9.18, 0.168582711559358
9.19, 0.168510370418017
9.20, 0.168438211076351
9.21, 0.168366232470521
9.22, 0.16829441354575
9.23, 0.168222774300873
9.24, 0.168151314003816
9.25, 0.168080021537678
9.26, 0.168008907090455
9.27, 0.167937960261765
9.28, 0.167867189161026
9.29, 0.167796585089061
9.30, 0.167726146361296
9.31, 0.167655882358606
9.32, 0.167585793408552
9.33, 0.167515867607066
9.34, 0.167446105370742
9.35, 0.167376514691942
9.36, 0.167307087600715
9.37, 0.167237831606677
9.38, 0.167168737418078
9.39, 0.167099812692082
9.40, 0.167031039060953
9.41, 0.166962444158271
9.42, 0.166894008221467
9.43, 0.166825731228031
9.44, 0.166757621576749
9.45, 0.166689669748738
9.46, 0.166621884874461
9.47, 0.166554255981208
9.48, 0.166486783220354
9.49, 0.166419474699023
9.50, 0.166352332439589
9.51, 0.16628534383724
9.52, 0.166218508690998
9.53, 0.166151836699038
9.54, 0.166085318492772
9.55, 0.166018951803575
9.56, 0.165952746649284
9.57, 0.165886703336036
9.58, 0.165820799650554
9.59, 0.165755067224569
9.60, 0.165689474139539
9.61, 0.165624040409677
9.62, 0.165558765348473
9.63, 0.165493638801934
9.64, 0.165428659447511
9.65, 0.165363838206871
9.66, 0.165299162875036
9.67, 0.165234644313724
9.68, 0.165170272206698
9.69, 0.165106044657802
9.70, 0.165041972016655
9.71, 0.16497804461175
9.72, 0.164914270160276
9.73, 0.164850640228592
9.74, 0.164787152891862
9.75, 0.164723817551155
9.76, 0.164660624956212
9.77, 0.164597584111725
9.78, 0.164534684028884
9.79, 0.164471925246511
9.80, 0.164409316014406
9.81, 0.164346847166347
9.82, 0.164284527982126
9.83, 0.164222347074312
9.84, 0.164160304931572
9.85, 0.164098410360253
9.86, 0.164036653152983
9.87, 0.163975034297849
9.88, 0.163913561274008
9.89, 0.163852234759837
9.90, 0.163791034459179
9.91, 0.163729979481496
9.92, 0.163669069386094
9.93, 0.163608292891667
9.94, 0.163547651502372
9.95, 0.163487153678571
9.96, 0.163426779077448
9.97, 0.163366557113139
9.98, 0.163306458127703
9.99, 0.163246509739053
10.00, 0.163186684382543
10.01, 0.163164933156747
10.02, 0.163141063661618
10.03, 0.163117259988159
10.04, 0.163093512790005
10.05, 0.163069820571704
10.06, 0.163046193986041
10.07, 0.163022622605311
10.08, 0.162999106502107
10.09, 0.162975655684216
10.10, 0.162952259161096
10.11, 0.162928926729309
10.12, 0.162905649252327
10.13, 0.162882426227726
10.14, 0.162859257033385
10.15, 0.162836150706083
10.16, 0.162813108818405
10.17, 0.162790110091695
10.18, 0.162767084614672
10.19, 0.162742740735724
10.20, 0.162718471153438
10.21, 0.162694262571879
10.22, 0.162670107232689
10.23, 0.162646024819789
10.24, 0.162622003193955
10.25, 0.162598044051157
10.26, 0.162574146717238
10.27, 0.162550310886111
10.28, 0.162526537322964
10.29, 0.162502823928365
10.30, 0.162479181117924
10.31, 0.162455590362747
10.32, 0.162432059940264
10.33, 0.16240860015404
10.34, 0.162385190220197
10.35, 0.162361840965666
10.36, 0.162338561341065
10.37, 0.162315331931432
10.38, 0.162292171310946
10.39, 0.162269061509105
10.40, 0.162246020433628
10.41, 0.162223028200608
10.42, 0.162200104961486
10.43, 0.162177231068699
10.44, 0.162154425089413
10.45, 0.162131668161994
10.46, 0.162108979147331
10.47, 0.162086338731748
10.48, 0.16206375600548
10.49, 0.162041241913483
10.50, 0.162018774307328
10.51, 0.161996374212139
10.52, 0.161974022363851
10.53, 0.161951726784974
10.54, 0.161929498732878
10.55, 0.161907317939778
10.56, 0.161885193627338
10.57, 0.161863125646157
10.58, 0.161841114101746
10.59, 0.161819158424596
10.60, 0.161797259236029
10.61, 0.161775415513931
10.62, 0.161753618804869
10.63, 0.161731886646768
10.64, 0.161710200125553
10.65, 0.161688579138383
10.66, 0.161667003225827
10.67, 0.161645491980928
10.68, 0.161624026480887
10.69, 0.161602614510037
10.70, 0.161581257858694
10.71, 0.161559955368123
10.72, 0.161538707263898
10.73, 0.161517503443965
10.74, 0.16149636383659
10.75, 0.16147526766764
10.76, 0.16145422488007
10.77, 0.161433246050053
10.78, 0.161412310375905
10.79, 0.161391418441249
10.80, 0.161370589308845
10.81, 0.161349812958708
10.82, 0.161329080021488
10.83, 0.161308408839401
10.84, 0.161287780952453
10.85, 0.16126720562444
10.86, 0.161246681968905
10.87, 0.161226200779368
10.88, 0.161205781379009
10.89, 0.161185403860961
10.90, 0.161165088149119
10.91, 0.161144814078207
10.92, 0.1611245814986
10.93, 0.161104410012435
10.94, 0.161084289919921
10.95, 0.161064211279605
10.96, 0.161044183098006
10.97, 0.161024205673662
10.98, 0.16100426827313
10.99, 0.160984392577184
11.00, 0.160964556871773
11.01, 0.160944770973793
11.02, 0.160925035645528
11.03, 0.160905350026844
11.04, 0.160885704529957
11.05, 0.160866118284722
11.06, 0.160846572703821
11.07, 0.160827065993793
11.08, 0.160807618224246
11.09, 0.160788209850163
11.10, 0.160768850999186
11.11, 0.16074954046165
11.12, 0.160730279554008
11.13, 0.160711056773536
11.14, 0.160691883175336
11.15, 0.160672757810126
11.16, 0.160653680393216
11.17, 0.160634642182727
11.18, 0.160615660888496
11.19, 0.16059670798395
11.20, 0.160577813335156
11.21, 0.160558956331294
11.22, 0.160540146666438
11.23, 0.160521384671482
11.24, 0.160502669731902
11.25, 0.160483993176342
11.26, 0.160465362159756
11.27, 0.16044677958137
11.28, 0.160428233642188
11.29, 0.160409733778269
11.30, 0.160391281455374
11.31, 0.160372874670068
11.32, 0.160354505064964
11.33, 0.16033618170722
11.34, 0.16031790438348
11.35, 0.160299663473198
11.36, 0.160281468658073
11.37, 0.160263319850863
11.38, 0.160245205943554
11.39, 0.160227148947831
11.40, 0.160209116722977
11.41, 0.160191139316522
11.42, 0.160173198452264
11.43, 0.160155302137226
11.44, 0.16013744139664
11.45, 0.160119635180258
11.46, 0.160101854087209
11.47, 0.160086130616334
11.48, 0.160070790461774
11.49, 0.160055494784232
11.50, 0.16004024373362
11.51, 0.160025026595892
11.52, 0.16000985469448
11.53, 0.159994715815246
11.54, 0.159979631879866
11.55, 0.159964571019762
11.56, 0.159949554402476
11.57, 0.159934592058534
11.58, 0.159919662783722
11.59, 0.159904766628005
11.60, 0.159889914515463
11.61, 0.159875105617847
11.62, 0.159860329575475
11.63, 0.159845596960179
11.64, 0.159830897515184
11.65, 0.159816240214944
11.66, 0.159801626388261
11.67, 0.159787055051144
11.68, 0.159772516552113
11.69, 0.159758010113316
11.70, 0.159743556685027
11.71, 0.159729124971083
11.72, 0.159714745534249
11.73, 0.159700398736437
11.74, 0.159686093413269
11.75, 0.15967181960668
11.76, 0.159657588542321
11.77, 0.15964338868461
11.78, 0.159629240515035
11.79, 0.159615113868167
11.80, 0.159601029247903
11.81, 0.159586985219903
11.82, 0.159572982861531
11.83, 0.159559010950905
11.84, 0.159545080325033
11.85, 0.159531181088958
11.86, 0.159517312716632
11.87, 0.159503494610761
11.88, 0.159489708137607
11.89, 0.159475950729775
11.90, 0.159462234569224
11.91, 0.159448559272759
11.92, 0.159434913913692
11.93, 0.159421308643711
11.94, 0.159407733826226
11.95, 0.159394199100763
11.96, 0.15938070397609
11.97, 0.159367239174105
11.98, 0.159353803573114
11.99, 0.159340417550398
12.00, 0.159327051631651
12.01, 0.15931372490208
12.02, 0.159300438081424
12.03, 0.159287180214876
12.04, 0.159273961956196
12.05, 0.159260782520699
12.06, 0.159247632345856
12.07, 0.159234510836733
12.08, 0.159221428034156
12.09, 0.159208384703992
12.10, 0.159195369571784
12.11, 0.159182393755874
12.12, 0.159169445624737
12.13, 0.159156526737464
12.14, 0.159143645803766
12.15, 0.159130803386343
12.16, 0.15911798904744
12.17, 0.159105212928704
12.18, 0.159092474210655
12.19, 0.159079755084011
12.20, 0.159067072786478
12.21, 0.159054427649497
12.22, 0.159041821390265
12.23, 0.159029232244048
12.24, 0.159016690568242
12.25, 0.159004177185828
12.26, 0.15899169038391
12.27, 0.158979241243088
12.28, 0.158966818696504
12.29, 0.158954434494248
12.30, 0.158942086587638
12.31, 0.158929755907642
12.32, 0.158917471918241
12.33, 0.158905215252569
12.34, 0.158892985200199
12.35, 0.158880791682812
12.36, 0.158868625482877
12.37, 0.158856494760434
12.38, 0.158844390951134
12.39, 0.158832323570191
12.40, 0.158820283032283
12.41, 0.158808277842697
12.42, 0.158796299364809
12.43, 0.158784356645574
12.44, 0.158772440271401
12.45, 0.158760559611461
12.46, 0.158748704896766
12.47, 0.158736876095637
12.48, 0.158725082479468
12.49, 0.158713325196012
12.50, 0.158701583287166
12.51, 0.158689886570515
12.52, 0.158678215531939
12.53, 0.158666569977221
12.54, 0.158654959534386
12.55, 0.158643374010411
12.56, 0.158631823807596
12.57, 0.158620298864429
12.58, 0.158608799125912
12.59, 0.158597333923386
12.60, 0.158585903744658
12.61, 0.158574497684309
12.62, 0.158563117801814
12.63, 0.158551771501681
12.64, 0.158540449396868
12.65, 0.158529162834454
12.66, 0.158517900328352
12.67, 0.158506672138098
12.68, 0.15849546815226
12.69, 0.158484288449498
12.70, 0.158473142577032
12.71, 0.158462021231112
12.72, 0.158450933983676
12.73, 0.158439870169212
12.74, 0.158428840456414
12.75, 0.158417834907115
12.76, 0.158406862969924
12.77, 0.158395904821847
12.78, 0.15838499010697
12.79, 0.158374088632169
12.80, 0.15836322102315
12.81, 0.158352386840282
12.82, 0.15834157587182
12.83, 0.15833078832672
12.84, 0.158320043944149
12.85, 0.158309312787965
12.86, 0.158298604606556
12.87, 0.158287929670632
12.88, 0.158277287281072
12.89, 0.158266658372531
12.90, 0.158256072052834
12.91, 0.158245498571538
12.92, 0.158234957333859
12.93, 0.158224449131934
12.94, 0.158213963520353
12.95, 0.158203500519206
12.96, 0.158193069932006
12.97, 0.158182661649891
12.98, 0.158172276018308
12.99, 0.158161922115004
13.00, 0.158151590835838
13.01, 0.158141291346914
13.02, 0.158131014588208
13.03, 0.158120759129118
13.04, 0.158110536355752
13.05, 0.158100345135463
13.06, 0.158090165556185
13.07, 0.158080017808696
13.08, 0.158069892668106
13.09, 0.158059798268395
13.10, 0.158049725708361
13.11, 0.158039674507912
13.12, 0.158029655355479
13.13, 0.158019657511177
13.14, 0.158009690722356
13.15, 0.157999745097347
13.16, 0.157989821262307
13.17, 0.157979928499427
13.18, 0.15797005684854
13.19, 0.157960216444355
13.20, 0.157950386851219
13.21, 0.157940598241075
13.22, 0.157930820415933
13.23, 0.157921073864323
13.24, 0.15791134779033
13.25, 0.157901652527776
13.26, 0.157891978347453
13.27, 0.157882324171327
13.28, 0.157872700536823
13.29, 0.157863098321201
13.30, 0.157853525588696
13.31, 0.157843963950646
13.32, 0.157834432368004
13.33, 0.157824931005759
13.34, 0.157815449940454
13.35, 0.157805989656185
13.36, 0.157796548857764
13.37, 0.15778713840028
13.38, 0.15777774754451
13.39, 0.157768387216316
13.40, 0.157759046787791
13.41, 0.157749725902509
13.42, 0.157740435155579
13.43, 0.157731164153587
13.44, 0.157721912727061
13.45, 0.157712691015207
13.46, 0.157703488657136
13.47, 0.157694306795654
13.48, 0.157685153636273
13.49, 0.157676009733699
13.50, 0.157666906112413
13.51, 0.157657821293223
13.52, 0.157648745668702
13.53, 0.157639709241868
13.54, 0.157630682163532
13.55, 0.157621684363737
13.56, 0.157612715534256
13.57, 0.157603755974646
13.58, 0.157594825179335
13.59, 0.157585913238594
13.60, 0.157577030593744
13.61, 0.157568166673006
13.62, 0.157559321117344
13.63, 0.157550505033414
13.64, 0.157541696959114
13.65, 0.157532928010382
13.66, 0.157524167718967
13.67, 0.157515435628554
13.68, 0.157506722119005
13.69, 0.157498036807363
13.70, 0.157489360620139
13.71, 0.157480711941416
13.72, 0.157472092642566
13.73, 0.157463490632872
13.74, 0.157454897062685
13.75, 0.157446342310061
13.76, 0.157437794901921
13.77, 0.15742927584595
13.78, 0.157420784590039
13.79, 0.157412301967108
13.80, 0.157403846718811
13.81, 0.157395409456188
13.82, 0.157386990060989
13.83, 0.157378598374537
13.84, 0.157370224471711
13.85, 0.157361878790839
13.86, 0.157353539952651
13.87, 0.157345228913348
13.88, 0.157336935823647
13.89, 0.157328670026754
13.90, 0.157320421704091
13.91, 0.157312190610021
13.92, 0.157303977186493
13.93, 0.157295790879351
13.94, 0.157287622361174
13.95, 0.157279470709246
13.96, 0.157271346249672
13.97, 0.157263239154903
13.98, 0.157255148789566
13.99, 0.157247086003408
14.00, 0.157239030067303
14.01, 0.157231000873798
14.02, 0.157222998582055
14.03, 0.157215003780109
14.04, 0.15720703560566
14.05, 0.157199083923942
14.06, 0.157191149077595
14.07, 0.157183241127365
14.08, 0.157175349805664
14.09, 0.157167475330202
14.10, 0.157159627462535
14.11, 0.157151786010161
14.12, 0.157143980965762
14.13, 0.157136182074797
14.14, 0.157128400266438
14.15, 0.157120654636064
14.16, 0.157112915250044
14.17, 0.157105192271995
14.18, 0.157097495600297
14.19, 0.157089815331719
14.20, 0.157082150724898
14.21, 0.157074513095037
14.22, 0.157066880826349
14.23, 0.157059274481725
14.24, 0.157051694751523
14.25, 0.157044120535622
14.26, 0.157036572527203
14.27, 0.157029040213973
14.28, 0.15702153410347
14.29, 0.157014033783971
14.30, 0.157006559202371
14.31, 0.156999099974608
14.32, 0.156991657069372
14.33, 0.156983732722826
14.34, 0.156974236699139
14.35, 0.156964756191427
14.36, 0.156955302033435
14.37, 0.156945863394084
14.38, 0.156936430704335
14.39, 0.156927033981967
14.40, 0.156917642758642
14.41, 0.156908277403845
14.42, 0.156898927360609
14.43, 0.156889593188137
14.44, 0.156880274560842
14.45, 0.156870981536332
14.46, 0.156861704057669
14.47, 0.156852442105485
14.48, 0.156843205502003
14.49, 0.156833984162887
14.50, 0.156824768494923
14.51, 0.156815587448397
14.52, 0.156806412197821
14.53, 0.156797262541359
14.54, 0.156788127711922
14.55, 0.156779007770331
14.56, 0.156769903196417
14.57, 0.156760824045492
14.58, 0.156751759604502
14.59, 0.156742710345492
14.60, 0.1567336758967
14.61, 0.15672466626379
14.62, 0.156715662194246
14.63, 0.156706692704251
14.64, 0.156697727548546
14.65, 0.156688777872608
14.66, 0.15667985276548
14.67, 0.156670942039718
14.68, 0.156662046465507
14.69, 0.15665317525928
14.70, 0.156644319274077
14.71, 0.156635467655441
14.72, 0.156626650039373
14.73, 0.15661783793603
14.74, 0.156609049866053
14.75, 0.156600275982641
14.76, 0.156591516228394
14.77, 0.156582771663423
14.78, 0.156574050966803
14.79, 0.156565334644568
14.80, 0.156556642859366
14.81, 0.156547975240321
14.82, 0.156539312181114
14.83, 0.156530662856961
14.84, 0.156522037746418
14.85, 0.156513426558869
14.86, 0.156504840269749
14.87, 0.156496257256416
14.88, 0.15648769827513
14.89, 0.156479153876786
14.90, 0.156470623009373
14.91, 0.156462105978589
14.92, 0.156453613147261
14.93, 0.156445133632313
14.94, 0.156436668673574
14.95, 0.156428217365389
14.96, 0.156419789334274
14.97, 0.156411365573148
14.98, 0.15640296527597
14.99, 0.156394588357016
15.00, 0.156386215461463
15.01, 0.156377855865864
15.02, 0.156369520351849
15.03, 0.15636119805267
15.04, 0.156352889260772
15.05, 0.1563445941334
15.06, 0.15633632210898
15.07, 0.156328063619651
15.08, 0.156319818857242
15.09, 0.156311586790771
15.10, 0.156303378912019
15.11, 0.156295173545126
15.12, 0.156286991797625
15.13, 0.156278823321196
15.14, 0.156270668136442
15.15, 0.15626253555745
15.16, 0.156254406528069
15.17, 0.156246300884072
15.18, 0.156238207588708
15.19, 0.156230137758892
15.20, 0.156222070971443
15.21, 0.156214027472544
15.22, 0.156205986507316
15.23, 0.156197968335314
15.24, 0.156189973742197
15.25, 0.156181981520613
15.26, 0.156174012114394
15.27, 0.156166055553808
15.28, 0.156158112119882
15.29, 0.156150180623471
15.30, 0.156142262831835
15.31, 0.156134367422936
15.32, 0.15612648434693
15.33, 0.156118614165024
15.34, 0.156110756651305
15.35, 0.156102911246488
15.36, 0.156095088590185
15.37, 0.156087278677859
15.38, 0.156079481532266
15.39, 0.156071696144677
15.40, 0.156063923816525
15.41, 0.156056163110992
15.42, 0.156048435804988
15.43, 0.156040700313106
15.44, 0.156032987244365
15.45, 0.156025296462698
15.46, 0.15601760766448
15.47, 0.156009941357601
15.48, 0.156002287352367
15.49, 0.155994645364602
15.50, 0.155987015831864
15.51, 0.155979398211502
15.52, 0.155971802728951
15.53, 0.155964209228368
15.54, 0.155956647868611
15.55, 0.15594908830074
15.56, 0.155941541212306
15.57, 0.155934005647008
15.58, 0.155926492212898
15.59, 0.155918990833212
15.60, 0.155911500798856
15.61, 0.155904023326314
15.62, 0.155896557530697
15.63, 0.155889113082158
15.64, 0.155881680790985
15.65, 0.155874250235693
15.66, 0.155866851491092
15.67, 0.15585945413101
15.68, 0.155852068512977
15.69, 0.155844705110132
15.70, 0.155837342835909
15.71, 0.155830002175945
15.72, 0.155822683094874
15.73, 0.155815365692878
15.74, 0.155808060143149
15.75, 0.155800775551377
15.76, 0.155793502169049
15.77, 0.155786240996127
15.78, 0.155778990808824
15.79, 0.155771752031929
15.80, 0.155764534725448
15.81, 0.155757318740364
15.82, 0.155750123936796
15.83, 0.155742940794524
15.84, 0.155735768618949
15.85, 0.155728617537059
15.86, 0.155721468224482
15.87, 0.155714339878746
15.88, 0.155707222807084
15.89, 0.155700116484345
15.90, 0.155693021476865
15.91, 0.155685937402052
15.92, 0.15567886460175
15.93, 0.155671813306494
15.94, 0.155664772380884
15.95, 0.155657742757288
15.96, 0.155650723586065
15.97, 0.155643716398633
15.98, 0.155636729387206
15.99, 0.155629753268227
16.00, 0.155622778433421
16.01, 0.155615824290371
16.02, 0.155608880930359
16.03, 0.155601948340868
16.04, 0.155595036781242
16.05, 0.155588125357557
16.06, 0.15558123532493
16.07, 0.15557435601405
16.08, 0.1555674871661
16.09, 0.155560628729715
16.10, 0.155553781482328
16.11, 0.155546954709153
16.12, 0.155540138612202
16.13, 0.15553332291373
16.14, 0.155526527775992
16.15, 0.155519752993589
16.16, 0.155512978922349
16.17, 0.155506215652355
16.18, 0.155499472500004
16.19, 0.155492739658658
16.20, 0.155486007911854
16.21, 0.155479305899227
16.22, 0.155472604333815
16.23, 0.15546591315569
16.24, 0.155459242736349
16.25, 0.155452572281874
16.26, 0.155445922018009
16.27, 0.155439282726624
16.28, 0.155432653079706
16.29, 0.155426033540406
16.30, 0.155419434299735
16.31, 0.155412834827565
16.32, 0.155406256745862
16.33, 0.155399687601644
16.34, 0.155393128797728
16.35, 0.155386580463727
16.36, 0.155380042419747
16.37, 0.155373513703064
16.38, 0.155367005409752
16.39, 0.155360507653894
16.40, 0.155354008947383
16.41, 0.155347530193596
16.42, 0.155341072616291
16.43, 0.155334613541073
16.44, 0.155328165448528
16.45, 0.155321736721169
16.46, 0.155315307658475
16.47, 0.155308898895331
16.48, 0.155302499467641
16.49, 0.155296110530019
16.50, 0.155289740749578
16.51, 0.155283371109575
16.52, 0.155277020831446
16.53, 0.155270670808784
16.54, 0.155264339756425
16.55, 0.155258019011918
16.56, 0.155251707842982
16.57, 0.155245406000834
16.58, 0.15523912371554
16.59, 0.15523284134901
16.60, 0.155226578679318
16.61, 0.155220325103551
16.62, 0.155214071906594
16.63, 0.155207847070895
16.64, 0.155201622636637
16.65, 0.155195407125753
16.66, 0.155189211598784
16.67, 0.155183014916412
16.68, 0.155176828230289
16.69, 0.155170670753213
16.70, 0.155164512394586
16.71, 0.15515836380437
16.72, 0.155152224317123
16.73, 0.155146093968164
16.74, 0.155139983276689
16.75, 0.155133871556081
16.76, 0.155127779639341
16.77, 0.155121696331228
16.78, 0.155115622869708
16.79, 0.155109557900029
16.80, 0.155103502507707
16.81, 0.155097466577201
16.82, 0.155091429433902
16.83, 0.155085411633161
16.84, 0.155079402441157
16.85, 0.155073402366885
16.86, 0.155067411959325
16.87, 0.155061430590071
16.88, 0.155055457909931
16.89, 0.155049504381432
16.90, 0.155043560161851
16.91, 0.155037614539913
16.92, 0.155031687931511
16.93, 0.155025770142518
16.94, 0.155019861413436
16.95, 0.155013961826096
16.96, 0.155008080851563
16.97, 0.155002198625926
16.98, 0.154996325524676
16.99, 0.154990471227056
17.00, 0.154984625774993
17.01, 0.154978789124391
17.02, 0.154972961188411
17.03, 0.154967141782928
17.04, 0.154961331573407
17.05, 0.154955540057294
17.06, 0.154949747049984
17.07, 0.154943972398388
17.08, 0.15493820690529
17.09, 0.154932449905046
17.10, 0.154926701616109
17.11, 0.15492096223699
17.12, 0.154915231206933
17.13, 0.154909509048052
17.14, 0.15490380510534
17.15, 0.154898109663216
17.16, 0.154892412593227
17.17, 0.154886734989196
17.18, 0.154881065057323
17.19, 0.154875403621857
17.20, 0.154868671312829
17.21, 0.154862681311247
17.22, 0.154856689821179
17.23, 0.15485071607406
17.24, 0.154844740524648
17.25, 0.154838783224885
17.26, 0.154832833810639
17.27, 0.154826891906638
17.28, 0.154820958319523
17.29, 0.15481503312571
17.30, 0.154809125447275
17.31, 0.154803215860766
17.32, 0.154797324658572
17.33, 0.154791430661512
17.34, 0.154785555147
17.35, 0.15477968696574
17.36, 0.154773826821917
17.37, 0.15476797460126
17.38, 0.154762130137481
17.39, 0.154756303581546
17.40, 0.154750474970776
17.41, 0.154744663877
17.42, 0.154738860255342
17.43, 0.154733054879057
17.44, 0.154727267553694
17.45, 0.154721497135473
17.46, 0.154715714943617
17.47, 0.154709960149516
17.48, 0.15470420339181
17.49, 0.154698463609346
17.50, 0.154692722278696
17.51, 0.154686998211887
17.52, 0.15468128159132
17.53, 0.1546755629767
17.54, 0.154669871444834
17.55, 0.154664177786284
17.56, 0.154658491903278
17.57, 0.154652813106744
17.58, 0.154647142321078
17.59, 0.154641488269421
17.60, 0.154635842076418
17.61, 0.154630193591658
17.62, 0.154624562232536
17.63, 0.154618938703427
17.64, 0.154613321933909
17.65, 0.154607713216988
17.66, 0.154602121979361
17.67, 0.154596527513957
17.68, 0.15459094087576
17.69, 0.154585371449736
17.70, 0.154579809447173
17.71, 0.154574244543623
17.72, 0.154568707054538
17.73, 0.154563156738815
17.74, 0.154557634243797
17.75, 0.154552108145532
17.76, 0.154546589545304
17.77, 0.154541078631045
17.78, 0.154535584813529
17.79, 0.154530088193051
17.80, 0.154524608366157
17.81, 0.154519136012055
17.82, 0.154513670738835
17.83, 0.154508212461365
17.84, 0.154502761834155
17.85, 0.154497318000943
17.86, 0.154491881348196
17.87, 0.154486461482508
17.88, 0.154481038952057
17.89, 0.15447563331227
17.90, 0.154470234915309
17.91, 0.154464833317614
17.92, 0.154459448988486
17.93, 0.15445407185438
17.94, 0.154448701246564
17.95, 0.154443337944272
17.96, 0.15443799133713
17.97, 0.154432642037966
17.98, 0.154427309315905
17.99, 0.154421973630909
18.00, 0.154416654518424
18.01, 0.154411332532715
18.02, 0.154406027965167
18.03, 0.154400729573772
18.04, 0.154395438189513
18.05, 0.154390154045535
18.06, 0.154384886022772
18.07, 0.154379615476545
18.08, 0.154374351142634
18.09, 0.154369103996079
18.10, 0.154363853500882
18.11, 0.154358619546602
18.12, 0.15435339280168
18.13, 0.15434817255266
18.14, 0.154342959128559
18.15, 0.154337752246306
18.16, 0.154332552159991
18.17, 0.154327358460394
18.18, 0.15432217161012
18.19, 0.154317001457426
18.20, 0.154311828276237
18.21, 0.154306671228656
18.22, 0.154301520593102
18.23, 0.154296367119237
18.24, 0.154291230362351
18.25, 0.15428609941021
18.26, 0.154280975541998
18.27, 0.154275857885251
18.28, 0.154270757037085
18.29, 0.154265652629817
18.30, 0.154260564958241
18.31, 0.154255473564219
18.32, 0.154250388695127
18.33, 0.154245320043276
18.34, 0.154240258252486
18.35, 0.15423520279388
18.36, 0.154230153446887
18.37, 0.154225110970922
18.38, 0.154220074887048
18.39, 0.154215044787956
18.40, 0.154210021202893
18.41, 0.15420501420128
18.42, 0.154200003362852
18.43, 0.154195008915299
18.44, 0.154190010656785
18.45, 0.154185029021177
18.46, 0.154180053586087
18.47, 0.154175084226621
18.48, 0.154170121386899
18.49, 0.154165164941827
18.50, 0.154160214611002
18.51, 0.154155270340054
18.52, 0.154150332555845
18.53, 0.154145411174942
18.54, 0.154140485135238
18.55, 0.154135576334439
18.56, 0.154130662827907
18.57, 0.154125766097843
18.58, 0.154120875255763
18.59, 0.154115991028876
18.60, 0.154111112391891
18.61, 0.154106240334508
18.62, 0.154101373929838
18.63, 0.154096513802992
18.64, 0.154091669628216
18.65, 0.154086821710076
18.66, 0.154081989866799
18.67, 0.154077154073081
18.68, 0.15407233416744
18.69, 0.154067510687347
18.70, 0.154062703106845
18.71, 0.154057901285702
18.72, 0.154053105510739
18.73, 0.154048315774355
18.74, 0.154043532058399
18.75, 0.154038764462645
18.76, 0.154033992549598
18.77, 0.154029226598905
18.78, 0.154024466435572
18.79, 0.154019722698523
18.80, 0.154014974443059
18.81, 0.154010242202934
18.82, 0.154005515822604
18.83, 0.154000795377306
18.84, 0.153996080753268
18.85, 0.15399137216479
18.86, 0.15398666927873
18.87, 0.153981972011249
18.88, 0.153977280536311
18.89, 0.153972595371311
18.90, 0.153967925697721
18.91, 0.153963251748816
18.92, 0.153958593804596
18.93, 0.15395393120589
18.94, 0.153949284588686
18.95, 0.153944643967778
18.96, 0.153939998232926
18.97, 0.153935368994694
18.98, 0.153930745811435
18.99, 0.153926127549598
19.00, 0.153921525192501
19.01, 0.153916918527377
19.02, 0.153912317294063
19.03, 0.153907722063826
19.04, 0.153903142314336
19.05, 0.153898558410189
19.06, 0.153893990096603
19.07, 0.153889427263778
19.08, 0.153884860235709
19.09, 0.153880308745525
19.10, 0.153875762485731
19.11, 0.153871221898674
19.12, 0.153866687180065
19.13, 0.153862157636658
19.14, 0.153857633992002
19.15, 0.153853115474555
19.16, 0.1538486128228
19.17, 0.153844105598505
19.18, 0.153839613865604
19.19, 0.153835117598502
19.20, 0.153830626581906
19.21, 0.153826151169935
19.22, 0.15382168143148
19.23, 0.153817216885801
19.24, 0.15381275791548
19.25, 0.153808304429233
19.26, 0.153803856312183
19.27, 0.153799413512492
19.28, 0.153794976060629
19.29, 0.153790543915966
19.30, 0.153786117702104
19.31, 0.153781706372654
19.32, 0.153777290663524
19.33, 0.153772890342776
19.34, 0.153768484805226
19.35, 0.153764094863193
19.36, 0.15375971047661
19.37, 0.153755321152664
19.38, 0.153750947177425
19.39, 0.153746578297529
19.40, 0.153742215014769
19.41, 0.153737856942704
19.42, 0.153733514375991
19.43, 0.153729166468966
19.44, 0.153724824209524
19.45, 0.153720487067923
19.46, 0.153716165195032
19.47, 0.153711838624987
19.48, 0.153707526661653
19.49, 0.153703210743033
19.50, 0.153698909580574
19.51, 0.153694613410243
19.52, 0.153690312683049
19.53, 0.15368602712185
19.54, 0.153681746441956
19.55, 0.153677470827243
19.56, 0.153673200834457
19.57, 0.153668945862107
19.58, 0.153664685490869
19.59, 0.153660430595269
19.60, 0.153656180912711
19.61, 0.153651946133042
19.62, 0.153647706476104
19.63, 0.153643481410772
19.64, 0.153639252223227
19.65, 0.153635037203307
19.66, 0.153630827858029
19.67, 0.153626613569401
19.68, 0.153622413869076
19.69, 0.153618219167441
19.70, 0.153614029743677
19.71, 0.153609845440258
19.72, 0.153605665849024
19.73, 0.153601500991689
19.74, 0.15359733160829
19.75, 0.153593166858412
19.76, 0.15358900721591
19.77, 0.153584862112839
19.78, 0.153580712647983
19.79, 0.153576577370003
19.80, 0.153572437500196
19.81, 0.153568312353173
19.82, 0.153564192065858
19.83, 0.153560076829856
19.84, 0.15355596592756
19.85, 0.153551860342365
19.86, 0.153547749589812
19.87, 0.153543663743155
19.88, 0.153539572308448
19.89, 0.153535486083563
19.90, 0.153531404621187
19.91, 0.15352732813472
19.92, 0.153523265893637
19.93, 0.153519198939354
19.94, 0.153515146664459
19.95, 0.153511089352177
19.96, 0.153507046002665
19.97, 0.153502998226458
19.98, 0.153498964960964
19.99, 0.153494936505507
20.00, 0.153490912366157
20.01, 0.153486883491445
20.02, 0.153482869315643
20.03, 0.15347885953204
20.04, 0.153474854306466
20.05, 0.15347085411382
20.06, 0.153466868737131
20.07, 0.153462877407368
20.08, 0.153458891391853
20.09, 0.153454919933008
20.10, 0.153450942706033
20.11, 0.153446980454697
20.12, 0.153443013044774
20.13, 0.153439059647483
20.14, 0.15343510137003
20.15, 0.15343115714698
20.16, 0.15342721828601
20.17, 0.153423283500948
20.18, 0.153419352926685
20.19, 0.1534154278897
20.20, 0.153411506731045
20.21, 0.153407590115853
20.22, 0.153403678638418
20.23, 0.153399771341687
20.24, 0.153395868551895
20.25, 0.153391970037156
20.26, 0.153388086242245
20.27, 0.153384197132862
20.28, 0.15338032222988
20.29, 0.153376442204641
20.30, 0.153372576477897
20.31, 0.153368705260412
20.32, 0.153364848351303
20.33, 0.153360995836829
20.34, 0.153357148088299
20.35, 0.153353294832285
20.36, 0.153349455983419
20.37, 0.15334562100444
20.38, 0.153341790729129
20.39, 0.153337965271786
20.40, 0.153334143731374
20.41, 0.153330337274724
20.42, 0.153326524498881
20.43, 0.153322716229483
20.44, 0.153318912455899
20.45, 0.15331512312695
20.46, 0.153311328064493
20.47, 0.153307547461805
20.48, 0.153303760624074
20.49, 0.153299988716335
20.50, 0.153296221257814
20.51, 0.153292447500527
20.52, 0.153288688727772
20.53, 0.153284933854234
20.54, 0.153281183154167
20.55, 0.153277437462533
20.56, 0.153273695218944
20.57, 0.153269957806134
20.58, 0.153266224270654
20.59, 0.153262495490274
20.60, 0.153258770316725
20.61, 0.153255049831208
20.62, 0.153251343657609
20.63, 0.153247631292614
20.64, 0.153243923660982
20.65, 0.153240230049163
20.66, 0.15323654030377
20.67, 0.153232845143115
20.68, 0.1532291544548
20.69, 0.153225477258807
20.70, 0.15322180467653
20.71, 0.153218126366909
20.72, 0.153214472158676
20.73, 0.153210801743534
20.74, 0.153207145617528
20.75, 0.153203494019852
20.76, 0.153199846232887
20.77, 0.153196202470248
20.78, 0.153192573138955
20.79, 0.153188927664701
20.80, 0.153185306201033
20.81, 0.15318167920987
20.82, 0.153178055893638
20.83, 0.153174447114202
20.84, 0.153170832100818
20.85, 0.153167231399346
20.86, 0.153163624604203
20.87, 0.153160031864246
20.88, 0.153156433543194
20.89, 0.153152848771841
20.90, 0.153149258399187
20.91, 0.153145681590289
20.92, 0.15314210903053
20.93, 0.153138540564961
20.94, 0.153134976041954
20.95, 0.153131415681285
20.96, 0.1531278593965
20.97, 0.153124306852683
20.98, 0.153120758465621
20.99, 0.153117213798858
21.00, 0.153113673294097
21.01, 0.153110136642168
21.02, 0.153106614107201
21.03, 0.153103085742291
21.04, 0.153099560764048
21.05, 0.15309605027415
21.06, 0.153092533319818
21.07, 0.153089030280125
21.08, 0.153085521331104
21.09, 0.153082026375504
21.10, 0.15307853486714
21.11, 0.15307503771005
21.12, 0.15307155443428
21.13, 0.153068074750289
21.14, 0.153064599119829
21.15, 0.153061127193408
21.16, 0.153057659607698
21.17, 0.153054195241195
21.18, 0.153050735325282
21.19, 0.153047278994481
21.20, 0.153043826476991
21.21, 0.153040377791879
21.22, 0.15303693297806
21.23, 0.153033501789547
21.24, 0.153030064827651
21.25, 0.153026631356209
21.26, 0.153023211685676
21.27, 0.153019785936154
21.28, 0.15301637366459
21.29, 0.153012955657063
21.30, 0.15300955104731
21.31, 0.153006140347568
21.32, 0.153002743232888
21.33, 0.152999350259281
21.34, 0.152995960952637
21.35, 0.152992564998751
21.36, 0.152989182987005
21.37, 0.152985804749052
21.38, 0.152982430173024
21.39, 0.152979059695295
21.40, 0.152975692421619
21.41, 0.152972329222806
21.42, 0.152968969484408
21.43, 0.152965613067965
21.44, 0.152962270995759
21.45, 0.15295892247032
21.46, 0.152955577534669
21.47, 0.152952236065847
21.48, 0.152948908512951
21.49, 0.152945574722971
21.50, 0.152942254202941
21.51, 0.15293892774964
21.52, 0.152935614668583
21.53, 0.152932295429655
21.54, 0.15292898924337
21.55, 0.152925687442017
21.56, 0.152922378640587
21.57, 0.15291908416122
21.58, 0.152915792361838
21.59, 0.152912504975928
21.60, 0.152909220991372
21.61, 0.152905940238414
21.62, 0.152902663357627
21.63, 0.15289939010581
21.64, 0.152896119828311
21.65, 0.152892853844392
21.66, 0.152889590984753
21.67, 0.152886331847875
21.68, 0.152883076315631
21.69, 0.152879833898716
21.70, 0.152876585222688
21.71, 0.152873340559751
21.72, 0.152870108725201
21.73, 0.152866870923449
21.74, 0.152863636095717
21.75, 0.152860415606319
21.76, 0.152857198174947
21.77, 0.1528539736754
21.78, 0.152850763471466
21.79, 0.152847556207798
21.80, 0.152844342657604
21.81, 0.152841142586352
21.82, 0.152837946210464
21.83, 0.152834752966965
21.84, 0.152831562995864
21.85, 0.152828376813527
21.86, 0.152825183908277
21.87, 0.152822004653614
21.88, 0.152818838596178
21.89, 0.152815666016146
21.90, 0.152812486526332
21.91, 0.152809331121436
21.92, 0.152806168681512
21.93, 0.1528030098288
21.94, 0.152799864464855
21.95, 0.152796711922877
21.96, 0.152793563194339
21.97, 0.152790427895564
21.98, 0.152787286000537
21.99, 0.152784147123708
22.00, 0.15278102175149
22.01, 0.152777889866303
22.02, 0.152774771397072
22.03, 0.152771656067806
22.04, 0.152768534116221
22.05, 0.152765425625443
22.06, 0.15276232049982
22.07, 0.152759218499767
22.08, 0.152756109860841
22.09, 0.152753014540978
22.10, 0.152749922719206
22.11, 0.152746834010597
22.12, 0.15274374856778
22.13, 0.152740666594132
22.14, 0.152737587526467
22.15, 0.152734512556883
22.16, 0.152731440177365
22.17, 0.152728370860447
22.18, 0.152725315370305
22.19, 0.152722252842113
22.20, 0.152719193869782
22.21, 0.152716147448875
22.22, 0.152713095087456
22.23, 0.152710045674627
22.24, 0.152707009045937
22.25, 0.152703966299872
22.26, 0.152700936492591
22.27, 0.152697899877509
22.28, 0.152694876640971
22.29, 0.152691846357961
22.30, 0.152688829395109
22.31, 0.152685815739742
22.32, 0.152682795469783
22.33, 0.152679787813824
22.34, 0.152676783710594
22.35, 0.152673782401212
22.36, 0.152670784904062
22.37, 0.152667780210253
22.38, 0.152664788785613
22.39, 0.152661800257869
22.40, 0.152658814870797
22.41, 0.152655832849339
22.42, 0.152652854094203
22.43, 0.152649878114813
22.44, 0.152646915603164
22.45, 0.152643946111834
22.46, 0.152640979657435
22.47, 0.152638016769745
22.48, 0.152635066169167
22.49, 0.152632109346116
22.50, 0.152629155222178
22.51, 0.152626214428877
22.52, 0.152623266663882
22.53, 0.152620331935272
22.54, 0.152617390320136
22.55, 0.152614461857278
22.56, 0.152611526263157
22.57, 0.152608603814117
22.58, 0.15260567463694
22.59, 0.152602758068372
22.60, 0.152599845250286
22.61, 0.152596924819131
22.62, 0.15259401784082
22.63, 0.152591113735202
22.64, 0.15258821275471
22.65, 0.152585314907648
22.66, 0.152582419716192
22.67, 0.15257952771648
22.68, 0.152576628868851
22.69, 0.152573742847184
22.70, 0.152570859829791
22.71, 0.15256798966381
22.72, 0.152565112898439
22.73, 0.152562238994146
22.74, 0.15255936802779
22.75, 0.15255649992277
22.76, 0.152553634828525
22.77, 0.15255078297982
22.78, 0.15254792383741
22.79, 0.152545077630882
22.80, 0.152542224602331
22.81, 0.152539374222308
22.82, 0.152536526802554
22.83, 0.152533692675149
22.84, 0.152530861528306
22.85, 0.152528023037495
22.86, 0.152525197262153
22.87, 0.152522364835766
22.88, 0.152519545107384
22.89, 0.152516728505046
22.90, 0.152513904521945
22.91, 0.152511093566198
22.92, 0.15250828568853
22.93, 0.152502506621765
22.94, 0.152499516613783
22.95, 0.152496529724678
22.96, 0.152493545692923
22.97, 0.152490565024696
22.98, 0.152487587349797
22.99, 0.152484612299889
23.00, 0.152481640543221
23.01, 0.152478671866867
23.02, 0.152475705984466
23.03, 0.152472743247778
23.04, 0.152469783845113
23.05, 0.152466837027582
23.06, 0.152463883234508
23.07, 0.152460932205911
23.08, 0.152457984754727
23.09, 0.152455049737154
23.10, 0.152452108179677
23.11, 0.152449169342718
23.12, 0.15244624340675
23.13, 0.152443310439827
23.14, 0.152440390545717
23.15, 0.152437463573014
23.16, 0.152434549454576
23.17, 0.152431628366747
23.18, 0.152428720371371
23.19, 0.152425815152205
23.20, 0.152422902902581
23.21, 0.152420003305149
23.22, 0.152417096728287
23.23, 0.15241420340022
23.24, 0.152411312584189
23.25, 0.152408424943916
23.26, 0.152405540250833
23.27, 0.152402648746627
23.28, 0.152399769332842
23.29, 0.152396893419078
23.30, 0.152394020283019
23.31, 0.152391149903415
23.32, 0.152388282346212
23.33, 0.152385417765632
23.34, 0.152382556271649
23.35, 0.152379697302664
23.36, 0.152376841352264
23.37, 0.152373988450732
23.38, 0.152371148206832
23.39, 0.152368300848655
23.40, 0.152365456271081
23.41, 0.152362614447942
23.42, 0.152359775665814
23.43, 0.152356949654647
23.44, 0.152354126549886
23.45, 0.152351296328124
23.46, 0.152348468842887
23.47, 0.15234564367541
23.48, 0.152342832043798
23.49, 0.152340013110336
23.50, 0.152337206985049
23.51, 0.152334403257795
23.52, 0.152331592336049
23.53, 0.152328794708949
23.54, 0.152325989652782
23.55, 0.152323197372441
23.56, 0.152320407736338
23.57, 0.152317621208193
23.58, 0.152314826845173
23.59, 0.152312045834361
23.60, 0.152309267370097
23.61, 0.152306481528376
23.62, 0.152303718708155
23.63, 0.152300938366716
23.64, 0.152298171226011
23.65, 0.152295406357091
23.66, 0.152292644738619
23.67, 0.152289885205703
23.68, 0.152287138756831
23.69, 0.152284385031475
23.70, 0.152281634203011
23.71, 0.152278885788756
23.72, 0.152276140257912
23.73, 0.152273397338347
23.74, 0.15227065695364
23.75, 0.152267919720684
23.76, 0.15226519491847
23.77, 0.152262462873247
23.78, 0.152259733332533
23.79, 0.152257006564098
23.80, 0.152254292904126
23.81, 0.152251571384647
23.82, 0.15224886285157
23.83, 0.152246146832116
23.84, 0.152243433546624
23.85, 0.152240733007226
23.86, 0.152238035187824
23.87, 0.152235329538831
23.88, 0.152232637232912
23.89, 0.152229937248596
23.90, 0.152227249770944
23.91, 0.152224554908603
23.92, 0.152221873136045
23.93, 0.152219193664587
23.94, 0.152216516841137
23.95, 0.152213832646311
23.96, 0.152211161100959
23.97, 0.152208492400386
23.98, 0.152205825920377
23.99, 0.152203162005451
24.00, 0.152200500816368
24.01, 0.152197842411143
24.02, 0.152195176876131
24.03, 0.15219252356511
24.04, 0.152189882727155
24.05, 0.152187234489784
24.06, 0.152184589218609
24.07, 0.152181946115907
24.08, 0.152179305920691
24.09, 0.152176668428804
24.10, 0.152174032776808
24.11, 0.152171400499589
24.12, 0.152168770286987
24.13, 0.152166152951181
24.14, 0.15216352795267
24.15, 0.152160905291552
24.16, 0.152158295789261
24.17, 0.152155678504618
24.18, 0.152153063499323
24.19, 0.15215045128479
24.20, 0.152147851771474
24.21, 0.152145244604255
24.22, 0.152142650122269
24.23, 0.152140047867576
24.24, 0.152137458417063
24.25, 0.152134861323296
24.26, 0.152132276791614
24.27, 0.152129684999373
24.28, 0.152127105464312
24.29, 0.15212452814664
24.30, 0.15212194358992
24.31, 0.15211937177919
24.32, 0.152116802009889
24.33, 0.152114225137947
24.34, 0.152111660809665
24.35, 0.152109098291044
24.36, 0.152106538938698
24.37, 0.152103972004716
24.38, 0.152101417516874
24.39, 0.152098865224168
24.40, 0.152096315261037
24.41, 0.152093767958504
24.42, 0.152091223261107
24.43, 0.152088680831549
24.44, 0.152086141085832
24.45, 0.152083603784679
24.46, 0.15208106877456
24.47, 0.152078536064419
24.48, 0.152076005998476
24.49, 0.152073478410407
24.50, 0.152070953175057
24.51, 0.152068430136479
24.52, 0.152065910162211
24.53, 0.152063401857006
24.54, 0.152060886534075
24.55, 0.152058373165852
24.56, 0.152055872658149
24.57, 0.152053364549608
24.58, 0.152050858384273
24.59, 0.152048364845937
24.60, 0.152045863604681
24.61, 0.152043364785688
24.62, 0.152040878649182
24.63, 0.152038384695682
24.64, 0.152035892879455
24.65, 0.152033414153351
24.66, 0.152030937009971
24.67, 0.152028452371376
24.68, 0.152025980436282
24.69, 0.152023500712959
24.70, 0.152021033479364
24.71, 0.152018568404
24.72, 0.152016095910683
24.73, 0.152013635371283
24.74, 0.152011167561382
24.75, 0.15200871216814
24.76, 0.152006258987552
24.77, 0.15200380795454
24.78, 0.152001359388028
24.79, 0.151998902928434
24.80, 0.151996459135071
24.81, 0.151994017783815
24.82, 0.151991578506215
24.83, 0.151989141803838
24.84, 0.151986707131499
24.85, 0.151984264580892
24.86, 0.151981834583141
24.87, 0.151979407074236
24.88, 0.151976981599829
24.89, 0.15197456879319
24.90, 0.151972147920514
24.91, 0.151969729664196
24.92, 0.15196731340471
24.93, 0.15196489966337
24.94, 0.151962487871391
24.95, 0.151960078692013
24.96, 0.1519576714953
24.97, 0.151955266875853
24.98, 0.151952874295008
24.99, 0.15195047411976
25.00, 0.151948076149748
0.01, 0.374426642040863
0.02, 0.418348076581826
0.03, 0.427470914393711
0.04, 0.429382086568027
0.05, 0.429046234375832
0.06, 0.427890822057217
0.07, 0.426433188075455
0.08, 0.42488678275713
0.09, 0.423345958022939
0.10, 0.42185332476738
0.11, 0.42042732687172
0.12, 0.419074635699449
0.13, 0.417796114284142
0.14, 0.416589719829007
0.15, 0.415452059538495
0.16, 0.414379228678799
0.17, 0.413367177511964
0.18, 0.412411954806682
0.19, 0.411509888820886
0.20, 0.410657503613112
0.21, 0.409851661604115
0.22, 0.40908946998725
0.23, 0.408368285428749
0.24, 0.40768576316455
0.25, 0.407039736498695
0.26, 0.406529939295199
0.27, 0.406052951235859
0.28, 0.405607147232527
0.29, 0.405191133558784
0.30, 0.404803613962689
0.31, 0.40444337488842
0.32, 0.404109416880871
0.33, 0.403800787842739
0.34, 0.403516634109405
0.35, 0.40325621784532
0.36, 0.403018867167145
0.37, 0.402803999534454
0.38, 0.402611114964885
0.39, 0.402439720634526
0.40, 0.402289483435809
0.41, 0.402160062274522
0.42, 0.402051197822789
0.43, 0.401962709718034
0.44, 0.40189446948
0.45, 0.401846333463002
0.46, 0.401818324587201
0.47, 0.401810436998323
0.48, 0.401822775434712
0.49, 0.401855468370344
0.50, 0.401908715189184
0.51, 0.401982755277624
0.52, 0.402077905811109
0.53, 0.402194542323793
0.54, 0.40234612040887
0.55, 0.40280091367596
0.56, 0.403272275564848
0.57, 0.403761118042681
0.58, 0.40426844329774
0.59, 0.404795332816794
0.60, 0.405342940953572
0.61, 0.406096557890323
0.62, 0.406866961607558
0.63, 0.407662302579953
0.64, 0.40848424461545
0.65, 0.409334631962838
0.66, 0.410215538535604
0.67, 0.411129161236235
0.68, 0.412078035104051
0.69, 0.413064946688345
0.70, 0.414092993296655
0.71, 0.414141858356954
0.72, 0.414127875569292
0.73, 0.414113957054766
0.74, 0.414100112604813
0.75, 0.414086321938833
0.76, 0.414072604875109
0.77, 0.414058960286055
0.78, 0.414045369691125
0.79, 0.414031831965108
0.80, 0.414018356906619
0.81, 0.4165035908685
0.82, 0.418988906200402
0.83, 0.421474254354357
0.84, 0.423959684333049
0.85, 0.426445155818756
0.86, 0.4289306886414
0.87, 0.431416302632022
0.88, 0.433901976626873
0.89, 0.436387702182415
0.90, 0.438873488210362
0.91, 0.440832817262558
0.92, 0.447902760932753
0.93, 0.457370362782243
0.94, 0.465402661847527
0.95, 0.47343496091281
0.96, 0.481467259978095
0.97, 0.489499559043379
0.98, 0.497531858108662
0.99, 0.505564157173947
1.00, 0.513596456239231
1.01, 0.521628755304516
1.02, 0.529661054369799
1.03, 0.537693353435083
1.04, 0.545725652500368
1.05, 0.553757951565651
1.06, 0.552704608159858
1.07, 0.551653649639501
1.08, 0.550607400849389
1.09, 0.549567140237496
1.10, 0.548533814249904
1.11, 0.547508106461362
1.12, 0.546490510977073
1.13, 0.545481431152802
1.14, 0.544481184093857
1.15, 0.543489985025103
1.16, 0.541953348870266
1.17, 0.540408089487093
1.18, 0.538732105420752
1.19, 0.536912543980487
1.20, 0.534726074947294
1.21, 0.532559213220023
1.22, 0.530419630739606
1.23, 0.528321619695485
1.24, 0.526255479225879
1.25, 0.524218251610926
1.26, 0.522208458298552
1.27, 0.520225101903872
1.28, 0.518267459536532
1.29, 0.516334959379934
1.30, 0.514427149558815
1.31, 0.5125436214528
1.32, 0.510684035849434
1.33, 0.508848148073145
1.34, 0.507035617369284
1.35, 0.505246250727631
1.36, 0.503481443581881
1.37, 0.501745128893705
1.38, 0.500031661367131
1.39, 0.498340844389653
1.40, 0.496672469341099
1.41, 0.495026360107728
1.42, 0.493402367856449
1.43, 0.491800292084853
1.44, 0.490206173093892
1.45, 0.488626029039723
1.46, 0.487067367631717
1.47, 0.485530066009912
1.48, 0.484013990504517
1.49, 0.482519007708698
1.50, 0.481045010499846
1.51, 0.479591865550984
1.52, 0.478159498348379
1.53, 0.476747768997143
1.54, 0.475356584623183
1.55, 0.473985858241665
1.56, 0.472635498118935
1.57, 0.471305384385481
1.58, 0.469995452114535
1.59, 0.468705614120898
1.60, 0.467435763626143
1.61, 0.466185865250396
1.62, 0.464955810890613
1.63, 0.463745519612865
1.64, 0.462554932621044
1.65, 0.461383971796668
1.66, 0.460232578254265
1.67, 0.459100682792416
1.68, 0.457988210734588
1.69, 0.456895098363774
1.70, 0.455821307500338
1.71, 0.454766759854337
1.72, 0.45373140300081
1.73, 0.45271517815207
1.74, 0.451718038795444
1.75, 0.450739925770456
1.76, 0.449780804936
1.77, 0.448840622683836
1.78, 0.447919299938294
1.79, 0.447016824516228
1.80, 0.446133159036155
1.81, 0.445334065272531
1.82, 0.444532896767634
1.83, 0.443270854713747
1.84, 0.441944233126093
1.85, 0.440621176383096
1.86, 0.439301866246086
1.87, 0.437986506296188
1.88, 0.436675235797588
1.89, 0.435368194609547
1.90, 0.434065551777393
1.91, 0.432767410922369
1.92, 0.431473839116686
1.93, 0.430184964934829
1.94, 0.428900845637839
1.95, 0.427621565332169
1.96, 0.426347177919901
1.97, 0.425077730989043
1.98, 0.423813279327026
1.99, 0.422553830084446
2.00, 0.421299480371516
2.01, 0.420139953463795
2.02, 0.418982160278385
2.03, 0.417831027470667
2.04, 0.416686561418078
2.05, 0.415548718451915
2.06, 0.414417508498652
2.07, 0.413292896541049
2.08, 0.41217487023323
2.09, 0.411063374975992
2.10, 0.409958381715677
2.11, 0.408859891318426
2.12, 0.407767814834182
2.13, 0.406682169980377
2.14, 0.405602898608854
2.15, 0.40452993668331
2.16, 0.40346330856011
2.17, 0.402402901067175
2.18, 0.401348706567657
2.19, 0.400300685071897
2.20, 0.399258786136063
2.21, 0.398222984514149
2.22, 0.3971931842227
2.23, 0.396169395183432
2.24, 0.395151553563775
2.25, 0.394139613651021
2.26, 0.393133502510651
2.27, 0.392133213421772
2.28, 0.391138678201529
2.29, 0.390149857009486
2.30, 0.389166708509688
2.31, 0.388189148598743
2.32, 0.387217185197678
2.33, 0.386250726006429
2.34, 0.385289753879338
2.35, 0.384334195808657
2.36, 0.383384015523811
2.37, 0.382439161322663
2.38, 0.381499603163181
2.39, 0.380565276396972
2.40, 0.379636119736136
2.41, 0.378712122830741
2.42, 0.377793223458518
2.43, 0.376879353336889
2.44, 0.375970491905647
2.45, 0.375066601960754
2.46, 0.374167590722564
2.47, 0.373273446580544
2.48, 0.37238411064437
2.49, 0.37149953577963
2.50, 0.370619693770656
2.51, 0.369744544858308
2.52, 0.368874002403106
2.53, 0.368008051462561
2.54, 0.367146633346379
2.55, 0.366289699698624
2.56, 0.365437229010655
2.57, 0.364589169083702
2.58, 0.363745452245814
2.59, 0.362906066727673
2.60, 0.362070929181646
2.61, 0.36124002762093
2.62, 0.360413298276793
2.63, 0.359590721889279
2.64, 0.358772230104375
2.65, 0.357957791866992
2.66, 0.357147366659865
2.67, 0.356340906098717
2.68, 0.355538355093437
2.69, 0.354739685152339
2.70, 0.353944865150438
2.71, 0.353153833257404
2.72, 0.352366543921285
2.73, 0.351582968181999
2.74, 0.35080304557283
2.75, 0.350026760655977
2.76, 0.349254060805998
2.77, 0.348484893635403
2.78, 0.34771924232773
2.79, 0.346957040017769
2.80, 0.346198243265239
2.81, 0.345442844546781
2.82, 0.344690746323911
2.83, 0.343941957450767
2.84, 0.34319643365401
2.85, 0.342454121185715
2.86, 0.341714971403665
2.87, 0.340978954330501
2.88, 0.340246015675823
2.89, 0.339516146256143
2.90, 0.338789285421244
2.91, 0.338065384065415
2.92, 0.337344419158145
2.93, 0.336626336948404
2.94, 0.335911122975551
2.95, 0.335198687910951
2.96, 0.334489061559011
2.97, 0.333783087440082
2.98, 0.333098600003009
2.99, 0.332416777911417
3.00, 0.33173754214352
3.01, 0.331135951528948
3.02, 0.33057084080353
3.03, 0.33000780139576
3.04, 0.329446839160917
3.05, 0.328887933647233
3.06, 0.328331093308905
3.07, 0.327776312589127
3.08, 0.3272235592826
3.09, 0.326672835447689
3.10, 0.326124161458379
3.11, 0.325577489694247
3.12, 0.325032859071943
3.13, 0.324490220762502
3.14, 0.323949589637386
3.15, 0.323410948495574
3.16, 0.322874300232293
3.17, 0.322339613403944
3.18, 0.321806924999602
3.19, 0.321276192182649
3.20, 0.320747419940513
3.21, 0.320220621666997
3.22, 0.319695733559703
3.23, 0.319172801569666
3.24, 0.318651826289077
3.25, 0.318132746099856
3.26, 0.317615586805493
3.27, 0.317100344945251
3.28, 0.316586995568924
3.29, 0.316075547348767
3.30, 0.315565991485845
3.31, 0.315058322977328
3.32, 0.314552527925226
3.33, 0.31404858668626
3.34, 0.313546524022038
3.35, 0.313046311534427
3.36, 0.31254793766078
3.37, 0.312051403792088
3.38, 0.311556711793925
3.39, 0.311063832544938
3.40, 0.310572780426092
3.41, 0.31008352762021
3.42, 0.309596082277976
3.43, 0.309110446475554
3.44, 0.308626591395691
3.45, 0.308144495856632
3.46, 0.307664196554484
3.47, 0.307185649700063
3.48, 0.306708859652777
3.49, 0.306233843909578
3.50, 0.305760561018729
3.51, 0.305288991489987
3.52, 0.304819176234706
3.53, 0.304351088598732
3.54, 0.303884688503898
3.55, 0.303420007309795
3.56, 0.302957035064769
3.57, 0.30249574719184
3.58, 0.302036144904549
3.59, 0.301591319814986
3.60, 0.301156531969083
3.61, 0.300723404768065
3.62, 0.300291936730484
3.63, 0.299862122803646
3.64, 0.299433939414456
3.65, 0.299007382483378
3.66, 0.298582445106421
3.67, 0.298159122386471
3.68, 0.297737439458814
3.69, 0.297317332865653
3.70, 0.296898814560462
3.71, 0.296481898542071
3.72, 0.296066548734807
3.73, 0.295652767881467
3.74, 0.29524055630252
3.75, 0.294829896251303
3.76, 0.29442076611255
3.77, 0.294013211883188
3.78, 0.293607164473714
3.79, 0.293202642927519
3.80, 0.292799648785453
3.81, 0.292398160014962
3.82, 0.291998161098869
3.83, 0.291599676638271
3.84, 0.291202660138099
3.85, 0.290807125767262
3.86, 0.290413057290127
3.87, 0.290020462693658
3.88, 0.289629321076844
3.89, 0.289239601897776
3.90, 0.288851355732359
3.91, 0.2884645162007
3.92, 0.288079105302066
3.93, 0.287695126565155
3.94, 0.287312540321884
3.95, 0.286931362543252
3.96, 0.286551560929993
3.97, 0.286173160769253
3.98, 0.285796135275636
3.99, 0.285420458045058
4.00, 0.28504616529955
4.01, 0.284674619963684
4.02, 0.284304412096052
4.03, 0.283935559796506
4.04, 0.283568017256886
4.05, 0.28320178496409
4.06, 0.282836869269391
4.07, 0.282473257514715
4.08, 0.282110933682744
4.09, 0.281749901959268
4.10, 0.281390140880468
4.11, 0.281031645614195
4.12, 0.280674425183633
4.13, 0.280318455945149
4.14, 0.279963722428967
4.15, 0.279610244670724
4.16, 0.279257982156435
4.17, 0.278906945554395
4.18, 0.27855713346624
4.19, 0.27820851804509
4.20, 0.277861100506089
4.21, 0.277514878410679
4.22, 0.277169839889479
4.23, 0.276825976508889
4.24, 0.276483284726626
4.25, 0.27614174585629
4.26, 0.275801359641665
4.27, 0.275462118643267
4.28, 0.275124015857087
4.29, 0.274787047485862
4.30, 0.27445118958068
4.31, 0.274116446263567
4.32, 0.2737828143054
4.33, 0.273450268599625
4.34, 0.273118817933884
4.35, 0.272788445125054
4.36, 0.272459146067576
4.37, 0.272130918385326
4.38, 0.271803743586946
4.39, 0.271477619153416
4.40, 0.271152533012541
4.41, 0.27082847936831
4.42, 0.270505464655626
4.43, 0.270183454319269
4.44, 0.269862456616237
4.45, 0.269542459441986
4.46, 0.269223464303138
4.47, 0.268905450795487
4.48, 0.268588412920387
4.49, 0.268272354902121
4.50, 0.267957253705096
4.51, 0.267643103970812
4.52, 0.267329910685739
4.53, 0.267017652659809
4.54, 0.266706326479678
4.55, 0.266395919676057
4.56, 0.26608642754129
4.57, 0.265777850462744
4.58, 0.265470163962434
4.59, 0.265173109921555
4.60, 0.264870552470327
4.61, 0.264568910604919
4.62, 0.264268188326371
4.63, 0.263968355035604
4.64, 0.263669414650323
4.65, 0.263371357775526
4.66, 0.263074190557557
4.67, 0.262777882225926
4.68, 0.262482434255291
4.69, 0.26218785444303
4.70, 0.261894110465453
4.71, 0.261601199846516
4.72, 0.261309126091287
4.73, 0.261017872517195
4.74, 0.260727438170456
4.75, 0.260437810801641
4.76, 0.260148971519133
4.77, 0.259860937096465
4.78, 0.25957368010783
4.79, 0.259287200376708
4.80, 0.259001487727718
4.81, 0.2587165383733
4.82, 0.258432332599609
4.83, 0.258148876948022
4.84, 0.257866160086333
4.85, 0.257584174369218
4.86, 0.257302903480434
4.87, 0.257022348064082
4.88, 0.256742504626569
4.89, 0.256463347439594
4.90, 0.256184888484587
4.91, 0.255907116194235
4.92, 0.255630007096701
4.93, 0.255353571011864
4.94, 0.255077790311562
4.95, 0.25480266725172
4.96, 0.254528188340086
4.97, 0.254254339488804
4.98, 0.253981127045128
4.99, 0.253708525154724
5.00, 0.253436545192969
5.01, 0.253200451693863
5.02, 0.252939169768078
5.03, 0.25267866621485
5.04, 0.252418908117705
5.05, 0.252159899829405
5.06, 0.25190163938634
5.07, 0.251644098559372
5.08, 0.251387274548462
5.09, 0.251131168305803
5.10, 0.250875758968247
5.11, 0.250621039187442
5.12, 0.250367022351796
5.13, 0.250113662840545
5.14, 0.249860970653904
5.15, 0.249608936926682
5.16, 0.249357553177444
5.17, 0.249106815053743
5.18, 0.24885670325254
5.19, 0.248607201413328
5.20, 0.2483583304114
5.21, 0.248110058177632
5.22, 0.247862372704985
5.23, 0.247615280557536
5.24, 0.247368764431901
5.25, 0.247122824177269
5.26, 0.246877442811508
5.27, 0.246632603553519
5.28, 0.246388322968001
5.29, 0.246144565263439
5.30, 0.245901333811559
5.31, 0.245658626703231
5.32, 0.245416418542873
5.33, 0.245174716871088
5.34, 0.244933505385517
5.35, 0.244692778067263
5.36, 0.244452521473786
5.37, 0.244212729982897
5.38, 0.243973398620454
5.39, 0.243734511154207
5.40, 0.243496074523655
5.41, 0.243258059288002
5.42, 0.243020476676518
5.43, 0.242783297638143
5.44, 0.242546535784692
5.45, 0.242310162448415
5.46, 0.242074187721063
5.47, 0.24183858230298
5.48, 0.241603355000033
5.49, 0.241368486977123
5.50, 0.241133986651308
5.51, 0.240899825819247
5.52, 0.240666004260751
5.53, 0.240432513935186
5.54, 0.240199346709035
5.55, 0.239966494501573
5.56, 0.239733952491968
5.57, 0.239501703285834
5.58, 0.239269739222529
5.59, 0.239038064895022
5.60, 0.238806657509826
5.61, 0.238575514310514
5.62, 0.238344629433802
5.63, 0.238113995159944
5.64, 0.237883601527454
5.65, 0.237653430249678
5.66, 0.237423487759147
5.67, 0.237193768718947
5.68, 0.236964253334243
5.69, 0.236716184500904
5.70, 0.236463312116228
5.71, 0.236210620861727
5.72, 0.235958069125113
5.73, 0.235705680788596
5.74, 0.235475079266634
5.75, 0.235260494770161
5.76, 0.235046047816888
5.77, 0.234831717684116
5.78, 0.234617494645861
5.79, 0.234403380518259
5.80, 0.234189364326668
5.81, 0.233975431624749
5.82, 0.233761584143689
5.83, 0.233547810546374
5.84, 0.23333409837628
5.85, 0.233120453345927
5.86, 0.232906848826692
5.87, 0.232693288447555
5.88, 0.232479774309925
5.89, 0.232266283546101
5.90, 0.232052803734771
5.91, 0.231839333556039
5.92, 0.231625877029286
5.93, 0.231412416087224
5.94, 0.231198946165976
5.95, 0.230985452226257
5.96, 0.230771937425479
5.97, 0.230558382433314
5.98, 0.230344788611795
5.99, 0.230131142798951
6.00, 0.229917454205143
6.01, 0.229723068307089
6.02, 0.229551003422163
6.03, 0.229379358909297
6.04, 0.229208120335836
6.05, 0.22903730096129
6.06, 0.228866887199499
6.07, 0.228696875272039
6.08, 0.228527274954912
6.09, 0.228358088385068
6.10, 0.228189302163472
6.11, 0.228020921685656
6.12, 0.22785293987756
6.13, 0.227685350355791
6.14, 0.227518165824933
6.15, 0.227351382452521
6.16, 0.227184992101432
6.17, 0.227018990970056
6.18, 0.22685338536653
6.19, 0.226688167021606
6.20, 0.226523334183349
6.21, 0.22635890494753
6.22, 0.226194848096621
6.23, 0.226031180462533
6.24, 0.225867894617966
6.25, 0.225704985128904
6.26, 0.225542460663308
6.27, 0.225380313304384
6.28, 0.225218550205358
6.29, 0.22505715875654
6.30, 0.224896147199756
6.31, 0.224735495244605
6.32, 0.224575223557803
6.33, 0.224415327504917
6.34, 0.22425578921329
6.35, 0.224096621954254
6.36, 0.223937830835457
6.37, 0.22377938877339
6.38, 0.223621319032285
6.39, 0.223463616296505
6.40, 0.223306263746447
6.41, 0.223149276278634
6.42, 0.22299264501804
6.43, 0.222836376491225
6.44, 0.222680450758311
6.45, 0.222524894599154
6.46, 0.222369682148821
6.47, 0.222214816805979
6.48, 0.222060307473158
6.49, 0.221906145651207
6.50, 0.221752326997377
6.51, 0.221598863536554
6.52, 0.22144573460029
6.53, 0.221292964320846
6.54, 0.221140524647954
6.55, 0.220988422798966
6.56, 0.220836669825691
6.57, 0.220685242538329
6.58, 0.220534171990033
6.59, 0.220383424724973
6.60, 0.22023300911998
6.61, 0.220082935228296
6.62, 0.219933192805708
6.63, 0.219783768285162
6.64, 0.219634693691056
6.65, 0.219485932392262
6.66, 0.219337500323491
6.67, 0.219189399065689
6.68, 0.219041625909279
6.69, 0.218894170957893
6.70, 0.218747038654752
6.71, 0.218600226424118
6.72, 0.218453733224609
6.73, 0.218307566981976
6.74, 0.218161716438144
6.75, 0.218016173735359
6.76, 0.217870951428799
6.77, 0.217726046083747
6.78, 0.217581452122486
6.79, 0.217437178291944
6.80, 0.217293204618669
6.81, 0.217149538480706
6.82, 0.217006191090986
6.83, 0.21686314099076
6.84, 0.216720403321969
6.85, 0.216577971922197
6.86, 0.21643584442675
6.87, 0.21629400772641
6.88, 0.216152484124286
6.89, 0.216011259687103
6.90, 0.215870333834302
6.91, 0.215729707843219
6.92, 0.215589386808476
6.93, 0.215449342185387
6.94, 0.215309614755896
6.95, 0.215170168916866
6.96, 0.215031015959657
6.97, 0.214892166013252
6.98, 0.214753594732538
6.99, 0.214615314698489
7.00, 0.214486822208086
7.01, 0.214378314887819
7.02, 0.214270243011592
7.03, 0.214162612206028
7.04, 0.214055401180138
7.05, 0.21394862947022
7.06, 0.213842273926007
7.07, 0.213736344285869
7.08, 0.21363084740726
7.09, 0.213525761782216
7.10, 0.213421096911598
7.11, 0.213316858888632
7.12, 0.213213028326645
7.13, 0.213109612423039
7.14, 0.21300661052636
7.15, 0.212904019254831
7.16, 0.212801838510494
7.17, 0.212693905239286
7.18, 0.212559128981178
7.19, 0.212424742354182
7.20, 0.212290788093912
7.21, 0.212157241420279
7.22, 0.212024106778317
7.23, 0.211891373674017
7.24, 0.211759057485627
7.25, 0.211627138939177
7.26, 0.211495634629106
7.27, 0.211364524403347
7.28, 0.211233815043296
7.29, 0.211103505337513
7.30, 0.210973606847126
7.31, 0.210844084838948
7.32, 0.210714967244455
7.33, 0.210586243638141
7.34, 0.210457916800037
7.35, 0.21032996827751
7.36, 0.210202418486406
7.37, 0.210075250669226
7.38, 0.209948465845849
7.39, 0.209822068786611
7.40, 0.209696056527803
7.41, 0.2095704253722
7.42, 0.20944517622286
7.43, 0.209320297039203
7.44, 0.209195793991885
7.45, 0.209071681091645
7.46, 0.208947932257815
7.47, 0.208824558506191
7.48, 0.208701544095947
7.49, 0.208578914311042
7.50, 0.208456653903562
7.51, 0.208334751554115
7.52, 0.208213216033152
7.53, 0.208092048810454
7.54, 0.207971232576078
7.55, 0.207850791007628
7.56, 0.207730713202636
7.57, 0.207610972056385
7.58, 0.207491614021933
7.59, 0.20737260067128
7.60, 0.207253937171945
7.61, 0.207135637910889
7.62, 0.207017679733599
7.63, 0.206900077748368
7.64, 0.206782825845164
7.65, 0.206665922112827
7.66, 0.206549359649272
7.67, 0.20643314279983
7.68, 0.206317275116429
7.69, 0.206201750932408
7.70, 0.206086569632055
7.71, 0.20597172340014
7.72, 0.205857217396726
7.73, 0.20574304909107
7.74, 0.205629221100771
7.75, 0.205515722087119
7.76, 0.205402558407721
7.77, 0.205289731563675
7.78, 0.205177236166015
7.79, 0.205065065066798
7.80, 0.204953235832638
7.81, 0.204841725288886
7.82, 0.204730535439738
7.83, 0.204619683932085
7.84, 0.204509150028014
7.85, 0.204398940519397
7.86, 0.204289055764105
7.87, 0.204179484691545
7.88, 0.204070235704662
7.89, 0.203961310022096
7.90, 0.203852700739605
7.91, 0.203744402588409
7.92, 0.203636421770545
7.93, 0.203528758885009
7.94, 0.203421399993772
7.95, 0.20331436588326
7.96, 0.203207626090824
7.97, 0.203101208564237
7.98, 0.2029950890298
7.99, 0.202889283562679
8.00, 0.202783785878991
8.01, 0.202678586943059
8.02, 0.202573693001107
8.03, 0.202469105517548
8.04, 0.202364823380446
8.05, 0.202260833784319
8.06, 0.20215714954101
8.07, 0.202053755084582
8.08, 0.201950668617456
8.09, 0.20184787660735
8.10, 0.20174537077216
8.11, 0.201643161475553
8.12, 0.201541259559109
8.13, 0.201439633925733
8.14, 0.201338302096628
8.15, 0.201237261882689
8.16, 0.201136516392144
8.17, 0.201036051268314
8.18, 0.20093587549612
8.19, 0.200835981763816
8.20, 0.200736385342858
8.21, 0.200637065172771
8.22, 0.200538021588912
8.23, 0.200439266172308
8.24, 0.200340794253517
8.25, 0.200242603052327
8.26, 0.200144688835775
8.27, 0.200047053678706
8.28, 0.199949689919392
8.29, 0.199852606557484
8.30, 0.199755798926908
8.31, 0.199659265068364
8.32, 0.199563003760778
8.33, 0.199467008154933
8.34, 0.19937130023702
8.35, 0.199275845244561
8.36, 0.199180672942894
8.37, 0.199085765284283
8.38, 0.198991118375058
8.39, 0.198896750404606
8.40, 0.198802634108967
8.41, 0.198708794925449
8.42, 0.198615213050234
8.43, 0.198521901463797
8.44, 0.198428843150234
8.45, 0.198336048570979
8.46, 0.198243513507875
8.47, 0.198151238329283
8.48, 0.198059226252954
8.49, 0.197967467558252
8.50, 0.197875968431082
8.51, 0.197784720823836
8.52, 0.19769374147259
8.53, 0.197602999967954
8.54, 0.19751251698704
8.55, 0.197422290175553
8.56, 0.197332318025905
8.57, 0.197242592921258
8.58, 0.197153111612532
8.59, 0.197063883253405
8.60, 0.196974908574959
8.61, 0.196874852951933
8.62, 0.19678068840685
8.63, 0.196686754287883
8.64, 0.196593055949491
8.65, 0.196499597637107
8.66, 0.196406363918577
8.67, 0.196313368994462
8.68, 0.196220596823126
8.69, 0.19612805096147
8.70, 0.196035747071293
8.71, 0.195943668468021
8.72, 0.195851809384147
8.73, 0.195760182815382
8.74, 0.195668777141448
8.75, 0.195577599733204
8.76, 0.195486653317736
8.77, 0.195395923669999
8.78, 0.195305423740054
8.79, 0.195215138579612
8.80, 0.195125080658135
8.81, 0.195035237089271
8.82, 0.194945618209136
8.83, 0.194856211833832
8.84, 0.194767031247941
8.85, 0.194678060028091
8.86, 0.194589323994062
8.87, 0.194500785427876
8.88, 0.194412469809789
8.89, 0.194324362512257
8.90, 0.194236473058507
8.91, 0.194148802473918
8.92, 0.194061339144167
8.93, 0.193974080399098
8.94, 0.193887040243207
8.95, 0.193800213926004
8.96, 0.193713593540919
8.97, 0.193627185616667
8.98, 0.193540981706163
8.99, 0.193454977697892
9.00, 0.193369198641105
9.01, 0.193283610105781
9.02, 0.193198229604247
9.03, 0.193113061820784
9.04, 0.193028091168775
9.05, 0.192943317740042
9.06, 0.192858763920975
9.07, 0.192774397903064
9.08, 0.192690234315168
9.09, 0.192606280077739
9.10, 0.192522518621602
9.11, 0.192438952695652
9.12, 0.192355599943282
9.13, 0.192272430553285
9.14, 0.19218946457494
9.15, 0.192106698763332
9.16, 0.192024115692387
9.17, 0.191941741231495
9.18, 0.19185955828071
9.19, 0.191777562735964
9.20, 0.191695766107373
9.21, 0.191614168729527
9.22, 0.191532748322671
9.23, 0.191451523283939
9.24, 0.191370495780973
9.25, 0.191289652374279
9.26, 0.191209003868939
9.27, 0.191128541019486
9.28, 0.191048269711758
9.29, 0.190968183358216
9.30, 0.190888279395559
9.31, 0.190808566650139
9.32, 0.19072904646981
9.33, 0.190649705589304
9.34, 0.190570545046581
9.35, 0.190491571448731
9.36, 0.190412779949455
9.37, 0.190334174860084
9.38, 0.19025574938682
9.39, 0.190177508899715
9.40, 0.190099436777342
9.41, 0.190021558986222
9.42, 0.189943856439669
9.43, 0.189866329562934
9.44, 0.189788986815526
9.45, 0.189711817949409
9.46, 0.189634832465598
9.47, 0.189558018810382
9.48, 0.189481377472482
9.49, 0.189404914644094
9.50, 0.189328637572385
9.51, 0.189252528840883
9.52, 0.189176588569104
9.53, 0.189100826800554
9.54, 0.189025237416047
9.55, 0.188949813550593
9.56, 0.188874567886077
9.57, 0.188799499594434
9.58, 0.188724586045847
9.59, 0.188649859348278
9.60, 0.188575289149352
9.61, 0.188500892332797
9.62, 0.188426671107024
9.63, 0.188352613708727
9.64, 0.188278717464821
9.65, 0.188204996323071
9.66, 0.188131435306636
9.67, 0.188058047503579
9.68, 0.187984821699399
9.69, 0.187911754653888
9.70, 0.187838858005228
9.71, 0.187766123928388
9.72, 0.187693554768252
9.73, 0.18762114732941
9.74, 0.187548897927223
9.75, 0.187476814487655
9.76, 0.187404889044958
9.77, 0.187333131394369
9.78, 0.187261528118751
9.79, 0.187190082204419
9.80, 0.187118799516414
9.81, 0.187047672181489
9.82, 0.1869767110154
9.83, 0.18690590104664
9.84, 0.186835245292804
9.85, 0.18676475127867
9.86, 0.186694409238054
9.87, 0.18662422135391
9.88, 0.186554193251581
9.89, 0.186484326711812
9.90, 0.186414601065146
9.91, 0.186345034415975
9.92, 0.18627562839386
9.93, 0.186206368097368
9.94, 0.18613725886484
9.95, 0.186068307639047
9.96, 0.185999494429656
9.97, 0.185930846773288
9.98, 0.185862337711346
9.99, 0.185793991359065
10.00, 0.185725784183757
10.01, 0.185695734321393
10.02, 0.185663576286674
10.03, 0.185631496613516
10.04, 0.185599490058456
10.05, 0.185567549896
10.06, 0.185535690283932
10.07, 0.185503899927062
10.08, 0.185472177497366
10.09, 0.185440536043407
10.10, 0.185408961110692
10.11, 0.18537746286896
10.12, 0.185346034623815
10.13, 0.185314675039306
10.14, 0.185283383172781
10.15, 0.185252165584515
10.16, 0.185221027238722
10.17, 0.185189945999528
10.18, 0.185158850898001
10.19, 0.18512644686698
10.20, 0.18509413312755
10.21, 0.185061890877729
10.22, 0.185029717788618
10.23, 0.184997630088184
10.24, 0.184965615374253
10.25, 0.184933677109421
10.26, 0.184901813550684
10.27, 0.18487002531254
10.28, 0.184838313285449
10.29, 0.184806673729494
10.30, 0.184775116135785
10.31, 0.184743625951062
10.32, 0.184712208665063
10.33, 0.184680874397306
10.34, 0.184649602809126
10.35, 0.184618405512914
10.36, 0.184587290447698
10.37, 0.184556238320701
10.38, 0.184525267297896
10.39, 0.18449436099848
10.40, 0.184463536282996
10.41, 0.184432772584996
10.42, 0.184402090682238
10.43, 0.184371470578244
10.44, 0.184340930633029
10.45, 0.184310452712833
10.46, 0.184280054919221
10.47, 0.184249719793026
10.48, 0.184219453494368
10.49, 0.184189269977315
10.50, 0.184159143521301
10.51, 0.184129097200109
10.52, 0.184099112401301
10.53, 0.184069195513484
10.54, 0.184039358893236
10.55, 0.184009582379929
10.56, 0.183979874388535
10.57, 0.183950234115209
10.58, 0.183920662973759
10.59, 0.18389115991301
10.60, 0.183861725776159
10.61, 0.183832358301476
10.62, 0.183803051823293
10.63, 0.183773820769763
10.64, 0.183744646827662
10.65, 0.183715552215008
10.66, 0.183686513655236
10.67, 0.183657550637015
10.68, 0.183628647759388
10.69, 0.183599807986415
10.70, 0.18357103713051
10.71, 0.183542330347785
10.72, 0.183513691895502
10.73, 0.183485108683009
10.74, 0.18345660204493
10.75, 0.183428149911675
10.76, 0.183399762637589
10.77, 0.183371451671441
10.78, 0.183343194640744
10.79, 0.183314994157324
10.80, 0.183286868591796
10.81, 0.183258805916368
10.82, 0.183230798736224
10.83, 0.183202864572888
10.84, 0.183174985115326
10.85, 0.183147170209236
10.86, 0.183119417939211
10.87, 0.183091720776782
10.88, 0.183064095450617
10.89, 0.18303652372959
10.90, 0.18300902532643
10.91, 0.182981579544409
10.92, 0.182954187598865
10.93, 0.182926866846876
10.94, 0.182899609402046
10.95, 0.182872404744962
10.96, 0.182845261673846
10.97, 0.182818180080851
10.98, 0.182791149268549
10.99, 0.182764193229885
11.00, 0.182737286736888
11.01, 0.182710440757013
11.02, 0.182683658054655
11.03, 0.182656934669283
11.04, 0.182630262625578
11.05, 0.182603660254588
11.06, 0.182577111247649
11.07, 0.182550610843607
11.08, 0.182524180529813
11.09, 0.182497799035183
11.10, 0.182471479647449
11.11, 0.182445219132919
11.12, 0.182419019571023
11.13, 0.182392867985382
11.14, 0.182366776013
11.15, 0.182340743859734
11.16, 0.182314770161333
11.17, 0.182288847154781
11.18, 0.182262990356372
11.19, 0.182237172863107
11.20, 0.182211423612674
11.21, 0.182185724000256
11.22, 0.182160081142234
11.23, 0.182134497413235
11.24, 0.182108970200871
11.25, 0.182083493683374
11.26, 0.182058070926194
11.27, 0.182032708923651
11.28, 0.182007393037605
11.29, 0.181982133116016
11.30, 0.181956932755933
11.31, 0.181931786350022
11.32, 0.181906688201719
11.33, 0.181881646683219
11.34, 0.181856661309982
11.35, 0.181831723067702
11.36, 0.181806840609663
11.37, 0.181782014839857
11.38, 0.181757233819146
11.39, 0.181732520618696
11.40, 0.181707841787407
11.41, 0.181683226887465
11.42, 0.181658659666836
11.43, 0.181634146728572
11.44, 0.181609680204751
11.45, 0.181585277695416
11.46, 0.181560909928424
11.47, 0.18151353766795
11.48, 0.181486283224157
11.49, 0.181459087828185
11.50, 0.181431951707384
11.51, 0.181404864962405
11.52, 0.181377838315781
11.53, 0.181350858733613
11.54, 0.181323950231806
11.55, 0.181297077689081
11.56, 0.181270265274601
11.57, 0.181243522997102
11.58, 0.181216826699627
11.59, 0.181190178072052
11.60, 0.181163589132976
11.61, 0.181137056628273
11.62, 0.18111057264182
11.63, 0.181084146350563
11.64, 0.181057767795936
11.65, 0.181031445509589
11.66, 0.181005180972255
11.67, 0.18097897365192
11.68, 0.180952814817782
11.69, 0.18092670069966
11.70, 0.18090065431571
11.71, 0.180874643822624
11.72, 0.180848700806764
11.73, 0.180822803905364
11.74, 0.180796962698591
11.75, 0.180771167107959
11.76, 0.180745428621432
11.77, 0.180719735939672
11.78, 0.180694108699291
11.79, 0.180668517312059
11.80, 0.180642982112459
11.81, 0.180617500775052
11.82, 0.180592076444988
11.83, 0.180566695504888
11.84, 0.180541369836141
11.85, 0.180516089995126
11.86, 0.180490855171086
11.87, 0.180465683627037
11.88, 0.180440558843186
11.89, 0.180415474775225
11.90, 0.18039044735646
11.91, 0.180365475407165
11.92, 0.180340545777841
11.93, 0.180315670454717
11.94, 0.180290839507382
11.95, 0.18026606297719
11.96, 0.180241338850851
11.97, 0.180216658828833
11.98, 0.18019202114459
11.99, 0.180167446717557
12.00, 0.180142906903668
12.01, 0.180118418587247
12.02, 0.18009398563494
12.03, 0.180069593240854
12.04, 0.180045255798815
12.05, 0.180020969919791
12.06, 0.17999672566731
12.07, 0.179972524475185
12.08, 0.179948374521312
12.09, 0.179924279213832
12.10, 0.179900223504579
12.11, 0.179876221222157
12.12, 0.17985226013394
12.13, 0.179828341231137
12.14, 0.179804474212591
12.15, 0.179780658382763
12.16, 0.179756883296483
12.17, 0.179733160037328
12.18, 0.179709486936159
12.19, 0.179685848816456
12.20, 0.179662258745331
12.21, 0.179638718092339
12.22, 0.179615230383298
12.23, 0.179591773341129
12.24, 0.179568375355955
12.25, 0.179545020814448
12.26, 0.179521703973003
12.27, 0.179498438514747
12.28, 0.179475212250498
12.29, 0.179452038377049
12.30, 0.179428912668474
12.31, 0.179405817078291
12.32, 0.179382780863637
12.33, 0.179359785317229
12.34, 0.179336828923341
12.35, 0.179313921786625
12.36, 0.179291055417748
12.37, 0.179268235521403
12.38, 0.179245456519415
12.39, 0.179222726215628
12.40, 0.179200036608782
12.41, 0.179177393497492
12.42, 0.179154790640311
12.43, 0.179132235701126
12.44, 0.179109719631941
12.45, 0.17908725168415
12.46, 0.179064822154731
12.47, 0.179042431991755
12.48, 0.179020087955009
12.49, 0.17899779430729
12.50, 0.178975527689604
12.51, 0.178953319014543
12.52, 0.178931148296964
12.53, 0.1789090151627
12.54, 0.178886929769512
12.55, 0.178864881148717
12.56, 0.17884288017553
12.57, 0.178820916752955
12.58, 0.178798991960693
12.59, 0.178777112864387
12.60, 0.178755281152517
12.61, 0.178733485275932
12.62, 0.178711729682482
12.63, 0.178690018215598
12.64, 0.178668343004824
12.65, 0.178646715707765
12.66, 0.178625125862718
12.67, 0.178603581191282
12.68, 0.17858207296123
12.69, 0.17856060117008
12.70, 0.178539174099747
12.71, 0.178517784655969
12.72, 0.178496441890916
12.73, 0.178475132719171
12.74, 0.178453870312418
12.75, 0.178432645305928
12.76, 0.178411464665083
12.77, 0.178390309999402
12.78, 0.178369210788117
12.79, 0.178348135428206
12.80, 0.178327107322653
12.81, 0.178306123583133
12.82, 0.178285174863954
12.83, 0.178264261435816
12.84, 0.178243402245083
12.85, 0.178222569439181
12.86, 0.178201770234906
12.87, 0.178181016570977
12.88, 0.178160305508908
12.89, 0.178139621864297
12.90, 0.178118991058364
12.91, 0.178098385169811
12.92, 0.178077822197578
12.93, 0.178057303949965
12.94, 0.178036820596697
12.95, 0.178016371726318
12.96, 0.177995965720282
12.97, 0.177975593908962
12.98, 0.177955256839907
12.99, 0.177934961725473
13.00, 0.177914701313208
13.01, 0.177894483168417
13.02, 0.177874301081051
13.03, 0.17785414936445
13.04, 0.177834043591857
13.05, 0.177813979799294
13.06, 0.177793938173195
13.07, 0.177773940039386
13.08, 0.177753978195113
13.09, 0.177734055878731
13.10, 0.177714167148541
13.11, 0.177694310181384
13.12, 0.177674497397008
13.13, 0.177654717366579
13.14, 0.177634978841406
13.15, 0.177615272224589
13.16, 0.17759559891444
13.17, 0.17757596840417
13.18, 0.177556369717343
13.19, 0.177536813422822
13.20, 0.17751727867544
13.21, 0.177497795326482
13.22, 0.177478334346862
13.23, 0.177458916286618
13.24, 0.177439529126778
13.25, 0.177420183098409
13.26, 0.177400870122651
13.27, 0.177381587167136
13.28, 0.177362344919148
13.29, 0.177343137458581
13.30, 0.17732396802124
13.31, 0.177304821833534
13.32, 0.177285715713826
13.33, 0.177266650007752
13.34, 0.177247616257783
13.35, 0.177228614920859
13.36, 0.177209642034514
13.37, 0.177190711045334
13.38, 0.177171809644126
13.39, 0.17715295062383
13.40, 0.177134121521001
13.41, 0.17711532240444
13.42, 0.177096564814595
13.43, 0.177077837473111
13.44, 0.17705913946323
13.45, 0.177040482801709
13.46, 0.177021854340528
13.47, 0.177003259227794
13.48, 0.176984701811419
13.49, 0.176966163454938
13.50, 0.176947678534937
13.51, 0.176929220923887
13.52, 0.176910782771158
13.53, 0.176892394104267
13.54, 0.176874025875121
13.55, 0.176855697208954
13.56, 0.176837407520496
13.57, 0.176819138579616
13.58, 0.176800907235692
13.59, 0.176782705949292
13.60, 0.176764544128003
13.61, 0.176746410986539
13.62, 0.176728306281332
13.63, 0.176710242429562
13.64, 0.176692195644069
13.65, 0.176674198945577
13.66, 0.176656221086836
13.67, 0.176638281135239
13.68, 0.176620370034803
13.69, 0.176602496879158
13.70, 0.17658464423079
13.71, 0.176566827687189
13.72, 0.17654905211943
13.73, 0.176531302131639
13.74, 0.176513572043979
13.75, 0.17649589075911
13.76, 0.1764782265132
13.77, 0.17646060042545
13.78, 0.176443011179158
13.79, 0.176425442728274
13.80, 0.176407910365391
13.81, 0.176390406225513
13.82, 0.176372929323931
13.83, 0.176355490186124
13.84, 0.176338078833858
13.85, 0.176320706776107
13.86, 0.17630334968501
13.87, 0.176286030513628
13.88, 0.176268739318037
13.89, 0.176251485228387
13.90, 0.17623425842634
13.91, 0.176217058519407
13.92, 0.176199885864306
13.93, 0.176182750567673
13.94, 0.176165642741903
13.95, 0.17614856132712
13.96, 0.17613151706878
13.97, 0.176114499819181
13.98, 0.176097507627225
13.99, 0.176080554487593
14.00, 0.176063617523048
14.01, 0.176046715735224
14.02, 0.176029850658854
14.03, 0.176013004079867
14.04, 0.175996192860678
14.05, 0.175979407361805
14.06, 0.175962647231527
14.07, 0.175945925055327
14.08, 0.175929228905924
14.09, 0.175912558234157
14.10, 0.175895925294297
14.11, 0.175879306739015
14.12, 0.175862734278606
14.13, 0.175846176345132
14.14, 0.175829646393344
14.15, 0.175813162260763
14.16, 0.175796692800523
14.17, 0.175780249253998
14.18, 0.175763841535404
14.19, 0.175747459752325
14.20, 0.175731101827902
14.21, 0.175714782191827
14.22, 0.175698475835425
14.23, 0.175682203580971
14.24, 0.175665969074685
14.25, 0.175649747958264
14.26, 0.175633562717405
14.27, 0.175617402476271
14.28, 0.175601278138354
14.29, 0.175585168069364
14.30, 0.175569092951962
14.31, 0.175553042426819
14.32, 0.175537018064194
14.33, 0.175521026826157
14.34, 0.175505061338416
14.35, 0.175489118924038
14.36, 0.17547321321118
14.37, 0.175457330644184
14.38, 0.175441462374917
14.39, 0.175425639926447
14.40, 0.175409830853452
14.41, 0.1753940567023
14.42, 0.17537830550702
14.43, 0.175362579554765
14.44, 0.175346877829417
14.45, 0.175331209713604
14.46, 0.175315566164213
14.47, 0.175299946822506
14.48, 0.175284361024635
14.49, 0.175268798994767
14.50, 0.175253251805752
14.51, 0.175237745579346
14.52, 0.17522225559521
14.53, 0.17520680022858
14.54, 0.175191366970188
14.55, 0.175175956377726
14.56, 0.175160570118792
14.57, 0.175145218402833
14.58, 0.175129888726925
14.59, 0.175114583531304
14.60, 0.175099300512712
14.61, 0.175084051111742
14.62, 0.17506881636755
14.63, 0.175053623497925
14.64, 0.175038442671235
14.65, 0.175023287652866
14.66, 0.175008163351586
14.67, 0.174993062198035
14.68, 0.174977985026452
14.69, 0.174962939852434
14.70, 0.174947918936804
14.71, 0.174932910912908
14.72, 0.174917943176451
14.73, 0.174902991214344
14.74, 0.174888070562289
14.75, 0.174873171582387
14.76, 0.174858294328427
14.77, 0.174843442188374
14.78, 0.174828620197875
14.79, 0.174813811262295
14.80, 0.174799035788451
14.81, 0.174784291663557
14.82, 0.17476956108361
14.83, 0.174754851367063
14.84, 0.174740173585169
14.85, 0.174725518274983
14.86, 0.174710896803185
14.87, 0.174696284380386
14.88, 0.174681704653955
14.89, 0.174667148419109
14.90, 0.174652613165447
14.91, 0.174638098751492
14.92, 0.174623617766007
14.93, 0.174609156649593
14.94, 0.17459471929667
14.95, 0.174580302924142
14.96, 0.1745659169079
14.97, 0.174551543824365
14.98, 0.174537201620277
14.99, 0.17452289023477
15.00, 0.174508591081794
15.01, 0.174494312510991
15.02, 0.174480067048696
15.03, 0.174465841811322
15.04, 0.174451637416139
15.05, 0.174437455072957
15.06, 0.174423303151043
15.07, 0.174409171926602
15.08, 0.174395063047284
15.09, 0.174380973005644
15.10, 0.174366916930667
15.11, 0.174352868936177
15.12, 0.174338853214232
15.13, 0.174324858086816
15.14, 0.174310884568403
15.15, 0.174296939561411
15.16, 0.174283006604464
15.17, 0.174269105374574
15.18, 0.174255222535471
15.19, 0.174241371452296
15.20, 0.174227531067237
15.21, 0.174213721704868
15.22, 0.174199921035213
15.23, 0.174186151467247
15.24, 0.17417241393205
15.25, 0.174158684428642
15.26, 0.174144986454881
15.27, 0.17413130819063
15.28, 0.174117650150952
15.29, 0.17410401103713
15.30, 0.174090394241996
15.31, 0.174076806769817
15.32, 0.174063238434459
15.33, 0.174049690626234
15.34, 0.174036163263302
15.35, 0.174022653939047
15.36, 0.174009175465356
15.37, 0.173995716970665
15.38, 0.173982279425112
15.39, 0.173968859375593
15.40, 0.173955460904359
15.41, 0.173942079413437
15.42, 0.173928741152602
15.43, 0.173915400157189
15.44, 0.173902088752961
15.45, 0.173888807635156
15.46, 0.17387553413658
15.47, 0.17386229146611
15.48, 0.173849068340705
15.49, 0.173835863844767
15.50, 0.173822679768902
15.51, 0.173809513452906
15.52, 0.173796377416289
15.53, 0.173783249078819
15.54, 0.173770161184414
15.55, 0.173757081655165
15.56, 0.173744021614991
15.57, 0.173730979755259
15.58, 0.173717967182947
15.59, 0.173704974704093
15.60, 0.17369199886316
15.61, 0.173679044067282
15.62, 0.173666107591207
15.63, 0.173653197794233
15.64, 0.17364030862735
15.65, 0.173627428050653
15.66, 0.173614585740391
15.67, 0.173601751872323
15.68, 0.173588936086944
15.69, 0.173576150853597
15.70, 0.173563372439366
15.71, 0.173550622197478
15.72, 0.173537900297519
15.73, 0.173525188017331
15.74, 0.173512494327833
15.75, 0.173499827097936
15.76, 0.173487177943454
15.77, 0.173474548840447
15.78, 0.173461937206804
15.79, 0.173449342452421
15.80, 0.173436777426954
15.81, 0.173424220112571
15.82, 0.173411689700823
15.83, 0.173399178607892
15.84, 0.17338668527314
15.85, 0.173374218482293
15.86, 0.173361761287239
15.87, 0.173349331542492
15.88, 0.173336920301736
15.89, 0.17332452449442
15.90, 0.173312147901783
15.91, 0.173299787913897
15.92, 0.173287446656807
15.93, 0.173275134014045
15.94, 0.173262836771566
15.95, 0.173250558818532
15.96, 0.173238296049732
15.97, 0.173226053850847
15.98, 0.173213836694503
15.99, 0.173201637077525
16.00, 0.173189446730355
16.01, 0.173177282051625
16.02, 0.173165134881889
16.03, 0.173153004802682
16.04, 0.173140902496717
16.05, 0.173128806371416
16.06, 0.173116738617022
16.07, 0.173104687875744
16.08, 0.173092653988881
16.09, 0.173080635894424
16.10, 0.173068636709778
16.11, 0.173056663287377
16.12, 0.173044707910018
16.13, 0.173032758310748
16.14, 0.173020835714247
16.15, 0.173008939908308
16.16, 0.172997051158545
16.17, 0.172985179534668
16.18, 0.172973334645333
16.19, 0.172961504940582
16.20, 0.172949684594422
16.21, 0.172937898445348
16.22, 0.172926119518525
16.23, 0.172914356983989
16.24, 0.172902621769362
16.25, 0.17289089274212
16.26, 0.17287919021423
16.27, 0.172867505457867
16.28, 0.172855835198503
16.29, 0.172844181133276
16.30, 0.17283255346807
16.31, 0.172820930958607
16.32, 0.172809339104292
16.33, 0.172797759228681
16.34, 0.172786195954425
16.35, 0.172774649808256
16.36, 0.172763121687251
16.37, 0.172751606269208
16.38, 0.172740118685124
16.39, 0.172728648409788
16.40, 0.172717181482631
16.41, 0.172705739666968
16.42, 0.172694328307891
16.43, 0.17268291873229
16.44, 0.172671527690031
16.45, 0.172660160731074
16.46, 0.17264879980568
16.47, 0.172637465575298
16.48, 0.172626145332269
16.49, 0.17261484316256
16.50, 0.172603564849278
16.51, 0.172592293228694
16.52, 0.172581045431514
16.53, 0.172569805670121
16.54, 0.172558589347707
16.55, 0.172547389821553
16.56, 0.172536205602115
16.57, 0.17252503600633
16.58, 0.17251389165708
16.59, 0.172502753747883
16.60, 0.172491641359511
16.61, 0.172480542996582
16.62, 0.17246945248347
16.63, 0.172458393606437
16.64, 0.172447342573161
16.65, 0.172436304870543
16.66, 0.172425295091335
16.67, 0.172414287633063
16.68, 0.172403296948988
16.69, 0.172392340814828
16.70, 0.172381389584378
16.71, 0.172370453938232
16.72, 0.172359532441332
16.73, 0.172348625949431
16.74, 0.172337745379282
16.75, 0.172326868098528
16.76, 0.172316018099575
16.77, 0.17230517985099
16.78, 0.172294359175025
16.79, 0.172283551066195
16.80, 0.172272759064199
16.81, 0.172261992251548
16.82, 0.172251228804629
16.83, 0.172240490950554
16.84, 0.17222976606244
16.85, 0.172219055982681
16.86, 0.172208361844921
16.87, 0.17219768267771
16.88, 0.172187016825144
16.89, 0.17217637584327
16.90, 0.172165750367486
16.91, 0.172155127561073
16.92, 0.172144529959668
16.93, 0.17213394592752
16.94, 0.172123376732424
16.95, 0.172112822108565
16.96, 0.172102291114141
16.97, 0.172091764599348
16.98, 0.172081252905721
16.99, 0.172070764757533
17.00, 0.172060290895289
17.01, 0.172049832048383
17.02, 0.172039386110483
17.03, 0.172028953517914
17.04, 0.17201853693722
17.05, 0.172008143799208
17.06, 0.171997753638834
17.07, 0.171987387316239
17.08, 0.171977036014406
17.09, 0.171966697944821
17.10, 0.171956373986904
17.11, 0.17194606485191
17.12, 0.171935768481518
17.13, 0.171925486880095
17.14, 0.171915227735025
17.15, 0.171904982755777
17.16, 0.171894740568455
17.17, 0.171884525166278
17.18, 0.171874320155602
17.19, 0.171864129317686
17.20, 0.171853953028033
17.21, 0.171843799386652
17.22, 0.171833650413492
17.23, 0.171823523509106
17.24, 0.171813400979706
17.25, 0.171803302656867
17.26, 0.171793216988459
17.27, 0.17178314326369
17.28, 0.171773084113268
17.29, 0.171763039201403
17.30, 0.171753016351307
17.31, 0.171742997492664
17.32, 0.171733003421181
17.33, 0.171723009619814
17.34, 0.171713041576642
17.35, 0.171703085192108
17.36, 0.171693141742252
17.37, 0.171683212131652
17.38, 0.17167329472193
17.39, 0.171663401401562
17.40, 0.171653511610993
17.41, 0.171643643867312
17.42, 0.171633788188453
17.43, 0.171623936687382
17.44, 0.171614109576252
17.45, 0.171604303335197
17.46, 0.171594490164083
17.47, 0.171584709833739
17.48, 0.171574933857383
17.49, 0.17156517787596
17.50, 0.171555427353595
17.51, 0.171545698555587
17.52, 0.171535982073986
17.53, 0.171526269356099
17.54, 0.171516587952072
17.55, 0.171506910287969
17.56, 0.1714972461495
17.57, 0.17148759231637
17.58, 0.171477953457136
17.59, 0.171468334539757
17.60, 0.17145872933
17.61, 0.171449127398722
17.62, 0.17143954712146
17.63, 0.171429980519376
17.64, 0.171420423416398
17.65, 0.171410881988016
17.66, 0.171401361980514
17.67, 0.171391843267812
17.68, 0.17138233817771
17.69, 0.171372854620466
17.70, 0.171363384311485
17.71, 0.171353914887622
17.72, 0.171344478022783
17.73, 0.171335033719544
17.74, 0.171325622837752
17.75, 0.17131621118299
17.76, 0.171306813040098
17.77, 0.171297428059889
17.78, 0.171288064490814
17.79, 0.171278703604314
17.80, 0.171269362684703
17.81, 0.171260036065972
17.82, 0.171250719646004
17.83, 0.171241415687594
17.84, 0.171232125078797
17.85, 0.171222845566882
17.86, 0.171213577534887
17.87, 0.171204331502664
17.88, 0.171195087221124
17.89, 0.171185864439439
17.90, 0.171176654269663
17.91, 0.171167444942633
17.92, 0.171158258338528
17.93, 0.171149083600757
17.94, 0.171139919193078
17.95, 0.17113076796769
17.96, 0.171121637488577
17.97, 0.171112509609845
17.98, 0.171103402879581
17.99, 0.171094297107915
18.00, 0.171085212174309
18.01, 0.171076129731646
18.02, 0.171067070349145
18.03, 0.171058019665042
18.04, 0.171048981871293
18.05, 0.171039956437835
18.06, 0.171030950360699
18.07, 0.171021947895401
18.08, 0.171012954858163
18.09, 0.171003984583926
18.10, 0.170995014633767
18.11, 0.170986065436193
18.12, 0.170977129320915
18.13, 0.170968203565168
18.14, 0.17095928970796
18.15, 0.170950386621208
18.16, 0.170941494457862
18.17, 0.170932612751563
18.18, 0.170923743055309
18.19, 0.170914894422688
18.20, 0.17090604807247
18.21, 0.170897220581724
18.22, 0.17088840453256
18.23, 0.170879591192523
18.24, 0.170870798712662
18.25, 0.17086201473223
18.26, 0.170853244026349
18.27, 0.170844482511051
18.28, 0.170835743269393
18.29, 0.170827004348815
18.30, 0.170818287457088
18.31, 0.170809570632484
18.32, 0.170800864662084
18.33, 0.170792178563158
18.34, 0.170783504573696
18.35, 0.170774840978184
18.36, 0.170766187273201
18.37, 0.170757545726805
18.38, 0.170748914824141
18.39, 0.170740293313043
18.40, 0.170731682542494
18.41, 0.170723093623985
18.42, 0.170714504384893
18.43, 0.170705935836146
18.44, 0.170697367272849
18.45, 0.170688820534301
18.46, 0.170680283833667
18.47, 0.170671756908378
18.48, 0.170663241502766
18.49, 0.170654736920788
18.50, 0.170646241842822
18.51, 0.170637756989445
18.52, 0.170629283567156
18.53, 0.170620830582592
18.54, 0.170612375187374
18.55, 0.170603943709821
18.56, 0.170595509505323
18.57, 0.170587097809124
18.58, 0.170578695464335
18.59, 0.170570304855717
18.60, 0.170561922411482
18.61, 0.170553551700486
18.62, 0.170545189842602
18.63, 0.170536838683819
18.64, 0.170528506979816
18.65, 0.170520176628864
18.66, 0.170511865794776
18.67, 0.170503555191908
18.68, 0.170495264204077
18.69, 0.170486974441041
18.70, 0.170478704318274
18.71, 0.170470443627701
18.72, 0.170462192869121
18.73, 0.170453951772776
18.74, 0.170445721591562
18.75, 0.170437511213324
18.76, 0.170429300381171
18.77, 0.170421098938536
18.78, 0.170412907142326
18.79, 0.170404736839059
18.80, 0.170396565175233
18.81, 0.170388413643951
18.82, 0.170380271347747
18.83, 0.170372139809156
18.84, 0.170364017035387
18.85, 0.170355904805446
18.86, 0.170347801923129
18.87, 0.17033970794122
18.88, 0.17033162365199
18.89, 0.170323550712242
18.90, 0.170315496584909
18.91, 0.170307441789182
18.92, 0.170299406811051
18.93, 0.170291370501347
18.94, 0.170283353805413
18.95, 0.170275348083795
18.96, 0.170267339082699
18.97, 0.170259351877489
18.98, 0.170251375453968
18.99, 0.170243406015527
19.00, 0.170235456328997
19.01, 0.170227506592767
19.02, 0.170219564840207
19.03, 0.170211634104602
19.04, 0.170203721866674
19.05, 0.170195809452275
19.06, 0.17018791714427
19.07, 0.170180032606548
19.08, 0.170172148601856
19.09, 0.170164283632104
19.10, 0.170156426914447
19.11, 0.170148579596064
19.12, 0.170140741906372
19.13, 0.170132912675006
19.14, 0.170125093929802
19.15, 0.170117282421805
19.16, 0.170109491704384
19.17, 0.170101699594085
19.18, 0.170093926481628
19.19, 0.170086152266223
19.20, 0.170078386522033
19.21, 0.170070640099784
19.22, 0.170062903709545
19.23, 0.170055174831594
19.24, 0.170047455896129
19.25, 0.170039746073664
19.26, 0.170032045072852
19.27, 0.170024352388214
19.28, 0.170016668442804
19.29, 0.170008993209073
19.30, 0.170001328748222
19.31, 0.169993681178486
19.32, 0.169986033576433
19.33, 0.169978405012253
19.34, 0.169970772943176
19.35, 0.169963161046688
19.36, 0.169955558131271
19.37, 0.169947953560602
19.38, 0.169940367580429
19.39, 0.169932789778706
19.40, 0.169925222162692
19.41, 0.169917662154573
19.42, 0.169910121969826
19.43, 0.169902578360461
19.44, 0.169895044710422
19.45, 0.169887519769562
19.46, 0.169880012976222
19.47, 0.169872505034725
19.48, 0.169865013629505
19.49, 0.169857523910549
19.50, 0.169850050728062
19.51, 0.169842585759337
19.52, 0.169835119777503
19.53, 0.169827673005085
19.54, 0.169820233273879
19.55, 0.16981280161978
19.56, 0.169805380106132
19.57, 0.169797976923393
19.58, 0.169790569965773
19.59, 0.169783172863733
19.60, 0.169775784572752
19.61, 0.169768413712541
19.62, 0.169761041300122
19.63, 0.16975368551314
19.64, 0.169746331199688
19.65, 0.169738991513841
19.66, 0.169731663085502
19.67, 0.169724331819221
19.68, 0.169717017896782
19.69, 0.169709712232675
19.70, 0.169702415051783
19.71, 0.169695127209916
19.72, 0.169687846025365
19.73, 0.169680582203036
19.74, 0.169673318376758
19.75, 0.169666061063089
19.76, 0.169658813172693
19.77, 0.169651581411753
19.78, 0.169644349883211
19.79, 0.169637134099695
19.80, 0.169629918064231
19.81, 0.169622719483882
19.82, 0.169615528028021
19.83, 0.169608345474794
19.84, 0.169601168966661
19.85, 0.169594002147372
19.86, 0.169586833057939
19.87, 0.169579691882168
19.88, 0.169572546755248
19.89, 0.169565411191855
19.90, 0.169558283079439
19.91, 0.169551163297528
19.92, 0.169544059066405
19.93, 0.169536954543699
19.94, 0.169529867440718
19.95, 0.169522778618512
19.96, 0.169515704784989
19.97, 0.169508631242036
19.98, 0.169501574878689
19.99, 0.169494526189514
20.00, 0.169487483469232
20.01, 0.169480440241919
20.02, 0.16947341466412
20.03, 0.169466395793119
20.04, 0.169459383592661
20.05, 0.169452380227529
20.06, 0.169445394998652
20.07, 0.169438404963476
20.08, 0.169431424458322
20.09, 0.169424461636555
20.10, 0.169417494148617
20.11, 0.169410545871776
20.12, 0.169403595251546
20.13, 0.169396660255093
20.14, 0.16938972461479
20.15, 0.16938280389906
20.16, 0.169375893209322
20.17, 0.169368987983961
20.18, 0.16936208947441
20.19, 0.169355200960001
20.20, 0.169348317420699
20.21, 0.169341441194088
20.22, 0.169334574533123
20.23, 0.169327713323823
20.24, 0.169320859437081
20.25, 0.169314012089564
20.26, 0.169307182638965
20.27, 0.169300350359062
20.28, 0.169293535076604
20.29, 0.169286717590649
20.30, 0.169279916894804
20.31, 0.169273113398496
20.32, 0.169266326707229
20.33, 0.169259546182597
20.34, 0.16925277431713
20.35, 0.169245999584681
20.36, 0.169239241777536
20.37, 0.169232489021554
20.38, 0.169225743969066
20.39, 0.169219007784023
20.40, 0.169212276564747
20.41, 0.169205564542626
20.42, 0.169198847114321
20.43, 0.169192137169054
20.44, 0.169185434370287
20.45, 0.169178748646827
20.46, 0.169172059586167
20.47, 0.169165387661236
20.48, 0.169158710664704
20.49, 0.169152052712369
20.50, 0.169145401553559
20.51, 0.169138745530436
20.52, 0.16913210830725
20.53, 0.169125476411519
20.54, 0.169118850806075
20.55, 0.169112234528835
20.56, 0.169105622343342
20.57, 0.16909901807362
20.58, 0.169092419776025
20.59, 0.169085829360128
20.60, 0.169079243401496
20.61, 0.169072665922356
20.62, 0.169066105285606
20.63, 0.169059539612293
20.64, 0.169052982465626
20.65, 0.169046440693196
20.66, 0.169039904847572
20.67, 0.169033366633888
20.68, 0.169026836335512
20.69, 0.169020319301616
20.70, 0.169013810747607
20.71, 0.169007299009965
20.72, 0.169000813703631
20.73, 0.16899431329587
20.74, 0.168987829636095
20.75, 0.168981354246635
20.76, 0.168974883691867
20.77, 0.168968419691667
20.78, 0.168961972406984
20.79, 0.168955511307012
20.80, 0.168949075539571
20.81, 0.168942637816951
20.82, 0.168936204817033
20.83, 0.168929789984805
20.84, 0.168923369938881
20.85, 0.168916966861019
20.86, 0.16891055986223
20.87, 0.168904169104062
20.88, 0.168897775479821
20.89, 0.168891396468518
20.90, 0.168885015069491
20.91, 0.168878648377752
20.92, 0.168872288399699
20.93, 0.168865934815128
20.94, 0.16885958715077
20.95, 0.168853246151253
20.96, 0.168846911778593
20.97, 0.168840581910913
20.98, 0.168834259850116
20.99, 0.168827942385053
21.00, 0.168821631280869
21.01, 0.168815326467084
21.02, 0.168809037832972
21.03, 0.168802746066319
21.04, 0.168796458115273
21.05, 0.168790188393171
21.06, 0.168783913123447
21.07, 0.168777654087688
21.08, 0.168771391166874
21.09, 0.16876514461614
21.10, 0.168758902428815
21.11, 0.16875265795133
21.12, 0.168746428583833
21.13, 0.168740204709914
21.14, 0.168733987053737
21.15, 0.168727775083748
21.16, 0.168721570058199
21.17, 0.168715368899544
21.18, 0.1687091756763
21.19, 0.168702986927916
21.20, 0.16869680404621
21.21, 0.168690627178786
21.22, 0.168684456361021
21.23, 0.168678300042283
21.24, 0.16867214137354
21.25, 0.168665986914868
21.26, 0.168659848221277
21.27, 0.168653705820829
21.28, 0.168647577710711
21.29, 0.16864144708102
21.30, 0.168635330784417
21.31, 0.168629210368506
21.32, 0.168623105582542
21.33, 0.168617007232767
21.34, 0.168610914221891
21.35, 0.168604815609749
21.36, 0.168598732936319
21.37, 0.168592656158783
21.38, 0.168586584879777
21.39, 0.168580519861815
21.40, 0.168574458758403
21.41, 0.16856840498695
21.42, 0.168562355419558
21.43, 0.16855630998683
21.44, 0.168550282227808
21.45, 0.16854424974724
21.46, 0.168538221922834
21.47, 0.168532199054892
21.48, 0.168526192391316
21.49, 0.168520181373315
21.50, 0.168514184521014
21.51, 0.16850818466057
21.52, 0.168502198939042
21.53, 0.168496209309852
21.54, 0.168490232972504
21.55, 0.168484264462598
21.56, 0.168478289464197
21.57, 0.16847233204023
21.58, 0.168466376712811
21.59, 0.16846042902366
21.60, 0.168454486445481
21.61, 0.168448547811811
21.62, 0.168442615002456
21.63, 0.168436687724304
21.64, 0.168430763844544
21.65, 0.168424847418035
21.66, 0.168418934686862
21.67, 0.168413027724667
21.68, 0.168407126075486
21.69, 0.168401238198301
21.70, 0.168395345742762
21.71, 0.168389460646058
21.72, 0.168383587620217
21.73, 0.168377711730184
21.74, 0.16837183892338
21.75, 0.168365984172093
21.76, 0.168360132763616
21.77, 0.16835427469837
21.78, 0.168348434081606
21.79, 0.168342596705499
21.80, 0.168336755181426
21.81, 0.168330928748684
21.82, 0.168325107660337
21.83, 0.168319290469878
21.84, 0.168313477900169
21.85, 0.168307671268254
21.86, 0.168301858452196
21.87, 0.168296061957473
21.88, 0.168290279122477
21.89, 0.168284491570056
21.90, 0.168278697680346
21.91, 0.16827293079927
21.92, 0.168267157087602
21.93, 0.168261389021985
21.94, 0.168255635980834
21.95, 0.168249876055673
21.96, 0.168244121721172
21.97, 0.16823838269412
21.98, 0.168232638580814
21.99, 0.168226897861727
22.00, 0.168221172221946
22.01, 0.168215441853875
22.02, 0.168209726436487
22.03, 0.168204014666284
22.04, 0.168198297925195
22.05, 0.168192596314425
22.06, 0.168186899446184
22.07, 0.168181206191677
22.08, 0.168175507894179
22.09, 0.168169824586719
22.10, 0.168164146114927
22.11, 0.168158471634404
22.12, 0.168152801492601
22.13, 0.168147136500062
22.14, 0.168141474636017
22.15, 0.168135820231268
22.16, 0.168130168152141
22.17, 0.168124519590704
22.18, 0.168118887601445
22.19, 0.168113248986554
22.20, 0.1681076156256
22.21, 0.168101994628072
22.22, 0.168096370664284
22.23, 0.168090750045137
22.24, 0.168085142454887
22.25, 0.16807953147675
22.26, 0.168073933709334
22.27, 0.168068330452701
22.28, 0.168062741932501
22.29, 0.168057147140083
22.30, 0.16805156667324
22.31, 0.168045991375871
22.32, 0.168040410631522
22.33, 0.168034842508693
22.34, 0.168029279839814
22.35, 0.168023719817314
22.36, 0.168018166510553
22.37, 0.168012606317827
22.38, 0.168007060666566
22.39, 0.168001518066828
22.40, 0.167995979747531
22.41, 0.16799044652687
22.42, 0.167984917859347
22.43, 0.167979392185291
22.44, 0.167973881373031
22.45, 0.16796836502149
22.46, 0.167962851776028
22.47, 0.16795734470893
22.48, 0.1679518487032
22.49, 0.167946349251875
22.50, 0.167940852475337
22.51, 0.167935370463269
22.52, 0.167929882662067
22.53, 0.167924408221504
22.54, 0.167918928104924
22.55, 0.167913462465737
22.56, 0.167907989765385
22.57, 0.167902531510011
22.58, 0.167897067801328
22.59, 0.167891616792539
22.60, 0.167886172240117
22.61, 0.167880718661306
22.62, 0.167875281181693
22.63, 0.167869846613879
22.64, 0.167864416398252
22.65, 0.167858990596117
22.66, 0.167853567265475
22.67, 0.167848148547688
22.68, 0.167842724312225
22.69, 0.167837312790489
22.70, 0.167831905559611
22.71, 0.167826511110406
22.72, 0.167821112592497
22.73, 0.167815716920966
22.74, 0.167810325267422
22.75, 0.167804936487385
22.76, 0.167799552012621
22.77, 0.16779418188345
22.78, 0.167788804679716
22.79, 0.167783441261735
22.80, 0.16777807234641
22.81, 0.167772705875257
22.82, 0.167767343525647
22.83, 0.16776199572689
22.84, 0.167756652096846
22.85, 0.167751300932949
22.86, 0.167745962440933
22.87, 0.167740619584236
22.88, 0.167735289325571
22.89, 0.167729963403956
22.90, 0.167724630008095
22.91, 0.167719310707351
22.92, 0.167713995545797
22.93, 0.167708672701029
22.94, 0.167719484821769
22.95, 0.167714826788984
22.96, 0.167710172222219
22.97, 0.167705522963214
22.98, 0.167700878368841
22.99, 0.167696236784712
23.00, 0.167691600422381
23.01, 0.167686968897094
23.02, 0.167682340604289
23.03, 0.167677717386587
23.04, 0.167673099413127
23.05, 0.167668494434414
23.06, 0.167663884115832
23.07, 0.167659277361458
23.08, 0.167654676991176
23.09, 0.1676500886862
23.10, 0.167645496545767
23.11, 0.167640907806846
23.12, 0.167636333627341
23.13, 0.16763175301297
23.14, 0.167627187439455
23.15, 0.167622616325462
23.16, 0.167618058730718
23.17, 0.167613495826404
23.18, 0.167608947863051
23.19, 0.167604403308698
23.20, 0.167599853451394
23.21, 0.167595316724735
23.22, 0.167590774664371
23.23, 0.167586247975683
23.24, 0.167581724107254
23.25, 0.167577205131907
23.26, 0.167572690915461
23.27, 0.167568171844458
23.28, 0.167563663920265
23.29, 0.167559162601217
23.30, 0.167554664763997
23.31, 0.167550171208066
23.32, 0.167545681094746
23.33, 0.167541195536777
23.34, 0.167536715141839
23.35, 0.167532237651587
23.36, 0.167527764863807
23.37, 0.167523297098112
23.38, 0.167518842372982
23.39, 0.167514382231622
23.40, 0.167509925646592
23.41, 0.167505473364081
23.42, 0.167501025892261
23.43, 0.167496591918068
23.44, 0.167492162399483
23.45, 0.167487727532209
23.46, 0.16748329597462
23.47, 0.167478867081191
23.48, 0.167474454905156
23.49, 0.167470036014937
23.50, 0.167465631638091
23.51, 0.1674612299922
23.52, 0.167456821980996
23.53, 0.16745243003325
23.54, 0.167448031281953
23.55, 0.167443646928954
23.56, 0.167439265843101
23.57, 0.167434889676936
23.58, 0.167430505939263
23.59, 0.167426137640945
23.60, 0.16742177330157
23.61, 0.167417402127553
23.62, 0.167413055976658
23.63, 0.167408692655818
23.64, 0.16740434551398
23.65, 0.167399999917286
23.66, 0.167395660704543
23.67, 0.167391322731189
23.68, 0.167387000715162
23.69, 0.167382672089679
23.70, 0.167378347985245
23.71, 0.167374026907442
23.72, 0.167369710302312
23.73, 0.167365397114637
23.74, 0.167361087878071
23.75, 0.167356783762574
23.76, 0.167352492351193
23.77, 0.167348195526006
23.78, 0.167343901736815
23.79, 0.167339612398391
23.80, 0.167335338053356
23.81, 0.167331056101997
23.82, 0.167326789095323
23.83, 0.167322515113056
23.84, 0.167318245475536
23.85, 0.167313990230392
23.86, 0.167309738443906
23.87, 0.167305479186881
23.88, 0.167301236258604
23.89, 0.167296986096358
23.90, 0.167292748925278
23.91, 0.16728850613284
23.92, 0.167284278235478
23.93, 0.167280053208007
23.94, 0.167275832234801
23.95, 0.167271604785145
23.96, 0.167267391341017
23.97, 0.167263182753662
23.98, 0.167258976522417
23.99, 0.167254773602631
24.00, 0.167250575004157
24.01, 0.167246381030774
24.02, 0.1672421817644
24.03, 0.16723799488103
24.04, 0.167233821389224
24.05, 0.167229641731034
24.06, 0.167225467038368
24.07, 0.167221294860361
24.08, 0.167217127449003
24.09, 0.167212964530111
24.10, 0.167208802446923
24.11, 0.167204646917228
24.12, 0.167200493559899
24.13, 0.167196355234323
24.14, 0.167192209578427
24.15, 0.167188066729924
24.16, 0.16718394004928
24.17, 0.167179805971354
24.18, 0.167175674506434
24.19, 0.167171547746586
24.20, 0.167167435291337
24.21, 0.167163315739282
24.22, 0.167159210702751
24.23, 0.167155098053803
24.24, 0.167151000177905
24.25, 0.167146895079191
24.26, 0.167142804147245
24.27, 0.167138707767932
24.28, 0.167134624119132
24.29, 0.167130542923414
24.30, 0.167126456314846
24.31, 0.167122384458778
24.32, 0.167118314703098
24.33, 0.167114239745078
24.34, 0.167110179111873
24.35, 0.167106119286816
24.36, 0.167102065746043
24.37, 0.167098005170718
24.38, 0.167093958630827
24.39, 0.167089914419963
24.40, 0.167085873532949
24.41, 0.167081836710164
24.42, 0.167077804235981
24.43, 0.167073774473957
24.44, 0.1670697492501
24.45, 0.167065728043627
24.46, 0.167061709536712
24.47, 0.167057693881453
24.48, 0.167053682616245
24.49, 0.167049675267924
24.50, 0.167045670960322
24.51, 0.167041669261899
24.52, 0.167037673643256
24.53, 0.167033688717945
24.54, 0.167029699794024
24.55, 0.167025712088722
24.56, 0.167021740091971
24.57, 0.167017761095625
24.58, 0.167013784333605
24.59, 0.167009821763184
24.60, 0.167005852195886
24.61, 0.167001886627806
24.62, 0.166997935392668
24.63, 0.166993976928094
24.64, 0.166990020927887
24.65, 0.166986081143735
24.66, 0.166982141985334
24.67, 0.166978196894358
24.68, 0.166974266294897
24.69, 0.166970328410156
24.70, 0.166966404787028
24.71, 0.166962483669631
24.72, 0.166958556784612
24.73, 0.166954642182235
24.74, 0.166950722221028
24.75, 0.166946816241761
24.76, 0.166942912998199
24.77, 0.166939012232646
24.78, 0.166935115655643
24.79, 0.166931211583578
24.80, 0.166927321885593
24.81, 0.166923436315996
24.82, 0.166919553344378
24.83, 0.166915674635018
24.84, 0.166911798324179
24.85, 0.166907914467564
24.86, 0.166904044884772
24.87, 0.166900179448165
24.88, 0.166896316467628
24.89, 0.166892468103978
24.90, 0.166888611799292
24.91, 0.166884759940739
24.92, 0.166880910397358
24.93, 0.166877065285513
24.94, 0.166873222113049
24.95, 0.166869383572017
24.96, 0.166865547299134
24.97, 0.166861715330538
24.98, 0.166857895858538
24.99, 0.166854070412455
