ISO-10303-21;
HEADER;
/* Generated by software containing ST-Developer
 * from STEP Tools, Inc. (www.steptools.com) 
 */

FILE_DESCRIPTION(
/* description */ (''),
/* implementation_level */ '2;1');

FILE_NAME(
/* name */ 'Molde Forged da tubeira Fagulha Atual.step',
/* time_stamp */ '2026-05-11T09:22:58-03:00',
/* author */ (''),
/* organization */ (''),
/* preprocessor_version */ 'ST-DEVELOPER v20.1',
/* originating_system */ 'Autodesk Translation Framework v15.8.0.0',
/* authorisation */ '');

FILE_SCHEMA (('AUTOMOTIVE_DESIGN { 1 0 10303 214 3 1 1 }'));
ENDSEC;

DATA;
#10=MECHANICAL_DESIGN_GEOMETRIC_PRESENTATION_REPRESENTATION('',(#17,#18,
#19,#20),#7684);
#11=SHAPE_REPRESENTATION_RELATIONSHIP('SRR','None',#7694,#12);
#12=ADVANCED_BREP_SHAPE_REPRESENTATION('',(#21,#22,#23,#24),#7682);
#13=ITEM_DEFINED_TRANSFORMATION($,$,#4430,#4973);
#14=(
REPRESENTATION_RELATIONSHIP($,$,#7695,#7694)
REPRESENTATION_RELATIONSHIP_WITH_TRANSFORMATION(#13)
SHAPE_REPRESENTATION_RELATIONSHIP()
);
#15=CONTEXT_DEPENDENT_SHAPE_REPRESENTATION(#14,#7693);
#16=NEXT_ASSEMBLY_USAGE_OCCURRENCE('Componente1:1','Componente1:1',
'Componente1:1',#7697,#7698,'Componente1:1');
#17=STYLED_ITEM('',(#7709),#21);
#18=STYLED_ITEM('',(#7709),#22);
#19=STYLED_ITEM('',(#7709),#23);
#20=STYLED_ITEM('',(#7709),#24);
#21=MANIFOLD_SOLID_BREP('Lado 1',#4413);
#22=MANIFOLD_SOLID_BREP('Lado 2',#4414);
#23=MANIFOLD_SOLID_BREP('Tampa Superior',#4415);
#24=MANIFOLD_SOLID_BREP('Tampa Inferior',#4416);
#25=TOROIDAL_SURFACE('',#4480,21.0615,0.381);
#26=TOROIDAL_SURFACE('',#4484,21.0615,0.381);
#27=TOROIDAL_SURFACE('',#4544,21.0615,0.381);
#28=TOROIDAL_SURFACE('',#4548,21.0615,0.381);
#29=TOROIDAL_SURFACE('',#4576,21.8558274123847,2.00000000000003);
#30=CONICAL_SURFACE('',#4472,26.1518568376584,0.610865238198016);
#31=CONICAL_SURFACE('',#4536,26.1518568376584,0.610865238198016);
#32=CONICAL_SURFACE('',#4562,3.25031310711267,0.00801426697345254);
#33=CONICAL_SURFACE('',#4567,2.65510276487917,0.616478979385298);
#34=CONICAL_SURFACE('',#4570,26.1518568376584,0.610865238198016);
#35=CONICAL_SURFACE('',#4580,12.5597341458636,0.785398163397449);
#36=CONICAL_SURFACE('',#4582,4.65045067999459,0.777383896423988);
#37=CONICAL_SURFACE('',#4584,4.59609299713438,0.76135536247713);
#38=CONICAL_SURFACE('',#4586,4.54264192012651,0.74532682853022);
#39=CONICAL_SURFACE('',#4588,4.49011118100165,0.729298294583368);
#40=CONICAL_SURFACE('',#4590,4.43851427534797,0.71326976063645);
#41=CONICAL_SURFACE('',#4592,4.38786445884394,0.697241226689581);
#42=CONICAL_SURFACE('',#4594,4.33817474385288,0.681212692742701);
#43=CONICAL_SURFACE('',#4596,4.28945789607998,0.66518415879578);
#44=CONICAL_SURFACE('',#4598,4.24172643129266,0.649155624848913);
#45=CONICAL_SURFACE('',#4600,4.19499261210517,0.633127090902022);
#46=CONICAL_SURFACE('',#4602,4.14926844482823,0.617098556955146);
#47=CONICAL_SURFACE('',#4604,4.10456567638451,0.601070023008239);
#48=CONICAL_SURFACE('',#4606,4.06089579129073,0.585041489061355);
#49=CONICAL_SURFACE('',#4608,4.0182700087072,0.569012955114501);
#50=CONICAL_SURFACE('',#4610,3.97669927955553,0.552984421167589);
#51=CONICAL_SURFACE('',#4612,3.93619428370524,0.536955887220694);
#52=CONICAL_SURFACE('',#4614,3.89676542723001,0.520927353273819);
#53=CONICAL_SURFACE('',#4616,3.85842283973428,0.50489881932695);
#54=CONICAL_SURFACE('',#4618,3.82117637175085,0.488870285380035);
#55=CONICAL_SURFACE('',#4620,3.78503559221023,0.472841751433139);
#56=CONICAL_SURFACE('',#4622,3.75000978598228,0.456813217486293);
#57=CONICAL_SURFACE('',#4624,3.71610795149082,0.440784683539379);
#58=CONICAL_SURFACE('',#4626,3.68333879840192,0.424756149592508);
#59=CONICAL_SURFACE('',#4628,3.65171074538628,0.408727615645608);
#60=CONICAL_SURFACE('',#4630,3.62123191795639,0.392699081698714);
#61=CONICAL_SURFACE('',#4632,3.59191014637906,0.37667054775185);
#62=CONICAL_SURFACE('',#4634,3.5637529636637,0.36064201380494);
#63=CONICAL_SURFACE('',#4636,3.53676760362707,0.344613479858073);
#64=CONICAL_SURFACE('',#4638,3.51096099903486,0.328584945911173);
#65=CONICAL_SURFACE('',#4640,3.48633977982055,0.31255641196429);
#66=CONICAL_SURFACE('',#4642,3.4629102713822,0.296527878017428);
#67=CONICAL_SURFACE('',#4644,3.44067849295732,0.280499344070507);
#68=CONICAL_SURFACE('',#4646,3.41965015607654,0.264470810123616);
#69=CONICAL_SURFACE('',#4648,3.39983066309626,0.248442276176748);
#70=CONICAL_SURFACE('',#4650,3.3812251058107,0.232413742229856);
#71=CONICAL_SURFACE('',#4652,3.36383826414382,0.216385208282974);
#72=CONICAL_SURFACE('',#4654,3.34767460492129,0.200356674336081);
#73=CONICAL_SURFACE('',#4656,3.33273828072295,0.184328140389204);
#74=CONICAL_SURFACE('',#4658,3.31903312881595,0.168299606442294);
#75=CONICAL_SURFACE('',#4660,3.30656267016894,0.152271072495432);
#76=CONICAL_SURFACE('',#4662,3.2953301085475,0.136242538548537);
#77=CONICAL_SURFACE('',#4664,3.28533832969107,0.120214004601657);
#78=CONICAL_SURFACE('',#4666,3.27658990057156,0.104185470654772);
#79=CONICAL_SURFACE('',#4668,3.2690870687339,0.0881569367078642);
#80=CONICAL_SURFACE('',#4670,3.26283176171863,0.0721284027610072);
#81=CONICAL_SURFACE('',#4672,3.25782558656665,0.0560998688140983);
#82=CONICAL_SURFACE('',#4674,3.25406982940642,0.0400713348672112);
#83=CONICAL_SURFACE('',#4676,3.2515654551235,0.0240428009203231);
#84=CONICAL_SURFACE('',#4696,2.42755205362306,0.6164789793853);
#85=CONICAL_SURFACE('',#4702,3.25013808783984,0.00430556423209461);
#86=CONICAL_SURFACE('',#4704,3.25069042895982,0.0129166926962564);
#87=CONICAL_SURFACE('',#4706,3.25179507024309,0.0215278211604348);
#88=CONICAL_SURFACE('',#4708,3.25345192977931,0.030138949624635);
#89=CONICAL_SURFACE('',#4710,3.25566088471056,0.0387500780887783);
#90=CONICAL_SURFACE('',#4712,3.25842177124047,0.0473612065529641);
#91=CONICAL_SURFACE('',#4714,3.26173438464632,0.0559723350171497);
#92=CONICAL_SURFACE('',#4716,3.26559847929428,0.064583463481321);
#93=CONICAL_SURFACE('',#4718,3.27001376865756,0.0731945919454809);
#94=CONICAL_SURFACE('',#4720,3.27497992533772,0.0818057204096798);
#95=CONICAL_SURFACE('',#4722,3.2804965810889,0.0904168488738612);
#96=CONICAL_SURFACE('',#4724,3.28656332684513,0.0990279773380134);
#97=CONICAL_SURFACE('',#4726,3.29317971275071,0.107639105802204);
#98=CONICAL_SURFACE('',#4728,3.3003452481935,0.116250234266367);
#99=CONICAL_SURFACE('',#4730,3.30805940184135,0.124861362730549);
#100=CONICAL_SURFACE('',#4732,3.31632160168146,0.13347249119472);
#101=CONICAL_SURFACE('',#4734,3.32513123506283,0.142083619658915);
#102=CONICAL_SURFACE('',#4736,3.33448764874168,0.150694748123082);
#103=CONICAL_SURFACE('',#4738,3.34439014892988,0.159305876587257);
#104=CONICAL_SURFACE('',#4740,3.35483800134638,0.167917005051436);
#105=CONICAL_SURFACE('',#4742,3.3658304312717,0.176528133515597);
#106=CONICAL_SURFACE('',#4744,3.37736662360533,0.185139261979785);
#107=CONICAL_SURFACE('',#4746,3.38944572292622,0.193750390443966);
#108=CONICAL_SURFACE('',#4748,3.40206683355615,0.202361518908113);
#109=CONICAL_SURFACE('',#4750,3.41522901962622,0.210972647372314);
#110=CONICAL_SURFACE('',#4752,3.42893130514615,0.219583775836497);
#111=CONICAL_SURFACE('',#4754,3.44317267407677,0.228194904300655);
#112=CONICAL_SURFACE('',#4756,3.45795207040523,0.236806032764858);
#113=CONICAL_SURFACE('',#4758,3.47326839822342,0.245417161229018);
#114=CONICAL_SURFACE('',#4760,3.48912052180916,0.254028289693162);
#115=CONICAL_SURFACE('',#4762,3.50550726571043,0.262639418157376);
#116=CONICAL_SURFACE('',#4764,3.52242741483257,0.27125054662154);
#117=CONICAL_SURFACE('',#4766,3.53987971452832,0.279861675085731);
#118=CONICAL_SURFACE('',#4768,3.55786287069089,0.288472803549892);
#119=CONICAL_SURFACE('',#4770,3.57637554984991,0.297083932014038);
#120=CONICAL_SURFACE('',#4772,3.59541637927033,0.30569506047826);
#121=CONICAL_SURFACE('',#4774,3.61498394705416,0.314306188942424);
#122=CONICAL_SURFACE('',#4776,3.63507680224523,0.322917317406614);
#123=CONICAL_SURFACE('',#4778,3.6556934549367,0.331528445870781);
#124=CONICAL_SURFACE('',#4780,3.67683237638161,0.340139574334933);
#125=CONICAL_SURFACE('',#4782,3.69849199910622,0.34875070279913);
#126=CONICAL_SURFACE('',#4784,3.72067071702621,0.357361831263296);
#127=CONICAL_SURFACE('',#4786,3.74336688556579,0.36597295972752);
#128=CONICAL_SURFACE('',#4788,3.76657882177966,0.374584088191611);
#129=CONICAL_SURFACE('',#4790,3.79030480447781,0.383195216655837);
#130=CONICAL_SURFACE('',#4792,3.81454307435309,0.391806345120004);
#131=CONICAL_SURFACE('',#4794,3.83929183411174,0.400417473584185);
#132=CONICAL_SURFACE('',#4796,3.86454924860661,0.409028602048372);
#133=CONICAL_SURFACE('',#4798,3.89031344497326,0.41763973051254);
#134=CONICAL_SURFACE('',#4800,3.92544293710878,0.419788115958485);
#135=CONICAL_SURFACE('',#4802,3.96970336606295,0.41554073725462);
#136=CONICAL_SURFACE('',#4804,4.01400091314412,0.411380499841352);
#137=CONICAL_SURFACE('',#4806,4.05833557835227,0.40730488887467);
#138=CONICAL_SURFACE('',#4808,4.10270736168742,0.403311479537728);
#139=CONICAL_SURFACE('',#4810,4.14711626314957,0.399397933353677);
#140=CONICAL_SURFACE('',#4812,4.1915622827387,0.395561994659247);
#141=CONICAL_SURFACE('',#4814,4.23604542045483,0.391801487231272);
#142=CONICAL_SURFACE('',#4816,4.28056567629795,0.388114311060565);
#143=CONICAL_SURFACE('',#4818,4.32512305026806,0.384498439266929);
#144=CONICAL_SURFACE('',#4820,4.36971754236516,0.380951915148664);
#145=CONICAL_SURFACE('',#4822,4.41434915258926,0.377472849361742);
#146=CONICAL_SURFACE('',#4824,4.45901788094034,0.374059417222241);
#147=CONICAL_SURFACE('',#4826,4.50372372741842,0.370709856126625);
#148=CONICAL_SURFACE('',#4828,4.54846669202349,0.367422463085506);
#149=CONICAL_SURFACE('',#4830,4.59324677475556,0.364195592364442);
#150=CONICAL_SURFACE('',#4832,4.63806397561461,0.361027653228534);
#151=CONICAL_SURFACE('',#4834,4.68291829460066,0.357917107784591);
#152=CONICAL_SURFACE('',#4836,4.7278097317137,0.354862468917686);
#153=CONICAL_SURFACE('',#4838,4.77273828695374,0.35186229831721);
#154=CONICAL_SURFACE('',#4840,4.81770396032076,0.348915204588337);
#155=CONICAL_SURFACE('',#4842,4.86270675181478,0.34601984144531);
#156=CONICAL_SURFACE('',#4844,4.90774666143579,0.343174905982398);
#157=CONICAL_SURFACE('',#4846,4.95282368918379,0.340379137019455);
#158=CONICAL_SURFACE('',#4848,4.99793783505879,0.337631313518167);
#159=CONICAL_SURFACE('',#4850,5.04308909906077,0.334930253066076);
#160=CONICAL_SURFACE('',#4852,5.08827748118975,0.332274810425187);
#161=CONICAL_SURFACE('',#4854,5.13350298144572,0.329663876142153);
#162=CONICAL_SURFACE('',#4856,5.17876559982868,0.327096375217215);
#163=CONICAL_SURFACE('',#4858,5.22406533633864,0.324571265829278);
#164=CONICAL_SURFACE('',#4860,5.26940219097559,0.32208753811462);
#165=CONICAL_SURFACE('',#4862,5.31477616373952,0.319644212996431);
#166=CONICAL_SURFACE('',#4864,5.36018725463046,0.317240341063375);
#167=CONICAL_SURFACE('',#4866,5.40563546364838,0.314875001494575);
#168=CONICAL_SURFACE('',#4868,5.4511207907933,0.312547301028961);
#169=CONICAL_SURFACE('',#4870,5.49664323606521,0.310256372977245);
#170=CONICAL_SURFACE('',#4872,5.54220279946411,0.308001376274207);
#171=CONICAL_SURFACE('',#4874,5.58779948099,0.30578149456964);
#172=CONICAL_SURFACE('',#4876,5.63343328064288,0.303595935356502);
#173=CONICAL_SURFACE('',#4878,5.67910419842276,0.301443929133866);
#174=CONICAL_SURFACE('',#4880,5.72481223432963,0.299324728604203);
#175=CONICAL_SURFACE('',#4882,5.77055738836349,0.297237607902183);
#176=CONICAL_SURFACE('',#4884,5.81633966052435,0.295181861854908);
#177=CONICAL_SURFACE('',#4886,5.86215905081219,0.293156805270977);
#178=CONICAL_SURFACE('',#4888,5.90801555922703,0.291161772258053);
#179=CONICAL_SURFACE('',#4890,5.95390918576886,0.289196115567262);
#180=CONICAL_SURFACE('',#4892,5.99983993043768,0.287259205962865);
#181=CONICAL_SURFACE('',#4894,6.0458077932335,0.285350431617204);
#182=CONICAL_SURFACE('',#4896,6.0918127741563,0.28346919752863);
#183=CONICAL_SURFACE('',#4898,6.1378548732061,0.281614924962054);
#184=CONICAL_SURFACE('',#4900,6.18393409038289,0.279787050911072);
#185=CONICAL_SURFACE('',#4902,6.23005042568668,0.277985027580642);
#186=CONICAL_SURFACE('',#4904,6.27620387911746,0.276208321889448);
#187=CONICAL_SURFACE('',#4906,6.32239445067522,0.274456414991177);
#188=CONICAL_SURFACE('',#4908,6.36862214035998,0.27272880181384);
#189=CONICAL_SURFACE('',#4910,6.41488694817173,0.271024990616291);
#190=CONICAL_SURFACE('',#4912,6.46118887411048,0.269344502561575);
#191=CONICAL_SURFACE('',#4914,6.50752791817621,0.267686871305833);
#192=CONICAL_SURFACE('',#4916,6.55390408036894,0.266051642602662);
#193=CONICAL_SURFACE('',#4918,6.60031736068867,0.264438373921877);
#194=CONICAL_SURFACE('',#4920,6.64676775913538,0.262846634082398);
#195=CONICAL_SURFACE('',#4922,6.69325527570908,0.261276002898441);
#196=CONICAL_SURFACE('',#4924,6.73977991040978,0.25972607083852);
#197=CONICAL_SURFACE('',#4926,6.78634166323747,0.258196438696867);
#198=CONICAL_SURFACE('',#4928,6.83294053419216,0.25668671727655);
#199=CONICAL_SURFACE('',#4930,6.87957652327383,0.255196527084056);
#200=CONICAL_SURFACE('',#4932,6.92624963048249,0.253725498034692);
#201=CONICAL_SURFACE('',#4934,6.97295985581815,0.252273269168301);
#202=CONICAL_SURFACE('',#4936,7.0197071992808,0.250839488375269);
#203=CONICAL_SURFACE('',#4938,7.06649166087045,0.249423812131802);
#204=CONICAL_SURFACE('',#4940,7.11331324058708,0.248025905244884);
#205=CONICAL_SURFACE('',#4942,7.16017193843071,0.2466454406056);
#206=CONICAL_SURFACE('',#4944,7.20706775440133,0.245282098951425);
#207=CONICAL_SURFACE('',#4946,7.25400068849894,0.243935568636409);
#208=CONICAL_SURFACE('',#4948,7.30097074072355,0.2426055454094);
#209=CONICAL_SURFACE('',#4950,7.34797791107514,0.241291732199729);
#210=CONICAL_SURFACE('',#4952,7.39502219955373,0.23999383891018);
#211=CONICAL_SURFACE('',#4954,7.44210360615931,0.238711582217029);
#212=CONICAL_SURFACE('',#4956,7.48922213089189,0.237444685376747);
#213=CONICAL_SURFACE('',#4958,7.53637777375145,0.236192878039035);
#214=CONICAL_SURFACE('',#4960,7.58357053473801,0.234955896066454);
#215=CONICAL_SURFACE('',#4962,7.63080041385156,0.233733481359514);
#216=CONICAL_SURFACE('',#4964,7.6780674110921,0.232525381688029);
#217=CONICAL_SURFACE('',#4966,7.72537152645963,0.231331350527674);
#218=CONICAL_SURFACE('',#4968,7.77271275995416,0.23015114690196);
#219=CONICAL_SURFACE('',#4970,7.82009111157568,0.228984535229493);
#220=CONICAL_SURFACE('',#4972,7.86750658132419,0.227831285175918);
#221=CYLINDRICAL_SURFACE('',#4459,3.1);
#222=CYLINDRICAL_SURFACE('',#4461,3.1);
#223=CYLINDRICAL_SURFACE('',#4462,3.1);
#224=CYLINDRICAL_SURFACE('',#4463,3.1);
#225=CYLINDRICAL_SURFACE('',#4465,3.1);
#226=CYLINDRICAL_SURFACE('',#4466,3.1);
#227=CYLINDRICAL_SURFACE('',#4476,23.4625);
#228=CYLINDRICAL_SURFACE('',#4482,20.6805);
#229=CYLINDRICAL_SURFACE('',#4488,23.4625);
#230=CYLINDRICAL_SURFACE('',#4492,13.4625);
#231=CYLINDRICAL_SURFACE('',#4521,3.1);
#232=CYLINDRICAL_SURFACE('',#4523,3.1);
#233=CYLINDRICAL_SURFACE('',#4524,3.1);
#234=CYLINDRICAL_SURFACE('',#4525,3.1);
#235=CYLINDRICAL_SURFACE('',#4527,3.1);
#236=CYLINDRICAL_SURFACE('',#4528,3.1);
#237=CYLINDRICAL_SURFACE('',#4534,13.4625);
#238=CYLINDRICAL_SURFACE('',#4540,23.4625);
#239=CYLINDRICAL_SURFACE('',#4546,20.6805);
#240=CYLINDRICAL_SURFACE('',#4552,23.4625);
#241=CYLINDRICAL_SURFACE('',#4565,3.25000000000001);
#242=CYLINDRICAL_SURFACE('',#4572,23.2625);
#243=CYLINDRICAL_SURFACE('',#4690,3.1);
#244=CYLINDRICAL_SURFACE('',#4691,3.1);
#245=CYLINDRICAL_SURFACE('',#4698,2.95000000000001);
#246=FACE_BOUND('',#824,.T.);
#247=FACE_BOUND('',#825,.T.);
#248=FACE_BOUND('',#833,.T.);
#249=FACE_BOUND('',#834,.T.);
#250=FACE_BOUND('',#835,.T.);
#251=FACE_BOUND('',#836,.T.);
#252=FACE_BOUND('',#837,.T.);
#253=FACE_BOUND('',#838,.T.);
#254=FACE_BOUND('',#842,.T.);
#255=FACE_BOUND('',#843,.T.);
#256=FACE_BOUND('',#854,.T.);
#257=FACE_BOUND('',#855,.T.);
#258=FACE_BOUND('',#872,.T.);
#259=FACE_BOUND('',#873,.T.);
#260=FACE_BOUND('',#880,.T.);
#261=FACE_BOUND('',#881,.T.);
#262=FACE_BOUND('',#882,.T.);
#263=FACE_BOUND('',#883,.T.);
#264=FACE_BOUND('',#884,.T.);
#265=FACE_BOUND('',#885,.T.);
#266=FACE_BOUND('',#889,.T.);
#267=FACE_BOUND('',#890,.T.);
#268=FACE_BOUND('',#901,.T.);
#269=FACE_BOUND('',#902,.T.);
#270=FACE_BOUND('',#916,.T.);
#271=FACE_BOUND('',#928,.T.);
#272=FACE_BOUND('',#985,.T.);
#273=FACE_BOUND('',#986,.T.);
#274=FACE_BOUND('',#989,.T.);
#275=FACE_BOUND('',#990,.T.);
#276=FACE_BOUND('',#995,.T.);
#277=FACE_BOUND('',#1000,.T.);
#278=CIRCLE('',#4435,0.381);
#279=CIRCLE('',#4436,0.381);
#280=CIRCLE('',#4437,3.1);
#281=CIRCLE('',#4438,3.1);
#282=CIRCLE('',#4446,3.1);
#283=CIRCLE('',#4447,3.1);
#284=CIRCLE('',#4448,3.1);
#285=CIRCLE('',#4449,3.1);
#286=CIRCLE('',#4450,3.1);
#287=CIRCLE('',#4451,3.1);
#288=CIRCLE('',#4455,0.381);
#289=CIRCLE('',#4456,0.381);
#290=CIRCLE('',#4457,3.1);
#291=CIRCLE('',#4458,3.1);
#292=CIRCLE('',#4460,3.1);
#293=CIRCLE('',#4464,3.1);
#294=CIRCLE('',#4469,13.4625);
#295=CIRCLE('',#4473,23.4625);
#296=CIRCLE('',#4474,28.8412136753167);
#297=CIRCLE('',#4477,23.4625);
#298=CIRCLE('',#4479,21.0615);
#299=CIRCLE('',#4481,20.6805);
#300=CIRCLE('',#4483,20.6805);
#301=CIRCLE('',#4485,21.0615);
#302=CIRCLE('',#4487,23.4625);
#303=CIRCLE('',#4489,23.4625);
#304=CIRCLE('',#4491,13.4625);
#305=CIRCLE('',#4498,0.381);
#306=CIRCLE('',#4499,0.381);
#307=CIRCLE('',#4500,3.1);
#308=CIRCLE('',#4501,3.1);
#309=CIRCLE('',#4508,3.1);
#310=CIRCLE('',#4509,3.1);
#311=CIRCLE('',#4510,3.1);
#312=CIRCLE('',#4511,3.1);
#313=CIRCLE('',#4512,3.1);
#314=CIRCLE('',#4513,3.1);
#315=CIRCLE('',#4517,0.381);
#316=CIRCLE('',#4518,0.381);
#317=CIRCLE('',#4519,3.1);
#318=CIRCLE('',#4520,3.1);
#319=CIRCLE('',#4522,3.1);
#320=CIRCLE('',#4526,3.1);
#321=CIRCLE('',#4531,13.4625);
#322=CIRCLE('',#4535,13.4625);
#323=CIRCLE('',#4537,23.4625);
#324=CIRCLE('',#4538,28.8412136753167);
#325=CIRCLE('',#4541,23.4625);
#326=CIRCLE('',#4543,21.0615);
#327=CIRCLE('',#4545,20.6805);
#328=CIRCLE('',#4547,20.6805);
#329=CIRCLE('',#4549,21.0615);
#330=CIRCLE('',#4551,23.4625);
#331=CIRCLE('',#4553,23.4625);
#332=CIRCLE('',#4557,28.8412136753167);
#333=CIRCLE('',#4563,3.25000000000001);
#334=CIRCLE('',#4564,3.25062621422534);
#335=CIRCLE('',#4566,3.25000000000001);
#336=CIRCLE('',#4568,2.06020552975834);
#337=CIRCLE('',#4571,23.2625);
#338=CIRCLE('',#4573,23.2625);
#339=CIRCLE('',#4575,21.8558274123847);
#340=CIRCLE('',#4577,2.00000000000003);
#341=CIRCLE('',#4578,20.4416138500116);
#342=CIRCLE('',#4579,20.4416138500116);
#343=CIRCLE('',#4581,4.67785444171559);
#344=CIRCLE('',#4583,4.62304691827359);
#345=CIRCLE('',#4585,4.56913907599517);
#346=CIRCLE('',#4587,4.51614476425784);
#347=CIRCLE('',#4589,4.46407759774546);
#348=CIRCLE('',#4591,4.41295095295048);
#349=CIRCLE('',#4593,4.3627779647374);
#350=CIRCLE('',#4595,4.31357152296836);
#351=CIRCLE('',#4597,4.2653442691916);
#352=CIRCLE('',#4599,4.21810859339372);
#353=CIRCLE('',#4601,4.17187663081662);
#354=CIRCLE('',#4603,4.12666025883985);
#355=CIRCLE('',#4605,4.08247109392918);
#356=CIRCLE('',#4607,4.03932048865228);
#357=CIRCLE('',#4609,3.99721952876212);
#358=CIRCLE('',#4611,3.95617903034894);
#359=CIRCLE('',#4613,3.91620953706154);
#360=CIRCLE('',#4615,3.87732131739849);
#361=CIRCLE('',#4617,3.83952436207007);
#362=CIRCLE('',#4619,3.80282838143163);
#363=CIRCLE('',#4621,3.76724280298884);
#364=CIRCLE('',#4623,3.73277676897571);
#365=CIRCLE('',#4625,3.69943913400592);
#366=CIRCLE('',#4627,3.66723846279792);
#367=CIRCLE('',#4629,3.63618302797464);
#368=CIRCLE('',#4631,3.60628080793815);
#369=CIRCLE('',#4633,3.57753948481997);
#370=CIRCLE('',#4635,3.54996644250742);
#371=CIRCLE('',#4637,3.52356876474671);
#372=CIRCLE('',#4639,3.498353233323);
#373=CIRCLE('',#4641,3.47432632631811);
#374=CIRCLE('',#4643,3.45149421644628);
#375=CIRCLE('',#4645,3.42986276946835);
#376=CIRCLE('',#4647,3.40943754268474);
#377=CIRCLE('',#4649,3.39022378350778);
#378=CIRCLE('',#4651,3.37222642811362);
#379=CIRCLE('',#4653,3.35545010017402);
#380=CIRCLE('',#4655,3.33989910966856);
#381=CIRCLE('',#4657,3.32557745177734);
#382=CIRCLE('',#4659,3.31248880585456);
#383=CIRCLE('',#4661,3.30063653448332);
#384=CIRCLE('',#4663,3.29002368261168);
#385=CIRCLE('',#4665,3.28065297677045);
#386=CIRCLE('',#4667,3.27252682437266);
#387=CIRCLE('',#4669,3.26564731309514);
#388=CIRCLE('',#4671,3.26001621034212);
#389=CIRCLE('',#4673,3.25563496279119);
#390=CIRCLE('',#4675,3.25250469602165);
#391=CIRCLE('',#4683,3.1);
#392=CIRCLE('',#4684,3.1);
#393=CIRCLE('',#4687,3.1);
#394=CIRCLE('',#4688,3.1);
#395=CIRCLE('',#4693,7.88350635502912);
#396=CIRCLE('',#4695,1.90510410724611);
#397=CIRCLE('',#4697,2.95000000000001);
#398=CIRCLE('',#4699,2.95000000000001);
#399=CIRCLE('',#4701,3.25000000000001);
#400=CIRCLE('',#4703,3.25027617567968);
#401=CIRCLE('',#4705,3.25110468223996);
#402=CIRCLE('',#4707,3.25248545824621);
#403=CIRCLE('',#4709,3.2544184013124);
#404=CIRCLE('',#4711,3.25690336810872);
#405=CIRCLE('',#4713,3.25994017437222);
#406=CIRCLE('',#4715,3.26352859492043);
#407=CIRCLE('',#4717,3.26766836366813);
#408=CIRCLE('',#4719,3.272359173647);
#409=CIRCLE('',#4721,3.27760067702844);
#410=CIRCLE('',#4723,3.28339248514935);
#411=CIRCLE('',#4725,3.28973416854092);
#412=CIRCLE('',#4727,3.29662525696051);
#413=CIRCLE('',#4729,3.3040652394265);
#414=CIRCLE('',#4731,3.31205356425619);
#415=CIRCLE('',#4733,3.32058963910672);
#416=CIRCLE('',#4735,3.32967283101894);
#417=CIRCLE('',#4737,3.33930246646442);
#418=CIRCLE('',#4739,3.34947783139533);
#419=CIRCLE('',#4741,3.36019817129743);
#420=CIRCLE('',#4743,3.37146269124597);
#421=CIRCLE('',#4745,3.38327055596469);
#422=CIRCLE('',#4747,3.39562088988774);
#423=CIRCLE('',#4749,3.40851277722457);
#424=CIRCLE('',#4751,3.42194526202786);
#425=CIRCLE('',#4753,3.43591734826444);
#426=CIRCLE('',#4755,3.45042799988909);
#427=CIRCLE('',#4757,3.46547614092137);
#428=CIRCLE('',#4759,3.48106065552547);
#429=CIRCLE('',#4761,3.49718038809285);
#430=CIRCLE('',#4763,3.51383414332802);
#431=CIRCLE('',#4765,3.53102068633712);
#432=CIRCLE('',#4767,3.54873874271951);
#433=CIRCLE('',#4769,3.56698699866226);
#434=CIRCLE('',#4771,3.58576410103756);
#435=CIRCLE('',#4773,3.60506865750309);
#436=CIRCLE('',#4775,3.62489923660523);
#437=CIRCLE('',#4777,3.64525436788522);
#438=CIRCLE('',#4779,3.66613254198818);
#439=CIRCLE('',#4781,3.68753221077505);
#440=CIRCLE('',#4783,3.70945178743739);
#441=CIRCLE('',#4785,3.73188964661502);
#442=CIRCLE('',#4787,3.75484412451656);
#443=CIRCLE('',#4789,3.77831351904277);
#444=CIRCLE('',#4791,3.80229608991284);
#445=CIRCLE('',#4793,3.82679005879334);
#446=CIRCLE('',#4795,3.85179360943014);
#447=CIRCLE('',#4797,3.87730488778308);
#448=CIRCLE('',#4799,3.90332200216344);
#449=CIRCLE('',#4801,3.94756387205412);
#450=CIRCLE('',#4803,3.99184286007179);
#451=CIRCLE('',#4805,4.03615896621645);
#452=CIRCLE('',#4807,4.0805121904881);
#453=CIRCLE('',#4809,4.12490253288675);
#454=CIRCLE('',#4811,4.16932999341239);
#455=CIRCLE('',#4813,4.21379457206502);
#456=CIRCLE('',#4815,4.25829626884464);
#457=CIRCLE('',#4817,4.30283508375125);
#458=CIRCLE('',#4819,4.34741101678486);
#459=CIRCLE('',#4821,4.39202406794546);
#460=CIRCLE('',#4823,4.43667423723305);
#461=CIRCLE('',#4825,4.48136152464763);
#462=CIRCLE('',#4827,4.52608593018921);
#463=CIRCLE('',#4829,4.57084745385778);
#464=CIRCLE('',#4831,4.61564609565334);
#465=CIRCLE('',#4833,4.66048185557589);
#466=CIRCLE('',#4835,4.70535473362543);
#467=CIRCLE('',#4837,4.75026472980197);
#468=CIRCLE('',#4839,4.7952118441055);
#469=CIRCLE('',#4841,4.84019607653602);
#470=CIRCLE('',#4843,4.88521742709354);
#471=CIRCLE('',#4845,4.93027589577804);
#472=CIRCLE('',#4847,4.97537148258954);
#473=CIRCLE('',#4849,5.02050418752803);
#474=CIRCLE('',#4851,5.06567401059351);
#475=CIRCLE('',#4853,5.11088095178599);
#476=CIRCLE('',#4855,5.15612501110545);
#477=CIRCLE('',#4857,5.20140618855191);
#478=CIRCLE('',#4859,5.24672448412536);
#479=CIRCLE('',#4861,5.29207989782581);
#480=CIRCLE('',#4863,5.33747242965324);
#481=CIRCLE('',#4865,5.38290207960767);
#482=CIRCLE('',#4867,5.42836884768909);
#483=CIRCLE('',#4869,5.4738727338975);
#484=CIRCLE('',#4871,5.51941373823291);
#485=CIRCLE('',#4873,5.56499186069531);
#486=CIRCLE('',#4875,5.61060710128469);
#487=CIRCLE('',#4877,5.65625946000107);
#488=CIRCLE('',#4879,5.70194893684445);
#489=CIRCLE('',#4881,5.74767553181481);
#490=CIRCLE('',#4883,5.79343924491217);
#491=CIRCLE('',#4885,5.83924007613652);
#492=CIRCLE('',#4887,5.88507802548786);
#493=CIRCLE('',#4889,5.93095309296619);
#494=CIRCLE('',#4891,5.97686527857152);
#495=CIRCLE('',#4893,6.02281458230384);
#496=CIRCLE('',#4895,6.06880100416315);
#497=CIRCLE('',#4897,6.11482454414945);
#498=CIRCLE('',#4899,6.16088520226275);
#499=CIRCLE('',#4901,6.20698297850304);
#500=CIRCLE('',#4903,6.25311787287032);
#501=CIRCLE('',#4905,6.29928988536459);
#502=CIRCLE('',#4907,6.34549901598585);
#503=CIRCLE('',#4909,6.39174526473411);
#504=CIRCLE('',#4911,6.43802863160936);
#505=CIRCLE('',#4913,6.4843491166116);
#506=CIRCLE('',#4915,6.53070671974083);
#507=CIRCLE('',#4917,6.57710144099706);
#508=CIRCLE('',#4919,6.62353328038027);
#509=CIRCLE('',#4921,6.67000223789048);
#510=CIRCLE('',#4923,6.71650831352768);
#511=CIRCLE('',#4925,6.76305150729188);
#512=CIRCLE('',#4927,6.80963181918306);
#513=CIRCLE('',#4929,6.85624924920124);
#514=CIRCLE('',#4931,6.90290379734641);
#515=CIRCLE('',#4933,6.94959546361858);
#516=CIRCLE('',#4935,6.99632424801773);
#517=CIRCLE('',#4937,7.04309015054388);
#518=CIRCLE('',#4939,7.08989317119702);
#519=CIRCLE('',#4941,7.13673330997715);
#520=CIRCLE('',#4943,7.18361056688427);
#521=CIRCLE('',#4945,7.23052494191839);
#522=CIRCLE('',#4947,7.2774764350795);
#523=CIRCLE('',#4949,7.3244650463676);
#524=CIRCLE('',#4951,7.37149077578269);
#525=CIRCLE('',#4953,7.41855362332478);
#526=CIRCLE('',#4955,7.46565358899385);
#527=CIRCLE('',#4957,7.51279067278992);
#528=CIRCLE('',#4959,7.55996487471298);
#529=CIRCLE('',#4961,7.60717619476304);
#530=CIRCLE('',#4963,7.65442463294008);
#531=CIRCLE('',#4965,7.70171018924412);
#532=CIRCLE('',#4967,7.74903286367515);
#533=CIRCLE('',#4969,7.79639265623317);
#534=CIRCLE('',#4971,7.84378956691819);
#535=FACE_OUTER_BOUND('',#820,.T.);
#536=FACE_OUTER_BOUND('',#821,.T.);
#537=FACE_OUTER_BOUND('',#822,.T.);
#538=FACE_OUTER_BOUND('',#823,.T.);
#539=FACE_OUTER_BOUND('',#826,.T.);
#540=FACE_OUTER_BOUND('',#827,.T.);
#541=FACE_OUTER_BOUND('',#828,.T.);
#542=FACE_OUTER_BOUND('',#829,.T.);
#543=FACE_OUTER_BOUND('',#830,.T.);
#544=FACE_OUTER_BOUND('',#831,.T.);
#545=FACE_OUTER_BOUND('',#832,.T.);
#546=FACE_OUTER_BOUND('',#839,.T.);
#547=FACE_OUTER_BOUND('',#840,.T.);
#548=FACE_OUTER_BOUND('',#841,.T.);
#549=FACE_OUTER_BOUND('',#844,.T.);
#550=FACE_OUTER_BOUND('',#845,.T.);
#551=FACE_OUTER_BOUND('',#846,.T.);
#552=FACE_OUTER_BOUND('',#847,.T.);
#553=FACE_OUTER_BOUND('',#848,.T.);
#554=FACE_OUTER_BOUND('',#849,.T.);
#555=FACE_OUTER_BOUND('',#850,.T.);
#556=FACE_OUTER_BOUND('',#851,.T.);
#557=FACE_OUTER_BOUND('',#852,.T.);
#558=FACE_OUTER_BOUND('',#853,.T.);
#559=FACE_OUTER_BOUND('',#856,.T.);
#560=FACE_OUTER_BOUND('',#857,.T.);
#561=FACE_OUTER_BOUND('',#858,.T.);
#562=FACE_OUTER_BOUND('',#859,.T.);
#563=FACE_OUTER_BOUND('',#860,.T.);
#564=FACE_OUTER_BOUND('',#861,.T.);
#565=FACE_OUTER_BOUND('',#862,.T.);
#566=FACE_OUTER_BOUND('',#863,.T.);
#567=FACE_OUTER_BOUND('',#864,.T.);
#568=FACE_OUTER_BOUND('',#865,.T.);
#569=FACE_OUTER_BOUND('',#866,.T.);
#570=FACE_OUTER_BOUND('',#867,.T.);
#571=FACE_OUTER_BOUND('',#868,.T.);
#572=FACE_OUTER_BOUND('',#869,.T.);
#573=FACE_OUTER_BOUND('',#870,.T.);
#574=FACE_OUTER_BOUND('',#871,.T.);
#575=FACE_OUTER_BOUND('',#874,.T.);
#576=FACE_OUTER_BOUND('',#875,.T.);
#577=FACE_OUTER_BOUND('',#876,.T.);
#578=FACE_OUTER_BOUND('',#877,.T.);
#579=FACE_OUTER_BOUND('',#878,.T.);
#580=FACE_OUTER_BOUND('',#879,.T.);
#581=FACE_OUTER_BOUND('',#886,.T.);
#582=FACE_OUTER_BOUND('',#887,.T.);
#583=FACE_OUTER_BOUND('',#888,.T.);
#584=FACE_OUTER_BOUND('',#891,.T.);
#585=FACE_OUTER_BOUND('',#892,.T.);
#586=FACE_OUTER_BOUND('',#893,.T.);
#587=FACE_OUTER_BOUND('',#894,.T.);
#588=FACE_OUTER_BOUND('',#895,.T.);
#589=FACE_OUTER_BOUND('',#896,.T.);
#590=FACE_OUTER_BOUND('',#897,.T.);
#591=FACE_OUTER_BOUND('',#898,.T.);
#592=FACE_OUTER_BOUND('',#899,.T.);
#593=FACE_OUTER_BOUND('',#900,.T.);
#594=FACE_OUTER_BOUND('',#903,.T.);
#595=FACE_OUTER_BOUND('',#904,.T.);
#596=FACE_OUTER_BOUND('',#905,.T.);
#597=FACE_OUTER_BOUND('',#906,.T.);
#598=FACE_OUTER_BOUND('',#907,.T.);
#599=FACE_OUTER_BOUND('',#908,.T.);
#600=FACE_OUTER_BOUND('',#909,.T.);
#601=FACE_OUTER_BOUND('',#910,.T.);
#602=FACE_OUTER_BOUND('',#911,.T.);
#603=FACE_OUTER_BOUND('',#912,.T.);
#604=FACE_OUTER_BOUND('',#913,.T.);
#605=FACE_OUTER_BOUND('',#914,.T.);
#606=FACE_OUTER_BOUND('',#915,.T.);
#607=FACE_OUTER_BOUND('',#917,.T.);
#608=FACE_OUTER_BOUND('',#918,.T.);
#609=FACE_OUTER_BOUND('',#919,.T.);
#610=FACE_OUTER_BOUND('',#920,.T.);
#611=FACE_OUTER_BOUND('',#921,.T.);
#612=FACE_OUTER_BOUND('',#922,.T.);
#613=FACE_OUTER_BOUND('',#923,.T.);
#614=FACE_OUTER_BOUND('',#924,.T.);
#615=FACE_OUTER_BOUND('',#925,.T.);
#616=FACE_OUTER_BOUND('',#926,.T.);
#617=FACE_OUTER_BOUND('',#927,.T.);
#618=FACE_OUTER_BOUND('',#929,.T.);
#619=FACE_OUTER_BOUND('',#930,.T.);
#620=FACE_OUTER_BOUND('',#931,.T.);
#621=FACE_OUTER_BOUND('',#932,.T.);
#622=FACE_OUTER_BOUND('',#933,.T.);
#623=FACE_OUTER_BOUND('',#934,.T.);
#624=FACE_OUTER_BOUND('',#935,.T.);
#625=FACE_OUTER_BOUND('',#936,.T.);
#626=FACE_OUTER_BOUND('',#937,.T.);
#627=FACE_OUTER_BOUND('',#938,.T.);
#628=FACE_OUTER_BOUND('',#939,.T.);
#629=FACE_OUTER_BOUND('',#940,.T.);
#630=FACE_OUTER_BOUND('',#941,.T.);
#631=FACE_OUTER_BOUND('',#942,.T.);
#632=FACE_OUTER_BOUND('',#943,.T.);
#633=FACE_OUTER_BOUND('',#944,.T.);
#634=FACE_OUTER_BOUND('',#945,.T.);
#635=FACE_OUTER_BOUND('',#946,.T.);
#636=FACE_OUTER_BOUND('',#947,.T.);
#637=FACE_OUTER_BOUND('',#948,.T.);
#638=FACE_OUTER_BOUND('',#949,.T.);
#639=FACE_OUTER_BOUND('',#950,.T.);
#640=FACE_OUTER_BOUND('',#951,.T.);
#641=FACE_OUTER_BOUND('',#952,.T.);
#642=FACE_OUTER_BOUND('',#953,.T.);
#643=FACE_OUTER_BOUND('',#954,.T.);
#644=FACE_OUTER_BOUND('',#955,.T.);
#645=FACE_OUTER_BOUND('',#956,.T.);
#646=FACE_OUTER_BOUND('',#957,.T.);
#647=FACE_OUTER_BOUND('',#958,.T.);
#648=FACE_OUTER_BOUND('',#959,.T.);
#649=FACE_OUTER_BOUND('',#960,.T.);
#650=FACE_OUTER_BOUND('',#961,.T.);
#651=FACE_OUTER_BOUND('',#962,.T.);
#652=FACE_OUTER_BOUND('',#963,.T.);
#653=FACE_OUTER_BOUND('',#964,.T.);
#654=FACE_OUTER_BOUND('',#965,.T.);
#655=FACE_OUTER_BOUND('',#966,.T.);
#656=FACE_OUTER_BOUND('',#967,.T.);
#657=FACE_OUTER_BOUND('',#968,.T.);
#658=FACE_OUTER_BOUND('',#969,.T.);
#659=FACE_OUTER_BOUND('',#970,.T.);
#660=FACE_OUTER_BOUND('',#971,.T.);
#661=FACE_OUTER_BOUND('',#972,.T.);
#662=FACE_OUTER_BOUND('',#973,.T.);
#663=FACE_OUTER_BOUND('',#974,.T.);
#664=FACE_OUTER_BOUND('',#975,.T.);
#665=FACE_OUTER_BOUND('',#976,.T.);
#666=FACE_OUTER_BOUND('',#977,.T.);
#667=FACE_OUTER_BOUND('',#978,.T.);
#668=FACE_OUTER_BOUND('',#979,.T.);
#669=FACE_OUTER_BOUND('',#980,.T.);
#670=FACE_OUTER_BOUND('',#981,.T.);
#671=FACE_OUTER_BOUND('',#982,.T.);
#672=FACE_OUTER_BOUND('',#983,.T.);
#673=FACE_OUTER_BOUND('',#984,.T.);
#674=FACE_OUTER_BOUND('',#987,.T.);
#675=FACE_OUTER_BOUND('',#988,.T.);
#676=FACE_OUTER_BOUND('',#991,.T.);
#677=FACE_OUTER_BOUND('',#992,.T.);
#678=FACE_OUTER_BOUND('',#993,.T.);
#679=FACE_OUTER_BOUND('',#994,.T.);
#680=FACE_OUTER_BOUND('',#996,.T.);
#681=FACE_OUTER_BOUND('',#997,.T.);
#682=FACE_OUTER_BOUND('',#998,.T.);
#683=FACE_OUTER_BOUND('',#999,.T.);
#684=FACE_OUTER_BOUND('',#1001,.T.);
#685=FACE_OUTER_BOUND('',#1002,.T.);
#686=FACE_OUTER_BOUND('',#1003,.T.);
#687=FACE_OUTER_BOUND('',#1004,.T.);
#688=FACE_OUTER_BOUND('',#1005,.T.);
#689=FACE_OUTER_BOUND('',#1006,.T.);
#690=FACE_OUTER_BOUND('',#1007,.T.);
#691=FACE_OUTER_BOUND('',#1008,.T.);
#692=FACE_OUTER_BOUND('',#1009,.T.);
#693=FACE_OUTER_BOUND('',#1010,.T.);
#694=FACE_OUTER_BOUND('',#1011,.T.);
#695=FACE_OUTER_BOUND('',#1012,.T.);
#696=FACE_OUTER_BOUND('',#1013,.T.);
#697=FACE_OUTER_BOUND('',#1014,.T.);
#698=FACE_OUTER_BOUND('',#1015,.T.);
#699=FACE_OUTER_BOUND('',#1016,.T.);
#700=FACE_OUTER_BOUND('',#1017,.T.);
#701=FACE_OUTER_BOUND('',#1018,.T.);
#702=FACE_OUTER_BOUND('',#1019,.T.);
#703=FACE_OUTER_BOUND('',#1020,.T.);
#704=FACE_OUTER_BOUND('',#1021,.T.);
#705=FACE_OUTER_BOUND('',#1022,.T.);
#706=FACE_OUTER_BOUND('',#1023,.T.);
#707=FACE_OUTER_BOUND('',#1024,.T.);
#708=FACE_OUTER_BOUND('',#1025,.T.);
#709=FACE_OUTER_BOUND('',#1026,.T.);
#710=FACE_OUTER_BOUND('',#1027,.T.);
#711=FACE_OUTER_BOUND('',#1028,.T.);
#712=FACE_OUTER_BOUND('',#1029,.T.);
#713=FACE_OUTER_BOUND('',#1030,.T.);
#714=FACE_OUTER_BOUND('',#1031,.T.);
#715=FACE_OUTER_BOUND('',#1032,.T.);
#716=FACE_OUTER_BOUND('',#1033,.T.);
#717=FACE_OUTER_BOUND('',#1034,.T.);
#718=FACE_OUTER_BOUND('',#1035,.T.);
#719=FACE_OUTER_BOUND('',#1036,.T.);
#720=FACE_OUTER_BOUND('',#1037,.T.);
#721=FACE_OUTER_BOUND('',#1038,.T.);
#722=FACE_OUTER_BOUND('',#1039,.T.);
#723=FACE_OUTER_BOUND('',#1040,.T.);
#724=FACE_OUTER_BOUND('',#1041,.T.);
#725=FACE_OUTER_BOUND('',#1042,.T.);
#726=FACE_OUTER_BOUND('',#1043,.T.);
#727=FACE_OUTER_BOUND('',#1044,.T.);
#728=FACE_OUTER_BOUND('',#1045,.T.);
#729=FACE_OUTER_BOUND('',#1046,.T.);
#730=FACE_OUTER_BOUND('',#1047,.T.);
#731=FACE_OUTER_BOUND('',#1048,.T.);
#732=FACE_OUTER_BOUND('',#1049,.T.);
#733=FACE_OUTER_BOUND('',#1050,.T.);
#734=FACE_OUTER_BOUND('',#1051,.T.);
#735=FACE_OUTER_BOUND('',#1052,.T.);
#736=FACE_OUTER_BOUND('',#1053,.T.);
#737=FACE_OUTER_BOUND('',#1054,.T.);
#738=FACE_OUTER_BOUND('',#1055,.T.);
#739=FACE_OUTER_BOUND('',#1056,.T.);
#740=FACE_OUTER_BOUND('',#1057,.T.);
#741=FACE_OUTER_BOUND('',#1058,.T.);
#742=FACE_OUTER_BOUND('',#1059,.T.);
#743=FACE_OUTER_BOUND('',#1060,.T.);
#744=FACE_OUTER_BOUND('',#1061,.T.);
#745=FACE_OUTER_BOUND('',#1062,.T.);
#746=FACE_OUTER_BOUND('',#1063,.T.);
#747=FACE_OUTER_BOUND('',#1064,.T.);
#748=FACE_OUTER_BOUND('',#1065,.T.);
#749=FACE_OUTER_BOUND('',#1066,.T.);
#750=FACE_OUTER_BOUND('',#1067,.T.);
#751=FACE_OUTER_BOUND('',#1068,.T.);
#752=FACE_OUTER_BOUND('',#1069,.T.);
#753=FACE_OUTER_BOUND('',#1070,.T.);
#754=FACE_OUTER_BOUND('',#1071,.T.);
#755=FACE_OUTER_BOUND('',#1072,.T.);
#756=FACE_OUTER_BOUND('',#1073,.T.);
#757=FACE_OUTER_BOUND('',#1074,.T.);
#758=FACE_OUTER_BOUND('',#1075,.T.);
#759=FACE_OUTER_BOUND('',#1076,.T.);
#760=FACE_OUTER_BOUND('',#1077,.T.);
#761=FACE_OUTER_BOUND('',#1078,.T.);
#762=FACE_OUTER_BOUND('',#1079,.T.);
#763=FACE_OUTER_BOUND('',#1080,.T.);
#764=FACE_OUTER_BOUND('',#1081,.T.);
#765=FACE_OUTER_BOUND('',#1082,.T.);
#766=FACE_OUTER_BOUND('',#1083,.T.);
#767=FACE_OUTER_BOUND('',#1084,.T.);
#768=FACE_OUTER_BOUND('',#1085,.T.);
#769=FACE_OUTER_BOUND('',#1086,.T.);
#770=FACE_OUTER_BOUND('',#1087,.T.);
#771=FACE_OUTER_BOUND('',#1088,.T.);
#772=FACE_OUTER_BOUND('',#1089,.T.);
#773=FACE_OUTER_BOUND('',#1090,.T.);
#774=FACE_OUTER_BOUND('',#1091,.T.);
#775=FACE_OUTER_BOUND('',#1092,.T.);
#776=FACE_OUTER_BOUND('',#1093,.T.);
#777=FACE_OUTER_BOUND('',#1094,.T.);
#778=FACE_OUTER_BOUND('',#1095,.T.);
#779=FACE_OUTER_BOUND('',#1096,.T.);
#780=FACE_OUTER_BOUND('',#1097,.T.);
#781=FACE_OUTER_BOUND('',#1098,.T.);
#782=FACE_OUTER_BOUND('',#1099,.T.);
#783=FACE_OUTER_BOUND('',#1100,.T.);
#784=FACE_OUTER_BOUND('',#1101,.T.);
#785=FACE_OUTER_BOUND('',#1102,.T.);
#786=FACE_OUTER_BOUND('',#1103,.T.);
#787=FACE_OUTER_BOUND('',#1104,.T.);
#788=FACE_OUTER_BOUND('',#1105,.T.);
#789=FACE_OUTER_BOUND('',#1106,.T.);
#790=FACE_OUTER_BOUND('',#1107,.T.);
#791=FACE_OUTER_BOUND('',#1108,.T.);
#792=FACE_OUTER_BOUND('',#1109,.T.);
#793=FACE_OUTER_BOUND('',#1110,.T.);
#794=FACE_OUTER_BOUND('',#1111,.T.);
#795=FACE_OUTER_BOUND('',#1112,.T.);
#796=FACE_OUTER_BOUND('',#1113,.T.);
#797=FACE_OUTER_BOUND('',#1114,.T.);
#798=FACE_OUTER_BOUND('',#1115,.T.);
#799=FACE_OUTER_BOUND('',#1116,.T.);
#800=FACE_OUTER_BOUND('',#1117,.T.);
#801=FACE_OUTER_BOUND('',#1118,.T.);
#802=FACE_OUTER_BOUND('',#1119,.T.);
#803=FACE_OUTER_BOUND('',#1120,.T.);
#804=FACE_OUTER_BOUND('',#1121,.T.);
#805=FACE_OUTER_BOUND('',#1122,.T.);
#806=FACE_OUTER_BOUND('',#1123,.T.);
#807=FACE_OUTER_BOUND('',#1124,.T.);
#808=FACE_OUTER_BOUND('',#1125,.T.);
#809=FACE_OUTER_BOUND('',#1126,.T.);
#810=FACE_OUTER_BOUND('',#1127,.T.);
#811=FACE_OUTER_BOUND('',#1128,.T.);
#812=FACE_OUTER_BOUND('',#1129,.T.);
#813=FACE_OUTER_BOUND('',#1130,.T.);
#814=FACE_OUTER_BOUND('',#1131,.T.);
#815=FACE_OUTER_BOUND('',#1132,.T.);
#816=FACE_OUTER_BOUND('',#1133,.T.);
#817=FACE_OUTER_BOUND('',#1134,.T.);
#818=FACE_OUTER_BOUND('',#1135,.T.);
#819=FACE_OUTER_BOUND('',#1136,.T.);
#820=EDGE_LOOP('',(#2826,#2827,#2828,#2829));
#821=EDGE_LOOP('',(#2830,#2831,#2832,#2833));
#822=EDGE_LOOP('',(#2834,#2835,#2836,#2837));
#823=EDGE_LOOP('',(#2838,#2839,#2840,#2841,#2842,#2843,#2844,#2845,#2846,
#2847,#2848,#2849,#2850,#2851,#2852,#2853,#2854));
#824=EDGE_LOOP('',(#2855));
#825=EDGE_LOOP('',(#2856));
#826=EDGE_LOOP('',(#2857,#2858,#2859,#2860,#2861,#2862,#2863,#2864,#2865,
#2866));
#827=EDGE_LOOP('',(#2867,#2868,#2869,#2870,#2871));
#828=EDGE_LOOP('',(#2872,#2873,#2874,#2875));
#829=EDGE_LOOP('',(#2876,#2877,#2878,#2879,#2880));
#830=EDGE_LOOP('',(#2881,#2882,#2883,#2884));
#831=EDGE_LOOP('',(#2885,#2886,#2887,#2888));
#832=EDGE_LOOP('',(#2889,#2890,#2891,#2892));
#833=EDGE_LOOP('',(#2893));
#834=EDGE_LOOP('',(#2894));
#835=EDGE_LOOP('',(#2895));
#836=EDGE_LOOP('',(#2896));
#837=EDGE_LOOP('',(#2897));
#838=EDGE_LOOP('',(#2898));
#839=EDGE_LOOP('',(#2899,#2900,#2901,#2902));
#840=EDGE_LOOP('',(#2903,#2904,#2905,#2906));
#841=EDGE_LOOP('',(#2907,#2908,#2909,#2910,#2911,#2912,#2913,#2914,#2915,
#2916,#2917,#2918,#2919,#2920,#2921,#2922,#2923));
#842=EDGE_LOOP('',(#2924));
#843=EDGE_LOOP('',(#2925));
#844=EDGE_LOOP('',(#2926,#2927,#2928,#2929));
#845=EDGE_LOOP('',(#2930,#2931,#2932,#2933));
#846=EDGE_LOOP('',(#2934,#2935,#2936,#2937));
#847=EDGE_LOOP('',(#2938,#2939,#2940,#2941));
#848=EDGE_LOOP('',(#2942,#2943,#2944,#2945));
#849=EDGE_LOOP('',(#2946,#2947,#2948,#2949));
#850=EDGE_LOOP('',(#2950,#2951,#2952,#2953));
#851=EDGE_LOOP('',(#2954,#2955,#2956,#2957,#2958,#2959));
#852=EDGE_LOOP('',(#2960,#2961,#2962,#2963));
#853=EDGE_LOOP('',(#2964,#2965,#2966,#2967));
#854=EDGE_LOOP('',(#2968));
#855=EDGE_LOOP('',(#2969));
#856=EDGE_LOOP('',(#2970,#2971,#2972,#2973));
#857=EDGE_LOOP('',(#2974,#2975,#2976,#2977,#2978,#2979));
#858=EDGE_LOOP('',(#2980,#2981,#2982,#2983));
#859=EDGE_LOOP('',(#2984,#2985,#2986,#2987));
#860=EDGE_LOOP('',(#2988,#2989,#2990,#2991));
#861=EDGE_LOOP('',(#2992,#2993,#2994,#2995));
#862=EDGE_LOOP('',(#2996,#2997,#2998,#2999));
#863=EDGE_LOOP('',(#3000,#3001,#3002,#3003));
#864=EDGE_LOOP('',(#3004,#3005,#3006,#3007));
#865=EDGE_LOOP('',(#3008,#3009,#3010,#3011));
#866=EDGE_LOOP('',(#3012,#3013,#3014,#3015));
#867=EDGE_LOOP('',(#3016,#3017,#3018,#3019));
#868=EDGE_LOOP('',(#3020,#3021,#3022,#3023));
#869=EDGE_LOOP('',(#3024,#3025,#3026,#3027));
#870=EDGE_LOOP('',(#3028,#3029,#3030,#3031,#3032,#3033,#3034,#3035,#3036,
#3037));
#871=EDGE_LOOP('',(#3038,#3039,#3040,#3041,#3042,#3043,#3044,#3045,#3046,
#3047,#3048,#3049,#3050,#3051,#3052,#3053,#3054));
#872=EDGE_LOOP('',(#3055));
#873=EDGE_LOOP('',(#3056));
#874=EDGE_LOOP('',(#3057,#3058,#3059,#3060,#3061));
#875=EDGE_LOOP('',(#3062,#3063,#3064,#3065));
#876=EDGE_LOOP('',(#3066,#3067,#3068,#3069,#3070));
#877=EDGE_LOOP('',(#3071,#3072,#3073,#3074));
#878=EDGE_LOOP('',(#3075,#3076,#3077,#3078));
#879=EDGE_LOOP('',(#3079,#3080,#3081,#3082));
#880=EDGE_LOOP('',(#3083));
#881=EDGE_LOOP('',(#3084));
#882=EDGE_LOOP('',(#3085));
#883=EDGE_LOOP('',(#3086));
#884=EDGE_LOOP('',(#3087));
#885=EDGE_LOOP('',(#3088));
#886=EDGE_LOOP('',(#3089,#3090,#3091,#3092));
#887=EDGE_LOOP('',(#3093,#3094,#3095,#3096));
#888=EDGE_LOOP('',(#3097,#3098,#3099,#3100,#3101,#3102,#3103,#3104,#3105,
#3106,#3107,#3108,#3109,#3110,#3111,#3112,#3113));
#889=EDGE_LOOP('',(#3114));
#890=EDGE_LOOP('',(#3115));
#891=EDGE_LOOP('',(#3116,#3117,#3118,#3119));
#892=EDGE_LOOP('',(#3120,#3121,#3122,#3123));
#893=EDGE_LOOP('',(#3124,#3125,#3126,#3127));
#894=EDGE_LOOP('',(#3128,#3129,#3130,#3131));
#895=EDGE_LOOP('',(#3132,#3133,#3134,#3135));
#896=EDGE_LOOP('',(#3136,#3137,#3138,#3139));
#897=EDGE_LOOP('',(#3140,#3141,#3142,#3143));
#898=EDGE_LOOP('',(#3144,#3145,#3146,#3147,#3148,#3149));
#899=EDGE_LOOP('',(#3150,#3151,#3152,#3153));
#900=EDGE_LOOP('',(#3154,#3155,#3156,#3157));
#901=EDGE_LOOP('',(#3158));
#902=EDGE_LOOP('',(#3159));
#903=EDGE_LOOP('',(#3160,#3161,#3162,#3163));
#904=EDGE_LOOP('',(#3164,#3165,#3166,#3167));
#905=EDGE_LOOP('',(#3168,#3169,#3170,#3171,#3172,#3173));
#906=EDGE_LOOP('',(#3174,#3175,#3176,#3177));
#907=EDGE_LOOP('',(#3178,#3179,#3180,#3181));
#908=EDGE_LOOP('',(#3182,#3183,#3184,#3185));
#909=EDGE_LOOP('',(#3186,#3187,#3188,#3189));
#910=EDGE_LOOP('',(#3190,#3191,#3192,#3193));
#911=EDGE_LOOP('',(#3194,#3195,#3196,#3197));
#912=EDGE_LOOP('',(#3198,#3199,#3200,#3201));
#913=EDGE_LOOP('',(#3202,#3203,#3204,#3205));
#914=EDGE_LOOP('',(#3206,#3207,#3208,#3209));
#915=EDGE_LOOP('',(#3210,#3211,#3212,#3213));
#916=EDGE_LOOP('',(#3214));
#917=EDGE_LOOP('',(#3215,#3216,#3217,#3218));
#918=EDGE_LOOP('',(#3219,#3220,#3221,#3222));
#919=EDGE_LOOP('',(#3223,#3224,#3225,#3226));
#920=EDGE_LOOP('',(#3227,#3228,#3229,#3230));
#921=EDGE_LOOP('',(#3231,#3232,#3233,#3234));
#922=EDGE_LOOP('',(#3235,#3236,#3237,#3238));
#923=EDGE_LOOP('',(#3239,#3240,#3241,#3242));
#924=EDGE_LOOP('',(#3243));
#925=EDGE_LOOP('',(#3244,#3245,#3246,#3247));
#926=EDGE_LOOP('',(#3248,#3249,#3250,#3251));
#927=EDGE_LOOP('',(#3252));
#928=EDGE_LOOP('',(#3253));
#929=EDGE_LOOP('',(#3254,#3255,#3256,#3257,#3258));
#930=EDGE_LOOP('',(#3259,#3260,#3261,#3262,#3263));
#931=EDGE_LOOP('',(#3264,#3265,#3266,#3267));
#932=EDGE_LOOP('',(#3268,#3269,#3270,#3271));
#933=EDGE_LOOP('',(#3272,#3273,#3274,#3275));
#934=EDGE_LOOP('',(#3276,#3277,#3278,#3279));
#935=EDGE_LOOP('',(#3280,#3281,#3282,#3283));
#936=EDGE_LOOP('',(#3284,#3285,#3286,#3287));
#937=EDGE_LOOP('',(#3288,#3289,#3290,#3291));
#938=EDGE_LOOP('',(#3292,#3293,#3294,#3295));
#939=EDGE_LOOP('',(#3296,#3297,#3298,#3299));
#940=EDGE_LOOP('',(#3300,#3301,#3302,#3303));
#941=EDGE_LOOP('',(#3304,#3305,#3306,#3307));
#942=EDGE_LOOP('',(#3308,#3309,#3310,#3311));
#943=EDGE_LOOP('',(#3312,#3313,#3314,#3315));
#944=EDGE_LOOP('',(#3316,#3317,#3318,#3319));
#945=EDGE_LOOP('',(#3320,#3321,#3322,#3323));
#946=EDGE_LOOP('',(#3324,#3325,#3326,#3327));
#947=EDGE_LOOP('',(#3328,#3329,#3330,#3331));
#948=EDGE_LOOP('',(#3332,#3333,#3334,#3335));
#949=EDGE_LOOP('',(#3336,#3337,#3338,#3339));
#950=EDGE_LOOP('',(#3340,#3341,#3342,#3343));
#951=EDGE_LOOP('',(#3344,#3345,#3346,#3347));
#952=EDGE_LOOP('',(#3348,#3349,#3350,#3351));
#953=EDGE_LOOP('',(#3352,#3353,#3354,#3355));
#954=EDGE_LOOP('',(#3356,#3357,#3358,#3359));
#955=EDGE_LOOP('',(#3360,#3361,#3362,#3363));
#956=EDGE_LOOP('',(#3364,#3365,#3366,#3367));
#957=EDGE_LOOP('',(#3368,#3369,#3370,#3371));
#958=EDGE_LOOP('',(#3372,#3373,#3374,#3375));
#959=EDGE_LOOP('',(#3376,#3377,#3378,#3379));
#960=EDGE_LOOP('',(#3380,#3381,#3382,#3383));
#961=EDGE_LOOP('',(#3384,#3385,#3386,#3387));
#962=EDGE_LOOP('',(#3388,#3389,#3390,#3391));
#963=EDGE_LOOP('',(#3392,#3393,#3394,#3395));
#964=EDGE_LOOP('',(#3396,#3397,#3398,#3399));
#965=EDGE_LOOP('',(#3400,#3401,#3402,#3403));
#966=EDGE_LOOP('',(#3404,#3405,#3406,#3407));
#967=EDGE_LOOP('',(#3408,#3409,#3410,#3411));
#968=EDGE_LOOP('',(#3412,#3413,#3414,#3415));
#969=EDGE_LOOP('',(#3416,#3417,#3418,#3419));
#970=EDGE_LOOP('',(#3420,#3421,#3422,#3423));
#971=EDGE_LOOP('',(#3424,#3425,#3426,#3427));
#972=EDGE_LOOP('',(#3428,#3429,#3430,#3431));
#973=EDGE_LOOP('',(#3432,#3433,#3434,#3435));
#974=EDGE_LOOP('',(#3436,#3437,#3438,#3439));
#975=EDGE_LOOP('',(#3440,#3441,#3442,#3443));
#976=EDGE_LOOP('',(#3444,#3445,#3446,#3447));
#977=EDGE_LOOP('',(#3448,#3449,#3450,#3451));
#978=EDGE_LOOP('',(#3452,#3453,#3454,#3455));
#979=EDGE_LOOP('',(#3456,#3457,#3458,#3459));
#980=EDGE_LOOP('',(#3460,#3461,#3462,#3463));
#981=EDGE_LOOP('',(#3464,#3465,#3466,#3467));
#982=EDGE_LOOP('',(#3468,#3469,#3470,#3471));
#983=EDGE_LOOP('',(#3472,#3473,#3474,#3475));
#984=EDGE_LOOP('',(#3476,#3477,#3478,#3479));
#985=EDGE_LOOP('',(#3480));
#986=EDGE_LOOP('',(#3481));
#987=EDGE_LOOP('',(#3482,#3483,#3484,#3485));
#988=EDGE_LOOP('',(#3486,#3487,#3488,#3489));
#989=EDGE_LOOP('',(#3490));
#990=EDGE_LOOP('',(#3491));
#991=EDGE_LOOP('',(#3492,#3493,#3494,#3495));
#992=EDGE_LOOP('',(#3496,#3497,#3498,#3499));
#993=EDGE_LOOP('',(#3500,#3501,#3502,#3503));
#994=EDGE_LOOP('',(#3504,#3505,#3506,#3507));
#995=EDGE_LOOP('',(#3508));
#996=EDGE_LOOP('',(#3509));
#997=EDGE_LOOP('',(#3510,#3511,#3512,#3513));
#998=EDGE_LOOP('',(#3514,#3515,#3516,#3517));
#999=EDGE_LOOP('',(#3518));
#1000=EDGE_LOOP('',(#3519));
#1001=EDGE_LOOP('',(#3520,#3521,#3522,#3523));
#1002=EDGE_LOOP('',(#3524,#3525,#3526,#3527));
#1003=EDGE_LOOP('',(#3528,#3529,#3530,#3531));
#1004=EDGE_LOOP('',(#3532,#3533,#3534,#3535));
#1005=EDGE_LOOP('',(#3536,#3537,#3538,#3539));
#1006=EDGE_LOOP('',(#3540,#3541,#3542,#3543));
#1007=EDGE_LOOP('',(#3544,#3545,#3546,#3547));
#1008=EDGE_LOOP('',(#3548,#3549,#3550,#3551));
#1009=EDGE_LOOP('',(#3552,#3553,#3554,#3555));
#1010=EDGE_LOOP('',(#3556,#3557,#3558,#3559));
#1011=EDGE_LOOP('',(#3560,#3561,#3562,#3563));
#1012=EDGE_LOOP('',(#3564,#3565,#3566,#3567));
#1013=EDGE_LOOP('',(#3568,#3569,#3570,#3571));
#1014=EDGE_LOOP('',(#3572,#3573,#3574,#3575));
#1015=EDGE_LOOP('',(#3576,#3577,#3578,#3579));
#1016=EDGE_LOOP('',(#3580,#3581,#3582,#3583));
#1017=EDGE_LOOP('',(#3584,#3585,#3586,#3587));
#1018=EDGE_LOOP('',(#3588,#3589,#3590,#3591));
#1019=EDGE_LOOP('',(#3592,#3593,#3594,#3595));
#1020=EDGE_LOOP('',(#3596,#3597,#3598,#3599));
#1021=EDGE_LOOP('',(#3600,#3601,#3602,#3603));
#1022=EDGE_LOOP('',(#3604,#3605,#3606,#3607));
#1023=EDGE_LOOP('',(#3608,#3609,#3610,#3611));
#1024=EDGE_LOOP('',(#3612,#3613,#3614,#3615));
#1025=EDGE_LOOP('',(#3616,#3617,#3618,#3619));
#1026=EDGE_LOOP('',(#3620,#3621,#3622,#3623));
#1027=EDGE_LOOP('',(#3624,#3625,#3626,#3627));
#1028=EDGE_LOOP('',(#3628,#3629,#3630,#3631));
#1029=EDGE_LOOP('',(#3632,#3633,#3634,#3635));
#1030=EDGE_LOOP('',(#3636,#3637,#3638,#3639));
#1031=EDGE_LOOP('',(#3640,#3641,#3642,#3643));
#1032=EDGE_LOOP('',(#3644,#3645,#3646,#3647));
#1033=EDGE_LOOP('',(#3648,#3649,#3650,#3651));
#1034=EDGE_LOOP('',(#3652,#3653,#3654,#3655));
#1035=EDGE_LOOP('',(#3656,#3657,#3658,#3659));
#1036=EDGE_LOOP('',(#3660,#3661,#3662,#3663));
#1037=EDGE_LOOP('',(#3664,#3665,#3666,#3667));
#1038=EDGE_LOOP('',(#3668,#3669,#3670,#3671));
#1039=EDGE_LOOP('',(#3672,#3673,#3674,#3675));
#1040=EDGE_LOOP('',(#3676,#3677,#3678,#3679));
#1041=EDGE_LOOP('',(#3680,#3681,#3682,#3683));
#1042=EDGE_LOOP('',(#3684,#3685,#3686,#3687));
#1043=EDGE_LOOP('',(#3688,#3689,#3690,#3691));
#1044=EDGE_LOOP('',(#3692,#3693,#3694,#3695));
#1045=EDGE_LOOP('',(#3696,#3697,#3698,#3699));
#1046=EDGE_LOOP('',(#3700,#3701,#3702,#3703));
#1047=EDGE_LOOP('',(#3704,#3705,#3706,#3707));
#1048=EDGE_LOOP('',(#3708,#3709,#3710,#3711));
#1049=EDGE_LOOP('',(#3712,#3713,#3714,#3715));
#1050=EDGE_LOOP('',(#3716,#3717,#3718,#3719));
#1051=EDGE_LOOP('',(#3720,#3721,#3722,#3723));
#1052=EDGE_LOOP('',(#3724,#3725,#3726,#3727));
#1053=EDGE_LOOP('',(#3728,#3729,#3730,#3731));
#1054=EDGE_LOOP('',(#3732,#3733,#3734,#3735));
#1055=EDGE_LOOP('',(#3736,#3737,#3738,#3739));
#1056=EDGE_LOOP('',(#3740,#3741,#3742,#3743));
#1057=EDGE_LOOP('',(#3744,#3745,#3746,#3747));
#1058=EDGE_LOOP('',(#3748,#3749,#3750,#3751));
#1059=EDGE_LOOP('',(#3752,#3753,#3754,#3755));
#1060=EDGE_LOOP('',(#3756,#3757,#3758,#3759));
#1061=EDGE_LOOP('',(#3760,#3761,#3762,#3763));
#1062=EDGE_LOOP('',(#3764,#3765,#3766,#3767));
#1063=EDGE_LOOP('',(#3768,#3769,#3770,#3771));
#1064=EDGE_LOOP('',(#3772,#3773,#3774,#3775));
#1065=EDGE_LOOP('',(#3776,#3777,#3778,#3779));
#1066=EDGE_LOOP('',(#3780,#3781,#3782,#3783));
#1067=EDGE_LOOP('',(#3784,#3785,#3786,#3787));
#1068=EDGE_LOOP('',(#3788,#3789,#3790,#3791));
#1069=EDGE_LOOP('',(#3792,#3793,#3794,#3795));
#1070=EDGE_LOOP('',(#3796,#3797,#3798,#3799));
#1071=EDGE_LOOP('',(#3800,#3801,#3802,#3803));
#1072=EDGE_LOOP('',(#3804,#3805,#3806,#3807));
#1073=EDGE_LOOP('',(#3808,#3809,#3810,#3811));
#1074=EDGE_LOOP('',(#3812,#3813,#3814,#3815));
#1075=EDGE_LOOP('',(#3816,#3817,#3818,#3819));
#1076=EDGE_LOOP('',(#3820,#3821,#3822,#3823));
#1077=EDGE_LOOP('',(#3824,#3825,#3826,#3827));
#1078=EDGE_LOOP('',(#3828,#3829,#3830,#3831));
#1079=EDGE_LOOP('',(#3832,#3833,#3834,#3835));
#1080=EDGE_LOOP('',(#3836,#3837,#3838,#3839));
#1081=EDGE_LOOP('',(#3840,#3841,#3842,#3843));
#1082=EDGE_LOOP('',(#3844,#3845,#3846,#3847));
#1083=EDGE_LOOP('',(#3848,#3849,#3850,#3851));
#1084=EDGE_LOOP('',(#3852,#3853,#3854,#3855));
#1085=EDGE_LOOP('',(#3856,#3857,#3858,#3859));
#1086=EDGE_LOOP('',(#3860,#3861,#3862,#3863));
#1087=EDGE_LOOP('',(#3864,#3865,#3866,#3867));
#1088=EDGE_LOOP('',(#3868,#3869,#3870,#3871));
#1089=EDGE_LOOP('',(#3872,#3873,#3874,#3875));
#1090=EDGE_LOOP('',(#3876,#3877,#3878,#3879));
#1091=EDGE_LOOP('',(#3880,#3881,#3882,#3883));
#1092=EDGE_LOOP('',(#3884,#3885,#3886,#3887));
#1093=EDGE_LOOP('',(#3888,#3889,#3890,#3891));
#1094=EDGE_LOOP('',(#3892,#3893,#3894,#3895));
#1095=EDGE_LOOP('',(#3896,#3897,#3898,#3899));
#1096=EDGE_LOOP('',(#3900,#3901,#3902,#3903));
#1097=EDGE_LOOP('',(#3904,#3905,#3906,#3907));
#1098=EDGE_LOOP('',(#3908,#3909,#3910,#3911));
#1099=EDGE_LOOP('',(#3912,#3913,#3914,#3915));
#1100=EDGE_LOOP('',(#3916,#3917,#3918,#3919));
#1101=EDGE_LOOP('',(#3920,#3921,#3922,#3923));
#1102=EDGE_LOOP('',(#3924,#3925,#3926,#3927));
#1103=EDGE_LOOP('',(#3928,#3929,#3930,#3931));
#1104=EDGE_LOOP('',(#3932,#3933,#3934,#3935));
#1105=EDGE_LOOP('',(#3936,#3937,#3938,#3939));
#1106=EDGE_LOOP('',(#3940,#3941,#3942,#3943));
#1107=EDGE_LOOP('',(#3944,#3945,#3946,#3947));
#1108=EDGE_LOOP('',(#3948,#3949,#3950,#3951));
#1109=EDGE_LOOP('',(#3952,#3953,#3954,#3955));
#1110=EDGE_LOOP('',(#3956,#3957,#3958,#3959));
#1111=EDGE_LOOP('',(#3960,#3961,#3962,#3963));
#1112=EDGE_LOOP('',(#3964,#3965,#3966,#3967));
#1113=EDGE_LOOP('',(#3968,#3969,#3970,#3971));
#1114=EDGE_LOOP('',(#3972,#3973,#3974,#3975));
#1115=EDGE_LOOP('',(#3976,#3977,#3978,#3979));
#1116=EDGE_LOOP('',(#3980,#3981,#3982,#3983));
#1117=EDGE_LOOP('',(#3984,#3985,#3986,#3987));
#1118=EDGE_LOOP('',(#3988,#3989,#3990,#3991));
#1119=EDGE_LOOP('',(#3992,#3993,#3994,#3995));
#1120=EDGE_LOOP('',(#3996,#3997,#3998,#3999));
#1121=EDGE_LOOP('',(#4000,#4001,#4002,#4003));
#1122=EDGE_LOOP('',(#4004,#4005,#4006,#4007));
#1123=EDGE_LOOP('',(#4008,#4009,#4010,#4011));
#1124=EDGE_LOOP('',(#4012,#4013,#4014,#4015));
#1125=EDGE_LOOP('',(#4016,#4017,#4018,#4019));
#1126=EDGE_LOOP('',(#4020,#4021,#4022,#4023));
#1127=EDGE_LOOP('',(#4024,#4025,#4026,#4027));
#1128=EDGE_LOOP('',(#4028,#4029,#4030,#4031));
#1129=EDGE_LOOP('',(#4032,#4033,#4034,#4035));
#1130=EDGE_LOOP('',(#4036,#4037,#4038,#4039));
#1131=EDGE_LOOP('',(#4040,#4041,#4042,#4043));
#1132=EDGE_LOOP('',(#4044,#4045,#4046,#4047));
#1133=EDGE_LOOP('',(#4048,#4049,#4050,#4051));
#1134=EDGE_LOOP('',(#4052,#4053,#4054,#4055));
#1135=EDGE_LOOP('',(#4056,#4057,#4058,#4059));
#1136=EDGE_LOOP('',(#4060,#4061,#4062,#4063));
#1137=LINE('',#6431,#1499);
#1138=LINE('',#6433,#1500);
#1139=LINE('',#6435,#1501);
#1140=LINE('',#6436,#1502);
#1141=LINE('',#6439,#1503);
#1142=LINE('',#6441,#1504);
#1143=LINE('',#6442,#1505);
#1144=LINE('',#6445,#1506);
#1145=LINE('',#6447,#1507);
#1146=LINE('',#6448,#1508);
#1147=LINE('',#6451,#1509);
#1148=LINE('',#6453,#1510);
#1149=LINE('',#6455,#1511);
#1150=LINE('',#6457,#1512);
#1151=LINE('',#6459,#1513);
#1152=LINE('',#6461,#1514);
#1153=LINE('',#6463,#1515);
#1154=LINE('',#6467,#1516);
#1155=LINE('',#6471,#1517);
#1156=LINE('',#6473,#1518);
#1157=LINE('',#6475,#1519);
#1158=LINE('',#6477,#1520);
#1159=LINE('',#6479,#1521);
#1160=LINE('',#6480,#1522);
#1161=LINE('',#6487,#1523);
#1162=LINE('',#6489,#1524);
#1163=LINE('',#6491,#1525);
#1164=LINE('',#6493,#1526);
#1165=LINE('',#6495,#1527);
#1166=LINE('',#6496,#1528);
#1167=LINE('',#6500,#1529);
#1168=LINE('',#6502,#1530);
#1169=LINE('',#6504,#1531);
#1170=LINE('',#6506,#1532);
#1171=LINE('',#6507,#1533);
#1172=LINE('',#6510,#1534);
#1173=LINE('',#6512,#1535);
#1174=LINE('',#6513,#1536);
#1175=LINE('',#6515,#1537);
#1176=LINE('',#6517,#1538);
#1177=LINE('',#6518,#1539);
#1178=LINE('',#6520,#1540);
#1179=LINE('',#6521,#1541);
#1180=LINE('',#6523,#1542);
#1181=LINE('',#6525,#1543);
#1182=LINE('',#6539,#1544);
#1183=LINE('',#6543,#1545);
#1184=LINE('',#6545,#1546);
#1185=LINE('',#6547,#1547);
#1186=LINE('',#6549,#1548);
#1187=LINE('',#6551,#1549);
#1188=LINE('',#6553,#1550);
#1189=LINE('',#6557,#1551);
#1190=LINE('',#6561,#1552);
#1191=LINE('',#6563,#1553);
#1192=LINE('',#6565,#1554);
#1193=LINE('',#6566,#1555);
#1194=LINE('',#6574,#1556);
#1195=LINE('',#6576,#1557);
#1196=LINE('',#6578,#1558);
#1197=LINE('',#6582,#1559);
#1198=LINE('',#6584,#1560);
#1199=LINE('',#6586,#1561);
#1200=LINE('',#6589,#1562);
#1201=LINE('',#6590,#1563);
#1202=LINE('',#6594,#1564);
#1203=LINE('',#6595,#1565);
#1204=LINE('',#6597,#1566);
#1205=LINE('',#6623,#1567);
#1206=LINE('',#6625,#1568);
#1207=LINE('',#6627,#1569);
#1208=LINE('',#6628,#1570);
#1209=LINE('',#6632,#1571);
#1210=LINE('',#6634,#1572);
#1211=LINE('',#6636,#1573);
#1212=LINE('',#6637,#1574);
#1213=LINE('',#6639,#1575);
#1214=LINE('',#6640,#1576);
#1215=LINE('',#6643,#1577);
#1216=LINE('',#6645,#1578);
#1217=LINE('',#6647,#1579);
#1218=LINE('',#6649,#1580);
#1219=LINE('',#6651,#1581);
#1220=LINE('',#6653,#1582);
#1221=LINE('',#6654,#1583);
#1222=LINE('',#6657,#1584);
#1223=LINE('',#6659,#1585);
#1224=LINE('',#6661,#1586);
#1225=LINE('',#6663,#1587);
#1226=LINE('',#6665,#1588);
#1227=LINE('',#6667,#1589);
#1228=LINE('',#6671,#1590);
#1229=LINE('',#6675,#1591);
#1230=LINE('',#6677,#1592);
#1231=LINE('',#6679,#1593);
#1232=LINE('',#6681,#1594);
#1233=LINE('',#6683,#1595);
#1234=LINE('',#6684,#1596);
#1235=LINE('',#6692,#1597);
#1236=LINE('',#6693,#1598);
#1237=LINE('',#6695,#1599);
#1238=LINE('',#6696,#1600);
#1239=LINE('',#6699,#1601);
#1240=LINE('',#6701,#1602);
#1241=LINE('',#6702,#1603);
#1242=LINE('',#6705,#1604);
#1243=LINE('',#6707,#1605);
#1244=LINE('',#6709,#1606);
#1245=LINE('',#6710,#1607);
#1246=LINE('',#6712,#1608);
#1247=LINE('',#6714,#1609);
#1248=LINE('',#6716,#1610);
#1249=LINE('',#6730,#1611);
#1250=LINE('',#6732,#1612);
#1251=LINE('',#6735,#1613);
#1252=LINE('',#6737,#1614);
#1253=LINE('',#6739,#1615);
#1254=LINE('',#6741,#1616);
#1255=LINE('',#6745,#1617);
#1256=LINE('',#6749,#1618);
#1257=LINE('',#6751,#1619);
#1258=LINE('',#6753,#1620);
#1259=LINE('',#6755,#1621);
#1260=LINE('',#6757,#1622);
#1261=LINE('',#6758,#1623);
#1262=LINE('',#6765,#1624);
#1263=LINE('',#6768,#1625);
#1264=LINE('',#6770,#1626);
#1265=LINE('',#6773,#1627);
#1266=LINE('',#6776,#1628);
#1267=LINE('',#6778,#1629);
#1268=LINE('',#6781,#1630);
#1269=LINE('',#6782,#1631);
#1270=LINE('',#6785,#1632);
#1271=LINE('',#6786,#1633);
#1272=LINE('',#6789,#1634);
#1273=LINE('',#6815,#1635);
#1274=LINE('',#6817,#1636);
#1275=LINE('',#6819,#1637);
#1276=LINE('',#6820,#1638);
#1277=LINE('',#6824,#1639);
#1278=LINE('',#6826,#1640);
#1279=LINE('',#6828,#1641);
#1280=LINE('',#6829,#1642);
#1281=LINE('',#6833,#1643);
#1282=LINE('',#6834,#1644);
#1283=LINE('',#6836,#1645);
#1284=LINE('',#6838,#1646);
#1285=LINE('',#6844,#1647);
#1286=LINE('',#6848,#1648);
#1287=LINE('',#6852,#1649);
#1288=LINE('',#6858,#1650);
#1289=LINE('',#6862,#1651);
#1290=LINE('',#6875,#1652);
#1291=LINE('',#6879,#1653);
#1292=LINE('',#6883,#1654);
#1293=LINE('',#6887,#1655);
#1294=LINE('',#6891,#1656);
#1295=LINE('',#6895,#1657);
#1296=LINE('',#6899,#1658);
#1297=LINE('',#6903,#1659);
#1298=LINE('',#6907,#1660);
#1299=LINE('',#6911,#1661);
#1300=LINE('',#6915,#1662);
#1301=LINE('',#6919,#1663);
#1302=LINE('',#6923,#1664);
#1303=LINE('',#6927,#1665);
#1304=LINE('',#6931,#1666);
#1305=LINE('',#6935,#1667);
#1306=LINE('',#6939,#1668);
#1307=LINE('',#6943,#1669);
#1308=LINE('',#6947,#1670);
#1309=LINE('',#6951,#1671);
#1310=LINE('',#6955,#1672);
#1311=LINE('',#6959,#1673);
#1312=LINE('',#6963,#1674);
#1313=LINE('',#6967,#1675);
#1314=LINE('',#6971,#1676);
#1315=LINE('',#6975,#1677);
#1316=LINE('',#6979,#1678);
#1317=LINE('',#6983,#1679);
#1318=LINE('',#6987,#1680);
#1319=LINE('',#6991,#1681);
#1320=LINE('',#6995,#1682);
#1321=LINE('',#6999,#1683);
#1322=LINE('',#7003,#1684);
#1323=LINE('',#7007,#1685);
#1324=LINE('',#7011,#1686);
#1325=LINE('',#7015,#1687);
#1326=LINE('',#7019,#1688);
#1327=LINE('',#7023,#1689);
#1328=LINE('',#7027,#1690);
#1329=LINE('',#7031,#1691);
#1330=LINE('',#7035,#1692);
#1331=LINE('',#7039,#1693);
#1332=LINE('',#7043,#1694);
#1333=LINE('',#7047,#1695);
#1334=LINE('',#7051,#1696);
#1335=LINE('',#7055,#1697);
#1336=LINE('',#7059,#1698);
#1337=LINE('',#7063,#1699);
#1338=LINE('',#7065,#1700);
#1339=LINE('',#7069,#1701);
#1340=LINE('',#7071,#1702);
#1341=LINE('',#7073,#1703);
#1342=LINE('',#7074,#1704);
#1343=LINE('',#7077,#1705);
#1344=LINE('',#7079,#1706);
#1345=LINE('',#7080,#1707);
#1346=LINE('',#7083,#1708);
#1347=LINE('',#7085,#1709);
#1348=LINE('',#7086,#1710);
#1349=LINE('',#7088,#1711);
#1350=LINE('',#7089,#1712);
#1351=LINE('',#7092,#1713);
#1352=LINE('',#7094,#1714);
#1353=LINE('',#7095,#1715);
#1354=LINE('',#7098,#1716);
#1355=LINE('',#7099,#1717);
#1356=LINE('',#7107,#1718);
#1357=LINE('',#7108,#1719);
#1358=LINE('',#7114,#1720);
#1359=LINE('',#7116,#1721);
#1360=LINE('',#7118,#1722);
#1361=LINE('',#7128,#1723);
#1362=LINE('',#7132,#1724);
#1363=LINE('',#7139,#1725);
#1364=LINE('',#7143,#1726);
#1365=LINE('',#7147,#1727);
#1366=LINE('',#7151,#1728);
#1367=LINE('',#7155,#1729);
#1368=LINE('',#7159,#1730);
#1369=LINE('',#7163,#1731);
#1370=LINE('',#7167,#1732);
#1371=LINE('',#7171,#1733);
#1372=LINE('',#7175,#1734);
#1373=LINE('',#7179,#1735);
#1374=LINE('',#7183,#1736);
#1375=LINE('',#7187,#1737);
#1376=LINE('',#7191,#1738);
#1377=LINE('',#7195,#1739);
#1378=LINE('',#7199,#1740);
#1379=LINE('',#7203,#1741);
#1380=LINE('',#7207,#1742);
#1381=LINE('',#7211,#1743);
#1382=LINE('',#7215,#1744);
#1383=LINE('',#7219,#1745);
#1384=LINE('',#7223,#1746);
#1385=LINE('',#7227,#1747);
#1386=LINE('',#7231,#1748);
#1387=LINE('',#7235,#1749);
#1388=LINE('',#7239,#1750);
#1389=LINE('',#7243,#1751);
#1390=LINE('',#7247,#1752);
#1391=LINE('',#7251,#1753);
#1392=LINE('',#7255,#1754);
#1393=LINE('',#7259,#1755);
#1394=LINE('',#7263,#1756);
#1395=LINE('',#7267,#1757);
#1396=LINE('',#7271,#1758);
#1397=LINE('',#7275,#1759);
#1398=LINE('',#7279,#1760);
#1399=LINE('',#7283,#1761);
#1400=LINE('',#7287,#1762);
#1401=LINE('',#7291,#1763);
#1402=LINE('',#7295,#1764);
#1403=LINE('',#7299,#1765);
#1404=LINE('',#7303,#1766);
#1405=LINE('',#7307,#1767);
#1406=LINE('',#7311,#1768);
#1407=LINE('',#7315,#1769);
#1408=LINE('',#7319,#1770);
#1409=LINE('',#7323,#1771);
#1410=LINE('',#7327,#1772);
#1411=LINE('',#7331,#1773);
#1412=LINE('',#7335,#1774);
#1413=LINE('',#7339,#1775);
#1414=LINE('',#7343,#1776);
#1415=LINE('',#7347,#1777);
#1416=LINE('',#7351,#1778);
#1417=LINE('',#7355,#1779);
#1418=LINE('',#7359,#1780);
#1419=LINE('',#7363,#1781);
#1420=LINE('',#7367,#1782);
#1421=LINE('',#7371,#1783);
#1422=LINE('',#7375,#1784);
#1423=LINE('',#7379,#1785);
#1424=LINE('',#7383,#1786);
#1425=LINE('',#7387,#1787);
#1426=LINE('',#7391,#1788);
#1427=LINE('',#7395,#1789);
#1428=LINE('',#7399,#1790);
#1429=LINE('',#7403,#1791);
#1430=LINE('',#7407,#1792);
#1431=LINE('',#7411,#1793);
#1432=LINE('',#7415,#1794);
#1433=LINE('',#7419,#1795);
#1434=LINE('',#7423,#1796);
#1435=LINE('',#7427,#1797);
#1436=LINE('',#7431,#1798);
#1437=LINE('',#7435,#1799);
#1438=LINE('',#7439,#1800);
#1439=LINE('',#7443,#1801);
#1440=LINE('',#7447,#1802);
#1441=LINE('',#7451,#1803);
#1442=LINE('',#7455,#1804);
#1443=LINE('',#7459,#1805);
#1444=LINE('',#7463,#1806);
#1445=LINE('',#7467,#1807);
#1446=LINE('',#7471,#1808);
#1447=LINE('',#7475,#1809);
#1448=LINE('',#7479,#1810);
#1449=LINE('',#7483,#1811);
#1450=LINE('',#7487,#1812);
#1451=LINE('',#7491,#1813);
#1452=LINE('',#7495,#1814);
#1453=LINE('',#7499,#1815);
#1454=LINE('',#7503,#1816);
#1455=LINE('',#7507,#1817);
#1456=LINE('',#7511,#1818);
#1457=LINE('',#7515,#1819);
#1458=LINE('',#7519,#1820);
#1459=LINE('',#7523,#1821);
#1460=LINE('',#7527,#1822);
#1461=LINE('',#7531,#1823);
#1462=LINE('',#7535,#1824);
#1463=LINE('',#7539,#1825);
#1464=LINE('',#7543,#1826);
#1465=LINE('',#7547,#1827);
#1466=LINE('',#7551,#1828);
#1467=LINE('',#7555,#1829);
#1468=LINE('',#7559,#1830);
#1469=LINE('',#7563,#1831);
#1470=LINE('',#7567,#1832);
#1471=LINE('',#7571,#1833);
#1472=LINE('',#7575,#1834);
#1473=LINE('',#7579,#1835);
#1474=LINE('',#7583,#1836);
#1475=LINE('',#7587,#1837);
#1476=LINE('',#7591,#1838);
#1477=LINE('',#7595,#1839);
#1478=LINE('',#7599,#1840);
#1479=LINE('',#7603,#1841);
#1480=LINE('',#7607,#1842);
#1481=LINE('',#7611,#1843);
#1482=LINE('',#7615,#1844);
#1483=LINE('',#7619,#1845);
#1484=LINE('',#7623,#1846);
#1485=LINE('',#7627,#1847);
#1486=LINE('',#7631,#1848);
#1487=LINE('',#7635,#1849);
#1488=LINE('',#7639,#1850);
#1489=LINE('',#7643,#1851);
#1490=LINE('',#7647,#1852);
#1491=LINE('',#7651,#1853);
#1492=LINE('',#7655,#1854);
#1493=LINE('',#7659,#1855);
#1494=LINE('',#7663,#1856);
#1495=LINE('',#7667,#1857);
#1496=LINE('',#7671,#1858);
#1497=LINE('',#7675,#1859);
#1498=LINE('',#7677,#1860);
#1499=VECTOR('',#4980,10.);
#1500=VECTOR('',#4981,10.);
#1501=VECTOR('',#4982,10.);
#1502=VECTOR('',#4983,10.);
#1503=VECTOR('',#4986,10.);
#1504=VECTOR('',#4987,10.);
#1505=VECTOR('',#4988,10.);
#1506=VECTOR('',#4991,10.);
#1507=VECTOR('',#4992,10.);
#1508=VECTOR('',#4993,10.);
#1509=VECTOR('',#4996,10.);
#1510=VECTOR('',#4997,10.);
#1511=VECTOR('',#4998,10.);
#1512=VECTOR('',#4999,10.);
#1513=VECTOR('',#5000,10.);
#1514=VECTOR('',#5001,10.);
#1515=VECTOR('',#5002,10.);
#1516=VECTOR('',#5005,10.);
#1517=VECTOR('',#5008,10.);
#1518=VECTOR('',#5009,10.);
#1519=VECTOR('',#5010,10.);
#1520=VECTOR('',#5011,10.);
#1521=VECTOR('',#5012,10.);
#1522=VECTOR('',#5013,10.);
#1523=VECTOR('',#5020,10.);
#1524=VECTOR('',#5021,10.);
#1525=VECTOR('',#5022,10.);
#1526=VECTOR('',#5023,10.);
#1527=VECTOR('',#5024,10.);
#1528=VECTOR('',#5025,10.);
#1529=VECTOR('',#5028,10.);
#1530=VECTOR('',#5029,10.);
#1531=VECTOR('',#5030,10.);
#1532=VECTOR('',#5031,10.);
#1533=VECTOR('',#5032,10.);
#1534=VECTOR('',#5035,10.);
#1535=VECTOR('',#5036,10.);
#1536=VECTOR('',#5037,10.);
#1537=VECTOR('',#5040,10.);
#1538=VECTOR('',#5041,10.);
#1539=VECTOR('',#5042,10.);
#1540=VECTOR('',#5045,10.);
#1541=VECTOR('',#5046,10.);
#1542=VECTOR('',#5049,10.);
#1543=VECTOR('',#5052,10.);
#1544=VECTOR('',#5067,10.);
#1545=VECTOR('',#5072,10.);
#1546=VECTOR('',#5073,10.);
#1547=VECTOR('',#5074,10.);
#1548=VECTOR('',#5075,10.);
#1549=VECTOR('',#5076,10.);
#1550=VECTOR('',#5077,10.);
#1551=VECTOR('',#5080,10.);
#1552=VECTOR('',#5083,10.);
#1553=VECTOR('',#5084,10.);
#1554=VECTOR('',#5085,10.);
#1555=VECTOR('',#5086,10.);
#1556=VECTOR('',#5095,3.1);
#1557=VECTOR('',#5098,3.1);
#1558=VECTOR('',#5101,3.1);
#1559=VECTOR('',#5106,3.1);
#1560=VECTOR('',#5109,3.1);
#1561=VECTOR('',#5112,3.1);
#1562=VECTOR('',#5115,10.);
#1563=VECTOR('',#5116,10.);
#1564=VECTOR('',#5121,10.);
#1565=VECTOR('',#5122,10.);
#1566=VECTOR('',#5125,10.);
#1567=VECTOR('',#5172,10.);
#1568=VECTOR('',#5173,10.);
#1569=VECTOR('',#5174,10.);
#1570=VECTOR('',#5175,10.);
#1571=VECTOR('',#5178,10.);
#1572=VECTOR('',#5179,10.);
#1573=VECTOR('',#5180,10.);
#1574=VECTOR('',#5181,10.);
#1575=VECTOR('',#5184,10.);
#1576=VECTOR('',#5185,10.);
#1577=VECTOR('',#5188,10.);
#1578=VECTOR('',#5189,10.);
#1579=VECTOR('',#5190,10.);
#1580=VECTOR('',#5191,10.);
#1581=VECTOR('',#5192,10.);
#1582=VECTOR('',#5193,10.);
#1583=VECTOR('',#5194,10.);
#1584=VECTOR('',#5197,10.);
#1585=VECTOR('',#5198,10.);
#1586=VECTOR('',#5199,10.);
#1587=VECTOR('',#5200,10.);
#1588=VECTOR('',#5201,10.);
#1589=VECTOR('',#5202,10.);
#1590=VECTOR('',#5205,10.);
#1591=VECTOR('',#5208,10.);
#1592=VECTOR('',#5209,10.);
#1593=VECTOR('',#5210,10.);
#1594=VECTOR('',#5211,10.);
#1595=VECTOR('',#5212,10.);
#1596=VECTOR('',#5213,10.);
#1597=VECTOR('',#5220,10.);
#1598=VECTOR('',#5221,10.);
#1599=VECTOR('',#5222,10.);
#1600=VECTOR('',#5223,10.);
#1601=VECTOR('',#5226,10.);
#1602=VECTOR('',#5227,10.);
#1603=VECTOR('',#5228,10.);
#1604=VECTOR('',#5231,10.);
#1605=VECTOR('',#5232,10.);
#1606=VECTOR('',#5233,10.);
#1607=VECTOR('',#5234,10.);
#1608=VECTOR('',#5237,10.);
#1609=VECTOR('',#5240,10.);
#1610=VECTOR('',#5243,10.);
#1611=VECTOR('',#5258,10.);
#1612=VECTOR('',#5261,10.);
#1613=VECTOR('',#5264,10.);
#1614=VECTOR('',#5265,10.);
#1615=VECTOR('',#5266,10.);
#1616=VECTOR('',#5267,10.);
#1617=VECTOR('',#5270,10.);
#1618=VECTOR('',#5273,10.);
#1619=VECTOR('',#5274,10.);
#1620=VECTOR('',#5275,10.);
#1621=VECTOR('',#5276,10.);
#1622=VECTOR('',#5277,10.);
#1623=VECTOR('',#5278,10.);
#1624=VECTOR('',#5285,3.1);
#1625=VECTOR('',#5290,3.1);
#1626=VECTOR('',#5293,3.1);
#1627=VECTOR('',#5296,3.1);
#1628=VECTOR('',#5301,3.1);
#1629=VECTOR('',#5304,3.1);
#1630=VECTOR('',#5307,10.);
#1631=VECTOR('',#5308,10.);
#1632=VECTOR('',#5311,10.);
#1633=VECTOR('',#5312,10.);
#1634=VECTOR('',#5317,10.);
#1635=VECTOR('',#5364,10.);
#1636=VECTOR('',#5365,10.);
#1637=VECTOR('',#5366,10.);
#1638=VECTOR('',#5367,10.);
#1639=VECTOR('',#5370,10.);
#1640=VECTOR('',#5371,10.);
#1641=VECTOR('',#5372,10.);
#1642=VECTOR('',#5373,10.);
#1643=VECTOR('',#5378,10.);
#1644=VECTOR('',#5379,10.);
#1645=VECTOR('',#5382,10.);
#1646=VECTOR('',#5385,10.);
#1647=VECTOR('',#5392,3.25031310711267);
#1648=VECTOR('',#5397,3.25000000000001);
#1649=VECTOR('',#5402,2.65510276487917);
#1650=VECTOR('',#5411,26.1518568376584);
#1651=VECTOR('',#5416,23.4625);
#1652=VECTOR('',#5433,12.5597341458636);
#1653=VECTOR('',#5438,4.65045067999459);
#1654=VECTOR('',#5443,4.59609299713438);
#1655=VECTOR('',#5448,4.5426419201265);
#1656=VECTOR('',#5453,4.49011118100165);
#1657=VECTOR('',#5458,4.43851427534797);
#1658=VECTOR('',#5463,4.38786445884394);
#1659=VECTOR('',#5468,4.33817474385288);
#1660=VECTOR('',#5473,4.28945789607998);
#1661=VECTOR('',#5478,4.24172643129266);
#1662=VECTOR('',#5483,4.19499261210517);
#1663=VECTOR('',#5488,4.14926844482823);
#1664=VECTOR('',#5493,4.10456567638451);
#1665=VECTOR('',#5498,4.06089579129073);
#1666=VECTOR('',#5503,4.0182700087072);
#1667=VECTOR('',#5508,3.97669927955553);
#1668=VECTOR('',#5513,3.93619428370524);
#1669=VECTOR('',#5518,3.89676542723001);
#1670=VECTOR('',#5523,3.85842283973428);
#1671=VECTOR('',#5528,3.82117637175085);
#1672=VECTOR('',#5533,3.78503559221023);
#1673=VECTOR('',#5538,3.75000978598227);
#1674=VECTOR('',#5543,3.71610795149082);
#1675=VECTOR('',#5548,3.68333879840192);
#1676=VECTOR('',#5553,3.65171074538628);
#1677=VECTOR('',#5558,3.62123191795639);
#1678=VECTOR('',#5563,3.59191014637906);
#1679=VECTOR('',#5568,3.56375296366369);
#1680=VECTOR('',#5573,3.53676760362707);
#1681=VECTOR('',#5578,3.51096099903486);
#1682=VECTOR('',#5583,3.48633977982055);
#1683=VECTOR('',#5588,3.4629102713822);
#1684=VECTOR('',#5593,3.44067849295732);
#1685=VECTOR('',#5598,3.41965015607654);
#1686=VECTOR('',#5603,3.39983066309626);
#1687=VECTOR('',#5608,3.3812251058107);
#1688=VECTOR('',#5613,3.36383826414382);
#1689=VECTOR('',#5618,3.34767460492129);
#1690=VECTOR('',#5623,3.33273828072295);
#1691=VECTOR('',#5628,3.31903312881595);
#1692=VECTOR('',#5633,3.30656267016894);
#1693=VECTOR('',#5638,3.2953301085475);
#1694=VECTOR('',#5643,3.28533832969107);
#1695=VECTOR('',#5648,3.27658990057156);
#1696=VECTOR('',#5653,3.2690870687339);
#1697=VECTOR('',#5658,3.26283176171863);
#1698=VECTOR('',#5663,3.25782558656665);
#1699=VECTOR('',#5668,3.25406982940642);
#1700=VECTOR('',#5671,3.2515654551235);
#1701=VECTOR('',#5674,10.);
#1702=VECTOR('',#5675,10.);
#1703=VECTOR('',#5676,10.);
#1704=VECTOR('',#5677,10.);
#1705=VECTOR('',#5680,10.);
#1706=VECTOR('',#5681,10.);
#1707=VECTOR('',#5682,10.);
#1708=VECTOR('',#5685,10.);
#1709=VECTOR('',#5686,10.);
#1710=VECTOR('',#5687,10.);
#1711=VECTOR('',#5690,10.);
#1712=VECTOR('',#5691,10.);
#1713=VECTOR('',#5694,10.);
#1714=VECTOR('',#5695,10.);
#1715=VECTOR('',#5696,10.);
#1716=VECTOR('',#5699,10.);
#1717=VECTOR('',#5700,10.);
#1718=VECTOR('',#5709,10.);
#1719=VECTOR('',#5710,10.);
#1720=VECTOR('',#5717,10.);
#1721=VECTOR('',#5720,3.1);
#1722=VECTOR('',#5723,3.1);
#1723=VECTOR('',#5736,2.42755205362306);
#1724=VECTOR('',#5741,2.95000000000001);
#1725=VECTOR('',#5750,3.25013808783984);
#1726=VECTOR('',#5755,3.25069042895982);
#1727=VECTOR('',#5760,3.25179507024309);
#1728=VECTOR('',#5765,3.25345192977931);
#1729=VECTOR('',#5770,3.25566088471056);
#1730=VECTOR('',#5775,3.25842177124047);
#1731=VECTOR('',#5780,3.26173438464632);
#1732=VECTOR('',#5785,3.26559847929428);
#1733=VECTOR('',#5790,3.27001376865756);
#1734=VECTOR('',#5795,3.27497992533772);
#1735=VECTOR('',#5800,3.2804965810889);
#1736=VECTOR('',#5805,3.28656332684513);
#1737=VECTOR('',#5810,3.29317971275071);
#1738=VECTOR('',#5815,3.3003452481935);
#1739=VECTOR('',#5820,3.30805940184135);
#1740=VECTOR('',#5825,3.31632160168146);
#1741=VECTOR('',#5830,3.32513123506283);
#1742=VECTOR('',#5835,3.33448764874168);
#1743=VECTOR('',#5840,3.34439014892988);
#1744=VECTOR('',#5845,3.35483800134638);
#1745=VECTOR('',#5850,3.3658304312717);
#1746=VECTOR('',#5855,3.37736662360533);
#1747=VECTOR('',#5860,3.38944572292622);
#1748=VECTOR('',#5865,3.40206683355615);
#1749=VECTOR('',#5870,3.41522901962622);
#1750=VECTOR('',#5875,3.42893130514615);
#1751=VECTOR('',#5880,3.44317267407677);
#1752=VECTOR('',#5885,3.45795207040523);
#1753=VECTOR('',#5890,3.47326839822342);
#1754=VECTOR('',#5895,3.48912052180916);
#1755=VECTOR('',#5900,3.50550726571043);
#1756=VECTOR('',#5905,3.52242741483257);
#1757=VECTOR('',#5910,3.53987971452832);
#1758=VECTOR('',#5915,3.55786287069089);
#1759=VECTOR('',#5920,3.57637554984991);
#1760=VECTOR('',#5925,3.59541637927033);
#1761=VECTOR('',#5930,3.61498394705416);
#1762=VECTOR('',#5935,3.63507680224523);
#1763=VECTOR('',#5940,3.6556934549367);
#1764=VECTOR('',#5945,3.67683237638161);
#1765=VECTOR('',#5950,3.69849199910622);
#1766=VECTOR('',#5955,3.72067071702621);
#1767=VECTOR('',#5960,3.74336688556579);
#1768=VECTOR('',#5965,3.76657882177966);
#1769=VECTOR('',#5970,3.79030480447781);
#1770=VECTOR('',#5975,3.81454307435309);
#1771=VECTOR('',#5980,3.83929183411174);
#1772=VECTOR('',#5985,3.86454924860661);
#1773=VECTOR('',#5990,3.89031344497326);
#1774=VECTOR('',#5995,3.92544293710878);
#1775=VECTOR('',#6000,3.96970336606295);
#1776=VECTOR('',#6005,4.01400091314412);
#1777=VECTOR('',#6010,4.05833557835227);
#1778=VECTOR('',#6015,4.10270736168742);
#1779=VECTOR('',#6020,4.14711626314957);
#1780=VECTOR('',#6025,4.1915622827387);
#1781=VECTOR('',#6030,4.23604542045483);
#1782=VECTOR('',#6035,4.28056567629795);
#1783=VECTOR('',#6040,4.32512305026806);
#1784=VECTOR('',#6045,4.36971754236516);
#1785=VECTOR('',#6050,4.41434915258925);
#1786=VECTOR('',#6055,4.45901788094034);
#1787=VECTOR('',#6060,4.50372372741842);
#1788=VECTOR('',#6065,4.5484666920235);
#1789=VECTOR('',#6070,4.59324677475556);
#1790=VECTOR('',#6075,4.63806397561461);
#1791=VECTOR('',#6080,4.68291829460066);
#1792=VECTOR('',#6085,4.7278097317137);
#1793=VECTOR('',#6090,4.77273828695374);
#1794=VECTOR('',#6095,4.81770396032076);
#1795=VECTOR('',#6100,4.86270675181478);
#1796=VECTOR('',#6105,4.90774666143579);
#1797=VECTOR('',#6110,4.95282368918379);
#1798=VECTOR('',#6115,4.99793783505879);
#1799=VECTOR('',#6120,5.04308909906077);
#1800=VECTOR('',#6125,5.08827748118975);
#1801=VECTOR('',#6130,5.13350298144572);
#1802=VECTOR('',#6135,5.17876559982868);
#1803=VECTOR('',#6140,5.22406533633864);
#1804=VECTOR('',#6145,5.26940219097559);
#1805=VECTOR('',#6150,5.31477616373952);
#1806=VECTOR('',#6155,5.36018725463045);
#1807=VECTOR('',#6160,5.40563546364838);
#1808=VECTOR('',#6165,5.4511207907933);
#1809=VECTOR('',#6170,5.49664323606521);
#1810=VECTOR('',#6175,5.54220279946411);
#1811=VECTOR('',#6180,5.58779948099);
#1812=VECTOR('',#6185,5.63343328064288);
#1813=VECTOR('',#6190,5.67910419842276);
#1814=VECTOR('',#6195,5.72481223432963);
#1815=VECTOR('',#6200,5.77055738836349);
#1816=VECTOR('',#6205,5.81633966052435);
#1817=VECTOR('',#6210,5.86215905081219);
#1818=VECTOR('',#6215,5.90801555922703);
#1819=VECTOR('',#6220,5.95390918576886);
#1820=VECTOR('',#6225,5.99983993043768);
#1821=VECTOR('',#6230,6.0458077932335);
#1822=VECTOR('',#6235,6.0918127741563);
#1823=VECTOR('',#6240,6.1378548732061);
#1824=VECTOR('',#6245,6.18393409038289);
#1825=VECTOR('',#6250,6.23005042568668);
#1826=VECTOR('',#6255,6.27620387911745);
#1827=VECTOR('',#6260,6.32239445067522);
#1828=VECTOR('',#6265,6.36862214035998);
#1829=VECTOR('',#6270,6.41488694817173);
#1830=VECTOR('',#6275,6.46118887411048);
#1831=VECTOR('',#6280,6.50752791817621);
#1832=VECTOR('',#6285,6.55390408036894);
#1833=VECTOR('',#6290,6.60031736068867);
#1834=VECTOR('',#6295,6.64676775913538);
#1835=VECTOR('',#6300,6.69325527570908);
#1836=VECTOR('',#6305,6.73977991040978);
#1837=VECTOR('',#6310,6.78634166323747);
#1838=VECTOR('',#6315,6.83294053419216);
#1839=VECTOR('',#6320,6.87957652327383);
#1840=VECTOR('',#6325,6.92624963048249);
#1841=VECTOR('',#6330,6.97295985581815);
#1842=VECTOR('',#6335,7.0197071992808);
#1843=VECTOR('',#6340,7.06649166087045);
#1844=VECTOR('',#6345,7.11331324058709);
#1845=VECTOR('',#6350,7.16017193843071);
#1846=VECTOR('',#6355,7.20706775440133);
#1847=VECTOR('',#6360,7.25400068849894);
#1848=VECTOR('',#6365,7.30097074072355);
#1849=VECTOR('',#6370,7.34797791107514);
#1850=VECTOR('',#6375,7.39502219955374);
#1851=VECTOR('',#6380,7.44210360615931);
#1852=VECTOR('',#6385,7.48922213089189);
#1853=VECTOR('',#6390,7.53637777375145);
#1854=VECTOR('',#6395,7.58357053473801);
#1855=VECTOR('',#6400,7.63080041385156);
#1856=VECTOR('',#6405,7.6780674110921);
#1857=VECTOR('',#6410,7.72537152645963);
#1858=VECTOR('',#6415,7.77271275995416);
#1859=VECTOR('',#6420,7.82009111157568);
#1860=VECTOR('',#6423,7.86750658132419);
#1861=VERTEX_POINT('',#6429);
#1862=VERTEX_POINT('',#6430);
#1863=VERTEX_POINT('',#6432);
#1864=VERTEX_POINT('',#6434);
#1865=VERTEX_POINT('',#6438);
#1866=VERTEX_POINT('',#6440);
#1867=VERTEX_POINT('',#6444);
#1868=VERTEX_POINT('',#6446);
#1869=VERTEX_POINT('',#6450);
#1870=VERTEX_POINT('',#6452);
#1871=VERTEX_POINT('',#6454);
#1872=VERTEX_POINT('',#6456);
#1873=VERTEX_POINT('',#6458);
#1874=VERTEX_POINT('',#6460);
#1875=VERTEX_POINT('',#6462);
#1876=VERTEX_POINT('',#6464);
#1877=VERTEX_POINT('',#6466);
#1878=VERTEX_POINT('',#6468);
#1879=VERTEX_POINT('',#6470);
#1880=VERTEX_POINT('',#6472);
#1881=VERTEX_POINT('',#6474);
#1882=VERTEX_POINT('',#6476);
#1883=VERTEX_POINT('',#6478);
#1884=VERTEX_POINT('',#6481);
#1885=VERTEX_POINT('',#6483);
#1886=VERTEX_POINT('',#6486);
#1887=VERTEX_POINT('',#6488);
#1888=VERTEX_POINT('',#6490);
#1889=VERTEX_POINT('',#6492);
#1890=VERTEX_POINT('',#6494);
#1891=VERTEX_POINT('',#6498);
#1892=VERTEX_POINT('',#6499);
#1893=VERTEX_POINT('',#6501);
#1894=VERTEX_POINT('',#6503);
#1895=VERTEX_POINT('',#6505);
#1896=VERTEX_POINT('',#6509);
#1897=VERTEX_POINT('',#6511);
#1898=VERTEX_POINT('',#6516);
#1899=VERTEX_POINT('',#6526);
#1900=VERTEX_POINT('',#6528);
#1901=VERTEX_POINT('',#6530);
#1902=VERTEX_POINT('',#6532);
#1903=VERTEX_POINT('',#6534);
#1904=VERTEX_POINT('',#6536);
#1905=VERTEX_POINT('',#6542);
#1906=VERTEX_POINT('',#6544);
#1907=VERTEX_POINT('',#6546);
#1908=VERTEX_POINT('',#6548);
#1909=VERTEX_POINT('',#6550);
#1910=VERTEX_POINT('',#6552);
#1911=VERTEX_POINT('',#6554);
#1912=VERTEX_POINT('',#6556);
#1913=VERTEX_POINT('',#6558);
#1914=VERTEX_POINT('',#6560);
#1915=VERTEX_POINT('',#6562);
#1916=VERTEX_POINT('',#6564);
#1917=VERTEX_POINT('',#6567);
#1918=VERTEX_POINT('',#6569);
#1919=VERTEX_POINT('',#6572);
#1920=VERTEX_POINT('',#6580);
#1921=VERTEX_POINT('',#6588);
#1922=VERTEX_POINT('',#6593);
#1923=VERTEX_POINT('',#6621);
#1924=VERTEX_POINT('',#6622);
#1925=VERTEX_POINT('',#6624);
#1926=VERTEX_POINT('',#6626);
#1927=VERTEX_POINT('',#6630);
#1928=VERTEX_POINT('',#6631);
#1929=VERTEX_POINT('',#6633);
#1930=VERTEX_POINT('',#6635);
#1931=VERTEX_POINT('',#6642);
#1932=VERTEX_POINT('',#6644);
#1933=VERTEX_POINT('',#6646);
#1934=VERTEX_POINT('',#6648);
#1935=VERTEX_POINT('',#6650);
#1936=VERTEX_POINT('',#6652);
#1937=VERTEX_POINT('',#6656);
#1938=VERTEX_POINT('',#6658);
#1939=VERTEX_POINT('',#6660);
#1940=VERTEX_POINT('',#6662);
#1941=VERTEX_POINT('',#6664);
#1942=VERTEX_POINT('',#6666);
#1943=VERTEX_POINT('',#6668);
#1944=VERTEX_POINT('',#6670);
#1945=VERTEX_POINT('',#6672);
#1946=VERTEX_POINT('',#6674);
#1947=VERTEX_POINT('',#6676);
#1948=VERTEX_POINT('',#6678);
#1949=VERTEX_POINT('',#6680);
#1950=VERTEX_POINT('',#6682);
#1951=VERTEX_POINT('',#6685);
#1952=VERTEX_POINT('',#6687);
#1953=VERTEX_POINT('',#6690);
#1954=VERTEX_POINT('',#6691);
#1955=VERTEX_POINT('',#6694);
#1956=VERTEX_POINT('',#6698);
#1957=VERTEX_POINT('',#6700);
#1958=VERTEX_POINT('',#6704);
#1959=VERTEX_POINT('',#6706);
#1960=VERTEX_POINT('',#6708);
#1961=VERTEX_POINT('',#6717);
#1962=VERTEX_POINT('',#6719);
#1963=VERTEX_POINT('',#6721);
#1964=VERTEX_POINT('',#6723);
#1965=VERTEX_POINT('',#6725);
#1966=VERTEX_POINT('',#6727);
#1967=VERTEX_POINT('',#6734);
#1968=VERTEX_POINT('',#6736);
#1969=VERTEX_POINT('',#6738);
#1970=VERTEX_POINT('',#6740);
#1971=VERTEX_POINT('',#6742);
#1972=VERTEX_POINT('',#6744);
#1973=VERTEX_POINT('',#6746);
#1974=VERTEX_POINT('',#6748);
#1975=VERTEX_POINT('',#6750);
#1976=VERTEX_POINT('',#6752);
#1977=VERTEX_POINT('',#6754);
#1978=VERTEX_POINT('',#6756);
#1979=VERTEX_POINT('',#6759);
#1980=VERTEX_POINT('',#6761);
#1981=VERTEX_POINT('',#6764);
#1982=VERTEX_POINT('',#6772);
#1983=VERTEX_POINT('',#6780);
#1984=VERTEX_POINT('',#6784);
#1985=VERTEX_POINT('',#6813);
#1986=VERTEX_POINT('',#6814);
#1987=VERTEX_POINT('',#6816);
#1988=VERTEX_POINT('',#6818);
#1989=VERTEX_POINT('',#6822);
#1990=VERTEX_POINT('',#6823);
#1991=VERTEX_POINT('',#6825);
#1992=VERTEX_POINT('',#6827);
#1993=VERTEX_POINT('',#6830);
#1994=VERTEX_POINT('',#6841);
#1995=VERTEX_POINT('',#6843);
#1996=VERTEX_POINT('',#6847);
#1997=VERTEX_POINT('',#6851);
#1998=VERTEX_POINT('',#6856);
#1999=VERTEX_POINT('',#6860);
#2000=VERTEX_POINT('',#6864);
#2001=VERTEX_POINT('',#6867);
#2002=VERTEX_POINT('',#6869);
#2003=VERTEX_POINT('',#6873);
#2004=VERTEX_POINT('',#6877);
#2005=VERTEX_POINT('',#6881);
#2006=VERTEX_POINT('',#6885);
#2007=VERTEX_POINT('',#6889);
#2008=VERTEX_POINT('',#6893);
#2009=VERTEX_POINT('',#6897);
#2010=VERTEX_POINT('',#6901);
#2011=VERTEX_POINT('',#6905);
#2012=VERTEX_POINT('',#6909);
#2013=VERTEX_POINT('',#6913);
#2014=VERTEX_POINT('',#6917);
#2015=VERTEX_POINT('',#6921);
#2016=VERTEX_POINT('',#6925);
#2017=VERTEX_POINT('',#6929);
#2018=VERTEX_POINT('',#6933);
#2019=VERTEX_POINT('',#6937);
#2020=VERTEX_POINT('',#6941);
#2021=VERTEX_POINT('',#6945);
#2022=VERTEX_POINT('',#6949);
#2023=VERTEX_POINT('',#6953);
#2024=VERTEX_POINT('',#6957);
#2025=VERTEX_POINT('',#6961);
#2026=VERTEX_POINT('',#6965);
#2027=VERTEX_POINT('',#6969);
#2028=VERTEX_POINT('',#6973);
#2029=VERTEX_POINT('',#6977);
#2030=VERTEX_POINT('',#6981);
#2031=VERTEX_POINT('',#6985);
#2032=VERTEX_POINT('',#6989);
#2033=VERTEX_POINT('',#6993);
#2034=VERTEX_POINT('',#6997);
#2035=VERTEX_POINT('',#7001);
#2036=VERTEX_POINT('',#7005);
#2037=VERTEX_POINT('',#7009);
#2038=VERTEX_POINT('',#7013);
#2039=VERTEX_POINT('',#7017);
#2040=VERTEX_POINT('',#7021);
#2041=VERTEX_POINT('',#7025);
#2042=VERTEX_POINT('',#7029);
#2043=VERTEX_POINT('',#7033);
#2044=VERTEX_POINT('',#7037);
#2045=VERTEX_POINT('',#7041);
#2046=VERTEX_POINT('',#7045);
#2047=VERTEX_POINT('',#7049);
#2048=VERTEX_POINT('',#7053);
#2049=VERTEX_POINT('',#7057);
#2050=VERTEX_POINT('',#7061);
#2051=VERTEX_POINT('',#7067);
#2052=VERTEX_POINT('',#7068);
#2053=VERTEX_POINT('',#7070);
#2054=VERTEX_POINT('',#7072);
#2055=VERTEX_POINT('',#7076);
#2056=VERTEX_POINT('',#7078);
#2057=VERTEX_POINT('',#7082);
#2058=VERTEX_POINT('',#7084);
#2059=VERTEX_POINT('',#7091);
#2060=VERTEX_POINT('',#7093);
#2061=VERTEX_POINT('',#7097);
#2062=VERTEX_POINT('',#7100);
#2063=VERTEX_POINT('',#7102);
#2064=VERTEX_POINT('',#7106);
#2065=VERTEX_POINT('',#7109);
#2066=VERTEX_POINT('',#7111);
#2067=VERTEX_POINT('',#7120);
#2068=VERTEX_POINT('',#7123);
#2069=VERTEX_POINT('',#7126);
#2070=VERTEX_POINT('',#7130);
#2071=VERTEX_POINT('',#7134);
#2072=VERTEX_POINT('',#7137);
#2073=VERTEX_POINT('',#7141);
#2074=VERTEX_POINT('',#7145);
#2075=VERTEX_POINT('',#7149);
#2076=VERTEX_POINT('',#7153);
#2077=VERTEX_POINT('',#7157);
#2078=VERTEX_POINT('',#7161);
#2079=VERTEX_POINT('',#7165);
#2080=VERTEX_POINT('',#7169);
#2081=VERTEX_POINT('',#7173);
#2082=VERTEX_POINT('',#7177);
#2083=VERTEX_POINT('',#7181);
#2084=VERTEX_POINT('',#7185);
#2085=VERTEX_POINT('',#7189);
#2086=VERTEX_POINT('',#7193);
#2087=VERTEX_POINT('',#7197);
#2088=VERTEX_POINT('',#7201);
#2089=VERTEX_POINT('',#7205);
#2090=VERTEX_POINT('',#7209);
#2091=VERTEX_POINT('',#7213);
#2092=VERTEX_POINT('',#7217);
#2093=VERTEX_POINT('',#7221);
#2094=VERTEX_POINT('',#7225);
#2095=VERTEX_POINT('',#7229);
#2096=VERTEX_POINT('',#7233);
#2097=VERTEX_POINT('',#7237);
#2098=VERTEX_POINT('',#7241);
#2099=VERTEX_POINT('',#7245);
#2100=VERTEX_POINT('',#7249);
#2101=VERTEX_POINT('',#7253);
#2102=VERTEX_POINT('',#7257);
#2103=VERTEX_POINT('',#7261);
#2104=VERTEX_POINT('',#7265);
#2105=VERTEX_POINT('',#7269);
#2106=VERTEX_POINT('',#7273);
#2107=VERTEX_POINT('',#7277);
#2108=VERTEX_POINT('',#7281);
#2109=VERTEX_POINT('',#7285);
#2110=VERTEX_POINT('',#7289);
#2111=VERTEX_POINT('',#7293);
#2112=VERTEX_POINT('',#7297);
#2113=VERTEX_POINT('',#7301);
#2114=VERTEX_POINT('',#7305);
#2115=VERTEX_POINT('',#7309);
#2116=VERTEX_POINT('',#7313);
#2117=VERTEX_POINT('',#7317);
#2118=VERTEX_POINT('',#7321);
#2119=VERTEX_POINT('',#7325);
#2120=VERTEX_POINT('',#7329);
#2121=VERTEX_POINT('',#7333);
#2122=VERTEX_POINT('',#7337);
#2123=VERTEX_POINT('',#7341);
#2124=VERTEX_POINT('',#7345);
#2125=VERTEX_POINT('',#7349);
#2126=VERTEX_POINT('',#7353);
#2127=VERTEX_POINT('',#7357);
#2128=VERTEX_POINT('',#7361);
#2129=VERTEX_POINT('',#7365);
#2130=VERTEX_POINT('',#7369);
#2131=VERTEX_POINT('',#7373);
#2132=VERTEX_POINT('',#7377);
#2133=VERTEX_POINT('',#7381);
#2134=VERTEX_POINT('',#7385);
#2135=VERTEX_POINT('',#7389);
#2136=VERTEX_POINT('',#7393);
#2137=VERTEX_POINT('',#7397);
#2138=VERTEX_POINT('',#7401);
#2139=VERTEX_POINT('',#7405);
#2140=VERTEX_POINT('',#7409);
#2141=VERTEX_POINT('',#7413);
#2142=VERTEX_POINT('',#7417);
#2143=VERTEX_POINT('',#7421);
#2144=VERTEX_POINT('',#7425);
#2145=VERTEX_POINT('',#7429);
#2146=VERTEX_POINT('',#7433);
#2147=VERTEX_POINT('',#7437);
#2148=VERTEX_POINT('',#7441);
#2149=VERTEX_POINT('',#7445);
#2150=VERTEX_POINT('',#7449);
#2151=VERTEX_POINT('',#7453);
#2152=VERTEX_POINT('',#7457);
#2153=VERTEX_POINT('',#7461);
#2154=VERTEX_POINT('',#7465);
#2155=VERTEX_POINT('',#7469);
#2156=VERTEX_POINT('',#7473);
#2157=VERTEX_POINT('',#7477);
#2158=VERTEX_POINT('',#7481);
#2159=VERTEX_POINT('',#7485);
#2160=VERTEX_POINT('',#7489);
#2161=VERTEX_POINT('',#7493);
#2162=VERTEX_POINT('',#7497);
#2163=VERTEX_POINT('',#7501);
#2164=VERTEX_POINT('',#7505);
#2165=VERTEX_POINT('',#7509);
#2166=VERTEX_POINT('',#7513);
#2167=VERTEX_POINT('',#7517);
#2168=VERTEX_POINT('',#7521);
#2169=VERTEX_POINT('',#7525);
#2170=VERTEX_POINT('',#7529);
#2171=VERTEX_POINT('',#7533);
#2172=VERTEX_POINT('',#7537);
#2173=VERTEX_POINT('',#7541);
#2174=VERTEX_POINT('',#7545);
#2175=VERTEX_POINT('',#7549);
#2176=VERTEX_POINT('',#7553);
#2177=VERTEX_POINT('',#7557);
#2178=VERTEX_POINT('',#7561);
#2179=VERTEX_POINT('',#7565);
#2180=VERTEX_POINT('',#7569);
#2181=VERTEX_POINT('',#7573);
#2182=VERTEX_POINT('',#7577);
#2183=VERTEX_POINT('',#7581);
#2184=VERTEX_POINT('',#7585);
#2185=VERTEX_POINT('',#7589);
#2186=VERTEX_POINT('',#7593);
#2187=VERTEX_POINT('',#7597);
#2188=VERTEX_POINT('',#7601);
#2189=VERTEX_POINT('',#7605);
#2190=VERTEX_POINT('',#7609);
#2191=VERTEX_POINT('',#7613);
#2192=VERTEX_POINT('',#7617);
#2193=VERTEX_POINT('',#7621);
#2194=VERTEX_POINT('',#7625);
#2195=VERTEX_POINT('',#7629);
#2196=VERTEX_POINT('',#7633);
#2197=VERTEX_POINT('',#7637);
#2198=VERTEX_POINT('',#7641);
#2199=VERTEX_POINT('',#7645);
#2200=VERTEX_POINT('',#7649);
#2201=VERTEX_POINT('',#7653);
#2202=VERTEX_POINT('',#7657);
#2203=VERTEX_POINT('',#7661);
#2204=VERTEX_POINT('',#7665);
#2205=VERTEX_POINT('',#7669);
#2206=VERTEX_POINT('',#7673);
#2207=EDGE_CURVE('',#1861,#1862,#1137,.T.);
#2208=EDGE_CURVE('',#1862,#1863,#1138,.T.);
#2209=EDGE_CURVE('',#1863,#1864,#1139,.T.);
#2210=EDGE_CURVE('',#1864,#1861,#1140,.T.);
#2211=EDGE_CURVE('',#1864,#1865,#1141,.T.);
#2212=EDGE_CURVE('',#1865,#1866,#1142,.T.);
#2213=EDGE_CURVE('',#1866,#1861,#1143,.T.);
#2214=EDGE_CURVE('',#1865,#1867,#1144,.T.);
#2215=EDGE_CURVE('',#1867,#1868,#1145,.T.);
#2216=EDGE_CURVE('',#1868,#1866,#1146,.T.);
#2217=EDGE_CURVE('',#1867,#1869,#1147,.T.);
#2218=EDGE_CURVE('',#1870,#1869,#1148,.T.);
#2219=EDGE_CURVE('',#1871,#1870,#1149,.T.);
#2220=EDGE_CURVE('',#1871,#1872,#1150,.T.);
#2221=EDGE_CURVE('',#1872,#1873,#1151,.T.);
#2222=EDGE_CURVE('',#1873,#1874,#1152,.T.);
#2223=EDGE_CURVE('',#1874,#1875,#1153,.T.);
#2224=EDGE_CURVE('',#1875,#1876,#278,.T.);
#2225=EDGE_CURVE('',#1876,#1877,#1154,.T.);
#2226=EDGE_CURVE('',#1877,#1878,#279,.T.);
#2227=EDGE_CURVE('',#1878,#1879,#1155,.T.);
#2228=EDGE_CURVE('',#1879,#1880,#1156,.T.);
#2229=EDGE_CURVE('',#1880,#1881,#1157,.T.);
#2230=EDGE_CURVE('',#1881,#1882,#1158,.T.);
#2231=EDGE_CURVE('',#1882,#1883,#1159,.T.);
#2232=EDGE_CURVE('',#1883,#1868,#1160,.T.);
#2233=EDGE_CURVE('',#1884,#1884,#280,.T.);
#2234=EDGE_CURVE('',#1885,#1885,#281,.T.);
#2235=EDGE_CURVE('',#1886,#1863,#1161,.T.);
#2236=EDGE_CURVE('',#1887,#1886,#1162,.T.);
#2237=EDGE_CURVE('',#1887,#1888,#1163,.T.);
#2238=EDGE_CURVE('',#1888,#1889,#1164,.T.);
#2239=EDGE_CURVE('',#1889,#1890,#1165,.T.);
#2240=EDGE_CURVE('',#1869,#1890,#1166,.T.);
#2241=EDGE_CURVE('',#1891,#1892,#1167,.T.);
#2242=EDGE_CURVE('',#1892,#1893,#1168,.T.);
#2243=EDGE_CURVE('',#1893,#1894,#1169,.T.);
#2244=EDGE_CURVE('',#1894,#1895,#1170,.T.);
#2245=EDGE_CURVE('',#1895,#1891,#1171,.T.);
#2246=EDGE_CURVE('',#1896,#1891,#1172,.T.);
#2247=EDGE_CURVE('',#1895,#1897,#1173,.T.);
#2248=EDGE_CURVE('',#1897,#1896,#1174,.T.);
#2249=EDGE_CURVE('',#1897,#1871,#1175,.T.);
#2250=EDGE_CURVE('',#1870,#1898,#1176,.T.);
#2251=EDGE_CURVE('',#1898,#1896,#1177,.T.);
#2252=EDGE_CURVE('',#1892,#1887,#1178,.T.);
#2253=EDGE_CURVE('',#1886,#1893,#1179,.T.);
#2254=EDGE_CURVE('',#1888,#1891,#1180,.T.);
#2255=EDGE_CURVE('',#1889,#1896,#1181,.T.);
#2256=EDGE_CURVE('',#1899,#1899,#282,.T.);
#2257=EDGE_CURVE('',#1900,#1900,#283,.T.);
#2258=EDGE_CURVE('',#1901,#1901,#284,.T.);
#2259=EDGE_CURVE('',#1902,#1902,#285,.T.);
#2260=EDGE_CURVE('',#1903,#1903,#286,.T.);
#2261=EDGE_CURVE('',#1904,#1904,#287,.T.);
#2262=EDGE_CURVE('',#1890,#1898,#1182,.T.);
#2263=EDGE_CURVE('',#1862,#1905,#1183,.T.);
#2264=EDGE_CURVE('',#1905,#1906,#1184,.T.);
#2265=EDGE_CURVE('',#1906,#1907,#1185,.T.);
#2266=EDGE_CURVE('',#1907,#1908,#1186,.T.);
#2267=EDGE_CURVE('',#1908,#1909,#1187,.T.);
#2268=EDGE_CURVE('',#1909,#1910,#1188,.T.);
#2269=EDGE_CURVE('',#1910,#1911,#288,.T.);
#2270=EDGE_CURVE('',#1911,#1912,#1189,.T.);
#2271=EDGE_CURVE('',#1912,#1913,#289,.T.);
#2272=EDGE_CURVE('',#1913,#1914,#1190,.T.);
#2273=EDGE_CURVE('',#1914,#1915,#1191,.T.);
#2274=EDGE_CURVE('',#1915,#1916,#1192,.T.);
#2275=EDGE_CURVE('',#1916,#1894,#1193,.T.);
#2276=EDGE_CURVE('',#1917,#1917,#290,.T.);
#2277=EDGE_CURVE('',#1918,#1918,#291,.T.);
#2278=EDGE_CURVE('',#1919,#1919,#292,.T.);
#2279=EDGE_CURVE('',#1919,#1904,#1194,.T.);
#2280=EDGE_CURVE('',#1918,#1903,#1195,.T.);
#2281=EDGE_CURVE('',#1885,#1902,#1196,.T.);
#2282=EDGE_CURVE('',#1920,#1920,#293,.T.);
#2283=EDGE_CURVE('',#1920,#1901,#1197,.T.);
#2284=EDGE_CURVE('',#1917,#1900,#1198,.T.);
#2285=EDGE_CURVE('',#1884,#1899,#1199,.T.);
#2286=EDGE_CURVE('',#1883,#1921,#1200,.T.);
#2287=EDGE_CURVE('',#1866,#1921,#1201,.T.);
#2288=EDGE_CURVE('',#1906,#1882,#294,.T.);
#2289=EDGE_CURVE('',#1922,#1905,#1202,.T.);
#2290=EDGE_CURVE('',#1921,#1922,#1203,.T.);
#2291=EDGE_CURVE('',#1861,#1922,#1204,.T.);
#2292=EDGE_CURVE('',#1915,#1873,#295,.T.);
#2293=EDGE_CURVE('',#1916,#1872,#296,.T.);
#2294=EDGE_CURVE('',#1914,#1874,#297,.T.);
#2295=EDGE_CURVE('',#1913,#1875,#298,.T.);
#2296=EDGE_CURVE('',#1912,#1876,#299,.T.);
#2297=EDGE_CURVE('',#1911,#1877,#300,.T.);
#2298=EDGE_CURVE('',#1910,#1878,#301,.T.);
#2299=EDGE_CURVE('',#1909,#1879,#302,.T.);
#2300=EDGE_CURVE('',#1908,#1880,#303,.T.);
#2301=EDGE_CURVE('',#1907,#1881,#304,.T.);
#2302=EDGE_CURVE('',#1923,#1924,#1205,.T.);
#2303=EDGE_CURVE('',#1924,#1925,#1206,.T.);
#2304=EDGE_CURVE('',#1925,#1926,#1207,.T.);
#2305=EDGE_CURVE('',#1926,#1923,#1208,.T.);
#2306=EDGE_CURVE('',#1927,#1928,#1209,.T.);
#2307=EDGE_CURVE('',#1928,#1929,#1210,.T.);
#2308=EDGE_CURVE('',#1929,#1930,#1211,.T.);
#2309=EDGE_CURVE('',#1930,#1927,#1212,.T.);
#2310=EDGE_CURVE('',#1926,#1927,#1213,.T.);
#2311=EDGE_CURVE('',#1930,#1923,#1214,.T.);
#2312=EDGE_CURVE('',#1929,#1931,#1215,.T.);
#2313=EDGE_CURVE('',#1932,#1931,#1216,.T.);
#2314=EDGE_CURVE('',#1932,#1933,#1217,.T.);
#2315=EDGE_CURVE('',#1933,#1934,#1218,.T.);
#2316=EDGE_CURVE('',#1934,#1935,#1219,.T.);
#2317=EDGE_CURVE('',#1936,#1935,#1220,.T.);
#2318=EDGE_CURVE('',#1936,#1924,#1221,.T.);
#2319=EDGE_CURVE('',#1928,#1937,#1222,.T.);
#2320=EDGE_CURVE('',#1937,#1938,#1223,.T.);
#2321=EDGE_CURVE('',#1939,#1938,#1224,.T.);
#2322=EDGE_CURVE('',#1940,#1939,#1225,.T.);
#2323=EDGE_CURVE('',#1941,#1940,#1226,.T.);
#2324=EDGE_CURVE('',#1942,#1941,#1227,.T.);
#2325=EDGE_CURVE('',#1943,#1942,#305,.T.);
#2326=EDGE_CURVE('',#1944,#1943,#1228,.T.);
#2327=EDGE_CURVE('',#1945,#1944,#306,.T.);
#2328=EDGE_CURVE('',#1946,#1945,#1229,.T.);
#2329=EDGE_CURVE('',#1946,#1947,#1230,.T.);
#2330=EDGE_CURVE('',#1947,#1948,#1231,.T.);
#2331=EDGE_CURVE('',#1949,#1948,#1232,.T.);
#2332=EDGE_CURVE('',#1950,#1949,#1233,.T.);
#2333=EDGE_CURVE('',#1931,#1950,#1234,.T.);
#2334=EDGE_CURVE('',#1951,#1951,#307,.T.);
#2335=EDGE_CURVE('',#1952,#1952,#308,.T.);
#2336=EDGE_CURVE('',#1953,#1954,#1235,.T.);
#2337=EDGE_CURVE('',#1954,#1950,#1236,.T.);
#2338=EDGE_CURVE('',#1949,#1955,#1237,.T.);
#2339=EDGE_CURVE('',#1955,#1953,#1238,.T.);
#2340=EDGE_CURVE('',#1956,#1953,#1239,.T.);
#2341=EDGE_CURVE('',#1955,#1957,#1240,.T.);
#2342=EDGE_CURVE('',#1957,#1956,#1241,.T.);
#2343=EDGE_CURVE('',#1957,#1958,#1242,.T.);
#2344=EDGE_CURVE('',#1958,#1959,#1243,.T.);
#2345=EDGE_CURVE('',#1959,#1960,#1244,.T.);
#2346=EDGE_CURVE('',#1960,#1956,#1245,.T.);
#2347=EDGE_CURVE('',#1954,#1932,#1246,.T.);
#2348=EDGE_CURVE('',#1933,#1953,#1247,.T.);
#2349=EDGE_CURVE('',#1934,#1956,#1248,.T.);
#2350=EDGE_CURVE('',#1961,#1961,#309,.T.);
#2351=EDGE_CURVE('',#1962,#1962,#310,.T.);
#2352=EDGE_CURVE('',#1963,#1963,#311,.T.);
#2353=EDGE_CURVE('',#1964,#1964,#312,.T.);
#2354=EDGE_CURVE('',#1965,#1965,#313,.T.);
#2355=EDGE_CURVE('',#1966,#1966,#314,.T.);
#2356=EDGE_CURVE('',#1935,#1960,#1249,.T.);
#2357=EDGE_CURVE('',#1959,#1936,#1250,.T.);
#2358=EDGE_CURVE('',#1967,#1958,#1251,.T.);
#2359=EDGE_CURVE('',#1967,#1968,#1252,.T.);
#2360=EDGE_CURVE('',#1968,#1969,#1253,.T.);
#2361=EDGE_CURVE('',#1970,#1969,#1254,.T.);
#2362=EDGE_CURVE('',#1971,#1970,#315,.T.);
#2363=EDGE_CURVE('',#1972,#1971,#1255,.T.);
#2364=EDGE_CURVE('',#1973,#1972,#316,.T.);
#2365=EDGE_CURVE('',#1974,#1973,#1256,.T.);
#2366=EDGE_CURVE('',#1975,#1974,#1257,.T.);
#2367=EDGE_CURVE('',#1976,#1975,#1258,.T.);
#2368=EDGE_CURVE('',#1977,#1976,#1259,.T.);
#2369=EDGE_CURVE('',#1977,#1978,#1260,.T.);
#2370=EDGE_CURVE('',#1978,#1925,#1261,.T.);
#2371=EDGE_CURVE('',#1979,#1979,#317,.T.);
#2372=EDGE_CURVE('',#1980,#1980,#318,.T.);
#2373=EDGE_CURVE('',#1966,#1981,#1262,.T.);
#2374=EDGE_CURVE('',#1981,#1981,#319,.T.);
#2375=EDGE_CURVE('',#1965,#1980,#1263,.T.);
#2376=EDGE_CURVE('',#1964,#1951,#1264,.T.);
#2377=EDGE_CURVE('',#1963,#1982,#1265,.T.);
#2378=EDGE_CURVE('',#1982,#1982,#320,.T.);
#2379=EDGE_CURVE('',#1962,#1979,#1266,.T.);
#2380=EDGE_CURVE('',#1961,#1952,#1267,.T.);
#2381=EDGE_CURVE('',#1927,#1983,#1268,.T.);
#2382=EDGE_CURVE('',#1983,#1937,#1269,.T.);
#2383=EDGE_CURVE('',#1984,#1983,#1270,.T.);
#2384=EDGE_CURVE('',#1978,#1984,#1271,.T.);
#2385=EDGE_CURVE('',#1938,#1977,#321,.T.);
#2386=EDGE_CURVE('',#1926,#1984,#1272,.T.);
#2387=EDGE_CURVE('',#1939,#1976,#322,.T.);
#2388=EDGE_CURVE('',#1947,#1968,#323,.T.);
#2389=EDGE_CURVE('',#1948,#1967,#324,.T.);
#2390=EDGE_CURVE('',#1946,#1969,#325,.T.);
#2391=EDGE_CURVE('',#1945,#1970,#326,.T.);
#2392=EDGE_CURVE('',#1944,#1971,#327,.T.);
#2393=EDGE_CURVE('',#1943,#1972,#328,.T.);
#2394=EDGE_CURVE('',#1942,#1973,#329,.T.);
#2395=EDGE_CURVE('',#1941,#1974,#330,.T.);
#2396=EDGE_CURVE('',#1940,#1975,#331,.T.);
#2397=EDGE_CURVE('',#1985,#1986,#1273,.T.);
#2398=EDGE_CURVE('',#1986,#1987,#1274,.T.);
#2399=EDGE_CURVE('',#1987,#1988,#1275,.T.);
#2400=EDGE_CURVE('',#1988,#1985,#1276,.T.);
#2401=EDGE_CURVE('',#1989,#1990,#1277,.T.);
#2402=EDGE_CURVE('',#1991,#1989,#1278,.T.);
#2403=EDGE_CURVE('',#1992,#1991,#1279,.T.);
#2404=EDGE_CURVE('',#1990,#1992,#1280,.T.);
#2405=EDGE_CURVE('',#1993,#1993,#332,.T.);
#2406=EDGE_CURVE('',#1989,#1986,#1281,.T.);
#2407=EDGE_CURVE('',#1991,#1985,#1282,.T.);
#2408=EDGE_CURVE('',#1992,#1988,#1283,.T.);
#2409=EDGE_CURVE('',#1990,#1987,#1284,.T.);
#2410=EDGE_CURVE('',#1994,#1994,#333,.T.);
#2411=EDGE_CURVE('',#1994,#1995,#1285,.T.);
#2412=EDGE_CURVE('',#1995,#1995,#334,.T.);
#2413=EDGE_CURVE('',#1994,#1996,#1286,.T.);
#2414=EDGE_CURVE('',#1996,#1996,#335,.T.);
#2415=EDGE_CURVE('',#1996,#1997,#1287,.T.);
#2416=EDGE_CURVE('',#1997,#1997,#336,.T.);
#2417=EDGE_CURVE('',#1998,#1998,#337,.F.);
#2418=EDGE_CURVE('',#1998,#1993,#1288,.T.);
#2419=EDGE_CURVE('',#1999,#1999,#338,.F.);
#2420=EDGE_CURVE('',#1999,#1998,#1289,.T.);
#2421=EDGE_CURVE('',#2000,#2000,#339,.T.);
#2422=EDGE_CURVE('',#2000,#2001,#340,.T.);
#2423=EDGE_CURVE('',#2002,#2001,#341,.T.);
#2424=EDGE_CURVE('',#2001,#2002,#342,.T.);
#2425=EDGE_CURVE('',#2003,#2003,#343,.T.);
#2426=EDGE_CURVE('',#2003,#2002,#1290,.T.);
#2427=EDGE_CURVE('',#2004,#2004,#344,.T.);
#2428=EDGE_CURVE('',#2004,#2003,#1291,.T.);
#2429=EDGE_CURVE('',#2005,#2005,#345,.T.);
#2430=EDGE_CURVE('',#2005,#2004,#1292,.T.);
#2431=EDGE_CURVE('',#2006,#2006,#346,.T.);
#2432=EDGE_CURVE('',#2006,#2005,#1293,.T.);
#2433=EDGE_CURVE('',#2007,#2007,#347,.T.);
#2434=EDGE_CURVE('',#2007,#2006,#1294,.T.);
#2435=EDGE_CURVE('',#2008,#2008,#348,.T.);
#2436=EDGE_CURVE('',#2008,#2007,#1295,.T.);
#2437=EDGE_CURVE('',#2009,#2009,#349,.T.);
#2438=EDGE_CURVE('',#2009,#2008,#1296,.T.);
#2439=EDGE_CURVE('',#2010,#2010,#350,.T.);
#2440=EDGE_CURVE('',#2010,#2009,#1297,.T.);
#2441=EDGE_CURVE('',#2011,#2011,#351,.T.);
#2442=EDGE_CURVE('',#2011,#2010,#1298,.T.);
#2443=EDGE_CURVE('',#2012,#2012,#352,.T.);
#2444=EDGE_CURVE('',#2012,#2011,#1299,.T.);
#2445=EDGE_CURVE('',#2013,#2013,#353,.T.);
#2446=EDGE_CURVE('',#2013,#2012,#1300,.T.);
#2447=EDGE_CURVE('',#2014,#2014,#354,.T.);
#2448=EDGE_CURVE('',#2014,#2013,#1301,.T.);
#2449=EDGE_CURVE('',#2015,#2015,#355,.T.);
#2450=EDGE_CURVE('',#2015,#2014,#1302,.T.);
#2451=EDGE_CURVE('',#2016,#2016,#356,.T.);
#2452=EDGE_CURVE('',#2016,#2015,#1303,.T.);
#2453=EDGE_CURVE('',#2017,#2017,#357,.T.);
#2454=EDGE_CURVE('',#2017,#2016,#1304,.T.);
#2455=EDGE_CURVE('',#2018,#2018,#358,.T.);
#2456=EDGE_CURVE('',#2018,#2017,#1305,.T.);
#2457=EDGE_CURVE('',#2019,#2019,#359,.T.);
#2458=EDGE_CURVE('',#2019,#2018,#1306,.T.);
#2459=EDGE_CURVE('',#2020,#2020,#360,.T.);
#2460=EDGE_CURVE('',#2020,#2019,#1307,.T.);
#2461=EDGE_CURVE('',#2021,#2021,#361,.T.);
#2462=EDGE_CURVE('',#2021,#2020,#1308,.T.);
#2463=EDGE_CURVE('',#2022,#2022,#362,.T.);
#2464=EDGE_CURVE('',#2022,#2021,#1309,.T.);
#2465=EDGE_CURVE('',#2023,#2023,#363,.T.);
#2466=EDGE_CURVE('',#2023,#2022,#1310,.T.);
#2467=EDGE_CURVE('',#2024,#2024,#364,.T.);
#2468=EDGE_CURVE('',#2024,#2023,#1311,.T.);
#2469=EDGE_CURVE('',#2025,#2025,#365,.T.);
#2470=EDGE_CURVE('',#2025,#2024,#1312,.T.);
#2471=EDGE_CURVE('',#2026,#2026,#366,.T.);
#2472=EDGE_CURVE('',#2026,#2025,#1313,.T.);
#2473=EDGE_CURVE('',#2027,#2027,#367,.T.);
#2474=EDGE_CURVE('',#2027,#2026,#1314,.T.);
#2475=EDGE_CURVE('',#2028,#2028,#368,.T.);
#2476=EDGE_CURVE('',#2028,#2027,#1315,.T.);
#2477=EDGE_CURVE('',#2029,#2029,#369,.T.);
#2478=EDGE_CURVE('',#2029,#2028,#1316,.T.);
#2479=EDGE_CURVE('',#2030,#2030,#370,.T.);
#2480=EDGE_CURVE('',#2030,#2029,#1317,.T.);
#2481=EDGE_CURVE('',#2031,#2031,#371,.T.);
#2482=EDGE_CURVE('',#2031,#2030,#1318,.T.);
#2483=EDGE_CURVE('',#2032,#2032,#372,.T.);
#2484=EDGE_CURVE('',#2032,#2031,#1319,.T.);
#2485=EDGE_CURVE('',#2033,#2033,#373,.T.);
#2486=EDGE_CURVE('',#2033,#2032,#1320,.T.);
#2487=EDGE_CURVE('',#2034,#2034,#374,.T.);
#2488=EDGE_CURVE('',#2034,#2033,#1321,.T.);
#2489=EDGE_CURVE('',#2035,#2035,#375,.T.);
#2490=EDGE_CURVE('',#2035,#2034,#1322,.T.);
#2491=EDGE_CURVE('',#2036,#2036,#376,.T.);
#2492=EDGE_CURVE('',#2036,#2035,#1323,.T.);
#2493=EDGE_CURVE('',#2037,#2037,#377,.T.);
#2494=EDGE_CURVE('',#2037,#2036,#1324,.T.);
#2495=EDGE_CURVE('',#2038,#2038,#378,.T.);
#2496=EDGE_CURVE('',#2038,#2037,#1325,.T.);
#2497=EDGE_CURVE('',#2039,#2039,#379,.T.);
#2498=EDGE_CURVE('',#2039,#2038,#1326,.T.);
#2499=EDGE_CURVE('',#2040,#2040,#380,.T.);
#2500=EDGE_CURVE('',#2040,#2039,#1327,.T.);
#2501=EDGE_CURVE('',#2041,#2041,#381,.T.);
#2502=EDGE_CURVE('',#2041,#2040,#1328,.T.);
#2503=EDGE_CURVE('',#2042,#2042,#382,.T.);
#2504=EDGE_CURVE('',#2042,#2041,#1329,.T.);
#2505=EDGE_CURVE('',#2043,#2043,#383,.T.);
#2506=EDGE_CURVE('',#2043,#2042,#1330,.T.);
#2507=EDGE_CURVE('',#2044,#2044,#384,.T.);
#2508=EDGE_CURVE('',#2044,#2043,#1331,.T.);
#2509=EDGE_CURVE('',#2045,#2045,#385,.T.);
#2510=EDGE_CURVE('',#2045,#2044,#1332,.T.);
#2511=EDGE_CURVE('',#2046,#2046,#386,.T.);
#2512=EDGE_CURVE('',#2046,#2045,#1333,.T.);
#2513=EDGE_CURVE('',#2047,#2047,#387,.T.);
#2514=EDGE_CURVE('',#2047,#2046,#1334,.T.);
#2515=EDGE_CURVE('',#2048,#2048,#388,.T.);
#2516=EDGE_CURVE('',#2048,#2047,#1335,.T.);
#2517=EDGE_CURVE('',#2049,#2049,#389,.T.);
#2518=EDGE_CURVE('',#2049,#2048,#1336,.T.);
#2519=EDGE_CURVE('',#2050,#2050,#390,.T.);
#2520=EDGE_CURVE('',#2050,#2049,#1337,.T.);
#2521=EDGE_CURVE('',#1995,#2050,#1338,.T.);
#2522=EDGE_CURVE('',#2051,#2052,#1339,.T.);
#2523=EDGE_CURVE('',#2052,#2053,#1340,.T.);
#2524=EDGE_CURVE('',#2053,#2054,#1341,.T.);
#2525=EDGE_CURVE('',#2054,#2051,#1342,.T.);
#2526=EDGE_CURVE('',#2055,#2053,#1343,.T.);
#2527=EDGE_CURVE('',#2052,#2056,#1344,.T.);
#2528=EDGE_CURVE('',#2056,#2055,#1345,.T.);
#2529=EDGE_CURVE('',#2057,#2055,#1346,.T.);
#2530=EDGE_CURVE('',#2056,#2058,#1347,.T.);
#2531=EDGE_CURVE('',#2057,#2058,#1348,.T.);
#2532=EDGE_CURVE('',#2058,#2051,#1349,.T.);
#2533=EDGE_CURVE('',#2054,#2057,#1350,.T.);
#2534=EDGE_CURVE('',#2054,#2059,#1351,.F.);
#2535=EDGE_CURVE('',#2060,#2059,#1352,.F.);
#2536=EDGE_CURVE('',#2057,#2060,#1353,.F.);
#2537=EDGE_CURVE('',#2053,#2061,#1354,.F.);
#2538=EDGE_CURVE('',#2059,#2061,#1355,.F.);
#2539=EDGE_CURVE('',#2062,#2062,#391,.F.);
#2540=EDGE_CURVE('',#2063,#2063,#392,.F.);
#2541=EDGE_CURVE('',#2064,#2060,#1356,.F.);
#2542=EDGE_CURVE('',#2055,#2064,#1357,.T.);
#2543=EDGE_CURVE('',#2065,#2065,#393,.F.);
#2544=EDGE_CURVE('',#2066,#2066,#394,.F.);
#2545=EDGE_CURVE('',#2061,#2064,#1358,.F.);
#2546=EDGE_CURVE('',#2066,#2062,#1359,.T.);
#2547=EDGE_CURVE('',#2065,#2063,#1360,.T.);
#2548=EDGE_CURVE('',#2067,#2067,#395,.T.);
#2549=EDGE_CURVE('',#2068,#2068,#396,.T.);
#2550=EDGE_CURVE('',#2069,#2069,#397,.T.);
#2551=EDGE_CURVE('',#2069,#2068,#1361,.T.);
#2552=EDGE_CURVE('',#2070,#2070,#398,.T.);
#2553=EDGE_CURVE('',#2070,#2069,#1362,.T.);
#2554=EDGE_CURVE('',#2071,#2071,#399,.T.);
#2555=EDGE_CURVE('',#2072,#2072,#400,.T.);
#2556=EDGE_CURVE('',#2072,#2071,#1363,.T.);
#2557=EDGE_CURVE('',#2073,#2073,#401,.T.);
#2558=EDGE_CURVE('',#2073,#2072,#1364,.T.);
#2559=EDGE_CURVE('',#2074,#2074,#402,.T.);
#2560=EDGE_CURVE('',#2074,#2073,#1365,.T.);
#2561=EDGE_CURVE('',#2075,#2075,#403,.T.);
#2562=EDGE_CURVE('',#2075,#2074,#1366,.T.);
#2563=EDGE_CURVE('',#2076,#2076,#404,.T.);
#2564=EDGE_CURVE('',#2076,#2075,#1367,.T.);
#2565=EDGE_CURVE('',#2077,#2077,#405,.T.);
#2566=EDGE_CURVE('',#2077,#2076,#1368,.T.);
#2567=EDGE_CURVE('',#2078,#2078,#406,.T.);
#2568=EDGE_CURVE('',#2078,#2077,#1369,.T.);
#2569=EDGE_CURVE('',#2079,#2079,#407,.T.);
#2570=EDGE_CURVE('',#2079,#2078,#1370,.T.);
#2571=EDGE_CURVE('',#2080,#2080,#408,.T.);
#2572=EDGE_CURVE('',#2080,#2079,#1371,.T.);
#2573=EDGE_CURVE('',#2081,#2081,#409,.T.);
#2574=EDGE_CURVE('',#2081,#2080,#1372,.T.);
#2575=EDGE_CURVE('',#2082,#2082,#410,.T.);
#2576=EDGE_CURVE('',#2082,#2081,#1373,.T.);
#2577=EDGE_CURVE('',#2083,#2083,#411,.T.);
#2578=EDGE_CURVE('',#2083,#2082,#1374,.T.);
#2579=EDGE_CURVE('',#2084,#2084,#412,.T.);
#2580=EDGE_CURVE('',#2084,#2083,#1375,.T.);
#2581=EDGE_CURVE('',#2085,#2085,#413,.T.);
#2582=EDGE_CURVE('',#2085,#2084,#1376,.T.);
#2583=EDGE_CURVE('',#2086,#2086,#414,.T.);
#2584=EDGE_CURVE('',#2086,#2085,#1377,.T.);
#2585=EDGE_CURVE('',#2087,#2087,#415,.T.);
#2586=EDGE_CURVE('',#2087,#2086,#1378,.T.);
#2587=EDGE_CURVE('',#2088,#2088,#416,.T.);
#2588=EDGE_CURVE('',#2088,#2087,#1379,.T.);
#2589=EDGE_CURVE('',#2089,#2089,#417,.T.);
#2590=EDGE_CURVE('',#2089,#2088,#1380,.T.);
#2591=EDGE_CURVE('',#2090,#2090,#418,.T.);
#2592=EDGE_CURVE('',#2090,#2089,#1381,.T.);
#2593=EDGE_CURVE('',#2091,#2091,#419,.T.);
#2594=EDGE_CURVE('',#2091,#2090,#1382,.T.);
#2595=EDGE_CURVE('',#2092,#2092,#420,.T.);
#2596=EDGE_CURVE('',#2092,#2091,#1383,.T.);
#2597=EDGE_CURVE('',#2093,#2093,#421,.T.);
#2598=EDGE_CURVE('',#2093,#2092,#1384,.T.);
#2599=EDGE_CURVE('',#2094,#2094,#422,.T.);
#2600=EDGE_CURVE('',#2094,#2093,#1385,.T.);
#2601=EDGE_CURVE('',#2095,#2095,#423,.T.);
#2602=EDGE_CURVE('',#2095,#2094,#1386,.T.);
#2603=EDGE_CURVE('',#2096,#2096,#424,.T.);
#2604=EDGE_CURVE('',#2096,#2095,#1387,.T.);
#2605=EDGE_CURVE('',#2097,#2097,#425,.T.);
#2606=EDGE_CURVE('',#2097,#2096,#1388,.T.);
#2607=EDGE_CURVE('',#2098,#2098,#426,.T.);
#2608=EDGE_CURVE('',#2098,#2097,#1389,.T.);
#2609=EDGE_CURVE('',#2099,#2099,#427,.T.);
#2610=EDGE_CURVE('',#2099,#2098,#1390,.T.);
#2611=EDGE_CURVE('',#2100,#2100,#428,.T.);
#2612=EDGE_CURVE('',#2100,#2099,#1391,.T.);
#2613=EDGE_CURVE('',#2101,#2101,#429,.T.);
#2614=EDGE_CURVE('',#2101,#2100,#1392,.T.);
#2615=EDGE_CURVE('',#2102,#2102,#430,.T.);
#2616=EDGE_CURVE('',#2102,#2101,#1393,.T.);
#2617=EDGE_CURVE('',#2103,#2103,#431,.T.);
#2618=EDGE_CURVE('',#2103,#2102,#1394,.T.);
#2619=EDGE_CURVE('',#2104,#2104,#432,.T.);
#2620=EDGE_CURVE('',#2104,#2103,#1395,.T.);
#2621=EDGE_CURVE('',#2105,#2105,#433,.T.);
#2622=EDGE_CURVE('',#2105,#2104,#1396,.T.);
#2623=EDGE_CURVE('',#2106,#2106,#434,.T.);
#2624=EDGE_CURVE('',#2106,#2105,#1397,.T.);
#2625=EDGE_CURVE('',#2107,#2107,#435,.T.);
#2626=EDGE_CURVE('',#2107,#2106,#1398,.T.);
#2627=EDGE_CURVE('',#2108,#2108,#436,.T.);
#2628=EDGE_CURVE('',#2108,#2107,#1399,.T.);
#2629=EDGE_CURVE('',#2109,#2109,#437,.T.);
#2630=EDGE_CURVE('',#2109,#2108,#1400,.T.);
#2631=EDGE_CURVE('',#2110,#2110,#438,.T.);
#2632=EDGE_CURVE('',#2110,#2109,#1401,.T.);
#2633=EDGE_CURVE('',#2111,#2111,#439,.T.);
#2634=EDGE_CURVE('',#2111,#2110,#1402,.T.);
#2635=EDGE_CURVE('',#2112,#2112,#440,.T.);
#2636=EDGE_CURVE('',#2112,#2111,#1403,.T.);
#2637=EDGE_CURVE('',#2113,#2113,#441,.T.);
#2638=EDGE_CURVE('',#2113,#2112,#1404,.T.);
#2639=EDGE_CURVE('',#2114,#2114,#442,.T.);
#2640=EDGE_CURVE('',#2114,#2113,#1405,.T.);
#2641=EDGE_CURVE('',#2115,#2115,#443,.T.);
#2642=EDGE_CURVE('',#2115,#2114,#1406,.T.);
#2643=EDGE_CURVE('',#2116,#2116,#444,.T.);
#2644=EDGE_CURVE('',#2116,#2115,#1407,.T.);
#2645=EDGE_CURVE('',#2117,#2117,#445,.T.);
#2646=EDGE_CURVE('',#2117,#2116,#1408,.T.);
#2647=EDGE_CURVE('',#2118,#2118,#446,.T.);
#2648=EDGE_CURVE('',#2118,#2117,#1409,.T.);
#2649=EDGE_CURVE('',#2119,#2119,#447,.T.);
#2650=EDGE_CURVE('',#2119,#2118,#1410,.T.);
#2651=EDGE_CURVE('',#2120,#2120,#448,.T.);
#2652=EDGE_CURVE('',#2120,#2119,#1411,.T.);
#2653=EDGE_CURVE('',#2121,#2121,#449,.T.);
#2654=EDGE_CURVE('',#2121,#2120,#1412,.T.);
#2655=EDGE_CURVE('',#2122,#2122,#450,.T.);
#2656=EDGE_CURVE('',#2122,#2121,#1413,.T.);
#2657=EDGE_CURVE('',#2123,#2123,#451,.T.);
#2658=EDGE_CURVE('',#2123,#2122,#1414,.T.);
#2659=EDGE_CURVE('',#2124,#2124,#452,.T.);
#2660=EDGE_CURVE('',#2124,#2123,#1415,.T.);
#2661=EDGE_CURVE('',#2125,#2125,#453,.T.);
#2662=EDGE_CURVE('',#2125,#2124,#1416,.T.);
#2663=EDGE_CURVE('',#2126,#2126,#454,.T.);
#2664=EDGE_CURVE('',#2126,#2125,#1417,.T.);
#2665=EDGE_CURVE('',#2127,#2127,#455,.T.);
#2666=EDGE_CURVE('',#2127,#2126,#1418,.T.);
#2667=EDGE_CURVE('',#2128,#2128,#456,.T.);
#2668=EDGE_CURVE('',#2128,#2127,#1419,.T.);
#2669=EDGE_CURVE('',#2129,#2129,#457,.T.);
#2670=EDGE_CURVE('',#2129,#2128,#1420,.T.);
#2671=EDGE_CURVE('',#2130,#2130,#458,.T.);
#2672=EDGE_CURVE('',#2130,#2129,#1421,.T.);
#2673=EDGE_CURVE('',#2131,#2131,#459,.T.);
#2674=EDGE_CURVE('',#2131,#2130,#1422,.T.);
#2675=EDGE_CURVE('',#2132,#2132,#460,.T.);
#2676=EDGE_CURVE('',#2132,#2131,#1423,.T.);
#2677=EDGE_CURVE('',#2133,#2133,#461,.T.);
#2678=EDGE_CURVE('',#2133,#2132,#1424,.T.);
#2679=EDGE_CURVE('',#2134,#2134,#462,.T.);
#2680=EDGE_CURVE('',#2134,#2133,#1425,.T.);
#2681=EDGE_CURVE('',#2135,#2135,#463,.T.);
#2682=EDGE_CURVE('',#2135,#2134,#1426,.T.);
#2683=EDGE_CURVE('',#2136,#2136,#464,.T.);
#2684=EDGE_CURVE('',#2136,#2135,#1427,.T.);
#2685=EDGE_CURVE('',#2137,#2137,#465,.T.);
#2686=EDGE_CURVE('',#2137,#2136,#1428,.T.);
#2687=EDGE_CURVE('',#2138,#2138,#466,.T.);
#2688=EDGE_CURVE('',#2138,#2137,#1429,.T.);
#2689=EDGE_CURVE('',#2139,#2139,#467,.T.);
#2690=EDGE_CURVE('',#2139,#2138,#1430,.T.);
#2691=EDGE_CURVE('',#2140,#2140,#468,.T.);
#2692=EDGE_CURVE('',#2140,#2139,#1431,.T.);
#2693=EDGE_CURVE('',#2141,#2141,#469,.T.);
#2694=EDGE_CURVE('',#2141,#2140,#1432,.T.);
#2695=EDGE_CURVE('',#2142,#2142,#470,.T.);
#2696=EDGE_CURVE('',#2142,#2141,#1433,.T.);
#2697=EDGE_CURVE('',#2143,#2143,#471,.T.);
#2698=EDGE_CURVE('',#2143,#2142,#1434,.T.);
#2699=EDGE_CURVE('',#2144,#2144,#472,.T.);
#2700=EDGE_CURVE('',#2144,#2143,#1435,.T.);
#2701=EDGE_CURVE('',#2145,#2145,#473,.T.);
#2702=EDGE_CURVE('',#2145,#2144,#1436,.T.);
#2703=EDGE_CURVE('',#2146,#2146,#474,.T.);
#2704=EDGE_CURVE('',#2146,#2145,#1437,.T.);
#2705=EDGE_CURVE('',#2147,#2147,#475,.T.);
#2706=EDGE_CURVE('',#2147,#2146,#1438,.T.);
#2707=EDGE_CURVE('',#2148,#2148,#476,.T.);
#2708=EDGE_CURVE('',#2148,#2147,#1439,.T.);
#2709=EDGE_CURVE('',#2149,#2149,#477,.T.);
#2710=EDGE_CURVE('',#2149,#2148,#1440,.T.);
#2711=EDGE_CURVE('',#2150,#2150,#478,.T.);
#2712=EDGE_CURVE('',#2150,#2149,#1441,.T.);
#2713=EDGE_CURVE('',#2151,#2151,#479,.T.);
#2714=EDGE_CURVE('',#2151,#2150,#1442,.T.);
#2715=EDGE_CURVE('',#2152,#2152,#480,.T.);
#2716=EDGE_CURVE('',#2152,#2151,#1443,.T.);
#2717=EDGE_CURVE('',#2153,#2153,#481,.T.);
#2718=EDGE_CURVE('',#2153,#2152,#1444,.T.);
#2719=EDGE_CURVE('',#2154,#2154,#482,.T.);
#2720=EDGE_CURVE('',#2154,#2153,#1445,.T.);
#2721=EDGE_CURVE('',#2155,#2155,#483,.T.);
#2722=EDGE_CURVE('',#2155,#2154,#1446,.T.);
#2723=EDGE_CURVE('',#2156,#2156,#484,.T.);
#2724=EDGE_CURVE('',#2156,#2155,#1447,.T.);
#2725=EDGE_CURVE('',#2157,#2157,#485,.T.);
#2726=EDGE_CURVE('',#2157,#2156,#1448,.T.);
#2727=EDGE_CURVE('',#2158,#2158,#486,.T.);
#2728=EDGE_CURVE('',#2158,#2157,#1449,.T.);
#2729=EDGE_CURVE('',#2159,#2159,#487,.T.);
#2730=EDGE_CURVE('',#2159,#2158,#1450,.T.);
#2731=EDGE_CURVE('',#2160,#2160,#488,.T.);
#2732=EDGE_CURVE('',#2160,#2159,#1451,.T.);
#2733=EDGE_CURVE('',#2161,#2161,#489,.T.);
#2734=EDGE_CURVE('',#2161,#2160,#1452,.T.);
#2735=EDGE_CURVE('',#2162,#2162,#490,.T.);
#2736=EDGE_CURVE('',#2162,#2161,#1453,.T.);
#2737=EDGE_CURVE('',#2163,#2163,#491,.T.);
#2738=EDGE_CURVE('',#2163,#2162,#1454,.T.);
#2739=EDGE_CURVE('',#2164,#2164,#492,.T.);
#2740=EDGE_CURVE('',#2164,#2163,#1455,.T.);
#2741=EDGE_CURVE('',#2165,#2165,#493,.T.);
#2742=EDGE_CURVE('',#2165,#2164,#1456,.T.);
#2743=EDGE_CURVE('',#2166,#2166,#494,.T.);
#2744=EDGE_CURVE('',#2166,#2165,#1457,.T.);
#2745=EDGE_CURVE('',#2167,#2167,#495,.T.);
#2746=EDGE_CURVE('',#2167,#2166,#1458,.T.);
#2747=EDGE_CURVE('',#2168,#2168,#496,.T.);
#2748=EDGE_CURVE('',#2168,#2167,#1459,.T.);
#2749=EDGE_CURVE('',#2169,#2169,#497,.T.);
#2750=EDGE_CURVE('',#2169,#2168,#1460,.T.);
#2751=EDGE_CURVE('',#2170,#2170,#498,.T.);
#2752=EDGE_CURVE('',#2170,#2169,#1461,.T.);
#2753=EDGE_CURVE('',#2171,#2171,#499,.T.);
#2754=EDGE_CURVE('',#2171,#2170,#1462,.T.);
#2755=EDGE_CURVE('',#2172,#2172,#500,.T.);
#2756=EDGE_CURVE('',#2172,#2171,#1463,.T.);
#2757=EDGE_CURVE('',#2173,#2173,#501,.T.);
#2758=EDGE_CURVE('',#2173,#2172,#1464,.T.);
#2759=EDGE_CURVE('',#2174,#2174,#502,.T.);
#2760=EDGE_CURVE('',#2174,#2173,#1465,.T.);
#2761=EDGE_CURVE('',#2175,#2175,#503,.T.);
#2762=EDGE_CURVE('',#2175,#2174,#1466,.T.);
#2763=EDGE_CURVE('',#2176,#2176,#504,.T.);
#2764=EDGE_CURVE('',#2176,#2175,#1467,.T.);
#2765=EDGE_CURVE('',#2177,#2177,#505,.T.);
#2766=EDGE_CURVE('',#2177,#2176,#1468,.T.);
#2767=EDGE_CURVE('',#2178,#2178,#506,.T.);
#2768=EDGE_CURVE('',#2178,#2177,#1469,.T.);
#2769=EDGE_CURVE('',#2179,#2179,#507,.T.);
#2770=EDGE_CURVE('',#2179,#2178,#1470,.T.);
#2771=EDGE_CURVE('',#2180,#2180,#508,.T.);
#2772=EDGE_CURVE('',#2180,#2179,#1471,.T.);
#2773=EDGE_CURVE('',#2181,#2181,#509,.T.);
#2774=EDGE_CURVE('',#2181,#2180,#1472,.T.);
#2775=EDGE_CURVE('',#2182,#2182,#510,.T.);
#2776=EDGE_CURVE('',#2182,#2181,#1473,.T.);
#2777=EDGE_CURVE('',#2183,#2183,#511,.T.);
#2778=EDGE_CURVE('',#2183,#2182,#1474,.T.);
#2779=EDGE_CURVE('',#2184,#2184,#512,.T.);
#2780=EDGE_CURVE('',#2184,#2183,#1475,.T.);
#2781=EDGE_CURVE('',#2185,#2185,#513,.T.);
#2782=EDGE_CURVE('',#2185,#2184,#1476,.T.);
#2783=EDGE_CURVE('',#2186,#2186,#514,.T.);
#2784=EDGE_CURVE('',#2186,#2185,#1477,.T.);
#2785=EDGE_CURVE('',#2187,#2187,#515,.T.);
#2786=EDGE_CURVE('',#2187,#2186,#1478,.T.);
#2787=EDGE_CURVE('',#2188,#2188,#516,.T.);
#2788=EDGE_CURVE('',#2188,#2187,#1479,.T.);
#2789=EDGE_CURVE('',#2189,#2189,#517,.T.);
#2790=EDGE_CURVE('',#2189,#2188,#1480,.T.);
#2791=EDGE_CURVE('',#2190,#2190,#518,.T.);
#2792=EDGE_CURVE('',#2190,#2189,#1481,.T.);
#2793=EDGE_CURVE('',#2191,#2191,#519,.T.);
#2794=EDGE_CURVE('',#2191,#2190,#1482,.T.);
#2795=EDGE_CURVE('',#2192,#2192,#520,.T.);
#2796=EDGE_CURVE('',#2192,#2191,#1483,.T.);
#2797=EDGE_CURVE('',#2193,#2193,#521,.T.);
#2798=EDGE_CURVE('',#2193,#2192,#1484,.T.);
#2799=EDGE_CURVE('',#2194,#2194,#522,.T.);
#2800=EDGE_CURVE('',#2194,#2193,#1485,.T.);
#2801=EDGE_CURVE('',#2195,#2195,#523,.T.);
#2802=EDGE_CURVE('',#2195,#2194,#1486,.T.);
#2803=EDGE_CURVE('',#2196,#2196,#524,.T.);
#2804=EDGE_CURVE('',#2196,#2195,#1487,.T.);
#2805=EDGE_CURVE('',#2197,#2197,#525,.T.);
#2806=EDGE_CURVE('',#2197,#2196,#1488,.T.);
#2807=EDGE_CURVE('',#2198,#2198,#526,.T.);
#2808=EDGE_CURVE('',#2198,#2197,#1489,.T.);
#2809=EDGE_CURVE('',#2199,#2199,#527,.T.);
#2810=EDGE_CURVE('',#2199,#2198,#1490,.T.);
#2811=EDGE_CURVE('',#2200,#2200,#528,.T.);
#2812=EDGE_CURVE('',#2200,#2199,#1491,.T.);
#2813=EDGE_CURVE('',#2201,#2201,#529,.T.);
#2814=EDGE_CURVE('',#2201,#2200,#1492,.T.);
#2815=EDGE_CURVE('',#2202,#2202,#530,.T.);
#2816=EDGE_CURVE('',#2202,#2201,#1493,.T.);
#2817=EDGE_CURVE('',#2203,#2203,#531,.T.);
#2818=EDGE_CURVE('',#2203,#2202,#1494,.T.);
#2819=EDGE_CURVE('',#2204,#2204,#532,.T.);
#2820=EDGE_CURVE('',#2204,#2203,#1495,.T.);
#2821=EDGE_CURVE('',#2205,#2205,#533,.T.);
#2822=EDGE_CURVE('',#2205,#2204,#1496,.T.);
#2823=EDGE_CURVE('',#2206,#2206,#534,.T.);
#2824=EDGE_CURVE('',#2206,#2205,#1497,.T.);
#2825=EDGE_CURVE('',#2067,#2206,#1498,.T.);
#2826=ORIENTED_EDGE('',*,*,#2207,.T.);
#2827=ORIENTED_EDGE('',*,*,#2208,.T.);
#2828=ORIENTED_EDGE('',*,*,#2209,.T.);
#2829=ORIENTED_EDGE('',*,*,#2210,.T.);
#2830=ORIENTED_EDGE('',*,*,#2211,.T.);
#2831=ORIENTED_EDGE('',*,*,#2212,.T.);
#2832=ORIENTED_EDGE('',*,*,#2213,.T.);
#2833=ORIENTED_EDGE('',*,*,#2210,.F.);
#2834=ORIENTED_EDGE('',*,*,#2214,.T.);
#2835=ORIENTED_EDGE('',*,*,#2215,.T.);
#2836=ORIENTED_EDGE('',*,*,#2216,.T.);
#2837=ORIENTED_EDGE('',*,*,#2212,.F.);
#2838=ORIENTED_EDGE('',*,*,#2215,.F.);
#2839=ORIENTED_EDGE('',*,*,#2217,.T.);
#2840=ORIENTED_EDGE('',*,*,#2218,.F.);
#2841=ORIENTED_EDGE('',*,*,#2219,.F.);
#2842=ORIENTED_EDGE('',*,*,#2220,.T.);
#2843=ORIENTED_EDGE('',*,*,#2221,.T.);
#2844=ORIENTED_EDGE('',*,*,#2222,.T.);
#2845=ORIENTED_EDGE('',*,*,#2223,.T.);
#2846=ORIENTED_EDGE('',*,*,#2224,.T.);
#2847=ORIENTED_EDGE('',*,*,#2225,.T.);
#2848=ORIENTED_EDGE('',*,*,#2226,.T.);
#2849=ORIENTED_EDGE('',*,*,#2227,.T.);
#2850=ORIENTED_EDGE('',*,*,#2228,.T.);
#2851=ORIENTED_EDGE('',*,*,#2229,.T.);
#2852=ORIENTED_EDGE('',*,*,#2230,.T.);
#2853=ORIENTED_EDGE('',*,*,#2231,.T.);
#2854=ORIENTED_EDGE('',*,*,#2232,.T.);
#2855=ORIENTED_EDGE('',*,*,#2233,.T.);
#2856=ORIENTED_EDGE('',*,*,#2234,.T.);
#2857=ORIENTED_EDGE('',*,*,#2214,.F.);
#2858=ORIENTED_EDGE('',*,*,#2211,.F.);
#2859=ORIENTED_EDGE('',*,*,#2209,.F.);
#2860=ORIENTED_EDGE('',*,*,#2235,.F.);
#2861=ORIENTED_EDGE('',*,*,#2236,.F.);
#2862=ORIENTED_EDGE('',*,*,#2237,.T.);
#2863=ORIENTED_EDGE('',*,*,#2238,.T.);
#2864=ORIENTED_EDGE('',*,*,#2239,.T.);
#2865=ORIENTED_EDGE('',*,*,#2240,.F.);
#2866=ORIENTED_EDGE('',*,*,#2217,.F.);
#2867=ORIENTED_EDGE('',*,*,#2241,.T.);
#2868=ORIENTED_EDGE('',*,*,#2242,.T.);
#2869=ORIENTED_EDGE('',*,*,#2243,.T.);
#2870=ORIENTED_EDGE('',*,*,#2244,.T.);
#2871=ORIENTED_EDGE('',*,*,#2245,.T.);
#2872=ORIENTED_EDGE('',*,*,#2246,.T.);
#2873=ORIENTED_EDGE('',*,*,#2245,.F.);
#2874=ORIENTED_EDGE('',*,*,#2247,.T.);
#2875=ORIENTED_EDGE('',*,*,#2248,.T.);
#2876=ORIENTED_EDGE('',*,*,#2249,.T.);
#2877=ORIENTED_EDGE('',*,*,#2219,.T.);
#2878=ORIENTED_EDGE('',*,*,#2250,.T.);
#2879=ORIENTED_EDGE('',*,*,#2251,.T.);
#2880=ORIENTED_EDGE('',*,*,#2248,.F.);
#2881=ORIENTED_EDGE('',*,*,#2242,.F.);
#2882=ORIENTED_EDGE('',*,*,#2252,.T.);
#2883=ORIENTED_EDGE('',*,*,#2236,.T.);
#2884=ORIENTED_EDGE('',*,*,#2253,.T.);
#2885=ORIENTED_EDGE('',*,*,#2241,.F.);
#2886=ORIENTED_EDGE('',*,*,#2254,.F.);
#2887=ORIENTED_EDGE('',*,*,#2237,.F.);
#2888=ORIENTED_EDGE('',*,*,#2252,.F.);
#2889=ORIENTED_EDGE('',*,*,#2246,.F.);
#2890=ORIENTED_EDGE('',*,*,#2255,.F.);
#2891=ORIENTED_EDGE('',*,*,#2238,.F.);
#2892=ORIENTED_EDGE('',*,*,#2254,.T.);
#2893=ORIENTED_EDGE('',*,*,#2256,.T.);
#2894=ORIENTED_EDGE('',*,*,#2257,.T.);
#2895=ORIENTED_EDGE('',*,*,#2258,.T.);
#2896=ORIENTED_EDGE('',*,*,#2259,.T.);
#2897=ORIENTED_EDGE('',*,*,#2260,.T.);
#2898=ORIENTED_EDGE('',*,*,#2261,.T.);
#2899=ORIENTED_EDGE('',*,*,#2251,.F.);
#2900=ORIENTED_EDGE('',*,*,#2262,.F.);
#2901=ORIENTED_EDGE('',*,*,#2239,.F.);
#2902=ORIENTED_EDGE('',*,*,#2255,.T.);
#2903=ORIENTED_EDGE('',*,*,#2250,.F.);
#2904=ORIENTED_EDGE('',*,*,#2218,.T.);
#2905=ORIENTED_EDGE('',*,*,#2240,.T.);
#2906=ORIENTED_EDGE('',*,*,#2262,.T.);
#2907=ORIENTED_EDGE('',*,*,#2208,.F.);
#2908=ORIENTED_EDGE('',*,*,#2263,.T.);
#2909=ORIENTED_EDGE('',*,*,#2264,.T.);
#2910=ORIENTED_EDGE('',*,*,#2265,.T.);
#2911=ORIENTED_EDGE('',*,*,#2266,.T.);
#2912=ORIENTED_EDGE('',*,*,#2267,.T.);
#2913=ORIENTED_EDGE('',*,*,#2268,.T.);
#2914=ORIENTED_EDGE('',*,*,#2269,.T.);
#2915=ORIENTED_EDGE('',*,*,#2270,.T.);
#2916=ORIENTED_EDGE('',*,*,#2271,.T.);
#2917=ORIENTED_EDGE('',*,*,#2272,.T.);
#2918=ORIENTED_EDGE('',*,*,#2273,.T.);
#2919=ORIENTED_EDGE('',*,*,#2274,.T.);
#2920=ORIENTED_EDGE('',*,*,#2275,.T.);
#2921=ORIENTED_EDGE('',*,*,#2243,.F.);
#2922=ORIENTED_EDGE('',*,*,#2253,.F.);
#2923=ORIENTED_EDGE('',*,*,#2235,.T.);
#2924=ORIENTED_EDGE('',*,*,#2276,.T.);
#2925=ORIENTED_EDGE('',*,*,#2277,.T.);
#2926=ORIENTED_EDGE('',*,*,#2278,.F.);
#2927=ORIENTED_EDGE('',*,*,#2279,.T.);
#2928=ORIENTED_EDGE('',*,*,#2261,.F.);
#2929=ORIENTED_EDGE('',*,*,#2279,.F.);
#2930=ORIENTED_EDGE('',*,*,#2277,.F.);
#2931=ORIENTED_EDGE('',*,*,#2280,.T.);
#2932=ORIENTED_EDGE('',*,*,#2260,.F.);
#2933=ORIENTED_EDGE('',*,*,#2280,.F.);
#2934=ORIENTED_EDGE('',*,*,#2234,.F.);
#2935=ORIENTED_EDGE('',*,*,#2281,.T.);
#2936=ORIENTED_EDGE('',*,*,#2259,.F.);
#2937=ORIENTED_EDGE('',*,*,#2281,.F.);
#2938=ORIENTED_EDGE('',*,*,#2282,.F.);
#2939=ORIENTED_EDGE('',*,*,#2283,.T.);
#2940=ORIENTED_EDGE('',*,*,#2258,.F.);
#2941=ORIENTED_EDGE('',*,*,#2283,.F.);
#2942=ORIENTED_EDGE('',*,*,#2276,.F.);
#2943=ORIENTED_EDGE('',*,*,#2284,.T.);
#2944=ORIENTED_EDGE('',*,*,#2257,.F.);
#2945=ORIENTED_EDGE('',*,*,#2284,.F.);
#2946=ORIENTED_EDGE('',*,*,#2233,.F.);
#2947=ORIENTED_EDGE('',*,*,#2285,.T.);
#2948=ORIENTED_EDGE('',*,*,#2256,.F.);
#2949=ORIENTED_EDGE('',*,*,#2285,.F.);
#2950=ORIENTED_EDGE('',*,*,#2216,.F.);
#2951=ORIENTED_EDGE('',*,*,#2232,.F.);
#2952=ORIENTED_EDGE('',*,*,#2286,.T.);
#2953=ORIENTED_EDGE('',*,*,#2287,.F.);
#2954=ORIENTED_EDGE('',*,*,#2231,.F.);
#2955=ORIENTED_EDGE('',*,*,#2288,.F.);
#2956=ORIENTED_EDGE('',*,*,#2264,.F.);
#2957=ORIENTED_EDGE('',*,*,#2289,.F.);
#2958=ORIENTED_EDGE('',*,*,#2290,.F.);
#2959=ORIENTED_EDGE('',*,*,#2286,.F.);
#2960=ORIENTED_EDGE('',*,*,#2207,.F.);
#2961=ORIENTED_EDGE('',*,*,#2291,.T.);
#2962=ORIENTED_EDGE('',*,*,#2289,.T.);
#2963=ORIENTED_EDGE('',*,*,#2263,.F.);
#2964=ORIENTED_EDGE('',*,*,#2213,.F.);
#2965=ORIENTED_EDGE('',*,*,#2287,.T.);
#2966=ORIENTED_EDGE('',*,*,#2290,.T.);
#2967=ORIENTED_EDGE('',*,*,#2291,.F.);
#2968=ORIENTED_EDGE('',*,*,#2278,.T.);
#2969=ORIENTED_EDGE('',*,*,#2282,.T.);
#2970=ORIENTED_EDGE('',*,*,#2274,.F.);
#2971=ORIENTED_EDGE('',*,*,#2292,.T.);
#2972=ORIENTED_EDGE('',*,*,#2221,.F.);
#2973=ORIENTED_EDGE('',*,*,#2293,.F.);
#2974=ORIENTED_EDGE('',*,*,#2244,.F.);
#2975=ORIENTED_EDGE('',*,*,#2275,.F.);
#2976=ORIENTED_EDGE('',*,*,#2293,.T.);
#2977=ORIENTED_EDGE('',*,*,#2220,.F.);
#2978=ORIENTED_EDGE('',*,*,#2249,.F.);
#2979=ORIENTED_EDGE('',*,*,#2247,.F.);
#2980=ORIENTED_EDGE('',*,*,#2222,.F.);
#2981=ORIENTED_EDGE('',*,*,#2292,.F.);
#2982=ORIENTED_EDGE('',*,*,#2273,.F.);
#2983=ORIENTED_EDGE('',*,*,#2294,.T.);
#2984=ORIENTED_EDGE('',*,*,#2223,.F.);
#2985=ORIENTED_EDGE('',*,*,#2294,.F.);
#2986=ORIENTED_EDGE('',*,*,#2272,.F.);
#2987=ORIENTED_EDGE('',*,*,#2295,.T.);
#2988=ORIENTED_EDGE('',*,*,#2224,.F.);
#2989=ORIENTED_EDGE('',*,*,#2295,.F.);
#2990=ORIENTED_EDGE('',*,*,#2271,.F.);
#2991=ORIENTED_EDGE('',*,*,#2296,.T.);
#2992=ORIENTED_EDGE('',*,*,#2225,.F.);
#2993=ORIENTED_EDGE('',*,*,#2296,.F.);
#2994=ORIENTED_EDGE('',*,*,#2270,.F.);
#2995=ORIENTED_EDGE('',*,*,#2297,.T.);
#2996=ORIENTED_EDGE('',*,*,#2226,.F.);
#2997=ORIENTED_EDGE('',*,*,#2297,.F.);
#2998=ORIENTED_EDGE('',*,*,#2269,.F.);
#2999=ORIENTED_EDGE('',*,*,#2298,.T.);
#3000=ORIENTED_EDGE('',*,*,#2227,.F.);
#3001=ORIENTED_EDGE('',*,*,#2298,.F.);
#3002=ORIENTED_EDGE('',*,*,#2268,.F.);
#3003=ORIENTED_EDGE('',*,*,#2299,.T.);
#3004=ORIENTED_EDGE('',*,*,#2228,.F.);
#3005=ORIENTED_EDGE('',*,*,#2299,.F.);
#3006=ORIENTED_EDGE('',*,*,#2267,.F.);
#3007=ORIENTED_EDGE('',*,*,#2300,.T.);
#3008=ORIENTED_EDGE('',*,*,#2229,.F.);
#3009=ORIENTED_EDGE('',*,*,#2300,.F.);
#3010=ORIENTED_EDGE('',*,*,#2266,.F.);
#3011=ORIENTED_EDGE('',*,*,#2301,.T.);
#3012=ORIENTED_EDGE('',*,*,#2288,.T.);
#3013=ORIENTED_EDGE('',*,*,#2230,.F.);
#3014=ORIENTED_EDGE('',*,*,#2301,.F.);
#3015=ORIENTED_EDGE('',*,*,#2265,.F.);
#3016=ORIENTED_EDGE('',*,*,#2302,.T.);
#3017=ORIENTED_EDGE('',*,*,#2303,.T.);
#3018=ORIENTED_EDGE('',*,*,#2304,.T.);
#3019=ORIENTED_EDGE('',*,*,#2305,.T.);
#3020=ORIENTED_EDGE('',*,*,#2306,.T.);
#3021=ORIENTED_EDGE('',*,*,#2307,.T.);
#3022=ORIENTED_EDGE('',*,*,#2308,.T.);
#3023=ORIENTED_EDGE('',*,*,#2309,.T.);
#3024=ORIENTED_EDGE('',*,*,#2310,.T.);
#3025=ORIENTED_EDGE('',*,*,#2309,.F.);
#3026=ORIENTED_EDGE('',*,*,#2311,.T.);
#3027=ORIENTED_EDGE('',*,*,#2305,.F.);
#3028=ORIENTED_EDGE('',*,*,#2302,.F.);
#3029=ORIENTED_EDGE('',*,*,#2311,.F.);
#3030=ORIENTED_EDGE('',*,*,#2308,.F.);
#3031=ORIENTED_EDGE('',*,*,#2312,.T.);
#3032=ORIENTED_EDGE('',*,*,#2313,.F.);
#3033=ORIENTED_EDGE('',*,*,#2314,.T.);
#3034=ORIENTED_EDGE('',*,*,#2315,.T.);
#3035=ORIENTED_EDGE('',*,*,#2316,.T.);
#3036=ORIENTED_EDGE('',*,*,#2317,.F.);
#3037=ORIENTED_EDGE('',*,*,#2318,.T.);
#3038=ORIENTED_EDGE('',*,*,#2307,.F.);
#3039=ORIENTED_EDGE('',*,*,#2319,.T.);
#3040=ORIENTED_EDGE('',*,*,#2320,.T.);
#3041=ORIENTED_EDGE('',*,*,#2321,.F.);
#3042=ORIENTED_EDGE('',*,*,#2322,.F.);
#3043=ORIENTED_EDGE('',*,*,#2323,.F.);
#3044=ORIENTED_EDGE('',*,*,#2324,.F.);
#3045=ORIENTED_EDGE('',*,*,#2325,.F.);
#3046=ORIENTED_EDGE('',*,*,#2326,.F.);
#3047=ORIENTED_EDGE('',*,*,#2327,.F.);
#3048=ORIENTED_EDGE('',*,*,#2328,.F.);
#3049=ORIENTED_EDGE('',*,*,#2329,.T.);
#3050=ORIENTED_EDGE('',*,*,#2330,.T.);
#3051=ORIENTED_EDGE('',*,*,#2331,.F.);
#3052=ORIENTED_EDGE('',*,*,#2332,.F.);
#3053=ORIENTED_EDGE('',*,*,#2333,.F.);
#3054=ORIENTED_EDGE('',*,*,#2312,.F.);
#3055=ORIENTED_EDGE('',*,*,#2334,.T.);
#3056=ORIENTED_EDGE('',*,*,#2335,.T.);
#3057=ORIENTED_EDGE('',*,*,#2336,.T.);
#3058=ORIENTED_EDGE('',*,*,#2337,.T.);
#3059=ORIENTED_EDGE('',*,*,#2332,.T.);
#3060=ORIENTED_EDGE('',*,*,#2338,.T.);
#3061=ORIENTED_EDGE('',*,*,#2339,.T.);
#3062=ORIENTED_EDGE('',*,*,#2340,.T.);
#3063=ORIENTED_EDGE('',*,*,#2339,.F.);
#3064=ORIENTED_EDGE('',*,*,#2341,.T.);
#3065=ORIENTED_EDGE('',*,*,#2342,.T.);
#3066=ORIENTED_EDGE('',*,*,#2343,.T.);
#3067=ORIENTED_EDGE('',*,*,#2344,.T.);
#3068=ORIENTED_EDGE('',*,*,#2345,.T.);
#3069=ORIENTED_EDGE('',*,*,#2346,.T.);
#3070=ORIENTED_EDGE('',*,*,#2342,.F.);
#3071=ORIENTED_EDGE('',*,*,#2337,.F.);
#3072=ORIENTED_EDGE('',*,*,#2347,.T.);
#3073=ORIENTED_EDGE('',*,*,#2313,.T.);
#3074=ORIENTED_EDGE('',*,*,#2333,.T.);
#3075=ORIENTED_EDGE('',*,*,#2336,.F.);
#3076=ORIENTED_EDGE('',*,*,#2348,.F.);
#3077=ORIENTED_EDGE('',*,*,#2314,.F.);
#3078=ORIENTED_EDGE('',*,*,#2347,.F.);
#3079=ORIENTED_EDGE('',*,*,#2340,.F.);
#3080=ORIENTED_EDGE('',*,*,#2349,.F.);
#3081=ORIENTED_EDGE('',*,*,#2315,.F.);
#3082=ORIENTED_EDGE('',*,*,#2348,.T.);
#3083=ORIENTED_EDGE('',*,*,#2350,.T.);
#3084=ORIENTED_EDGE('',*,*,#2351,.T.);
#3085=ORIENTED_EDGE('',*,*,#2352,.T.);
#3086=ORIENTED_EDGE('',*,*,#2353,.T.);
#3087=ORIENTED_EDGE('',*,*,#2354,.T.);
#3088=ORIENTED_EDGE('',*,*,#2355,.T.);
#3089=ORIENTED_EDGE('',*,*,#2346,.F.);
#3090=ORIENTED_EDGE('',*,*,#2356,.F.);
#3091=ORIENTED_EDGE('',*,*,#2316,.F.);
#3092=ORIENTED_EDGE('',*,*,#2349,.T.);
#3093=ORIENTED_EDGE('',*,*,#2345,.F.);
#3094=ORIENTED_EDGE('',*,*,#2357,.T.);
#3095=ORIENTED_EDGE('',*,*,#2317,.T.);
#3096=ORIENTED_EDGE('',*,*,#2356,.T.);
#3097=ORIENTED_EDGE('',*,*,#2303,.F.);
#3098=ORIENTED_EDGE('',*,*,#2318,.F.);
#3099=ORIENTED_EDGE('',*,*,#2357,.F.);
#3100=ORIENTED_EDGE('',*,*,#2344,.F.);
#3101=ORIENTED_EDGE('',*,*,#2358,.F.);
#3102=ORIENTED_EDGE('',*,*,#2359,.T.);
#3103=ORIENTED_EDGE('',*,*,#2360,.T.);
#3104=ORIENTED_EDGE('',*,*,#2361,.F.);
#3105=ORIENTED_EDGE('',*,*,#2362,.F.);
#3106=ORIENTED_EDGE('',*,*,#2363,.F.);
#3107=ORIENTED_EDGE('',*,*,#2364,.F.);
#3108=ORIENTED_EDGE('',*,*,#2365,.F.);
#3109=ORIENTED_EDGE('',*,*,#2366,.F.);
#3110=ORIENTED_EDGE('',*,*,#2367,.F.);
#3111=ORIENTED_EDGE('',*,*,#2368,.F.);
#3112=ORIENTED_EDGE('',*,*,#2369,.T.);
#3113=ORIENTED_EDGE('',*,*,#2370,.T.);
#3114=ORIENTED_EDGE('',*,*,#2371,.T.);
#3115=ORIENTED_EDGE('',*,*,#2372,.T.);
#3116=ORIENTED_EDGE('',*,*,#2355,.F.);
#3117=ORIENTED_EDGE('',*,*,#2373,.T.);
#3118=ORIENTED_EDGE('',*,*,#2374,.F.);
#3119=ORIENTED_EDGE('',*,*,#2373,.F.);
#3120=ORIENTED_EDGE('',*,*,#2354,.F.);
#3121=ORIENTED_EDGE('',*,*,#2375,.T.);
#3122=ORIENTED_EDGE('',*,*,#2372,.F.);
#3123=ORIENTED_EDGE('',*,*,#2375,.F.);
#3124=ORIENTED_EDGE('',*,*,#2353,.F.);
#3125=ORIENTED_EDGE('',*,*,#2376,.T.);
#3126=ORIENTED_EDGE('',*,*,#2334,.F.);
#3127=ORIENTED_EDGE('',*,*,#2376,.F.);
#3128=ORIENTED_EDGE('',*,*,#2352,.F.);
#3129=ORIENTED_EDGE('',*,*,#2377,.T.);
#3130=ORIENTED_EDGE('',*,*,#2378,.F.);
#3131=ORIENTED_EDGE('',*,*,#2377,.F.);
#3132=ORIENTED_EDGE('',*,*,#2351,.F.);
#3133=ORIENTED_EDGE('',*,*,#2379,.T.);
#3134=ORIENTED_EDGE('',*,*,#2371,.F.);
#3135=ORIENTED_EDGE('',*,*,#2379,.F.);
#3136=ORIENTED_EDGE('',*,*,#2350,.F.);
#3137=ORIENTED_EDGE('',*,*,#2380,.T.);
#3138=ORIENTED_EDGE('',*,*,#2335,.F.);
#3139=ORIENTED_EDGE('',*,*,#2380,.F.);
#3140=ORIENTED_EDGE('',*,*,#2306,.F.);
#3141=ORIENTED_EDGE('',*,*,#2381,.T.);
#3142=ORIENTED_EDGE('',*,*,#2382,.T.);
#3143=ORIENTED_EDGE('',*,*,#2319,.F.);
#3144=ORIENTED_EDGE('',*,*,#2320,.F.);
#3145=ORIENTED_EDGE('',*,*,#2382,.F.);
#3146=ORIENTED_EDGE('',*,*,#2383,.F.);
#3147=ORIENTED_EDGE('',*,*,#2384,.F.);
#3148=ORIENTED_EDGE('',*,*,#2369,.F.);
#3149=ORIENTED_EDGE('',*,*,#2385,.F.);
#3150=ORIENTED_EDGE('',*,*,#2304,.F.);
#3151=ORIENTED_EDGE('',*,*,#2370,.F.);
#3152=ORIENTED_EDGE('',*,*,#2384,.T.);
#3153=ORIENTED_EDGE('',*,*,#2386,.F.);
#3154=ORIENTED_EDGE('',*,*,#2310,.F.);
#3155=ORIENTED_EDGE('',*,*,#2386,.T.);
#3156=ORIENTED_EDGE('',*,*,#2383,.T.);
#3157=ORIENTED_EDGE('',*,*,#2381,.F.);
#3158=ORIENTED_EDGE('',*,*,#2374,.T.);
#3159=ORIENTED_EDGE('',*,*,#2378,.T.);
#3160=ORIENTED_EDGE('',*,*,#2385,.T.);
#3161=ORIENTED_EDGE('',*,*,#2368,.T.);
#3162=ORIENTED_EDGE('',*,*,#2387,.F.);
#3163=ORIENTED_EDGE('',*,*,#2321,.T.);
#3164=ORIENTED_EDGE('',*,*,#2330,.F.);
#3165=ORIENTED_EDGE('',*,*,#2388,.T.);
#3166=ORIENTED_EDGE('',*,*,#2359,.F.);
#3167=ORIENTED_EDGE('',*,*,#2389,.F.);
#3168=ORIENTED_EDGE('',*,*,#2338,.F.);
#3169=ORIENTED_EDGE('',*,*,#2331,.T.);
#3170=ORIENTED_EDGE('',*,*,#2389,.T.);
#3171=ORIENTED_EDGE('',*,*,#2358,.T.);
#3172=ORIENTED_EDGE('',*,*,#2343,.F.);
#3173=ORIENTED_EDGE('',*,*,#2341,.F.);
#3174=ORIENTED_EDGE('',*,*,#2329,.F.);
#3175=ORIENTED_EDGE('',*,*,#2390,.T.);
#3176=ORIENTED_EDGE('',*,*,#2360,.F.);
#3177=ORIENTED_EDGE('',*,*,#2388,.F.);
#3178=ORIENTED_EDGE('',*,*,#2328,.T.);
#3179=ORIENTED_EDGE('',*,*,#2391,.T.);
#3180=ORIENTED_EDGE('',*,*,#2361,.T.);
#3181=ORIENTED_EDGE('',*,*,#2390,.F.);
#3182=ORIENTED_EDGE('',*,*,#2327,.T.);
#3183=ORIENTED_EDGE('',*,*,#2392,.T.);
#3184=ORIENTED_EDGE('',*,*,#2362,.T.);
#3185=ORIENTED_EDGE('',*,*,#2391,.F.);
#3186=ORIENTED_EDGE('',*,*,#2326,.T.);
#3187=ORIENTED_EDGE('',*,*,#2393,.T.);
#3188=ORIENTED_EDGE('',*,*,#2363,.T.);
#3189=ORIENTED_EDGE('',*,*,#2392,.F.);
#3190=ORIENTED_EDGE('',*,*,#2325,.T.);
#3191=ORIENTED_EDGE('',*,*,#2394,.T.);
#3192=ORIENTED_EDGE('',*,*,#2364,.T.);
#3193=ORIENTED_EDGE('',*,*,#2393,.F.);
#3194=ORIENTED_EDGE('',*,*,#2324,.T.);
#3195=ORIENTED_EDGE('',*,*,#2395,.T.);
#3196=ORIENTED_EDGE('',*,*,#2365,.T.);
#3197=ORIENTED_EDGE('',*,*,#2394,.F.);
#3198=ORIENTED_EDGE('',*,*,#2323,.T.);
#3199=ORIENTED_EDGE('',*,*,#2396,.T.);
#3200=ORIENTED_EDGE('',*,*,#2366,.T.);
#3201=ORIENTED_EDGE('',*,*,#2395,.F.);
#3202=ORIENTED_EDGE('',*,*,#2322,.T.);
#3203=ORIENTED_EDGE('',*,*,#2387,.T.);
#3204=ORIENTED_EDGE('',*,*,#2367,.T.);
#3205=ORIENTED_EDGE('',*,*,#2396,.F.);
#3206=ORIENTED_EDGE('',*,*,#2397,.T.);
#3207=ORIENTED_EDGE('',*,*,#2398,.T.);
#3208=ORIENTED_EDGE('',*,*,#2399,.T.);
#3209=ORIENTED_EDGE('',*,*,#2400,.T.);
#3210=ORIENTED_EDGE('',*,*,#2401,.F.);
#3211=ORIENTED_EDGE('',*,*,#2402,.F.);
#3212=ORIENTED_EDGE('',*,*,#2403,.F.);
#3213=ORIENTED_EDGE('',*,*,#2404,.F.);
#3214=ORIENTED_EDGE('',*,*,#2405,.F.);
#3215=ORIENTED_EDGE('',*,*,#2402,.T.);
#3216=ORIENTED_EDGE('',*,*,#2406,.T.);
#3217=ORIENTED_EDGE('',*,*,#2397,.F.);
#3218=ORIENTED_EDGE('',*,*,#2407,.F.);
#3219=ORIENTED_EDGE('',*,*,#2403,.T.);
#3220=ORIENTED_EDGE('',*,*,#2407,.T.);
#3221=ORIENTED_EDGE('',*,*,#2400,.F.);
#3222=ORIENTED_EDGE('',*,*,#2408,.F.);
#3223=ORIENTED_EDGE('',*,*,#2404,.T.);
#3224=ORIENTED_EDGE('',*,*,#2408,.T.);
#3225=ORIENTED_EDGE('',*,*,#2399,.F.);
#3226=ORIENTED_EDGE('',*,*,#2409,.F.);
#3227=ORIENTED_EDGE('',*,*,#2401,.T.);
#3228=ORIENTED_EDGE('',*,*,#2409,.T.);
#3229=ORIENTED_EDGE('',*,*,#2398,.F.);
#3230=ORIENTED_EDGE('',*,*,#2406,.F.);
#3231=ORIENTED_EDGE('',*,*,#2410,.F.);
#3232=ORIENTED_EDGE('',*,*,#2411,.T.);
#3233=ORIENTED_EDGE('',*,*,#2412,.T.);
#3234=ORIENTED_EDGE('',*,*,#2411,.F.);
#3235=ORIENTED_EDGE('',*,*,#2410,.T.);
#3236=ORIENTED_EDGE('',*,*,#2413,.T.);
#3237=ORIENTED_EDGE('',*,*,#2414,.F.);
#3238=ORIENTED_EDGE('',*,*,#2413,.F.);
#3239=ORIENTED_EDGE('',*,*,#2414,.T.);
#3240=ORIENTED_EDGE('',*,*,#2415,.T.);
#3241=ORIENTED_EDGE('',*,*,#2416,.F.);
#3242=ORIENTED_EDGE('',*,*,#2415,.F.);
#3243=ORIENTED_EDGE('',*,*,#2416,.T.);
#3244=ORIENTED_EDGE('',*,*,#2417,.F.);
#3245=ORIENTED_EDGE('',*,*,#2418,.T.);
#3246=ORIENTED_EDGE('',*,*,#2405,.T.);
#3247=ORIENTED_EDGE('',*,*,#2418,.F.);
#3248=ORIENTED_EDGE('',*,*,#2419,.F.);
#3249=ORIENTED_EDGE('',*,*,#2420,.T.);
#3250=ORIENTED_EDGE('',*,*,#2417,.T.);
#3251=ORIENTED_EDGE('',*,*,#2420,.F.);
#3252=ORIENTED_EDGE('',*,*,#2419,.T.);
#3253=ORIENTED_EDGE('',*,*,#2421,.F.);
#3254=ORIENTED_EDGE('',*,*,#2421,.T.);
#3255=ORIENTED_EDGE('',*,*,#2422,.T.);
#3256=ORIENTED_EDGE('',*,*,#2423,.F.);
#3257=ORIENTED_EDGE('',*,*,#2424,.F.);
#3258=ORIENTED_EDGE('',*,*,#2422,.F.);
#3259=ORIENTED_EDGE('',*,*,#2425,.F.);
#3260=ORIENTED_EDGE('',*,*,#2426,.T.);
#3261=ORIENTED_EDGE('',*,*,#2423,.T.);
#3262=ORIENTED_EDGE('',*,*,#2424,.T.);
#3263=ORIENTED_EDGE('',*,*,#2426,.F.);
#3264=ORIENTED_EDGE('',*,*,#2427,.F.);
#3265=ORIENTED_EDGE('',*,*,#2428,.T.);
#3266=ORIENTED_EDGE('',*,*,#2425,.T.);
#3267=ORIENTED_EDGE('',*,*,#2428,.F.);
#3268=ORIENTED_EDGE('',*,*,#2429,.F.);
#3269=ORIENTED_EDGE('',*,*,#2430,.T.);
#3270=ORIENTED_EDGE('',*,*,#2427,.T.);
#3271=ORIENTED_EDGE('',*,*,#2430,.F.);
#3272=ORIENTED_EDGE('',*,*,#2431,.F.);
#3273=ORIENTED_EDGE('',*,*,#2432,.T.);
#3274=ORIENTED_EDGE('',*,*,#2429,.T.);
#3275=ORIENTED_EDGE('',*,*,#2432,.F.);
#3276=ORIENTED_EDGE('',*,*,#2433,.F.);
#3277=ORIENTED_EDGE('',*,*,#2434,.T.);
#3278=ORIENTED_EDGE('',*,*,#2431,.T.);
#3279=ORIENTED_EDGE('',*,*,#2434,.F.);
#3280=ORIENTED_EDGE('',*,*,#2435,.F.);
#3281=ORIENTED_EDGE('',*,*,#2436,.T.);
#3282=ORIENTED_EDGE('',*,*,#2433,.T.);
#3283=ORIENTED_EDGE('',*,*,#2436,.F.);
#3284=ORIENTED_EDGE('',*,*,#2437,.F.);
#3285=ORIENTED_EDGE('',*,*,#2438,.T.);
#3286=ORIENTED_EDGE('',*,*,#2435,.T.);
#3287=ORIENTED_EDGE('',*,*,#2438,.F.);
#3288=ORIENTED_EDGE('',*,*,#2439,.F.);
#3289=ORIENTED_EDGE('',*,*,#2440,.T.);
#3290=ORIENTED_EDGE('',*,*,#2437,.T.);
#3291=ORIENTED_EDGE('',*,*,#2440,.F.);
#3292=ORIENTED_EDGE('',*,*,#2441,.F.);
#3293=ORIENTED_EDGE('',*,*,#2442,.T.);
#3294=ORIENTED_EDGE('',*,*,#2439,.T.);
#3295=ORIENTED_EDGE('',*,*,#2442,.F.);
#3296=ORIENTED_EDGE('',*,*,#2443,.F.);
#3297=ORIENTED_EDGE('',*,*,#2444,.T.);
#3298=ORIENTED_EDGE('',*,*,#2441,.T.);
#3299=ORIENTED_EDGE('',*,*,#2444,.F.);
#3300=ORIENTED_EDGE('',*,*,#2445,.F.);
#3301=ORIENTED_EDGE('',*,*,#2446,.T.);
#3302=ORIENTED_EDGE('',*,*,#2443,.T.);
#3303=ORIENTED_EDGE('',*,*,#2446,.F.);
#3304=ORIENTED_EDGE('',*,*,#2447,.F.);
#3305=ORIENTED_EDGE('',*,*,#2448,.T.);
#3306=ORIENTED_EDGE('',*,*,#2445,.T.);
#3307=ORIENTED_EDGE('',*,*,#2448,.F.);
#3308=ORIENTED_EDGE('',*,*,#2449,.F.);
#3309=ORIENTED_EDGE('',*,*,#2450,.T.);
#3310=ORIENTED_EDGE('',*,*,#2447,.T.);
#3311=ORIENTED_EDGE('',*,*,#2450,.F.);
#3312=ORIENTED_EDGE('',*,*,#2451,.F.);
#3313=ORIENTED_EDGE('',*,*,#2452,.T.);
#3314=ORIENTED_EDGE('',*,*,#2449,.T.);
#3315=ORIENTED_EDGE('',*,*,#2452,.F.);
#3316=ORIENTED_EDGE('',*,*,#2453,.F.);
#3317=ORIENTED_EDGE('',*,*,#2454,.T.);
#3318=ORIENTED_EDGE('',*,*,#2451,.T.);
#3319=ORIENTED_EDGE('',*,*,#2454,.F.);
#3320=ORIENTED_EDGE('',*,*,#2455,.F.);
#3321=ORIENTED_EDGE('',*,*,#2456,.T.);
#3322=ORIENTED_EDGE('',*,*,#2453,.T.);
#3323=ORIENTED_EDGE('',*,*,#2456,.F.);
#3324=ORIENTED_EDGE('',*,*,#2457,.F.);
#3325=ORIENTED_EDGE('',*,*,#2458,.T.);
#3326=ORIENTED_EDGE('',*,*,#2455,.T.);
#3327=ORIENTED_EDGE('',*,*,#2458,.F.);
#3328=ORIENTED_EDGE('',*,*,#2459,.F.);
#3329=ORIENTED_EDGE('',*,*,#2460,.T.);
#3330=ORIENTED_EDGE('',*,*,#2457,.T.);
#3331=ORIENTED_EDGE('',*,*,#2460,.F.);
#3332=ORIENTED_EDGE('',*,*,#2461,.F.);
#3333=ORIENTED_EDGE('',*,*,#2462,.T.);
#3334=ORIENTED_EDGE('',*,*,#2459,.T.);
#3335=ORIENTED_EDGE('',*,*,#2462,.F.);
#3336=ORIENTED_EDGE('',*,*,#2463,.F.);
#3337=ORIENTED_EDGE('',*,*,#2464,.T.);
#3338=ORIENTED_EDGE('',*,*,#2461,.T.);
#3339=ORIENTED_EDGE('',*,*,#2464,.F.);
#3340=ORIENTED_EDGE('',*,*,#2465,.F.);
#3341=ORIENTED_EDGE('',*,*,#2466,.T.);
#3342=ORIENTED_EDGE('',*,*,#2463,.T.);
#3343=ORIENTED_EDGE('',*,*,#2466,.F.);
#3344=ORIENTED_EDGE('',*,*,#2467,.F.);
#3345=ORIENTED_EDGE('',*,*,#2468,.T.);
#3346=ORIENTED_EDGE('',*,*,#2465,.T.);
#3347=ORIENTED_EDGE('',*,*,#2468,.F.);
#3348=ORIENTED_EDGE('',*,*,#2469,.F.);
#3349=ORIENTED_EDGE('',*,*,#2470,.T.);
#3350=ORIENTED_EDGE('',*,*,#2467,.T.);
#3351=ORIENTED_EDGE('',*,*,#2470,.F.);
#3352=ORIENTED_EDGE('',*,*,#2471,.F.);
#3353=ORIENTED_EDGE('',*,*,#2472,.T.);
#3354=ORIENTED_EDGE('',*,*,#2469,.T.);
#3355=ORIENTED_EDGE('',*,*,#2472,.F.);
#3356=ORIENTED_EDGE('',*,*,#2473,.F.);
#3357=ORIENTED_EDGE('',*,*,#2474,.T.);
#3358=ORIENTED_EDGE('',*,*,#2471,.T.);
#3359=ORIENTED_EDGE('',*,*,#2474,.F.);
#3360=ORIENTED_EDGE('',*,*,#2475,.F.);
#3361=ORIENTED_EDGE('',*,*,#2476,.T.);
#3362=ORIENTED_EDGE('',*,*,#2473,.T.);
#3363=ORIENTED_EDGE('',*,*,#2476,.F.);
#3364=ORIENTED_EDGE('',*,*,#2477,.F.);
#3365=ORIENTED_EDGE('',*,*,#2478,.T.);
#3366=ORIENTED_EDGE('',*,*,#2475,.T.);
#3367=ORIENTED_EDGE('',*,*,#2478,.F.);
#3368=ORIENTED_EDGE('',*,*,#2479,.F.);
#3369=ORIENTED_EDGE('',*,*,#2480,.T.);
#3370=ORIENTED_EDGE('',*,*,#2477,.T.);
#3371=ORIENTED_EDGE('',*,*,#2480,.F.);
#3372=ORIENTED_EDGE('',*,*,#2481,.F.);
#3373=ORIENTED_EDGE('',*,*,#2482,.T.);
#3374=ORIENTED_EDGE('',*,*,#2479,.T.);
#3375=ORIENTED_EDGE('',*,*,#2482,.F.);
#3376=ORIENTED_EDGE('',*,*,#2483,.F.);
#3377=ORIENTED_EDGE('',*,*,#2484,.T.);
#3378=ORIENTED_EDGE('',*,*,#2481,.T.);
#3379=ORIENTED_EDGE('',*,*,#2484,.F.);
#3380=ORIENTED_EDGE('',*,*,#2485,.F.);
#3381=ORIENTED_EDGE('',*,*,#2486,.T.);
#3382=ORIENTED_EDGE('',*,*,#2483,.T.);
#3383=ORIENTED_EDGE('',*,*,#2486,.F.);
#3384=ORIENTED_EDGE('',*,*,#2487,.F.);
#3385=ORIENTED_EDGE('',*,*,#2488,.T.);
#3386=ORIENTED_EDGE('',*,*,#2485,.T.);
#3387=ORIENTED_EDGE('',*,*,#2488,.F.);
#3388=ORIENTED_EDGE('',*,*,#2489,.F.);
#3389=ORIENTED_EDGE('',*,*,#2490,.T.);
#3390=ORIENTED_EDGE('',*,*,#2487,.T.);
#3391=ORIENTED_EDGE('',*,*,#2490,.F.);
#3392=ORIENTED_EDGE('',*,*,#2491,.F.);
#3393=ORIENTED_EDGE('',*,*,#2492,.T.);
#3394=ORIENTED_EDGE('',*,*,#2489,.T.);
#3395=ORIENTED_EDGE('',*,*,#2492,.F.);
#3396=ORIENTED_EDGE('',*,*,#2493,.F.);
#3397=ORIENTED_EDGE('',*,*,#2494,.T.);
#3398=ORIENTED_EDGE('',*,*,#2491,.T.);
#3399=ORIENTED_EDGE('',*,*,#2494,.F.);
#3400=ORIENTED_EDGE('',*,*,#2495,.F.);
#3401=ORIENTED_EDGE('',*,*,#2496,.T.);
#3402=ORIENTED_EDGE('',*,*,#2493,.T.);
#3403=ORIENTED_EDGE('',*,*,#2496,.F.);
#3404=ORIENTED_EDGE('',*,*,#2497,.F.);
#3405=ORIENTED_EDGE('',*,*,#2498,.T.);
#3406=ORIENTED_EDGE('',*,*,#2495,.T.);
#3407=ORIENTED_EDGE('',*,*,#2498,.F.);
#3408=ORIENTED_EDGE('',*,*,#2499,.F.);
#3409=ORIENTED_EDGE('',*,*,#2500,.T.);
#3410=ORIENTED_EDGE('',*,*,#2497,.T.);
#3411=ORIENTED_EDGE('',*,*,#2500,.F.);
#3412=ORIENTED_EDGE('',*,*,#2501,.F.);
#3413=ORIENTED_EDGE('',*,*,#2502,.T.);
#3414=ORIENTED_EDGE('',*,*,#2499,.T.);
#3415=ORIENTED_EDGE('',*,*,#2502,.F.);
#3416=ORIENTED_EDGE('',*,*,#2503,.F.);
#3417=ORIENTED_EDGE('',*,*,#2504,.T.);
#3418=ORIENTED_EDGE('',*,*,#2501,.T.);
#3419=ORIENTED_EDGE('',*,*,#2504,.F.);
#3420=ORIENTED_EDGE('',*,*,#2505,.F.);
#3421=ORIENTED_EDGE('',*,*,#2506,.T.);
#3422=ORIENTED_EDGE('',*,*,#2503,.T.);
#3423=ORIENTED_EDGE('',*,*,#2506,.F.);
#3424=ORIENTED_EDGE('',*,*,#2507,.F.);
#3425=ORIENTED_EDGE('',*,*,#2508,.T.);
#3426=ORIENTED_EDGE('',*,*,#2505,.T.);
#3427=ORIENTED_EDGE('',*,*,#2508,.F.);
#3428=ORIENTED_EDGE('',*,*,#2509,.F.);
#3429=ORIENTED_EDGE('',*,*,#2510,.T.);
#3430=ORIENTED_EDGE('',*,*,#2507,.T.);
#3431=ORIENTED_EDGE('',*,*,#2510,.F.);
#3432=ORIENTED_EDGE('',*,*,#2511,.F.);
#3433=ORIENTED_EDGE('',*,*,#2512,.T.);
#3434=ORIENTED_EDGE('',*,*,#2509,.T.);
#3435=ORIENTED_EDGE('',*,*,#2512,.F.);
#3436=ORIENTED_EDGE('',*,*,#2513,.F.);
#3437=ORIENTED_EDGE('',*,*,#2514,.T.);
#3438=ORIENTED_EDGE('',*,*,#2511,.T.);
#3439=ORIENTED_EDGE('',*,*,#2514,.F.);
#3440=ORIENTED_EDGE('',*,*,#2515,.F.);
#3441=ORIENTED_EDGE('',*,*,#2516,.T.);
#3442=ORIENTED_EDGE('',*,*,#2513,.T.);
#3443=ORIENTED_EDGE('',*,*,#2516,.F.);
#3444=ORIENTED_EDGE('',*,*,#2517,.F.);
#3445=ORIENTED_EDGE('',*,*,#2518,.T.);
#3446=ORIENTED_EDGE('',*,*,#2515,.T.);
#3447=ORIENTED_EDGE('',*,*,#2518,.F.);
#3448=ORIENTED_EDGE('',*,*,#2519,.F.);
#3449=ORIENTED_EDGE('',*,*,#2520,.T.);
#3450=ORIENTED_EDGE('',*,*,#2517,.T.);
#3451=ORIENTED_EDGE('',*,*,#2520,.F.);
#3452=ORIENTED_EDGE('',*,*,#2412,.F.);
#3453=ORIENTED_EDGE('',*,*,#2521,.T.);
#3454=ORIENTED_EDGE('',*,*,#2519,.T.);
#3455=ORIENTED_EDGE('',*,*,#2521,.F.);
#3456=ORIENTED_EDGE('',*,*,#2522,.T.);
#3457=ORIENTED_EDGE('',*,*,#2523,.T.);
#3458=ORIENTED_EDGE('',*,*,#2524,.T.);
#3459=ORIENTED_EDGE('',*,*,#2525,.T.);
#3460=ORIENTED_EDGE('',*,*,#2526,.T.);
#3461=ORIENTED_EDGE('',*,*,#2523,.F.);
#3462=ORIENTED_EDGE('',*,*,#2527,.T.);
#3463=ORIENTED_EDGE('',*,*,#2528,.T.);
#3464=ORIENTED_EDGE('',*,*,#2529,.T.);
#3465=ORIENTED_EDGE('',*,*,#2528,.F.);
#3466=ORIENTED_EDGE('',*,*,#2530,.T.);
#3467=ORIENTED_EDGE('',*,*,#2531,.F.);
#3468=ORIENTED_EDGE('',*,*,#2532,.T.);
#3469=ORIENTED_EDGE('',*,*,#2525,.F.);
#3470=ORIENTED_EDGE('',*,*,#2533,.T.);
#3471=ORIENTED_EDGE('',*,*,#2531,.T.);
#3472=ORIENTED_EDGE('',*,*,#2533,.F.);
#3473=ORIENTED_EDGE('',*,*,#2534,.T.);
#3474=ORIENTED_EDGE('',*,*,#2535,.F.);
#3475=ORIENTED_EDGE('',*,*,#2536,.F.);
#3476=ORIENTED_EDGE('',*,*,#2524,.F.);
#3477=ORIENTED_EDGE('',*,*,#2537,.T.);
#3478=ORIENTED_EDGE('',*,*,#2538,.F.);
#3479=ORIENTED_EDGE('',*,*,#2534,.F.);
#3480=ORIENTED_EDGE('',*,*,#2539,.T.);
#3481=ORIENTED_EDGE('',*,*,#2540,.T.);
#3482=ORIENTED_EDGE('',*,*,#2522,.F.);
#3483=ORIENTED_EDGE('',*,*,#2532,.F.);
#3484=ORIENTED_EDGE('',*,*,#2530,.F.);
#3485=ORIENTED_EDGE('',*,*,#2527,.F.);
#3486=ORIENTED_EDGE('',*,*,#2529,.F.);
#3487=ORIENTED_EDGE('',*,*,#2536,.T.);
#3488=ORIENTED_EDGE('',*,*,#2541,.F.);
#3489=ORIENTED_EDGE('',*,*,#2542,.F.);
#3490=ORIENTED_EDGE('',*,*,#2543,.T.);
#3491=ORIENTED_EDGE('',*,*,#2544,.T.);
#3492=ORIENTED_EDGE('',*,*,#2526,.F.);
#3493=ORIENTED_EDGE('',*,*,#2542,.T.);
#3494=ORIENTED_EDGE('',*,*,#2545,.F.);
#3495=ORIENTED_EDGE('',*,*,#2537,.F.);
#3496=ORIENTED_EDGE('',*,*,#2544,.F.);
#3497=ORIENTED_EDGE('',*,*,#2546,.T.);
#3498=ORIENTED_EDGE('',*,*,#2539,.F.);
#3499=ORIENTED_EDGE('',*,*,#2546,.F.);
#3500=ORIENTED_EDGE('',*,*,#2543,.F.);
#3501=ORIENTED_EDGE('',*,*,#2547,.T.);
#3502=ORIENTED_EDGE('',*,*,#2540,.F.);
#3503=ORIENTED_EDGE('',*,*,#2547,.F.);
#3504=ORIENTED_EDGE('',*,*,#2541,.T.);
#3505=ORIENTED_EDGE('',*,*,#2535,.T.);
#3506=ORIENTED_EDGE('',*,*,#2538,.T.);
#3507=ORIENTED_EDGE('',*,*,#2545,.T.);
#3508=ORIENTED_EDGE('',*,*,#2548,.F.);
#3509=ORIENTED_EDGE('',*,*,#2549,.F.);
#3510=ORIENTED_EDGE('',*,*,#2550,.F.);
#3511=ORIENTED_EDGE('',*,*,#2551,.T.);
#3512=ORIENTED_EDGE('',*,*,#2549,.T.);
#3513=ORIENTED_EDGE('',*,*,#2551,.F.);
#3514=ORIENTED_EDGE('',*,*,#2552,.F.);
#3515=ORIENTED_EDGE('',*,*,#2553,.T.);
#3516=ORIENTED_EDGE('',*,*,#2550,.T.);
#3517=ORIENTED_EDGE('',*,*,#2553,.F.);
#3518=ORIENTED_EDGE('',*,*,#2554,.F.);
#3519=ORIENTED_EDGE('',*,*,#2552,.T.);
#3520=ORIENTED_EDGE('',*,*,#2555,.F.);
#3521=ORIENTED_EDGE('',*,*,#2556,.T.);
#3522=ORIENTED_EDGE('',*,*,#2554,.T.);
#3523=ORIENTED_EDGE('',*,*,#2556,.F.);
#3524=ORIENTED_EDGE('',*,*,#2557,.F.);
#3525=ORIENTED_EDGE('',*,*,#2558,.T.);
#3526=ORIENTED_EDGE('',*,*,#2555,.T.);
#3527=ORIENTED_EDGE('',*,*,#2558,.F.);
#3528=ORIENTED_EDGE('',*,*,#2559,.F.);
#3529=ORIENTED_EDGE('',*,*,#2560,.T.);
#3530=ORIENTED_EDGE('',*,*,#2557,.T.);
#3531=ORIENTED_EDGE('',*,*,#2560,.F.);
#3532=ORIENTED_EDGE('',*,*,#2561,.F.);
#3533=ORIENTED_EDGE('',*,*,#2562,.T.);
#3534=ORIENTED_EDGE('',*,*,#2559,.T.);
#3535=ORIENTED_EDGE('',*,*,#2562,.F.);
#3536=ORIENTED_EDGE('',*,*,#2563,.F.);
#3537=ORIENTED_EDGE('',*,*,#2564,.T.);
#3538=ORIENTED_EDGE('',*,*,#2561,.T.);
#3539=ORIENTED_EDGE('',*,*,#2564,.F.);
#3540=ORIENTED_EDGE('',*,*,#2565,.F.);
#3541=ORIENTED_EDGE('',*,*,#2566,.T.);
#3542=ORIENTED_EDGE('',*,*,#2563,.T.);
#3543=ORIENTED_EDGE('',*,*,#2566,.F.);
#3544=ORIENTED_EDGE('',*,*,#2567,.F.);
#3545=ORIENTED_EDGE('',*,*,#2568,.T.);
#3546=ORIENTED_EDGE('',*,*,#2565,.T.);
#3547=ORIENTED_EDGE('',*,*,#2568,.F.);
#3548=ORIENTED_EDGE('',*,*,#2569,.F.);
#3549=ORIENTED_EDGE('',*,*,#2570,.T.);
#3550=ORIENTED_EDGE('',*,*,#2567,.T.);
#3551=ORIENTED_EDGE('',*,*,#2570,.F.);
#3552=ORIENTED_EDGE('',*,*,#2571,.F.);
#3553=ORIENTED_EDGE('',*,*,#2572,.T.);
#3554=ORIENTED_EDGE('',*,*,#2569,.T.);
#3555=ORIENTED_EDGE('',*,*,#2572,.F.);
#3556=ORIENTED_EDGE('',*,*,#2573,.F.);
#3557=ORIENTED_EDGE('',*,*,#2574,.T.);
#3558=ORIENTED_EDGE('',*,*,#2571,.T.);
#3559=ORIENTED_EDGE('',*,*,#2574,.F.);
#3560=ORIENTED_EDGE('',*,*,#2575,.F.);
#3561=ORIENTED_EDGE('',*,*,#2576,.T.);
#3562=ORIENTED_EDGE('',*,*,#2573,.T.);
#3563=ORIENTED_EDGE('',*,*,#2576,.F.);
#3564=ORIENTED_EDGE('',*,*,#2577,.F.);
#3565=ORIENTED_EDGE('',*,*,#2578,.T.);
#3566=ORIENTED_EDGE('',*,*,#2575,.T.);
#3567=ORIENTED_EDGE('',*,*,#2578,.F.);
#3568=ORIENTED_EDGE('',*,*,#2579,.F.);
#3569=ORIENTED_EDGE('',*,*,#2580,.T.);
#3570=ORIENTED_EDGE('',*,*,#2577,.T.);
#3571=ORIENTED_EDGE('',*,*,#2580,.F.);
#3572=ORIENTED_EDGE('',*,*,#2581,.F.);
#3573=ORIENTED_EDGE('',*,*,#2582,.T.);
#3574=ORIENTED_EDGE('',*,*,#2579,.T.);
#3575=ORIENTED_EDGE('',*,*,#2582,.F.);
#3576=ORIENTED_EDGE('',*,*,#2583,.F.);
#3577=ORIENTED_EDGE('',*,*,#2584,.T.);
#3578=ORIENTED_EDGE('',*,*,#2581,.T.);
#3579=ORIENTED_EDGE('',*,*,#2584,.F.);
#3580=ORIENTED_EDGE('',*,*,#2585,.F.);
#3581=ORIENTED_EDGE('',*,*,#2586,.T.);
#3582=ORIENTED_EDGE('',*,*,#2583,.T.);
#3583=ORIENTED_EDGE('',*,*,#2586,.F.);
#3584=ORIENTED_EDGE('',*,*,#2587,.F.);
#3585=ORIENTED_EDGE('',*,*,#2588,.T.);
#3586=ORIENTED_EDGE('',*,*,#2585,.T.);
#3587=ORIENTED_EDGE('',*,*,#2588,.F.);
#3588=ORIENTED_EDGE('',*,*,#2589,.F.);
#3589=ORIENTED_EDGE('',*,*,#2590,.T.);
#3590=ORIENTED_EDGE('',*,*,#2587,.T.);
#3591=ORIENTED_EDGE('',*,*,#2590,.F.);
#3592=ORIENTED_EDGE('',*,*,#2591,.F.);
#3593=ORIENTED_EDGE('',*,*,#2592,.T.);
#3594=ORIENTED_EDGE('',*,*,#2589,.T.);
#3595=ORIENTED_EDGE('',*,*,#2592,.F.);
#3596=ORIENTED_EDGE('',*,*,#2593,.F.);
#3597=ORIENTED_EDGE('',*,*,#2594,.T.);
#3598=ORIENTED_EDGE('',*,*,#2591,.T.);
#3599=ORIENTED_EDGE('',*,*,#2594,.F.);
#3600=ORIENTED_EDGE('',*,*,#2595,.F.);
#3601=ORIENTED_EDGE('',*,*,#2596,.T.);
#3602=ORIENTED_EDGE('',*,*,#2593,.T.);
#3603=ORIENTED_EDGE('',*,*,#2596,.F.);
#3604=ORIENTED_EDGE('',*,*,#2597,.F.);
#3605=ORIENTED_EDGE('',*,*,#2598,.T.);
#3606=ORIENTED_EDGE('',*,*,#2595,.T.);
#3607=ORIENTED_EDGE('',*,*,#2598,.F.);
#3608=ORIENTED_EDGE('',*,*,#2599,.F.);
#3609=ORIENTED_EDGE('',*,*,#2600,.T.);
#3610=ORIENTED_EDGE('',*,*,#2597,.T.);
#3611=ORIENTED_EDGE('',*,*,#2600,.F.);
#3612=ORIENTED_EDGE('',*,*,#2601,.F.);
#3613=ORIENTED_EDGE('',*,*,#2602,.T.);
#3614=ORIENTED_EDGE('',*,*,#2599,.T.);
#3615=ORIENTED_EDGE('',*,*,#2602,.F.);
#3616=ORIENTED_EDGE('',*,*,#2603,.F.);
#3617=ORIENTED_EDGE('',*,*,#2604,.T.);
#3618=ORIENTED_EDGE('',*,*,#2601,.T.);
#3619=ORIENTED_EDGE('',*,*,#2604,.F.);
#3620=ORIENTED_EDGE('',*,*,#2605,.F.);
#3621=ORIENTED_EDGE('',*,*,#2606,.T.);
#3622=ORIENTED_EDGE('',*,*,#2603,.T.);
#3623=ORIENTED_EDGE('',*,*,#2606,.F.);
#3624=ORIENTED_EDGE('',*,*,#2607,.F.);
#3625=ORIENTED_EDGE('',*,*,#2608,.T.);
#3626=ORIENTED_EDGE('',*,*,#2605,.T.);
#3627=ORIENTED_EDGE('',*,*,#2608,.F.);
#3628=ORIENTED_EDGE('',*,*,#2609,.F.);
#3629=ORIENTED_EDGE('',*,*,#2610,.T.);
#3630=ORIENTED_EDGE('',*,*,#2607,.T.);
#3631=ORIENTED_EDGE('',*,*,#2610,.F.);
#3632=ORIENTED_EDGE('',*,*,#2611,.F.);
#3633=ORIENTED_EDGE('',*,*,#2612,.T.);
#3634=ORIENTED_EDGE('',*,*,#2609,.T.);
#3635=ORIENTED_EDGE('',*,*,#2612,.F.);
#3636=ORIENTED_EDGE('',*,*,#2613,.F.);
#3637=ORIENTED_EDGE('',*,*,#2614,.T.);
#3638=ORIENTED_EDGE('',*,*,#2611,.T.);
#3639=ORIENTED_EDGE('',*,*,#2614,.F.);
#3640=ORIENTED_EDGE('',*,*,#2615,.F.);
#3641=ORIENTED_EDGE('',*,*,#2616,.T.);
#3642=ORIENTED_EDGE('',*,*,#2613,.T.);
#3643=ORIENTED_EDGE('',*,*,#2616,.F.);
#3644=ORIENTED_EDGE('',*,*,#2617,.F.);
#3645=ORIENTED_EDGE('',*,*,#2618,.T.);
#3646=ORIENTED_EDGE('',*,*,#2615,.T.);
#3647=ORIENTED_EDGE('',*,*,#2618,.F.);
#3648=ORIENTED_EDGE('',*,*,#2619,.F.);
#3649=ORIENTED_EDGE('',*,*,#2620,.T.);
#3650=ORIENTED_EDGE('',*,*,#2617,.T.);
#3651=ORIENTED_EDGE('',*,*,#2620,.F.);
#3652=ORIENTED_EDGE('',*,*,#2621,.F.);
#3653=ORIENTED_EDGE('',*,*,#2622,.T.);
#3654=ORIENTED_EDGE('',*,*,#2619,.T.);
#3655=ORIENTED_EDGE('',*,*,#2622,.F.);
#3656=ORIENTED_EDGE('',*,*,#2623,.F.);
#3657=ORIENTED_EDGE('',*,*,#2624,.T.);
#3658=ORIENTED_EDGE('',*,*,#2621,.T.);
#3659=ORIENTED_EDGE('',*,*,#2624,.F.);
#3660=ORIENTED_EDGE('',*,*,#2625,.F.);
#3661=ORIENTED_EDGE('',*,*,#2626,.T.);
#3662=ORIENTED_EDGE('',*,*,#2623,.T.);
#3663=ORIENTED_EDGE('',*,*,#2626,.F.);
#3664=ORIENTED_EDGE('',*,*,#2627,.F.);
#3665=ORIENTED_EDGE('',*,*,#2628,.T.);
#3666=ORIENTED_EDGE('',*,*,#2625,.T.);
#3667=ORIENTED_EDGE('',*,*,#2628,.F.);
#3668=ORIENTED_EDGE('',*,*,#2629,.F.);
#3669=ORIENTED_EDGE('',*,*,#2630,.T.);
#3670=ORIENTED_EDGE('',*,*,#2627,.T.);
#3671=ORIENTED_EDGE('',*,*,#2630,.F.);
#3672=ORIENTED_EDGE('',*,*,#2631,.F.);
#3673=ORIENTED_EDGE('',*,*,#2632,.T.);
#3674=ORIENTED_EDGE('',*,*,#2629,.T.);
#3675=ORIENTED_EDGE('',*,*,#2632,.F.);
#3676=ORIENTED_EDGE('',*,*,#2633,.F.);
#3677=ORIENTED_EDGE('',*,*,#2634,.T.);
#3678=ORIENTED_EDGE('',*,*,#2631,.T.);
#3679=ORIENTED_EDGE('',*,*,#2634,.F.);
#3680=ORIENTED_EDGE('',*,*,#2635,.F.);
#3681=ORIENTED_EDGE('',*,*,#2636,.T.);
#3682=ORIENTED_EDGE('',*,*,#2633,.T.);
#3683=ORIENTED_EDGE('',*,*,#2636,.F.);
#3684=ORIENTED_EDGE('',*,*,#2637,.F.);
#3685=ORIENTED_EDGE('',*,*,#2638,.T.);
#3686=ORIENTED_EDGE('',*,*,#2635,.T.);
#3687=ORIENTED_EDGE('',*,*,#2638,.F.);
#3688=ORIENTED_EDGE('',*,*,#2639,.F.);
#3689=ORIENTED_EDGE('',*,*,#2640,.T.);
#3690=ORIENTED_EDGE('',*,*,#2637,.T.);
#3691=ORIENTED_EDGE('',*,*,#2640,.F.);
#3692=ORIENTED_EDGE('',*,*,#2641,.F.);
#3693=ORIENTED_EDGE('',*,*,#2642,.T.);
#3694=ORIENTED_EDGE('',*,*,#2639,.T.);
#3695=ORIENTED_EDGE('',*,*,#2642,.F.);
#3696=ORIENTED_EDGE('',*,*,#2643,.F.);
#3697=ORIENTED_EDGE('',*,*,#2644,.T.);
#3698=ORIENTED_EDGE('',*,*,#2641,.T.);
#3699=ORIENTED_EDGE('',*,*,#2644,.F.);
#3700=ORIENTED_EDGE('',*,*,#2645,.F.);
#3701=ORIENTED_EDGE('',*,*,#2646,.T.);
#3702=ORIENTED_EDGE('',*,*,#2643,.T.);
#3703=ORIENTED_EDGE('',*,*,#2646,.F.);
#3704=ORIENTED_EDGE('',*,*,#2647,.F.);
#3705=ORIENTED_EDGE('',*,*,#2648,.T.);
#3706=ORIENTED_EDGE('',*,*,#2645,.T.);
#3707=ORIENTED_EDGE('',*,*,#2648,.F.);
#3708=ORIENTED_EDGE('',*,*,#2649,.F.);
#3709=ORIENTED_EDGE('',*,*,#2650,.T.);
#3710=ORIENTED_EDGE('',*,*,#2647,.T.);
#3711=ORIENTED_EDGE('',*,*,#2650,.F.);
#3712=ORIENTED_EDGE('',*,*,#2651,.F.);
#3713=ORIENTED_EDGE('',*,*,#2652,.T.);
#3714=ORIENTED_EDGE('',*,*,#2649,.T.);
#3715=ORIENTED_EDGE('',*,*,#2652,.F.);
#3716=ORIENTED_EDGE('',*,*,#2653,.F.);
#3717=ORIENTED_EDGE('',*,*,#2654,.T.);
#3718=ORIENTED_EDGE('',*,*,#2651,.T.);
#3719=ORIENTED_EDGE('',*,*,#2654,.F.);
#3720=ORIENTED_EDGE('',*,*,#2655,.F.);
#3721=ORIENTED_EDGE('',*,*,#2656,.T.);
#3722=ORIENTED_EDGE('',*,*,#2653,.T.);
#3723=ORIENTED_EDGE('',*,*,#2656,.F.);
#3724=ORIENTED_EDGE('',*,*,#2657,.F.);
#3725=ORIENTED_EDGE('',*,*,#2658,.T.);
#3726=ORIENTED_EDGE('',*,*,#2655,.T.);
#3727=ORIENTED_EDGE('',*,*,#2658,.F.);
#3728=ORIENTED_EDGE('',*,*,#2659,.F.);
#3729=ORIENTED_EDGE('',*,*,#2660,.T.);
#3730=ORIENTED_EDGE('',*,*,#2657,.T.);
#3731=ORIENTED_EDGE('',*,*,#2660,.F.);
#3732=ORIENTED_EDGE('',*,*,#2661,.F.);
#3733=ORIENTED_EDGE('',*,*,#2662,.T.);
#3734=ORIENTED_EDGE('',*,*,#2659,.T.);
#3735=ORIENTED_EDGE('',*,*,#2662,.F.);
#3736=ORIENTED_EDGE('',*,*,#2663,.F.);
#3737=ORIENTED_EDGE('',*,*,#2664,.T.);
#3738=ORIENTED_EDGE('',*,*,#2661,.T.);
#3739=ORIENTED_EDGE('',*,*,#2664,.F.);
#3740=ORIENTED_EDGE('',*,*,#2665,.F.);
#3741=ORIENTED_EDGE('',*,*,#2666,.T.);
#3742=ORIENTED_EDGE('',*,*,#2663,.T.);
#3743=ORIENTED_EDGE('',*,*,#2666,.F.);
#3744=ORIENTED_EDGE('',*,*,#2667,.F.);
#3745=ORIENTED_EDGE('',*,*,#2668,.T.);
#3746=ORIENTED_EDGE('',*,*,#2665,.T.);
#3747=ORIENTED_EDGE('',*,*,#2668,.F.);
#3748=ORIENTED_EDGE('',*,*,#2669,.F.);
#3749=ORIENTED_EDGE('',*,*,#2670,.T.);
#3750=ORIENTED_EDGE('',*,*,#2667,.T.);
#3751=ORIENTED_EDGE('',*,*,#2670,.F.);
#3752=ORIENTED_EDGE('',*,*,#2671,.F.);
#3753=ORIENTED_EDGE('',*,*,#2672,.T.);
#3754=ORIENTED_EDGE('',*,*,#2669,.T.);
#3755=ORIENTED_EDGE('',*,*,#2672,.F.);
#3756=ORIENTED_EDGE('',*,*,#2673,.F.);
#3757=ORIENTED_EDGE('',*,*,#2674,.T.);
#3758=ORIENTED_EDGE('',*,*,#2671,.T.);
#3759=ORIENTED_EDGE('',*,*,#2674,.F.);
#3760=ORIENTED_EDGE('',*,*,#2675,.F.);
#3761=ORIENTED_EDGE('',*,*,#2676,.T.);
#3762=ORIENTED_EDGE('',*,*,#2673,.T.);
#3763=ORIENTED_EDGE('',*,*,#2676,.F.);
#3764=ORIENTED_EDGE('',*,*,#2677,.F.);
#3765=ORIENTED_EDGE('',*,*,#2678,.T.);
#3766=ORIENTED_EDGE('',*,*,#2675,.T.);
#3767=ORIENTED_EDGE('',*,*,#2678,.F.);
#3768=ORIENTED_EDGE('',*,*,#2679,.F.);
#3769=ORIENTED_EDGE('',*,*,#2680,.T.);
#3770=ORIENTED_EDGE('',*,*,#2677,.T.);
#3771=ORIENTED_EDGE('',*,*,#2680,.F.);
#3772=ORIENTED_EDGE('',*,*,#2681,.F.);
#3773=ORIENTED_EDGE('',*,*,#2682,.T.);
#3774=ORIENTED_EDGE('',*,*,#2679,.T.);
#3775=ORIENTED_EDGE('',*,*,#2682,.F.);
#3776=ORIENTED_EDGE('',*,*,#2683,.F.);
#3777=ORIENTED_EDGE('',*,*,#2684,.T.);
#3778=ORIENTED_EDGE('',*,*,#2681,.T.);
#3779=ORIENTED_EDGE('',*,*,#2684,.F.);
#3780=ORIENTED_EDGE('',*,*,#2685,.F.);
#3781=ORIENTED_EDGE('',*,*,#2686,.T.);
#3782=ORIENTED_EDGE('',*,*,#2683,.T.);
#3783=ORIENTED_EDGE('',*,*,#2686,.F.);
#3784=ORIENTED_EDGE('',*,*,#2687,.F.);
#3785=ORIENTED_EDGE('',*,*,#2688,.T.);
#3786=ORIENTED_EDGE('',*,*,#2685,.T.);
#3787=ORIENTED_EDGE('',*,*,#2688,.F.);
#3788=ORIENTED_EDGE('',*,*,#2689,.F.);
#3789=ORIENTED_EDGE('',*,*,#2690,.T.);
#3790=ORIENTED_EDGE('',*,*,#2687,.T.);
#3791=ORIENTED_EDGE('',*,*,#2690,.F.);
#3792=ORIENTED_EDGE('',*,*,#2691,.F.);
#3793=ORIENTED_EDGE('',*,*,#2692,.T.);
#3794=ORIENTED_EDGE('',*,*,#2689,.T.);
#3795=ORIENTED_EDGE('',*,*,#2692,.F.);
#3796=ORIENTED_EDGE('',*,*,#2693,.F.);
#3797=ORIENTED_EDGE('',*,*,#2694,.T.);
#3798=ORIENTED_EDGE('',*,*,#2691,.T.);
#3799=ORIENTED_EDGE('',*,*,#2694,.F.);
#3800=ORIENTED_EDGE('',*,*,#2695,.F.);
#3801=ORIENTED_EDGE('',*,*,#2696,.T.);
#3802=ORIENTED_EDGE('',*,*,#2693,.T.);
#3803=ORIENTED_EDGE('',*,*,#2696,.F.);
#3804=ORIENTED_EDGE('',*,*,#2697,.F.);
#3805=ORIENTED_EDGE('',*,*,#2698,.T.);
#3806=ORIENTED_EDGE('',*,*,#2695,.T.);
#3807=ORIENTED_EDGE('',*,*,#2698,.F.);
#3808=ORIENTED_EDGE('',*,*,#2699,.F.);
#3809=ORIENTED_EDGE('',*,*,#2700,.T.);
#3810=ORIENTED_EDGE('',*,*,#2697,.T.);
#3811=ORIENTED_EDGE('',*,*,#2700,.F.);
#3812=ORIENTED_EDGE('',*,*,#2701,.F.);
#3813=ORIENTED_EDGE('',*,*,#2702,.T.);
#3814=ORIENTED_EDGE('',*,*,#2699,.T.);
#3815=ORIENTED_EDGE('',*,*,#2702,.F.);
#3816=ORIENTED_EDGE('',*,*,#2703,.F.);
#3817=ORIENTED_EDGE('',*,*,#2704,.T.);
#3818=ORIENTED_EDGE('',*,*,#2701,.T.);
#3819=ORIENTED_EDGE('',*,*,#2704,.F.);
#3820=ORIENTED_EDGE('',*,*,#2705,.F.);
#3821=ORIENTED_EDGE('',*,*,#2706,.T.);
#3822=ORIENTED_EDGE('',*,*,#2703,.T.);
#3823=ORIENTED_EDGE('',*,*,#2706,.F.);
#3824=ORIENTED_EDGE('',*,*,#2707,.F.);
#3825=ORIENTED_EDGE('',*,*,#2708,.T.);
#3826=ORIENTED_EDGE('',*,*,#2705,.T.);
#3827=ORIENTED_EDGE('',*,*,#2708,.F.);
#3828=ORIENTED_EDGE('',*,*,#2709,.F.);
#3829=ORIENTED_EDGE('',*,*,#2710,.T.);
#3830=ORIENTED_EDGE('',*,*,#2707,.T.);
#3831=ORIENTED_EDGE('',*,*,#2710,.F.);
#3832=ORIENTED_EDGE('',*,*,#2711,.F.);
#3833=ORIENTED_EDGE('',*,*,#2712,.T.);
#3834=ORIENTED_EDGE('',*,*,#2709,.T.);
#3835=ORIENTED_EDGE('',*,*,#2712,.F.);
#3836=ORIENTED_EDGE('',*,*,#2713,.F.);
#3837=ORIENTED_EDGE('',*,*,#2714,.T.);
#3838=ORIENTED_EDGE('',*,*,#2711,.T.);
#3839=ORIENTED_EDGE('',*,*,#2714,.F.);
#3840=ORIENTED_EDGE('',*,*,#2715,.F.);
#3841=ORIENTED_EDGE('',*,*,#2716,.T.);
#3842=ORIENTED_EDGE('',*,*,#2713,.T.);
#3843=ORIENTED_EDGE('',*,*,#2716,.F.);
#3844=ORIENTED_EDGE('',*,*,#2717,.F.);
#3845=ORIENTED_EDGE('',*,*,#2718,.T.);
#3846=ORIENTED_EDGE('',*,*,#2715,.T.);
#3847=ORIENTED_EDGE('',*,*,#2718,.F.);
#3848=ORIENTED_EDGE('',*,*,#2719,.F.);
#3849=ORIENTED_EDGE('',*,*,#2720,.T.);
#3850=ORIENTED_EDGE('',*,*,#2717,.T.);
#3851=ORIENTED_EDGE('',*,*,#2720,.F.);
#3852=ORIENTED_EDGE('',*,*,#2721,.F.);
#3853=ORIENTED_EDGE('',*,*,#2722,.T.);
#3854=ORIENTED_EDGE('',*,*,#2719,.T.);
#3855=ORIENTED_EDGE('',*,*,#2722,.F.);
#3856=ORIENTED_EDGE('',*,*,#2723,.F.);
#3857=ORIENTED_EDGE('',*,*,#2724,.T.);
#3858=ORIENTED_EDGE('',*,*,#2721,.T.);
#3859=ORIENTED_EDGE('',*,*,#2724,.F.);
#3860=ORIENTED_EDGE('',*,*,#2725,.F.);
#3861=ORIENTED_EDGE('',*,*,#2726,.T.);
#3862=ORIENTED_EDGE('',*,*,#2723,.T.);
#3863=ORIENTED_EDGE('',*,*,#2726,.F.);
#3864=ORIENTED_EDGE('',*,*,#2727,.F.);
#3865=ORIENTED_EDGE('',*,*,#2728,.T.);
#3866=ORIENTED_EDGE('',*,*,#2725,.T.);
#3867=ORIENTED_EDGE('',*,*,#2728,.F.);
#3868=ORIENTED_EDGE('',*,*,#2729,.F.);
#3869=ORIENTED_EDGE('',*,*,#2730,.T.);
#3870=ORIENTED_EDGE('',*,*,#2727,.T.);
#3871=ORIENTED_EDGE('',*,*,#2730,.F.);
#3872=ORIENTED_EDGE('',*,*,#2731,.F.);
#3873=ORIENTED_EDGE('',*,*,#2732,.T.);
#3874=ORIENTED_EDGE('',*,*,#2729,.T.);
#3875=ORIENTED_EDGE('',*,*,#2732,.F.);
#3876=ORIENTED_EDGE('',*,*,#2733,.F.);
#3877=ORIENTED_EDGE('',*,*,#2734,.T.);
#3878=ORIENTED_EDGE('',*,*,#2731,.T.);
#3879=ORIENTED_EDGE('',*,*,#2734,.F.);
#3880=ORIENTED_EDGE('',*,*,#2735,.F.);
#3881=ORIENTED_EDGE('',*,*,#2736,.T.);
#3882=ORIENTED_EDGE('',*,*,#2733,.T.);
#3883=ORIENTED_EDGE('',*,*,#2736,.F.);
#3884=ORIENTED_EDGE('',*,*,#2737,.F.);
#3885=ORIENTED_EDGE('',*,*,#2738,.T.);
#3886=ORIENTED_EDGE('',*,*,#2735,.T.);
#3887=ORIENTED_EDGE('',*,*,#2738,.F.);
#3888=ORIENTED_EDGE('',*,*,#2739,.F.);
#3889=ORIENTED_EDGE('',*,*,#2740,.T.);
#3890=ORIENTED_EDGE('',*,*,#2737,.T.);
#3891=ORIENTED_EDGE('',*,*,#2740,.F.);
#3892=ORIENTED_EDGE('',*,*,#2741,.F.);
#3893=ORIENTED_EDGE('',*,*,#2742,.T.);
#3894=ORIENTED_EDGE('',*,*,#2739,.T.);
#3895=ORIENTED_EDGE('',*,*,#2742,.F.);
#3896=ORIENTED_EDGE('',*,*,#2743,.F.);
#3897=ORIENTED_EDGE('',*,*,#2744,.T.);
#3898=ORIENTED_EDGE('',*,*,#2741,.T.);
#3899=ORIENTED_EDGE('',*,*,#2744,.F.);
#3900=ORIENTED_EDGE('',*,*,#2745,.F.);
#3901=ORIENTED_EDGE('',*,*,#2746,.T.);
#3902=ORIENTED_EDGE('',*,*,#2743,.T.);
#3903=ORIENTED_EDGE('',*,*,#2746,.F.);
#3904=ORIENTED_EDGE('',*,*,#2747,.F.);
#3905=ORIENTED_EDGE('',*,*,#2748,.T.);
#3906=ORIENTED_EDGE('',*,*,#2745,.T.);
#3907=ORIENTED_EDGE('',*,*,#2748,.F.);
#3908=ORIENTED_EDGE('',*,*,#2749,.F.);
#3909=ORIENTED_EDGE('',*,*,#2750,.T.);
#3910=ORIENTED_EDGE('',*,*,#2747,.T.);
#3911=ORIENTED_EDGE('',*,*,#2750,.F.);
#3912=ORIENTED_EDGE('',*,*,#2751,.F.);
#3913=ORIENTED_EDGE('',*,*,#2752,.T.);
#3914=ORIENTED_EDGE('',*,*,#2749,.T.);
#3915=ORIENTED_EDGE('',*,*,#2752,.F.);
#3916=ORIENTED_EDGE('',*,*,#2753,.F.);
#3917=ORIENTED_EDGE('',*,*,#2754,.T.);
#3918=ORIENTED_EDGE('',*,*,#2751,.T.);
#3919=ORIENTED_EDGE('',*,*,#2754,.F.);
#3920=ORIENTED_EDGE('',*,*,#2755,.F.);
#3921=ORIENTED_EDGE('',*,*,#2756,.T.);
#3922=ORIENTED_EDGE('',*,*,#2753,.T.);
#3923=ORIENTED_EDGE('',*,*,#2756,.F.);
#3924=ORIENTED_EDGE('',*,*,#2757,.F.);
#3925=ORIENTED_EDGE('',*,*,#2758,.T.);
#3926=ORIENTED_EDGE('',*,*,#2755,.T.);
#3927=ORIENTED_EDGE('',*,*,#2758,.F.);
#3928=ORIENTED_EDGE('',*,*,#2759,.F.);
#3929=ORIENTED_EDGE('',*,*,#2760,.T.);
#3930=ORIENTED_EDGE('',*,*,#2757,.T.);
#3931=ORIENTED_EDGE('',*,*,#2760,.F.);
#3932=ORIENTED_EDGE('',*,*,#2761,.F.);
#3933=ORIENTED_EDGE('',*,*,#2762,.T.);
#3934=ORIENTED_EDGE('',*,*,#2759,.T.);
#3935=ORIENTED_EDGE('',*,*,#2762,.F.);
#3936=ORIENTED_EDGE('',*,*,#2763,.F.);
#3937=ORIENTED_EDGE('',*,*,#2764,.T.);
#3938=ORIENTED_EDGE('',*,*,#2761,.T.);
#3939=ORIENTED_EDGE('',*,*,#2764,.F.);
#3940=ORIENTED_EDGE('',*,*,#2765,.F.);
#3941=ORIENTED_EDGE('',*,*,#2766,.T.);
#3942=ORIENTED_EDGE('',*,*,#2763,.T.);
#3943=ORIENTED_EDGE('',*,*,#2766,.F.);
#3944=ORIENTED_EDGE('',*,*,#2767,.F.);
#3945=ORIENTED_EDGE('',*,*,#2768,.T.);
#3946=ORIENTED_EDGE('',*,*,#2765,.T.);
#3947=ORIENTED_EDGE('',*,*,#2768,.F.);
#3948=ORIENTED_EDGE('',*,*,#2769,.F.);
#3949=ORIENTED_EDGE('',*,*,#2770,.T.);
#3950=ORIENTED_EDGE('',*,*,#2767,.T.);
#3951=ORIENTED_EDGE('',*,*,#2770,.F.);
#3952=ORIENTED_EDGE('',*,*,#2771,.F.);
#3953=ORIENTED_EDGE('',*,*,#2772,.T.);
#3954=ORIENTED_EDGE('',*,*,#2769,.T.);
#3955=ORIENTED_EDGE('',*,*,#2772,.F.);
#3956=ORIENTED_EDGE('',*,*,#2773,.F.);
#3957=ORIENTED_EDGE('',*,*,#2774,.T.);
#3958=ORIENTED_EDGE('',*,*,#2771,.T.);
#3959=ORIENTED_EDGE('',*,*,#2774,.F.);
#3960=ORIENTED_EDGE('',*,*,#2775,.F.);
#3961=ORIENTED_EDGE('',*,*,#2776,.T.);
#3962=ORIENTED_EDGE('',*,*,#2773,.T.);
#3963=ORIENTED_EDGE('',*,*,#2776,.F.);
#3964=ORIENTED_EDGE('',*,*,#2777,.F.);
#3965=ORIENTED_EDGE('',*,*,#2778,.T.);
#3966=ORIENTED_EDGE('',*,*,#2775,.T.);
#3967=ORIENTED_EDGE('',*,*,#2778,.F.);
#3968=ORIENTED_EDGE('',*,*,#2779,.F.);
#3969=ORIENTED_EDGE('',*,*,#2780,.T.);
#3970=ORIENTED_EDGE('',*,*,#2777,.T.);
#3971=ORIENTED_EDGE('',*,*,#2780,.F.);
#3972=ORIENTED_EDGE('',*,*,#2781,.F.);
#3973=ORIENTED_EDGE('',*,*,#2782,.T.);
#3974=ORIENTED_EDGE('',*,*,#2779,.T.);
#3975=ORIENTED_EDGE('',*,*,#2782,.F.);
#3976=ORIENTED_EDGE('',*,*,#2783,.F.);
#3977=ORIENTED_EDGE('',*,*,#2784,.T.);
#3978=ORIENTED_EDGE('',*,*,#2781,.T.);
#3979=ORIENTED_EDGE('',*,*,#2784,.F.);
#3980=ORIENTED_EDGE('',*,*,#2785,.F.);
#3981=ORIENTED_EDGE('',*,*,#2786,.T.);
#3982=ORIENTED_EDGE('',*,*,#2783,.T.);
#3983=ORIENTED_EDGE('',*,*,#2786,.F.);
#3984=ORIENTED_EDGE('',*,*,#2787,.F.);
#3985=ORIENTED_EDGE('',*,*,#2788,.T.);
#3986=ORIENTED_EDGE('',*,*,#2785,.T.);
#3987=ORIENTED_EDGE('',*,*,#2788,.F.);
#3988=ORIENTED_EDGE('',*,*,#2789,.F.);
#3989=ORIENTED_EDGE('',*,*,#2790,.T.);
#3990=ORIENTED_EDGE('',*,*,#2787,.T.);
#3991=ORIENTED_EDGE('',*,*,#2790,.F.);
#3992=ORIENTED_EDGE('',*,*,#2791,.F.);
#3993=ORIENTED_EDGE('',*,*,#2792,.T.);
#3994=ORIENTED_EDGE('',*,*,#2789,.T.);
#3995=ORIENTED_EDGE('',*,*,#2792,.F.);
#3996=ORIENTED_EDGE('',*,*,#2793,.F.);
#3997=ORIENTED_EDGE('',*,*,#2794,.T.);
#3998=ORIENTED_EDGE('',*,*,#2791,.T.);
#3999=ORIENTED_EDGE('',*,*,#2794,.F.);
#4000=ORIENTED_EDGE('',*,*,#2795,.F.);
#4001=ORIENTED_EDGE('',*,*,#2796,.T.);
#4002=ORIENTED_EDGE('',*,*,#2793,.T.);
#4003=ORIENTED_EDGE('',*,*,#2796,.F.);
#4004=ORIENTED_EDGE('',*,*,#2797,.F.);
#4005=ORIENTED_EDGE('',*,*,#2798,.T.);
#4006=ORIENTED_EDGE('',*,*,#2795,.T.);
#4007=ORIENTED_EDGE('',*,*,#2798,.F.);
#4008=ORIENTED_EDGE('',*,*,#2799,.F.);
#4009=ORIENTED_EDGE('',*,*,#2800,.T.);
#4010=ORIENTED_EDGE('',*,*,#2797,.T.);
#4011=ORIENTED_EDGE('',*,*,#2800,.F.);
#4012=ORIENTED_EDGE('',*,*,#2801,.F.);
#4013=ORIENTED_EDGE('',*,*,#2802,.T.);
#4014=ORIENTED_EDGE('',*,*,#2799,.T.);
#4015=ORIENTED_EDGE('',*,*,#2802,.F.);
#4016=ORIENTED_EDGE('',*,*,#2803,.F.);
#4017=ORIENTED_EDGE('',*,*,#2804,.T.);
#4018=ORIENTED_EDGE('',*,*,#2801,.T.);
#4019=ORIENTED_EDGE('',*,*,#2804,.F.);
#4020=ORIENTED_EDGE('',*,*,#2805,.F.);
#4021=ORIENTED_EDGE('',*,*,#2806,.T.);
#4022=ORIENTED_EDGE('',*,*,#2803,.T.);
#4023=ORIENTED_EDGE('',*,*,#2806,.F.);
#4024=ORIENTED_EDGE('',*,*,#2807,.F.);
#4025=ORIENTED_EDGE('',*,*,#2808,.T.);
#4026=ORIENTED_EDGE('',*,*,#2805,.T.);
#4027=ORIENTED_EDGE('',*,*,#2808,.F.);
#4028=ORIENTED_EDGE('',*,*,#2809,.F.);
#4029=ORIENTED_EDGE('',*,*,#2810,.T.);
#4030=ORIENTED_EDGE('',*,*,#2807,.T.);
#4031=ORIENTED_EDGE('',*,*,#2810,.F.);
#4032=ORIENTED_EDGE('',*,*,#2811,.F.);
#4033=ORIENTED_EDGE('',*,*,#2812,.T.);
#4034=ORIENTED_EDGE('',*,*,#2809,.T.);
#4035=ORIENTED_EDGE('',*,*,#2812,.F.);
#4036=ORIENTED_EDGE('',*,*,#2813,.F.);
#4037=ORIENTED_EDGE('',*,*,#2814,.T.);
#4038=ORIENTED_EDGE('',*,*,#2811,.T.);
#4039=ORIENTED_EDGE('',*,*,#2814,.F.);
#4040=ORIENTED_EDGE('',*,*,#2815,.F.);
#4041=ORIENTED_EDGE('',*,*,#2816,.T.);
#4042=ORIENTED_EDGE('',*,*,#2813,.T.);
#4043=ORIENTED_EDGE('',*,*,#2816,.F.);
#4044=ORIENTED_EDGE('',*,*,#2817,.F.);
#4045=ORIENTED_EDGE('',*,*,#2818,.T.);
#4046=ORIENTED_EDGE('',*,*,#2815,.T.);
#4047=ORIENTED_EDGE('',*,*,#2818,.F.);
#4048=ORIENTED_EDGE('',*,*,#2819,.F.);
#4049=ORIENTED_EDGE('',*,*,#2820,.T.);
#4050=ORIENTED_EDGE('',*,*,#2817,.T.);
#4051=ORIENTED_EDGE('',*,*,#2820,.F.);
#4052=ORIENTED_EDGE('',*,*,#2821,.F.);
#4053=ORIENTED_EDGE('',*,*,#2822,.T.);
#4054=ORIENTED_EDGE('',*,*,#2819,.T.);
#4055=ORIENTED_EDGE('',*,*,#2822,.F.);
#4056=ORIENTED_EDGE('',*,*,#2823,.F.);
#4057=ORIENTED_EDGE('',*,*,#2824,.T.);
#4058=ORIENTED_EDGE('',*,*,#2821,.T.);
#4059=ORIENTED_EDGE('',*,*,#2824,.F.);
#4060=ORIENTED_EDGE('',*,*,#2548,.T.);
#4061=ORIENTED_EDGE('',*,*,#2825,.T.);
#4062=ORIENTED_EDGE('',*,*,#2823,.T.);
#4063=ORIENTED_EDGE('',*,*,#2825,.F.);
#4064=PLANE('',#4431);
#4065=PLANE('',#4432);
#4066=PLANE('',#4433);
#4067=PLANE('',#4434);
#4068=PLANE('',#4439);
#4069=PLANE('',#4440);
#4070=PLANE('',#4441);
#4071=PLANE('',#4442);
#4072=PLANE('',#4443);
#4073=PLANE('',#4444);
#4074=PLANE('',#4445);
#4075=PLANE('',#4452);
#4076=PLANE('',#4453);
#4077=PLANE('',#4454);
#4078=PLANE('',#4467);
#4079=PLANE('',#4468);
#4080=PLANE('',#4470);
#4081=PLANE('',#4471);
#4082=PLANE('',#4475);
#4083=PLANE('',#4478);
#4084=PLANE('',#4486);
#4085=PLANE('',#4490);
#4086=PLANE('',#4493);
#4087=PLANE('',#4494);
#4088=PLANE('',#4495);
#4089=PLANE('',#4496);
#4090=PLANE('',#4497);
#4091=PLANE('',#4502);
#4092=PLANE('',#4503);
#4093=PLANE('',#4504);
#4094=PLANE('',#4505);
#4095=PLANE('',#4506);
#4096=PLANE('',#4507);
#4097=PLANE('',#4514);
#4098=PLANE('',#4515);
#4099=PLANE('',#4516);
#4100=PLANE('',#4529);
#4101=PLANE('',#4530);
#4102=PLANE('',#4532);
#4103=PLANE('',#4533);
#4104=PLANE('',#4539);
#4105=PLANE('',#4542);
#4106=PLANE('',#4550);
#4107=PLANE('',#4554);
#4108=PLANE('',#4555);
#4109=PLANE('',#4556);
#4110=PLANE('',#4558);
#4111=PLANE('',#4559);
#4112=PLANE('',#4560);
#4113=PLANE('',#4561);
#4114=PLANE('',#4569);
#4115=PLANE('',#4574);
#4116=PLANE('',#4677);
#4117=PLANE('',#4678);
#4118=PLANE('',#4679);
#4119=PLANE('',#4680);
#4120=PLANE('',#4681);
#4121=PLANE('',#4682);
#4122=PLANE('',#4685);
#4123=PLANE('',#4686);
#4124=PLANE('',#4689);
#4125=PLANE('',#4692);
#4126=PLANE('',#4694);
#4127=PLANE('',#4700);
#4128=ADVANCED_FACE('',(#535),#4064,.T.);
#4129=ADVANCED_FACE('',(#536),#4065,.T.);
#4130=ADVANCED_FACE('',(#537),#4066,.T.);
#4131=ADVANCED_FACE('',(#538,#246,#247),#4067,.T.);
#4132=ADVANCED_FACE('',(#539),#4068,.F.);
#4133=ADVANCED_FACE('',(#540),#4069,.T.);
#4134=ADVANCED_FACE('',(#541),#4070,.T.);
#4135=ADVANCED_FACE('',(#542),#4071,.T.);
#4136=ADVANCED_FACE('',(#543),#4072,.T.);
#4137=ADVANCED_FACE('',(#544),#4073,.T.);
#4138=ADVANCED_FACE('',(#545,#248,#249,#250,#251,#252,#253),#4074,.T.);
#4139=ADVANCED_FACE('',(#546),#4075,.T.);
#4140=ADVANCED_FACE('',(#547),#4076,.T.);
#4141=ADVANCED_FACE('',(#548,#254,#255),#4077,.T.);
#4142=ADVANCED_FACE('',(#549),#221,.F.);
#4143=ADVANCED_FACE('',(#550),#222,.F.);
#4144=ADVANCED_FACE('',(#551),#223,.F.);
#4145=ADVANCED_FACE('',(#552),#224,.F.);
#4146=ADVANCED_FACE('',(#553),#225,.F.);
#4147=ADVANCED_FACE('',(#554),#226,.F.);
#4148=ADVANCED_FACE('',(#555),#4078,.F.);
#4149=ADVANCED_FACE('',(#556),#4079,.F.);
#4150=ADVANCED_FACE('',(#557),#4080,.F.);
#4151=ADVANCED_FACE('',(#558,#256,#257),#4081,.F.);
#4152=ADVANCED_FACE('',(#559),#30,.F.);
#4153=ADVANCED_FACE('',(#560),#4082,.T.);
#4154=ADVANCED_FACE('',(#561),#227,.F.);
#4155=ADVANCED_FACE('',(#562),#4083,.F.);
#4156=ADVANCED_FACE('',(#563),#25,.T.);
#4157=ADVANCED_FACE('',(#564),#228,.F.);
#4158=ADVANCED_FACE('',(#565),#26,.T.);
#4159=ADVANCED_FACE('',(#566),#4084,.F.);
#4160=ADVANCED_FACE('',(#567),#229,.F.);
#4161=ADVANCED_FACE('',(#568),#4085,.F.);
#4162=ADVANCED_FACE('',(#569),#230,.F.);
#4163=ADVANCED_FACE('',(#570),#4086,.T.);
#4164=ADVANCED_FACE('',(#571),#4087,.T.);
#4165=ADVANCED_FACE('',(#572),#4088,.T.);
#4166=ADVANCED_FACE('',(#573),#4089,.F.);
#4167=ADVANCED_FACE('',(#574,#258,#259),#4090,.F.);
#4168=ADVANCED_FACE('',(#575),#4091,.T.);
#4169=ADVANCED_FACE('',(#576),#4092,.T.);
#4170=ADVANCED_FACE('',(#577),#4093,.T.);
#4171=ADVANCED_FACE('',(#578),#4094,.T.);
#4172=ADVANCED_FACE('',(#579),#4095,.T.);
#4173=ADVANCED_FACE('',(#580,#260,#261,#262,#263,#264,#265),#4096,.T.);
#4174=ADVANCED_FACE('',(#581),#4097,.T.);
#4175=ADVANCED_FACE('',(#582),#4098,.T.);
#4176=ADVANCED_FACE('',(#583,#266,#267),#4099,.F.);
#4177=ADVANCED_FACE('',(#584),#231,.F.);
#4178=ADVANCED_FACE('',(#585),#232,.F.);
#4179=ADVANCED_FACE('',(#586),#233,.F.);
#4180=ADVANCED_FACE('',(#587),#234,.F.);
#4181=ADVANCED_FACE('',(#588),#235,.F.);
#4182=ADVANCED_FACE('',(#589),#236,.F.);
#4183=ADVANCED_FACE('',(#590),#4100,.F.);
#4184=ADVANCED_FACE('',(#591),#4101,.F.);
#4185=ADVANCED_FACE('',(#592),#4102,.F.);
#4186=ADVANCED_FACE('',(#593,#268,#269),#4103,.F.);
#4187=ADVANCED_FACE('',(#594),#237,.F.);
#4188=ADVANCED_FACE('',(#595),#31,.F.);
#4189=ADVANCED_FACE('',(#596),#4104,.T.);
#4190=ADVANCED_FACE('',(#597),#238,.F.);
#4191=ADVANCED_FACE('',(#598),#4105,.F.);
#4192=ADVANCED_FACE('',(#599),#27,.T.);
#4193=ADVANCED_FACE('',(#600),#239,.F.);
#4194=ADVANCED_FACE('',(#601),#28,.T.);
#4195=ADVANCED_FACE('',(#602),#4106,.F.);
#4196=ADVANCED_FACE('',(#603),#240,.F.);
#4197=ADVANCED_FACE('',(#604),#4107,.F.);
#4198=ADVANCED_FACE('',(#605),#4108,.T.);
#4199=ADVANCED_FACE('',(#606,#270),#4109,.F.);
#4200=ADVANCED_FACE('',(#607),#4110,.T.);
#4201=ADVANCED_FACE('',(#608),#4111,.T.);
#4202=ADVANCED_FACE('',(#609),#4112,.T.);
#4203=ADVANCED_FACE('',(#610),#4113,.T.);
#4204=ADVANCED_FACE('',(#611),#32,.T.);
#4205=ADVANCED_FACE('',(#612),#241,.F.);
#4206=ADVANCED_FACE('',(#613),#33,.F.);
#4207=ADVANCED_FACE('',(#614),#4114,.T.);
#4208=ADVANCED_FACE('',(#615),#34,.T.);
#4209=ADVANCED_FACE('',(#616),#242,.T.);
#4210=ADVANCED_FACE('',(#617,#271),#4115,.T.);
#4211=ADVANCED_FACE('',(#618),#29,.F.);
#4212=ADVANCED_FACE('',(#619),#35,.T.);
#4213=ADVANCED_FACE('',(#620),#36,.T.);
#4214=ADVANCED_FACE('',(#621),#37,.T.);
#4215=ADVANCED_FACE('',(#622),#38,.T.);
#4216=ADVANCED_FACE('',(#623),#39,.T.);
#4217=ADVANCED_FACE('',(#624),#40,.T.);
#4218=ADVANCED_FACE('',(#625),#41,.T.);
#4219=ADVANCED_FACE('',(#626),#42,.T.);
#4220=ADVANCED_FACE('',(#627),#43,.T.);
#4221=ADVANCED_FACE('',(#628),#44,.T.);
#4222=ADVANCED_FACE('',(#629),#45,.T.);
#4223=ADVANCED_FACE('',(#630),#46,.T.);
#4224=ADVANCED_FACE('',(#631),#47,.T.);
#4225=ADVANCED_FACE('',(#632),#48,.T.);
#4226=ADVANCED_FACE('',(#633),#49,.T.);
#4227=ADVANCED_FACE('',(#634),#50,.T.);
#4228=ADVANCED_FACE('',(#635),#51,.T.);
#4229=ADVANCED_FACE('',(#636),#52,.T.);
#4230=ADVANCED_FACE('',(#637),#53,.T.);
#4231=ADVANCED_FACE('',(#638),#54,.T.);
#4232=ADVANCED_FACE('',(#639),#55,.T.);
#4233=ADVANCED_FACE('',(#640),#56,.T.);
#4234=ADVANCED_FACE('',(#641),#57,.T.);
#4235=ADVANCED_FACE('',(#642),#58,.T.);
#4236=ADVANCED_FACE('',(#643),#59,.T.);
#4237=ADVANCED_FACE('',(#644),#60,.T.);
#4238=ADVANCED_FACE('',(#645),#61,.T.);
#4239=ADVANCED_FACE('',(#646),#62,.T.);
#4240=ADVANCED_FACE('',(#647),#63,.T.);
#4241=ADVANCED_FACE('',(#648),#64,.T.);
#4242=ADVANCED_FACE('',(#649),#65,.T.);
#4243=ADVANCED_FACE('',(#650),#66,.T.);
#4244=ADVANCED_FACE('',(#651),#67,.T.);
#4245=ADVANCED_FACE('',(#652),#68,.T.);
#4246=ADVANCED_FACE('',(#653),#69,.T.);
#4247=ADVANCED_FACE('',(#654),#70,.T.);
#4248=ADVANCED_FACE('',(#655),#71,.T.);
#4249=ADVANCED_FACE('',(#656),#72,.T.);
#4250=ADVANCED_FACE('',(#657),#73,.T.);
#4251=ADVANCED_FACE('',(#658),#74,.T.);
#4252=ADVANCED_FACE('',(#659),#75,.T.);
#4253=ADVANCED_FACE('',(#660),#76,.T.);
#4254=ADVANCED_FACE('',(#661),#77,.T.);
#4255=ADVANCED_FACE('',(#662),#78,.T.);
#4256=ADVANCED_FACE('',(#663),#79,.T.);
#4257=ADVANCED_FACE('',(#664),#80,.T.);
#4258=ADVANCED_FACE('',(#665),#81,.T.);
#4259=ADVANCED_FACE('',(#666),#82,.T.);
#4260=ADVANCED_FACE('',(#667),#83,.T.);
#4261=ADVANCED_FACE('',(#668),#4116,.T.);
#4262=ADVANCED_FACE('',(#669),#4117,.T.);
#4263=ADVANCED_FACE('',(#670),#4118,.T.);
#4264=ADVANCED_FACE('',(#671),#4119,.T.);
#4265=ADVANCED_FACE('',(#672),#4120,.T.);
#4266=ADVANCED_FACE('',(#673,#272,#273),#4121,.T.);
#4267=ADVANCED_FACE('',(#674),#4122,.T.);
#4268=ADVANCED_FACE('',(#675,#274,#275),#4123,.T.);
#4269=ADVANCED_FACE('',(#676),#4124,.T.);
#4270=ADVANCED_FACE('',(#677),#243,.F.);
#4271=ADVANCED_FACE('',(#678),#244,.F.);
#4272=ADVANCED_FACE('',(#679,#276),#4125,.T.);
#4273=ADVANCED_FACE('',(#680),#4126,.T.);
#4274=ADVANCED_FACE('',(#681),#84,.T.);
#4275=ADVANCED_FACE('',(#682),#245,.T.);
#4276=ADVANCED_FACE('',(#683,#277),#4127,.T.);
#4277=ADVANCED_FACE('',(#684),#85,.T.);
#4278=ADVANCED_FACE('',(#685),#86,.T.);
#4279=ADVANCED_FACE('',(#686),#87,.T.);
#4280=ADVANCED_FACE('',(#687),#88,.T.);
#4281=ADVANCED_FACE('',(#688),#89,.T.);
#4282=ADVANCED_FACE('',(#689),#90,.T.);
#4283=ADVANCED_FACE('',(#690),#91,.T.);
#4284=ADVANCED_FACE('',(#691),#92,.T.);
#4285=ADVANCED_FACE('',(#692),#93,.T.);
#4286=ADVANCED_FACE('',(#693),#94,.T.);
#4287=ADVANCED_FACE('',(#694),#95,.T.);
#4288=ADVANCED_FACE('',(#695),#96,.T.);
#4289=ADVANCED_FACE('',(#696),#97,.T.);
#4290=ADVANCED_FACE('',(#697),#98,.T.);
#4291=ADVANCED_FACE('',(#698),#99,.T.);
#4292=ADVANCED_FACE('',(#699),#100,.T.);
#4293=ADVANCED_FACE('',(#700),#101,.T.);
#4294=ADVANCED_FACE('',(#701),#102,.T.);
#4295=ADVANCED_FACE('',(#702),#103,.T.);
#4296=ADVANCED_FACE('',(#703),#104,.T.);
#4297=ADVANCED_FACE('',(#704),#105,.T.);
#4298=ADVANCED_FACE('',(#705),#106,.T.);
#4299=ADVANCED_FACE('',(#706),#107,.T.);
#4300=ADVANCED_FACE('',(#707),#108,.T.);
#4301=ADVANCED_FACE('',(#708),#109,.T.);
#4302=ADVANCED_FACE('',(#709),#110,.T.);
#4303=ADVANCED_FACE('',(#710),#111,.T.);
#4304=ADVANCED_FACE('',(#711),#112,.T.);
#4305=ADVANCED_FACE('',(#712),#113,.T.);
#4306=ADVANCED_FACE('',(#713),#114,.T.);
#4307=ADVANCED_FACE('',(#714),#115,.T.);
#4308=ADVANCED_FACE('',(#715),#116,.T.);
#4309=ADVANCED_FACE('',(#716),#117,.T.);
#4310=ADVANCED_FACE('',(#717),#118,.T.);
#4311=ADVANCED_FACE('',(#718),#119,.T.);
#4312=ADVANCED_FACE('',(#719),#120,.T.);
#4313=ADVANCED_FACE('',(#720),#121,.T.);
#4314=ADVANCED_FACE('',(#721),#122,.T.);
#4315=ADVANCED_FACE('',(#722),#123,.T.);
#4316=ADVANCED_FACE('',(#723),#124,.T.);
#4317=ADVANCED_FACE('',(#724),#125,.T.);
#4318=ADVANCED_FACE('',(#725),#126,.T.);
#4319=ADVANCED_FACE('',(#726),#127,.T.);
#4320=ADVANCED_FACE('',(#727),#128,.T.);
#4321=ADVANCED_FACE('',(#728),#129,.T.);
#4322=ADVANCED_FACE('',(#729),#130,.T.);
#4323=ADVANCED_FACE('',(#730),#131,.T.);
#4324=ADVANCED_FACE('',(#731),#132,.T.);
#4325=ADVANCED_FACE('',(#732),#133,.T.);
#4326=ADVANCED_FACE('',(#733),#134,.T.);
#4327=ADVANCED_FACE('',(#734),#135,.T.);
#4328=ADVANCED_FACE('',(#735),#136,.T.);
#4329=ADVANCED_FACE('',(#736),#137,.T.);
#4330=ADVANCED_FACE('',(#737),#138,.T.);
#4331=ADVANCED_FACE('',(#738),#139,.T.);
#4332=ADVANCED_FACE('',(#739),#140,.T.);
#4333=ADVANCED_FACE('',(#740),#141,.T.);
#4334=ADVANCED_FACE('',(#741),#142,.T.);
#4335=ADVANCED_FACE('',(#742),#143,.T.);
#4336=ADVANCED_FACE('',(#743),#144,.T.);
#4337=ADVANCED_FACE('',(#744),#145,.T.);
#4338=ADVANCED_FACE('',(#745),#146,.T.);
#4339=ADVANCED_FACE('',(#746),#147,.T.);
#4340=ADVANCED_FACE('',(#747),#148,.T.);
#4341=ADVANCED_FACE('',(#748),#149,.T.);
#4342=ADVANCED_FACE('',(#749),#150,.T.);
#4343=ADVANCED_FACE('',(#750),#151,.T.);
#4344=ADVANCED_FACE('',(#751),#152,.T.);
#4345=ADVANCED_FACE('',(#752),#153,.T.);
#4346=ADVANCED_FACE('',(#753),#154,.T.);
#4347=ADVANCED_FACE('',(#754),#155,.T.);
#4348=ADVANCED_FACE('',(#755),#156,.T.);
#4349=ADVANCED_FACE('',(#756),#157,.T.);
#4350=ADVANCED_FACE('',(#757),#158,.T.);
#4351=ADVANCED_FACE('',(#758),#159,.T.);
#4352=ADVANCED_FACE('',(#759),#160,.T.);
#4353=ADVANCED_FACE('',(#760),#161,.T.);
#4354=ADVANCED_FACE('',(#761),#162,.T.);
#4355=ADVANCED_FACE('',(#762),#163,.T.);
#4356=ADVANCED_FACE('',(#763),#164,.T.);
#4357=ADVANCED_FACE('',(#764),#165,.T.);
#4358=ADVANCED_FACE('',(#765),#166,.T.);
#4359=ADVANCED_FACE('',(#766),#167,.T.);
#4360=ADVANCED_FACE('',(#767),#168,.T.);
#4361=ADVANCED_FACE('',(#768),#169,.T.);
#4362=ADVANCED_FACE('',(#769),#170,.T.);
#4363=ADVANCED_FACE('',(#770),#171,.T.);
#4364=ADVANCED_FACE('',(#771),#172,.T.);
#4365=ADVANCED_FACE('',(#772),#173,.T.);
#4366=ADVANCED_FACE('',(#773),#174,.T.);
#4367=ADVANCED_FACE('',(#774),#175,.T.);
#4368=ADVANCED_FACE('',(#775),#176,.T.);
#4369=ADVANCED_FACE('',(#776),#177,.T.);
#4370=ADVANCED_FACE('',(#777),#178,.T.);
#4371=ADVANCED_FACE('',(#778),#179,.T.);
#4372=ADVANCED_FACE('',(#779),#180,.T.);
#4373=ADVANCED_FACE('',(#780),#181,.T.);
#4374=ADVANCED_FACE('',(#781),#182,.T.);
#4375=ADVANCED_FACE('',(#782),#183,.T.);
#4376=ADVANCED_FACE('',(#783),#184,.T.);
#4377=ADVANCED_FACE('',(#784),#185,.T.);
#4378=ADVANCED_FACE('',(#785),#186,.T.);
#4379=ADVANCED_FACE('',(#786),#187,.T.);
#4380=ADVANCED_FACE('',(#787),#188,.T.);
#4381=ADVANCED_FACE('',(#788),#189,.T.);
#4382=ADVANCED_FACE('',(#789),#190,.T.);
#4383=ADVANCED_FACE('',(#790),#191,.T.);
#4384=ADVANCED_FACE('',(#791),#192,.T.);
#4385=ADVANCED_FACE('',(#792),#193,.T.);
#4386=ADVANCED_FACE('',(#793),#194,.T.);
#4387=ADVANCED_FACE('',(#794),#195,.T.);
#4388=ADVANCED_FACE('',(#795),#196,.T.);
#4389=ADVANCED_FACE('',(#796),#197,.T.);
#4390=ADVANCED_FACE('',(#797),#198,.T.);
#4391=ADVANCED_FACE('',(#798),#199,.T.);
#4392=ADVANCED_FACE('',(#799),#200,.T.);
#4393=ADVANCED_FACE('',(#800),#201,.T.);
#4394=ADVANCED_FACE('',(#801),#202,.T.);
#4395=ADVANCED_FACE('',(#802),#203,.T.);
#4396=ADVANCED_FACE('',(#803),#204,.T.);
#4397=ADVANCED_FACE('',(#804),#205,.T.);
#4398=ADVANCED_FACE('',(#805),#206,.T.);
#4399=ADVANCED_FACE('',(#806),#207,.T.);
#4400=ADVANCED_FACE('',(#807),#208,.T.);
#4401=ADVANCED_FACE('',(#808),#209,.T.);
#4402=ADVANCED_FACE('',(#809),#210,.T.);
#4403=ADVANCED_FACE('',(#810),#211,.T.);
#4404=ADVANCED_FACE('',(#811),#212,.T.);
#4405=ADVANCED_FACE('',(#812),#213,.T.);
#4406=ADVANCED_FACE('',(#813),#214,.T.);
#4407=ADVANCED_FACE('',(#814),#215,.T.);
#4408=ADVANCED_FACE('',(#815),#216,.T.);
#4409=ADVANCED_FACE('',(#816),#217,.T.);
#4410=ADVANCED_FACE('',(#817),#218,.T.);
#4411=ADVANCED_FACE('',(#818),#219,.T.);
#4412=ADVANCED_FACE('',(#819),#220,.T.);
#4413=CLOSED_SHELL('',(#4128,#4129,#4130,#4131,#4132,#4133,#4134,#4135,
#4136,#4137,#4138,#4139,#4140,#4141,#4142,#4143,#4144,#4145,#4146,#4147,
#4148,#4149,#4150,#4151,#4152,#4153,#4154,#4155,#4156,#4157,#4158,#4159,
#4160,#4161,#4162));
#4414=CLOSED_SHELL('',(#4163,#4164,#4165,#4166,#4167,#4168,#4169,#4170,
#4171,#4172,#4173,#4174,#4175,#4176,#4177,#4178,#4179,#4180,#4181,#4182,
#4183,#4184,#4185,#4186,#4187,#4188,#4189,#4190,#4191,#4192,#4193,#4194,
#4195,#4196,#4197));
#4415=CLOSED_SHELL('',(#4198,#4199,#4200,#4201,#4202,#4203,#4204,#4205,
#4206,#4207,#4208,#4209,#4210,#4211,#4212,#4213,#4214,#4215,#4216,#4217,
#4218,#4219,#4220,#4221,#4222,#4223,#4224,#4225,#4226,#4227,#4228,#4229,
#4230,#4231,#4232,#4233,#4234,#4235,#4236,#4237,#4238,#4239,#4240,#4241,
#4242,#4243,#4244,#4245,#4246,#4247,#4248,#4249,#4250,#4251,#4252,#4253,
#4254,#4255,#4256,#4257,#4258,#4259,#4260));
#4416=CLOSED_SHELL('',(#4261,#4262,#4263,#4264,#4265,#4266,#4267,#4268,
#4269,#4270,#4271,#4272,#4273,#4274,#4275,#4276,#4277,#4278,#4279,#4280,
#4281,#4282,#4283,#4284,#4285,#4286,#4287,#4288,#4289,#4290,#4291,#4292,
#4293,#4294,#4295,#4296,#4297,#4298,#4299,#4300,#4301,#4302,#4303,#4304,
#4305,#4306,#4307,#4308,#4309,#4310,#4311,#4312,#4313,#4314,#4315,#4316,
#4317,#4318,#4319,#4320,#4321,#4322,#4323,#4324,#4325,#4326,#4327,#4328,
#4329,#4330,#4331,#4332,#4333,#4334,#4335,#4336,#4337,#4338,#4339,#4340,
#4341,#4342,#4343,#4344,#4345,#4346,#4347,#4348,#4349,#4350,#4351,#4352,
#4353,#4354,#4355,#4356,#4357,#4358,#4359,#4360,#4361,#4362,#4363,#4364,
#4365,#4366,#4367,#4368,#4369,#4370,#4371,#4372,#4373,#4374,#4375,#4376,
#4377,#4378,#4379,#4380,#4381,#4382,#4383,#4384,#4385,#4386,#4387,#4388,
#4389,#4390,#4391,#4392,#4393,#4394,#4395,#4396,#4397,#4398,#4399,#4400,
#4401,#4402,#4403,#4404,#4405,#4406,#4407,#4408,#4409,#4410,#4411,#4412));
#4417=DERIVED_UNIT_ELEMENT(#4419,1.);
#4418=DERIVED_UNIT_ELEMENT(#7686,-3.);
#4419=(
MASS_UNIT()
NAMED_UNIT(*)
SI_UNIT(.KILO.,.GRAM.)
);
#4420=DERIVED_UNIT((#4417,#4418));
#4421=MEASURE_REPRESENTATION_ITEM('density measure',
POSITIVE_RATIO_MEASURE(7850.),#4420);
#4422=PROPERTY_DEFINITION_REPRESENTATION(#4427,#4424);
#4423=PROPERTY_DEFINITION_REPRESENTATION(#4428,#4425);
#4424=REPRESENTATION('material name',(#4426),#7683);
#4425=REPRESENTATION('density',(#4421),#7683);
#4426=DESCRIPTIVE_REPRESENTATION_ITEM('A\X\E7o','A\X\E7o');
#4427=PROPERTY_DEFINITION('material property','material name',#7698);
#4428=PROPERTY_DEFINITION('material property','density of part',#7698);
#4429=AXIS2_PLACEMENT_3D('',#6426,#4974,#4975);
#4430=AXIS2_PLACEMENT_3D('',#6427,#4976,#4977);
#4431=AXIS2_PLACEMENT_3D('',#6428,#4978,#4979);
#4432=AXIS2_PLACEMENT_3D('',#6437,#4984,#4985);
#4433=AXIS2_PLACEMENT_3D('',#6443,#4989,#4990);
#4434=AXIS2_PLACEMENT_3D('',#6449,#4994,#4995);
#4435=AXIS2_PLACEMENT_3D('',#6465,#5003,#5004);
#4436=AXIS2_PLACEMENT_3D('',#6469,#5006,#5007);
#4437=AXIS2_PLACEMENT_3D('',#6482,#5014,#5015);
#4438=AXIS2_PLACEMENT_3D('',#6484,#5016,#5017);
#4439=AXIS2_PLACEMENT_3D('',#6485,#5018,#5019);
#4440=AXIS2_PLACEMENT_3D('',#6497,#5026,#5027);
#4441=AXIS2_PLACEMENT_3D('',#6508,#5033,#5034);
#4442=AXIS2_PLACEMENT_3D('',#6514,#5038,#5039);
#4443=AXIS2_PLACEMENT_3D('',#6519,#5043,#5044);
#4444=AXIS2_PLACEMENT_3D('',#6522,#5047,#5048);
#4445=AXIS2_PLACEMENT_3D('',#6524,#5050,#5051);
#4446=AXIS2_PLACEMENT_3D('',#6527,#5053,#5054);
#4447=AXIS2_PLACEMENT_3D('',#6529,#5055,#5056);
#4448=AXIS2_PLACEMENT_3D('',#6531,#5057,#5058);
#4449=AXIS2_PLACEMENT_3D('',#6533,#5059,#5060);
#4450=AXIS2_PLACEMENT_3D('',#6535,#5061,#5062);
#4451=AXIS2_PLACEMENT_3D('',#6537,#5063,#5064);
#4452=AXIS2_PLACEMENT_3D('',#6538,#5065,#5066);
#4453=AXIS2_PLACEMENT_3D('',#6540,#5068,#5069);
#4454=AXIS2_PLACEMENT_3D('',#6541,#5070,#5071);
#4455=AXIS2_PLACEMENT_3D('',#6555,#5078,#5079);
#4456=AXIS2_PLACEMENT_3D('',#6559,#5081,#5082);
#4457=AXIS2_PLACEMENT_3D('',#6568,#5087,#5088);
#4458=AXIS2_PLACEMENT_3D('',#6570,#5089,#5090);
#4459=AXIS2_PLACEMENT_3D('',#6571,#5091,#5092);
#4460=AXIS2_PLACEMENT_3D('',#6573,#5093,#5094);
#4461=AXIS2_PLACEMENT_3D('',#6575,#5096,#5097);
#4462=AXIS2_PLACEMENT_3D('',#6577,#5099,#5100);
#4463=AXIS2_PLACEMENT_3D('',#6579,#5102,#5103);
#4464=AXIS2_PLACEMENT_3D('',#6581,#5104,#5105);
#4465=AXIS2_PLACEMENT_3D('',#6583,#5107,#5108);
#4466=AXIS2_PLACEMENT_3D('',#6585,#5110,#5111);
#4467=AXIS2_PLACEMENT_3D('',#6587,#5113,#5114);
#4468=AXIS2_PLACEMENT_3D('',#6591,#5117,#5118);
#4469=AXIS2_PLACEMENT_3D('',#6592,#5119,#5120);
#4470=AXIS2_PLACEMENT_3D('',#6596,#5123,#5124);
#4471=AXIS2_PLACEMENT_3D('',#6598,#5126,#5127);
#4472=AXIS2_PLACEMENT_3D('',#6599,#5128,#5129);
#4473=AXIS2_PLACEMENT_3D('',#6600,#5130,#5131);
#4474=AXIS2_PLACEMENT_3D('',#6601,#5132,#5133);
#4475=AXIS2_PLACEMENT_3D('',#6602,#5134,#5135);
#4476=AXIS2_PLACEMENT_3D('',#6603,#5136,#5137);
#4477=AXIS2_PLACEMENT_3D('',#6604,#5138,#5139);
#4478=AXIS2_PLACEMENT_3D('',#6605,#5140,#5141);
#4479=AXIS2_PLACEMENT_3D('',#6606,#5142,#5143);
#4480=AXIS2_PLACEMENT_3D('',#6607,#5144,#5145);
#4481=AXIS2_PLACEMENT_3D('',#6608,#5146,#5147);
#4482=AXIS2_PLACEMENT_3D('',#6609,#5148,#5149);
#4483=AXIS2_PLACEMENT_3D('',#6610,#5150,#5151);
#4484=AXIS2_PLACEMENT_3D('',#6611,#5152,#5153);
#4485=AXIS2_PLACEMENT_3D('',#6612,#5154,#5155);
#4486=AXIS2_PLACEMENT_3D('',#6613,#5156,#5157);
#4487=AXIS2_PLACEMENT_3D('',#6614,#5158,#5159);
#4488=AXIS2_PLACEMENT_3D('',#6615,#5160,#5161);
#4489=AXIS2_PLACEMENT_3D('',#6616,#5162,#5163);
#4490=AXIS2_PLACEMENT_3D('',#6617,#5164,#5165);
#4491=AXIS2_PLACEMENT_3D('',#6618,#5166,#5167);
#4492=AXIS2_PLACEMENT_3D('',#6619,#5168,#5169);
#4493=AXIS2_PLACEMENT_3D('',#6620,#5170,#5171);
#4494=AXIS2_PLACEMENT_3D('',#6629,#5176,#5177);
#4495=AXIS2_PLACEMENT_3D('',#6638,#5182,#5183);
#4496=AXIS2_PLACEMENT_3D('',#6641,#5186,#5187);
#4497=AXIS2_PLACEMENT_3D('',#6655,#5195,#5196);
#4498=AXIS2_PLACEMENT_3D('',#6669,#5203,#5204);
#4499=AXIS2_PLACEMENT_3D('',#6673,#5206,#5207);
#4500=AXIS2_PLACEMENT_3D('',#6686,#5214,#5215);
#4501=AXIS2_PLACEMENT_3D('',#6688,#5216,#5217);
#4502=AXIS2_PLACEMENT_3D('',#6689,#5218,#5219);
#4503=AXIS2_PLACEMENT_3D('',#6697,#5224,#5225);
#4504=AXIS2_PLACEMENT_3D('',#6703,#5229,#5230);
#4505=AXIS2_PLACEMENT_3D('',#6711,#5235,#5236);
#4506=AXIS2_PLACEMENT_3D('',#6713,#5238,#5239);
#4507=AXIS2_PLACEMENT_3D('',#6715,#5241,#5242);
#4508=AXIS2_PLACEMENT_3D('',#6718,#5244,#5245);
#4509=AXIS2_PLACEMENT_3D('',#6720,#5246,#5247);
#4510=AXIS2_PLACEMENT_3D('',#6722,#5248,#5249);
#4511=AXIS2_PLACEMENT_3D('',#6724,#5250,#5251);
#4512=AXIS2_PLACEMENT_3D('',#6726,#5252,#5253);
#4513=AXIS2_PLACEMENT_3D('',#6728,#5254,#5255);
#4514=AXIS2_PLACEMENT_3D('',#6729,#5256,#5257);
#4515=AXIS2_PLACEMENT_3D('',#6731,#5259,#5260);
#4516=AXIS2_PLACEMENT_3D('',#6733,#5262,#5263);
#4517=AXIS2_PLACEMENT_3D('',#6743,#5268,#5269);
#4518=AXIS2_PLACEMENT_3D('',#6747,#5271,#5272);
#4519=AXIS2_PLACEMENT_3D('',#6760,#5279,#5280);
#4520=AXIS2_PLACEMENT_3D('',#6762,#5281,#5282);
#4521=AXIS2_PLACEMENT_3D('',#6763,#5283,#5284);
#4522=AXIS2_PLACEMENT_3D('',#6766,#5286,#5287);
#4523=AXIS2_PLACEMENT_3D('',#6767,#5288,#5289);
#4524=AXIS2_PLACEMENT_3D('',#6769,#5291,#5292);
#4525=AXIS2_PLACEMENT_3D('',#6771,#5294,#5295);
#4526=AXIS2_PLACEMENT_3D('',#6774,#5297,#5298);
#4527=AXIS2_PLACEMENT_3D('',#6775,#5299,#5300);
#4528=AXIS2_PLACEMENT_3D('',#6777,#5302,#5303);
#4529=AXIS2_PLACEMENT_3D('',#6779,#5305,#5306);
#4530=AXIS2_PLACEMENT_3D('',#6783,#5309,#5310);
#4531=AXIS2_PLACEMENT_3D('',#6787,#5313,#5314);
#4532=AXIS2_PLACEMENT_3D('',#6788,#5315,#5316);
#4533=AXIS2_PLACEMENT_3D('',#6790,#5318,#5319);
#4534=AXIS2_PLACEMENT_3D('',#6791,#5320,#5321);
#4535=AXIS2_PLACEMENT_3D('',#6792,#5322,#5323);
#4536=AXIS2_PLACEMENT_3D('',#6793,#5324,#5325);
#4537=AXIS2_PLACEMENT_3D('',#6794,#5326,#5327);
#4538=AXIS2_PLACEMENT_3D('',#6795,#5328,#5329);
#4539=AXIS2_PLACEMENT_3D('',#6796,#5330,#5331);
#4540=AXIS2_PLACEMENT_3D('',#6797,#5332,#5333);
#4541=AXIS2_PLACEMENT_3D('',#6798,#5334,#5335);
#4542=AXIS2_PLACEMENT_3D('',#6799,#5336,#5337);
#4543=AXIS2_PLACEMENT_3D('',#6800,#5338,#5339);
#4544=AXIS2_PLACEMENT_3D('',#6801,#5340,#5341);
#4545=AXIS2_PLACEMENT_3D('',#6802,#5342,#5343);
#4546=AXIS2_PLACEMENT_3D('',#6803,#5344,#5345);
#4547=AXIS2_PLACEMENT_3D('',#6804,#5346,#5347);
#4548=AXIS2_PLACEMENT_3D('',#6805,#5348,#5349);
#4549=AXIS2_PLACEMENT_3D('',#6806,#5350,#5351);
#4550=AXIS2_PLACEMENT_3D('',#6807,#5352,#5353);
#4551=AXIS2_PLACEMENT_3D('',#6808,#5354,#5355);
#4552=AXIS2_PLACEMENT_3D('',#6809,#5356,#5357);
#4553=AXIS2_PLACEMENT_3D('',#6810,#5358,#5359);
#4554=AXIS2_PLACEMENT_3D('',#6811,#5360,#5361);
#4555=AXIS2_PLACEMENT_3D('',#6812,#5362,#5363);
#4556=AXIS2_PLACEMENT_3D('',#6821,#5368,#5369);
#4557=AXIS2_PLACEMENT_3D('',#6831,#5374,#5375);
#4558=AXIS2_PLACEMENT_3D('',#6832,#5376,#5377);
#4559=AXIS2_PLACEMENT_3D('',#6835,#5380,#5381);
#4560=AXIS2_PLACEMENT_3D('',#6837,#5383,#5384);
#4561=AXIS2_PLACEMENT_3D('',#6839,#5386,#5387);
#4562=AXIS2_PLACEMENT_3D('',#6840,#5388,#5389);
#4563=AXIS2_PLACEMENT_3D('',#6842,#5390,#5391);
#4564=AXIS2_PLACEMENT_3D('',#6845,#5393,#5394);
#4565=AXIS2_PLACEMENT_3D('',#6846,#5395,#5396);
#4566=AXIS2_PLACEMENT_3D('',#6849,#5398,#5399);
#4567=AXIS2_PLACEMENT_3D('',#6850,#5400,#5401);
#4568=AXIS2_PLACEMENT_3D('',#6853,#5403,#5404);
#4569=AXIS2_PLACEMENT_3D('',#6854,#5405,#5406);
#4570=AXIS2_PLACEMENT_3D('',#6855,#5407,#5408);
#4571=AXIS2_PLACEMENT_3D('',#6857,#5409,#5410);
#4572=AXIS2_PLACEMENT_3D('',#6859,#5412,#5413);
#4573=AXIS2_PLACEMENT_3D('',#6861,#5414,#5415);
#4574=AXIS2_PLACEMENT_3D('',#6863,#5417,#5418);
#4575=AXIS2_PLACEMENT_3D('',#6865,#5419,#5420);
#4576=AXIS2_PLACEMENT_3D('',#6866,#5421,#5422);
#4577=AXIS2_PLACEMENT_3D('',#6868,#5423,#5424);
#4578=AXIS2_PLACEMENT_3D('',#6870,#5425,#5426);
#4579=AXIS2_PLACEMENT_3D('',#6871,#5427,#5428);
#4580=AXIS2_PLACEMENT_3D('',#6872,#5429,#5430);
#4581=AXIS2_PLACEMENT_3D('',#6874,#5431,#5432);
#4582=AXIS2_PLACEMENT_3D('',#6876,#5434,#5435);
#4583=AXIS2_PLACEMENT_3D('',#6878,#5436,#5437);
#4584=AXIS2_PLACEMENT_3D('',#6880,#5439,#5440);
#4585=AXIS2_PLACEMENT_3D('',#6882,#5441,#5442);
#4586=AXIS2_PLACEMENT_3D('',#6884,#5444,#5445);
#4587=AXIS2_PLACEMENT_3D('',#6886,#5446,#5447);
#4588=AXIS2_PLACEMENT_3D('',#6888,#5449,#5450);
#4589=AXIS2_PLACEMENT_3D('',#6890,#5451,#5452);
#4590=AXIS2_PLACEMENT_3D('',#6892,#5454,#5455);
#4591=AXIS2_PLACEMENT_3D('',#6894,#5456,#5457);
#4592=AXIS2_PLACEMENT_3D('',#6896,#5459,#5460);
#4593=AXIS2_PLACEMENT_3D('',#6898,#5461,#5462);
#4594=AXIS2_PLACEMENT_3D('',#6900,#5464,#5465);
#4595=AXIS2_PLACEMENT_3D('',#6902,#5466,#5467);
#4596=AXIS2_PLACEMENT_3D('',#6904,#5469,#5470);
#4597=AXIS2_PLACEMENT_3D('',#6906,#5471,#5472);
#4598=AXIS2_PLACEMENT_3D('',#6908,#5474,#5475);
#4599=AXIS2_PLACEMENT_3D('',#6910,#5476,#5477);
#4600=AXIS2_PLACEMENT_3D('',#6912,#5479,#5480);
#4601=AXIS2_PLACEMENT_3D('',#6914,#5481,#5482);
#4602=AXIS2_PLACEMENT_3D('',#6916,#5484,#5485);
#4603=AXIS2_PLACEMENT_3D('',#6918,#5486,#5487);
#4604=AXIS2_PLACEMENT_3D('',#6920,#5489,#5490);
#4605=AXIS2_PLACEMENT_3D('',#6922,#5491,#5492);
#4606=AXIS2_PLACEMENT_3D('',#6924,#5494,#5495);
#4607=AXIS2_PLACEMENT_3D('',#6926,#5496,#5497);
#4608=AXIS2_PLACEMENT_3D('',#6928,#5499,#5500);
#4609=AXIS2_PLACEMENT_3D('',#6930,#5501,#5502);
#4610=AXIS2_PLACEMENT_3D('',#6932,#5504,#5505);
#4611=AXIS2_PLACEMENT_3D('',#6934,#5506,#5507);
#4612=AXIS2_PLACEMENT_3D('',#6936,#5509,#5510);
#4613=AXIS2_PLACEMENT_3D('',#6938,#5511,#5512);
#4614=AXIS2_PLACEMENT_3D('',#6940,#5514,#5515);
#4615=AXIS2_PLACEMENT_3D('',#6942,#5516,#5517);
#4616=AXIS2_PLACEMENT_3D('',#6944,#5519,#5520);
#4617=AXIS2_PLACEMENT_3D('',#6946,#5521,#5522);
#4618=AXIS2_PLACEMENT_3D('',#6948,#5524,#5525);
#4619=AXIS2_PLACEMENT_3D('',#6950,#5526,#5527);
#4620=AXIS2_PLACEMENT_3D('',#6952,#5529,#5530);
#4621=AXIS2_PLACEMENT_3D('',#6954,#5531,#5532);
#4622=AXIS2_PLACEMENT_3D('',#6956,#5534,#5535);
#4623=AXIS2_PLACEMENT_3D('',#6958,#5536,#5537);
#4624=AXIS2_PLACEMENT_3D('',#6960,#5539,#5540);
#4625=AXIS2_PLACEMENT_3D('',#6962,#5541,#5542);
#4626=AXIS2_PLACEMENT_3D('',#6964,#5544,#5545);
#4627=AXIS2_PLACEMENT_3D('',#6966,#5546,#5547);
#4628=AXIS2_PLACEMENT_3D('',#6968,#5549,#5550);
#4629=AXIS2_PLACEMENT_3D('',#6970,#5551,#5552);
#4630=AXIS2_PLACEMENT_3D('',#6972,#5554,#5555);
#4631=AXIS2_PLACEMENT_3D('',#6974,#5556,#5557);
#4632=AXIS2_PLACEMENT_3D('',#6976,#5559,#5560);
#4633=AXIS2_PLACEMENT_3D('',#6978,#5561,#5562);
#4634=AXIS2_PLACEMENT_3D('',#6980,#5564,#5565);
#4635=AXIS2_PLACEMENT_3D('',#6982,#5566,#5567);
#4636=AXIS2_PLACEMENT_3D('',#6984,#5569,#5570);
#4637=AXIS2_PLACEMENT_3D('',#6986,#5571,#5572);
#4638=AXIS2_PLACEMENT_3D('',#6988,#5574,#5575);
#4639=AXIS2_PLACEMENT_3D('',#6990,#5576,#5577);
#4640=AXIS2_PLACEMENT_3D('',#6992,#5579,#5580);
#4641=AXIS2_PLACEMENT_3D('',#6994,#5581,#5582);
#4642=AXIS2_PLACEMENT_3D('',#6996,#5584,#5585);
#4643=AXIS2_PLACEMENT_3D('',#6998,#5586,#5587);
#4644=AXIS2_PLACEMENT_3D('',#7000,#5589,#5590);
#4645=AXIS2_PLACEMENT_3D('',#7002,#5591,#5592);
#4646=AXIS2_PLACEMENT_3D('',#7004,#5594,#5595);
#4647=AXIS2_PLACEMENT_3D('',#7006,#5596,#5597);
#4648=AXIS2_PLACEMENT_3D('',#7008,#5599,#5600);
#4649=AXIS2_PLACEMENT_3D('',#7010,#5601,#5602);
#4650=AXIS2_PLACEMENT_3D('',#7012,#5604,#5605);
#4651=AXIS2_PLACEMENT_3D('',#7014,#5606,#5607);
#4652=AXIS2_PLACEMENT_3D('',#7016,#5609,#5610);
#4653=AXIS2_PLACEMENT_3D('',#7018,#5611,#5612);
#4654=AXIS2_PLACEMENT_3D('',#7020,#5614,#5615);
#4655=AXIS2_PLACEMENT_3D('',#7022,#5616,#5617);
#4656=AXIS2_PLACEMENT_3D('',#7024,#5619,#5620);
#4657=AXIS2_PLACEMENT_3D('',#7026,#5621,#5622);
#4658=AXIS2_PLACEMENT_3D('',#7028,#5624,#5625);
#4659=AXIS2_PLACEMENT_3D('',#7030,#5626,#5627);
#4660=AXIS2_PLACEMENT_3D('',#7032,#5629,#5630);
#4661=AXIS2_PLACEMENT_3D('',#7034,#5631,#5632);
#4662=AXIS2_PLACEMENT_3D('',#7036,#5634,#5635);
#4663=AXIS2_PLACEMENT_3D('',#7038,#5636,#5637);
#4664=AXIS2_PLACEMENT_3D('',#7040,#5639,#5640);
#4665=AXIS2_PLACEMENT_3D('',#7042,#5641,#5642);
#4666=AXIS2_PLACEMENT_3D('',#7044,#5644,#5645);
#4667=AXIS2_PLACEMENT_3D('',#7046,#5646,#5647);
#4668=AXIS2_PLACEMENT_3D('',#7048,#5649,#5650);
#4669=AXIS2_PLACEMENT_3D('',#7050,#5651,#5652);
#4670=AXIS2_PLACEMENT_3D('',#7052,#5654,#5655);
#4671=AXIS2_PLACEMENT_3D('',#7054,#5656,#5657);
#4672=AXIS2_PLACEMENT_3D('',#7056,#5659,#5660);
#4673=AXIS2_PLACEMENT_3D('',#7058,#5661,#5662);
#4674=AXIS2_PLACEMENT_3D('',#7060,#5664,#5665);
#4675=AXIS2_PLACEMENT_3D('',#7062,#5666,#5667);
#4676=AXIS2_PLACEMENT_3D('',#7064,#5669,#5670);
#4677=AXIS2_PLACEMENT_3D('',#7066,#5672,#5673);
#4678=AXIS2_PLACEMENT_3D('',#7075,#5678,#5679);
#4679=AXIS2_PLACEMENT_3D('',#7081,#5683,#5684);
#4680=AXIS2_PLACEMENT_3D('',#7087,#5688,#5689);
#4681=AXIS2_PLACEMENT_3D('',#7090,#5692,#5693);
#4682=AXIS2_PLACEMENT_3D('',#7096,#5697,#5698);
#4683=AXIS2_PLACEMENT_3D('',#7101,#5701,#5702);
#4684=AXIS2_PLACEMENT_3D('',#7103,#5703,#5704);
#4685=AXIS2_PLACEMENT_3D('',#7104,#5705,#5706);
#4686=AXIS2_PLACEMENT_3D('',#7105,#5707,#5708);
#4687=AXIS2_PLACEMENT_3D('',#7110,#5711,#5712);
#4688=AXIS2_PLACEMENT_3D('',#7112,#5713,#5714);
#4689=AXIS2_PLACEMENT_3D('',#7113,#5715,#5716);
#4690=AXIS2_PLACEMENT_3D('',#7115,#5718,#5719);
#4691=AXIS2_PLACEMENT_3D('',#7117,#5721,#5722);
#4692=AXIS2_PLACEMENT_3D('',#7119,#5724,#5725);
#4693=AXIS2_PLACEMENT_3D('',#7121,#5726,#5727);
#4694=AXIS2_PLACEMENT_3D('',#7122,#5728,#5729);
#4695=AXIS2_PLACEMENT_3D('',#7124,#5730,#5731);
#4696=AXIS2_PLACEMENT_3D('',#7125,#5732,#5733);
#4697=AXIS2_PLACEMENT_3D('',#7127,#5734,#5735);
#4698=AXIS2_PLACEMENT_3D('',#7129,#5737,#5738);
#4699=AXIS2_PLACEMENT_3D('',#7131,#5739,#5740);
#4700=AXIS2_PLACEMENT_3D('',#7133,#5742,#5743);
#4701=AXIS2_PLACEMENT_3D('',#7135,#5744,#5745);
#4702=AXIS2_PLACEMENT_3D('',#7136,#5746,#5747);
#4703=AXIS2_PLACEMENT_3D('',#7138,#5748,#5749);
#4704=AXIS2_PLACEMENT_3D('',#7140,#5751,#5752);
#4705=AXIS2_PLACEMENT_3D('',#7142,#5753,#5754);
#4706=AXIS2_PLACEMENT_3D('',#7144,#5756,#5757);
#4707=AXIS2_PLACEMENT_3D('',#7146,#5758,#5759);
#4708=AXIS2_PLACEMENT_3D('',#7148,#5761,#5762);
#4709=AXIS2_PLACEMENT_3D('',#7150,#5763,#5764);
#4710=AXIS2_PLACEMENT_3D('',#7152,#5766,#5767);
#4711=AXIS2_PLACEMENT_3D('',#7154,#5768,#5769);
#4712=AXIS2_PLACEMENT_3D('',#7156,#5771,#5772);
#4713=AXIS2_PLACEMENT_3D('',#7158,#5773,#5774);
#4714=AXIS2_PLACEMENT_3D('',#7160,#5776,#5777);
#4715=AXIS2_PLACEMENT_3D('',#7162,#5778,#5779);
#4716=AXIS2_PLACEMENT_3D('',#7164,#5781,#5782);
#4717=AXIS2_PLACEMENT_3D('',#7166,#5783,#5784);
#4718=AXIS2_PLACEMENT_3D('',#7168,#5786,#5787);
#4719=AXIS2_PLACEMENT_3D('',#7170,#5788,#5789);
#4720=AXIS2_PLACEMENT_3D('',#7172,#5791,#5792);
#4721=AXIS2_PLACEMENT_3D('',#7174,#5793,#5794);
#4722=AXIS2_PLACEMENT_3D('',#7176,#5796,#5797);
#4723=AXIS2_PLACEMENT_3D('',#7178,#5798,#5799);
#4724=AXIS2_PLACEMENT_3D('',#7180,#5801,#5802);
#4725=AXIS2_PLACEMENT_3D('',#7182,#5803,#5804);
#4726=AXIS2_PLACEMENT_3D('',#7184,#5806,#5807);
#4727=AXIS2_PLACEMENT_3D('',#7186,#5808,#5809);
#4728=AXIS2_PLACEMENT_3D('',#7188,#5811,#5812);
#4729=AXIS2_PLACEMENT_3D('',#7190,#5813,#5814);
#4730=AXIS2_PLACEMENT_3D('',#7192,#5816,#5817);
#4731=AXIS2_PLACEMENT_3D('',#7194,#5818,#5819);
#4732=AXIS2_PLACEMENT_3D('',#7196,#5821,#5822);
#4733=AXIS2_PLACEMENT_3D('',#7198,#5823,#5824);
#4734=AXIS2_PLACEMENT_3D('',#7200,#5826,#5827);
#4735=AXIS2_PLACEMENT_3D('',#7202,#5828,#5829);
#4736=AXIS2_PLACEMENT_3D('',#7204,#5831,#5832);
#4737=AXIS2_PLACEMENT_3D('',#7206,#5833,#5834);
#4738=AXIS2_PLACEMENT_3D('',#7208,#5836,#5837);
#4739=AXIS2_PLACEMENT_3D('',#7210,#5838,#5839);
#4740=AXIS2_PLACEMENT_3D('',#7212,#5841,#5842);
#4741=AXIS2_PLACEMENT_3D('',#7214,#5843,#5844);
#4742=AXIS2_PLACEMENT_3D('',#7216,#5846,#5847);
#4743=AXIS2_PLACEMENT_3D('',#7218,#5848,#5849);
#4744=AXIS2_PLACEMENT_3D('',#7220,#5851,#5852);
#4745=AXIS2_PLACEMENT_3D('',#7222,#5853,#5854);
#4746=AXIS2_PLACEMENT_3D('',#7224,#5856,#5857);
#4747=AXIS2_PLACEMENT_3D('',#7226,#5858,#5859);
#4748=AXIS2_PLACEMENT_3D('',#7228,#5861,#5862);
#4749=AXIS2_PLACEMENT_3D('',#7230,#5863,#5864);
#4750=AXIS2_PLACEMENT_3D('',#7232,#5866,#5867);
#4751=AXIS2_PLACEMENT_3D('',#7234,#5868,#5869);
#4752=AXIS2_PLACEMENT_3D('',#7236,#5871,#5872);
#4753=AXIS2_PLACEMENT_3D('',#7238,#5873,#5874);
#4754=AXIS2_PLACEMENT_3D('',#7240,#5876,#5877);
#4755=AXIS2_PLACEMENT_3D('',#7242,#5878,#5879);
#4756=AXIS2_PLACEMENT_3D('',#7244,#5881,#5882);
#4757=AXIS2_PLACEMENT_3D('',#7246,#5883,#5884);
#4758=AXIS2_PLACEMENT_3D('',#7248,#5886,#5887);
#4759=AXIS2_PLACEMENT_3D('',#7250,#5888,#5889);
#4760=AXIS2_PLACEMENT_3D('',#7252,#5891,#5892);
#4761=AXIS2_PLACEMENT_3D('',#7254,#5893,#5894);
#4762=AXIS2_PLACEMENT_3D('',#7256,#5896,#5897);
#4763=AXIS2_PLACEMENT_3D('',#7258,#5898,#5899);
#4764=AXIS2_PLACEMENT_3D('',#7260,#5901,#5902);
#4765=AXIS2_PLACEMENT_3D('',#7262,#5903,#5904);
#4766=AXIS2_PLACEMENT_3D('',#7264,#5906,#5907);
#4767=AXIS2_PLACEMENT_3D('',#7266,#5908,#5909);
#4768=AXIS2_PLACEMENT_3D('',#7268,#5911,#5912);
#4769=AXIS2_PLACEMENT_3D('',#7270,#5913,#5914);
#4770=AXIS2_PLACEMENT_3D('',#7272,#5916,#5917);
#4771=AXIS2_PLACEMENT_3D('',#7274,#5918,#5919);
#4772=AXIS2_PLACEMENT_3D('',#7276,#5921,#5922);
#4773=AXIS2_PLACEMENT_3D('',#7278,#5923,#5924);
#4774=AXIS2_PLACEMENT_3D('',#7280,#5926,#5927);
#4775=AXIS2_PLACEMENT_3D('',#7282,#5928,#5929);
#4776=AXIS2_PLACEMENT_3D('',#7284,#5931,#5932);
#4777=AXIS2_PLACEMENT_3D('',#7286,#5933,#5934);
#4778=AXIS2_PLACEMENT_3D('',#7288,#5936,#5937);
#4779=AXIS2_PLACEMENT_3D('',#7290,#5938,#5939);
#4780=AXIS2_PLACEMENT_3D('',#7292,#5941,#5942);
#4781=AXIS2_PLACEMENT_3D('',#7294,#5943,#5944);
#4782=AXIS2_PLACEMENT_3D('',#7296,#5946,#5947);
#4783=AXIS2_PLACEMENT_3D('',#7298,#5948,#5949);
#4784=AXIS2_PLACEMENT_3D('',#7300,#5951,#5952);
#4785=AXIS2_PLACEMENT_3D('',#7302,#5953,#5954);
#4786=AXIS2_PLACEMENT_3D('',#7304,#5956,#5957);
#4787=AXIS2_PLACEMENT_3D('',#7306,#5958,#5959);
#4788=AXIS2_PLACEMENT_3D('',#7308,#5961,#5962);
#4789=AXIS2_PLACEMENT_3D('',#7310,#5963,#5964);
#4790=AXIS2_PLACEMENT_3D('',#7312,#5966,#5967);
#4791=AXIS2_PLACEMENT_3D('',#7314,#5968,#5969);
#4792=AXIS2_PLACEMENT_3D('',#7316,#5971,#5972);
#4793=AXIS2_PLACEMENT_3D('',#7318,#5973,#5974);
#4794=AXIS2_PLACEMENT_3D('',#7320,#5976,#5977);
#4795=AXIS2_PLACEMENT_3D('',#7322,#5978,#5979);
#4796=AXIS2_PLACEMENT_3D('',#7324,#5981,#5982);
#4797=AXIS2_PLACEMENT_3D('',#7326,#5983,#5984);
#4798=AXIS2_PLACEMENT_3D('',#7328,#5986,#5987);
#4799=AXIS2_PLACEMENT_3D('',#7330,#5988,#5989);
#4800=AXIS2_PLACEMENT_3D('',#7332,#5991,#5992);
#4801=AXIS2_PLACEMENT_3D('',#7334,#5993,#5994);
#4802=AXIS2_PLACEMENT_3D('',#7336,#5996,#5997);
#4803=AXIS2_PLACEMENT_3D('',#7338,#5998,#5999);
#4804=AXIS2_PLACEMENT_3D('',#7340,#6001,#6002);
#4805=AXIS2_PLACEMENT_3D('',#7342,#6003,#6004);
#4806=AXIS2_PLACEMENT_3D('',#7344,#6006,#6007);
#4807=AXIS2_PLACEMENT_3D('',#7346,#6008,#6009);
#4808=AXIS2_PLACEMENT_3D('',#7348,#6011,#6012);
#4809=AXIS2_PLACEMENT_3D('',#7350,#6013,#6014);
#4810=AXIS2_PLACEMENT_3D('',#7352,#6016,#6017);
#4811=AXIS2_PLACEMENT_3D('',#7354,#6018,#6019);
#4812=AXIS2_PLACEMENT_3D('',#7356,#6021,#6022);
#4813=AXIS2_PLACEMENT_3D('',#7358,#6023,#6024);
#4814=AXIS2_PLACEMENT_3D('',#7360,#6026,#6027);
#4815=AXIS2_PLACEMENT_3D('',#7362,#6028,#6029);
#4816=AXIS2_PLACEMENT_3D('',#7364,#6031,#6032);
#4817=AXIS2_PLACEMENT_3D('',#7366,#6033,#6034);
#4818=AXIS2_PLACEMENT_3D('',#7368,#6036,#6037);
#4819=AXIS2_PLACEMENT_3D('',#7370,#6038,#6039);
#4820=AXIS2_PLACEMENT_3D('',#7372,#6041,#6042);
#4821=AXIS2_PLACEMENT_3D('',#7374,#6043,#6044);
#4822=AXIS2_PLACEMENT_3D('',#7376,#6046,#6047);
#4823=AXIS2_PLACEMENT_3D('',#7378,#6048,#6049);
#4824=AXIS2_PLACEMENT_3D('',#7380,#6051,#6052);
#4825=AXIS2_PLACEMENT_3D('',#7382,#6053,#6054);
#4826=AXIS2_PLACEMENT_3D('',#7384,#6056,#6057);
#4827=AXIS2_PLACEMENT_3D('',#7386,#6058,#6059);
#4828=AXIS2_PLACEMENT_3D('',#7388,#6061,#6062);
#4829=AXIS2_PLACEMENT_3D('',#7390,#6063,#6064);
#4830=AXIS2_PLACEMENT_3D('',#7392,#6066,#6067);
#4831=AXIS2_PLACEMENT_3D('',#7394,#6068,#6069);
#4832=AXIS2_PLACEMENT_3D('',#7396,#6071,#6072);
#4833=AXIS2_PLACEMENT_3D('',#7398,#6073,#6074);
#4834=AXIS2_PLACEMENT_3D('',#7400,#6076,#6077);
#4835=AXIS2_PLACEMENT_3D('',#7402,#6078,#6079);
#4836=AXIS2_PLACEMENT_3D('',#7404,#6081,#6082);
#4837=AXIS2_PLACEMENT_3D('',#7406,#6083,#6084);
#4838=AXIS2_PLACEMENT_3D('',#7408,#6086,#6087);
#4839=AXIS2_PLACEMENT_3D('',#7410,#6088,#6089);
#4840=AXIS2_PLACEMENT_3D('',#7412,#6091,#6092);
#4841=AXIS2_PLACEMENT_3D('',#7414,#6093,#6094);
#4842=AXIS2_PLACEMENT_3D('',#7416,#6096,#6097);
#4843=AXIS2_PLACEMENT_3D('',#7418,#6098,#6099);
#4844=AXIS2_PLACEMENT_3D('',#7420,#6101,#6102);
#4845=AXIS2_PLACEMENT_3D('',#7422,#6103,#6104);
#4846=AXIS2_PLACEMENT_3D('',#7424,#6106,#6107);
#4847=AXIS2_PLACEMENT_3D('',#7426,#6108,#6109);
#4848=AXIS2_PLACEMENT_3D('',#7428,#6111,#6112);
#4849=AXIS2_PLACEMENT_3D('',#7430,#6113,#6114);
#4850=AXIS2_PLACEMENT_3D('',#7432,#6116,#6117);
#4851=AXIS2_PLACEMENT_3D('',#7434,#6118,#6119);
#4852=AXIS2_PLACEMENT_3D('',#7436,#6121,#6122);
#4853=AXIS2_PLACEMENT_3D('',#7438,#6123,#6124);
#4854=AXIS2_PLACEMENT_3D('',#7440,#6126,#6127);
#4855=AXIS2_PLACEMENT_3D('',#7442,#6128,#6129);
#4856=AXIS2_PLACEMENT_3D('',#7444,#6131,#6132);
#4857=AXIS2_PLACEMENT_3D('',#7446,#6133,#6134);
#4858=AXIS2_PLACEMENT_3D('',#7448,#6136,#6137);
#4859=AXIS2_PLACEMENT_3D('',#7450,#6138,#6139);
#4860=AXIS2_PLACEMENT_3D('',#7452,#6141,#6142);
#4861=AXIS2_PLACEMENT_3D('',#7454,#6143,#6144);
#4862=AXIS2_PLACEMENT_3D('',#7456,#6146,#6147);
#4863=AXIS2_PLACEMENT_3D('',#7458,#6148,#6149);
#4864=AXIS2_PLACEMENT_3D('',#7460,#6151,#6152);
#4865=AXIS2_PLACEMENT_3D('',#7462,#6153,#6154);
#4866=AXIS2_PLACEMENT_3D('',#7464,#6156,#6157);
#4867=AXIS2_PLACEMENT_3D('',#7466,#6158,#6159);
#4868=AXIS2_PLACEMENT_3D('',#7468,#6161,#6162);
#4869=AXIS2_PLACEMENT_3D('',#7470,#6163,#6164);
#4870=AXIS2_PLACEMENT_3D('',#7472,#6166,#6167);
#4871=AXIS2_PLACEMENT_3D('',#7474,#6168,#6169);
#4872=AXIS2_PLACEMENT_3D('',#7476,#6171,#6172);
#4873=AXIS2_PLACEMENT_3D('',#7478,#6173,#6174);
#4874=AXIS2_PLACEMENT_3D('',#7480,#6176,#6177);
#4875=AXIS2_PLACEMENT_3D('',#7482,#6178,#6179);
#4876=AXIS2_PLACEMENT_3D('',#7484,#6181,#6182);
#4877=AXIS2_PLACEMENT_3D('',#7486,#6183,#6184);
#4878=AXIS2_PLACEMENT_3D('',#7488,#6186,#6187);
#4879=AXIS2_PLACEMENT_3D('',#7490,#6188,#6189);
#4880=AXIS2_PLACEMENT_3D('',#7492,#6191,#6192);
#4881=AXIS2_PLACEMENT_3D('',#7494,#6193,#6194);
#4882=AXIS2_PLACEMENT_3D('',#7496,#6196,#6197);
#4883=AXIS2_PLACEMENT_3D('',#7498,#6198,#6199);
#4884=AXIS2_PLACEMENT_3D('',#7500,#6201,#6202);
#4885=AXIS2_PLACEMENT_3D('',#7502,#6203,#6204);
#4886=AXIS2_PLACEMENT_3D('',#7504,#6206,#6207);
#4887=AXIS2_PLACEMENT_3D('',#7506,#6208,#6209);
#4888=AXIS2_PLACEMENT_3D('',#7508,#6211,#6212);
#4889=AXIS2_PLACEMENT_3D('',#7510,#6213,#6214);
#4890=AXIS2_PLACEMENT_3D('',#7512,#6216,#6217);
#4891=AXIS2_PLACEMENT_3D('',#7514,#6218,#6219);
#4892=AXIS2_PLACEMENT_3D('',#7516,#6221,#6222);
#4893=AXIS2_PLACEMENT_3D('',#7518,#6223,#6224);
#4894=AXIS2_PLACEMENT_3D('',#7520,#6226,#6227);
#4895=AXIS2_PLACEMENT_3D('',#7522,#6228,#6229);
#4896=AXIS2_PLACEMENT_3D('',#7524,#6231,#6232);
#4897=AXIS2_PLACEMENT_3D('',#7526,#6233,#6234);
#4898=AXIS2_PLACEMENT_3D('',#7528,#6236,#6237);
#4899=AXIS2_PLACEMENT_3D('',#7530,#6238,#6239);
#4900=AXIS2_PLACEMENT_3D('',#7532,#6241,#6242);
#4901=AXIS2_PLACEMENT_3D('',#7534,#6243,#6244);
#4902=AXIS2_PLACEMENT_3D('',#7536,#6246,#6247);
#4903=AXIS2_PLACEMENT_3D('',#7538,#6248,#6249);
#4904=AXIS2_PLACEMENT_3D('',#7540,#6251,#6252);
#4905=AXIS2_PLACEMENT_3D('',#7542,#6253,#6254);
#4906=AXIS2_PLACEMENT_3D('',#7544,#6256,#6257);
#4907=AXIS2_PLACEMENT_3D('',#7546,#6258,#6259);
#4908=AXIS2_PLACEMENT_3D('',#7548,#6261,#6262);
#4909=AXIS2_PLACEMENT_3D('',#7550,#6263,#6264);
#4910=AXIS2_PLACEMENT_3D('',#7552,#6266,#6267);
#4911=AXIS2_PLACEMENT_3D('',#7554,#6268,#6269);
#4912=AXIS2_PLACEMENT_3D('',#7556,#6271,#6272);
#4913=AXIS2_PLACEMENT_3D('',#7558,#6273,#6274);
#4914=AXIS2_PLACEMENT_3D('',#7560,#6276,#6277);
#4915=AXIS2_PLACEMENT_3D('',#7562,#6278,#6279);
#4916=AXIS2_PLACEMENT_3D('',#7564,#6281,#6282);
#4917=AXIS2_PLACEMENT_3D('',#7566,#6283,#6284);
#4918=AXIS2_PLACEMENT_3D('',#7568,#6286,#6287);
#4919=AXIS2_PLACEMENT_3D('',#7570,#6288,#6289);
#4920=AXIS2_PLACEMENT_3D('',#7572,#6291,#6292);
#4921=AXIS2_PLACEMENT_3D('',#7574,#6293,#6294);
#4922=AXIS2_PLACEMENT_3D('',#7576,#6296,#6297);
#4923=AXIS2_PLACEMENT_3D('',#7578,#6298,#6299);
#4924=AXIS2_PLACEMENT_3D('',#7580,#6301,#6302);
#4925=AXIS2_PLACEMENT_3D('',#7582,#6303,#6304);
#4926=AXIS2_PLACEMENT_3D('',#7584,#6306,#6307);
#4927=AXIS2_PLACEMENT_3D('',#7586,#6308,#6309);
#4928=AXIS2_PLACEMENT_3D('',#7588,#6311,#6312);
#4929=AXIS2_PLACEMENT_3D('',#7590,#6313,#6314);
#4930=AXIS2_PLACEMENT_3D('',#7592,#6316,#6317);
#4931=AXIS2_PLACEMENT_3D('',#7594,#6318,#6319);
#4932=AXIS2_PLACEMENT_3D('',#7596,#6321,#6322);
#4933=AXIS2_PLACEMENT_3D('',#7598,#6323,#6324);
#4934=AXIS2_PLACEMENT_3D('',#7600,#6326,#6327);
#4935=AXIS2_PLACEMENT_3D('',#7602,#6328,#6329);
#4936=AXIS2_PLACEMENT_3D('',#7604,#6331,#6332);
#4937=AXIS2_PLACEMENT_3D('',#7606,#6333,#6334);
#4938=AXIS2_PLACEMENT_3D('',#7608,#6336,#6337);
#4939=AXIS2_PLACEMENT_3D('',#7610,#6338,#6339);
#4940=AXIS2_PLACEMENT_3D('',#7612,#6341,#6342);
#4941=AXIS2_PLACEMENT_3D('',#7614,#6343,#6344);
#4942=AXIS2_PLACEMENT_3D('',#7616,#6346,#6347);
#4943=AXIS2_PLACEMENT_3D('',#7618,#6348,#6349);
#4944=AXIS2_PLACEMENT_3D('',#7620,#6351,#6352);
#4945=AXIS2_PLACEMENT_3D('',#7622,#6353,#6354);
#4946=AXIS2_PLACEMENT_3D('',#7624,#6356,#6357);
#4947=AXIS2_PLACEMENT_3D('',#7626,#6358,#6359);
#4948=AXIS2_PLACEMENT_3D('',#7628,#6361,#6362);
#4949=AXIS2_PLACEMENT_3D('',#7630,#6363,#6364);
#4950=AXIS2_PLACEMENT_3D('',#7632,#6366,#6367);
#4951=AXIS2_PLACEMENT_3D('',#7634,#6368,#6369);
#4952=AXIS2_PLACEMENT_3D('',#7636,#6371,#6372);
#4953=AXIS2_PLACEMENT_3D('',#7638,#6373,#6374);
#4954=AXIS2_PLACEMENT_3D('',#7640,#6376,#6377);
#4955=AXIS2_PLACEMENT_3D('',#7642,#6378,#6379);
#4956=AXIS2_PLACEMENT_3D('',#7644,#6381,#6382);
#4957=AXIS2_PLACEMENT_3D('',#7646,#6383,#6384);
#4958=AXIS2_PLACEMENT_3D('',#7648,#6386,#6387);
#4959=AXIS2_PLACEMENT_3D('',#7650,#6388,#6389);
#4960=AXIS2_PLACEMENT_3D('',#7652,#6391,#6392);
#4961=AXIS2_PLACEMENT_3D('',#7654,#6393,#6394);
#4962=AXIS2_PLACEMENT_3D('',#7656,#6396,#6397);
#4963=AXIS2_PLACEMENT_3D('',#7658,#6398,#6399);
#4964=AXIS2_PLACEMENT_3D('',#7660,#6401,#6402);
#4965=AXIS2_PLACEMENT_3D('',#7662,#6403,#6404);
#4966=AXIS2_PLACEMENT_3D('',#7664,#6406,#6407);
#4967=AXIS2_PLACEMENT_3D('',#7666,#6408,#6409);
#4968=AXIS2_PLACEMENT_3D('',#7668,#6411,#6412);
#4969=AXIS2_PLACEMENT_3D('',#7670,#6413,#6414);
#4970=AXIS2_PLACEMENT_3D('',#7672,#6416,#6417);
#4971=AXIS2_PLACEMENT_3D('',#7674,#6418,#6419);
#4972=AXIS2_PLACEMENT_3D('',#7676,#6421,#6422);
#4973=AXIS2_PLACEMENT_3D('',#7678,#6424,#6425);
#4974=DIRECTION('axis',(0.,0.,1.));
#4975=DIRECTION('refdir',(1.,0.,0.));
#4976=DIRECTION('axis',(0.,0.,1.));
#4977=DIRECTION('refdir',(1.,0.,0.));
#4978=DIRECTION('center_axis',(0.707106781186547,-0.707106781186548,0.));
#4979=DIRECTION('ref_axis',(0.,0.,-1.));
#4980=DIRECTION('',(0.,0.,1.));
#4981=DIRECTION('',(-0.707106781186548,-0.707106781186547,0.));
#4982=DIRECTION('',(0.,0.,-1.));
#4983=DIRECTION('',(0.577350269189626,0.577350269189626,0.577350269189626));
#4984=DIRECTION('center_axis',(0.,-0.707106781186548,0.707106781186547));
#4985=DIRECTION('ref_axis',(1.,0.,0.));
#4986=DIRECTION('',(1.,0.,0.));
#4987=DIRECTION('',(-0.577350269189626,0.577350269189626,0.577350269189626));
#4988=DIRECTION('',(-1.,0.,0.));
#4989=DIRECTION('center_axis',(-0.707106781186548,-0.707106781186547,0.));
#4990=DIRECTION('ref_axis',(0.,0.,1.));
#4991=DIRECTION('',(0.,0.,1.));
#4992=DIRECTION('',(-0.707106781186547,0.707106781186548,0.));
#4993=DIRECTION('',(0.,0.,-1.));
#4994=DIRECTION('center_axis',(0.,0.,1.));
#4995=DIRECTION('ref_axis',(1.,0.,0.));
#4996=DIRECTION('',(1.,0.,0.));
#4997=DIRECTION('',(0.,-1.,0.));
#4998=DIRECTION('',(0.707106781186548,-0.707106781186548,0.));
#4999=DIRECTION('',(-1.,0.,0.));
#5000=DIRECTION('',(-0.573576436351047,-0.819152044288991,0.));
#5001=DIRECTION('',(0.,-1.,0.));
#5002=DIRECTION('',(-1.,5.82867087928207E-16,0.));
#5003=DIRECTION('center_axis',(0.,0.,1.));
#5004=DIRECTION('ref_axis',(1.,-5.82867087928207E-16,0.));
#5005=DIRECTION('',(-5.82867087928207E-16,-1.,0.));
#5006=DIRECTION('center_axis',(0.,0.,1.));
#5007=DIRECTION('ref_axis',(1.,-5.82867087928207E-16,0.));
#5008=DIRECTION('',(1.,-5.82867087928207E-16,0.));
#5009=DIRECTION('',(-5.82867087928207E-16,-1.,0.));
#5010=DIRECTION('',(-1.,5.82867087928207E-16,0.));
#5011=DIRECTION('',(-5.82867087928207E-16,-1.,0.));
#5012=DIRECTION('',(1.,0.,0.));
#5013=DIRECTION('',(0.,-1.,0.));
#5014=DIRECTION('center_axis',(0.,0.,-1.));
#5015=DIRECTION('ref_axis',(1.,0.,0.));
#5016=DIRECTION('center_axis',(0.,0.,-1.));
#5017=DIRECTION('ref_axis',(1.,0.,0.));
#5018=DIRECTION('center_axis',(0.,1.,0.));
#5019=DIRECTION('ref_axis',(1.,0.,0.));
#5020=DIRECTION('',(1.,0.,0.));
#5021=DIRECTION('',(0.707106781186548,0.,0.707106781186548));
#5022=DIRECTION('',(6.34413156928661E-17,0.,-1.));
#5023=DIRECTION('',(1.,0.,0.));
#5024=DIRECTION('',(-6.34413156928661E-17,0.,1.));
#5025=DIRECTION('',(0.707106781186548,0.,-0.707106781186548));
#5026=DIRECTION('center_axis',(-0.707106781186548,0.707106781186548,-4.48597845338221E-17));
#5027=DIRECTION('ref_axis',(-6.34413156928661E-17,0.,1.));
#5028=DIRECTION('',(-6.34413156928661E-17,0.,1.));
#5029=DIRECTION('',(0.577350269189626,0.577350269189626,0.577350269189626));
#5030=DIRECTION('',(0.707106781186548,0.707106781186548,0.));
#5031=DIRECTION('',(6.34413156928661E-17,0.,-1.));
#5032=DIRECTION('',(-0.577350269189626,-0.577350269189626,-0.577350269189626));
#5033=DIRECTION('center_axis',(0.,0.707106781186548,-0.707106781186548));
#5034=DIRECTION('ref_axis',(-1.,0.,0.));
#5035=DIRECTION('',(-1.,0.,0.));
#5036=DIRECTION('',(1.,0.,0.));
#5037=DIRECTION('',(0.577350269189626,-0.577350269189626,-0.577350269189626));
#5038=DIRECTION('center_axis',(0.707106781186548,0.707106781186548,4.48597845338221E-17));
#5039=DIRECTION('ref_axis',(6.34413156928661E-17,0.,-1.));
#5040=DIRECTION('',(-6.34413156928661E-17,0.,1.));
#5041=DIRECTION('',(0.577350269189626,-0.577350269189626,-0.577350269189626));
#5042=DIRECTION('',(6.34413156928661E-17,0.,-1.));
#5043=DIRECTION('center_axis',(-0.707106781186548,0.,0.707106781186548));
#5044=DIRECTION('ref_axis',(0.707106781186548,0.,0.707106781186548));
#5045=DIRECTION('',(0.,-1.,0.));
#5046=DIRECTION('',(0.,1.,0.));
#5047=DIRECTION('center_axis',(-1.,0.,-6.34413156928661E-17));
#5048=DIRECTION('ref_axis',(-6.34413156928661E-17,0.,1.));
#5049=DIRECTION('',(0.,1.,0.));
#5050=DIRECTION('center_axis',(0.,0.,-1.));
#5051=DIRECTION('ref_axis',(-1.,0.,0.));
#5052=DIRECTION('',(0.,1.,0.));
#5053=DIRECTION('center_axis',(0.,0.,1.));
#5054=DIRECTION('ref_axis',(1.,0.,0.));
#5055=DIRECTION('center_axis',(0.,0.,1.));
#5056=DIRECTION('ref_axis',(1.,0.,0.));
#5057=DIRECTION('center_axis',(0.,0.,1.));
#5058=DIRECTION('ref_axis',(1.,0.,0.));
#5059=DIRECTION('center_axis',(0.,0.,1.));
#5060=DIRECTION('ref_axis',(1.,0.,0.));
#5061=DIRECTION('center_axis',(0.,0.,1.));
#5062=DIRECTION('ref_axis',(1.,0.,0.));
#5063=DIRECTION('center_axis',(0.,0.,1.));
#5064=DIRECTION('ref_axis',(1.,0.,0.));
#5065=DIRECTION('center_axis',(1.,0.,6.34413156928661E-17));
#5066=DIRECTION('ref_axis',(6.34413156928661E-17,0.,-1.));
#5067=DIRECTION('',(0.,1.,0.));
#5068=DIRECTION('center_axis',(0.707106781186548,0.,0.707106781186548));
#5069=DIRECTION('ref_axis',(0.707106781186548,0.,-0.707106781186548));
#5070=DIRECTION('center_axis',(0.,0.,1.));
#5071=DIRECTION('ref_axis',(1.,0.,0.));
#5072=DIRECTION('',(0.,1.,0.));
#5073=DIRECTION('',(1.,0.,0.));
#5074=DIRECTION('',(5.82867087928207E-16,1.,0.));
#5075=DIRECTION('',(-1.,5.82867087928207E-16,0.));
#5076=DIRECTION('',(5.82867087928207E-16,1.,0.));
#5077=DIRECTION('',(1.,-5.82867087928207E-16,0.));
#5078=DIRECTION('center_axis',(0.,0.,1.));
#5079=DIRECTION('ref_axis',(-1.,5.82867087928207E-16,0.));
#5080=DIRECTION('',(5.82867087928207E-16,1.,0.));
#5081=DIRECTION('center_axis',(0.,0.,1.));
#5082=DIRECTION('ref_axis',(-1.,5.82867087928207E-16,0.));
#5083=DIRECTION('',(-1.,5.82867087928207E-16,0.));
#5084=DIRECTION('',(0.,1.,0.));
#5085=DIRECTION('',(-0.573576436351047,0.819152044288991,0.));
#5086=DIRECTION('',(-1.,0.,0.));
#5087=DIRECTION('center_axis',(0.,0.,-1.));
#5088=DIRECTION('ref_axis',(1.,0.,0.));
#5089=DIRECTION('center_axis',(0.,0.,-1.));
#5090=DIRECTION('ref_axis',(1.,0.,0.));
#5091=DIRECTION('center_axis',(0.,0.,-1.));
#5092=DIRECTION('ref_axis',(1.,0.,0.));
#5093=DIRECTION('center_axis',(0.,0.,-1.));
#5094=DIRECTION('ref_axis',(1.,0.,0.));
#5095=DIRECTION('',(0.,0.,-1.));
#5096=DIRECTION('center_axis',(0.,0.,-1.));
#5097=DIRECTION('ref_axis',(1.,0.,0.));
#5098=DIRECTION('',(0.,0.,-1.));
#5099=DIRECTION('center_axis',(0.,0.,-1.));
#5100=DIRECTION('ref_axis',(1.,0.,0.));
#5101=DIRECTION('',(0.,0.,-1.));
#5102=DIRECTION('center_axis',(0.,0.,-1.));
#5103=DIRECTION('ref_axis',(1.,0.,0.));
#5104=DIRECTION('center_axis',(0.,0.,-1.));
#5105=DIRECTION('ref_axis',(1.,0.,0.));
#5106=DIRECTION('',(0.,0.,-1.));
#5107=DIRECTION('center_axis',(0.,0.,-1.));
#5108=DIRECTION('ref_axis',(1.,0.,0.));
#5109=DIRECTION('',(0.,0.,-1.));
#5110=DIRECTION('center_axis',(0.,0.,-1.));
#5111=DIRECTION('ref_axis',(1.,0.,0.));
#5112=DIRECTION('',(0.,0.,-1.));
#5113=DIRECTION('center_axis',(1.,0.,0.));
#5114=DIRECTION('ref_axis',(0.,0.,-1.));
#5115=DIRECTION('',(0.,0.,-1.));
#5116=DIRECTION('',(0.,1.,0.));
#5117=DIRECTION('center_axis',(0.,1.,0.));
#5118=DIRECTION('ref_axis',(0.,0.,1.));
#5119=DIRECTION('center_axis',(0.,-1.,0.));
#5120=DIRECTION('ref_axis',(1.,-5.82867087928207E-16,0.));
#5121=DIRECTION('',(0.,0.,1.));
#5122=DIRECTION('',(-1.,0.,0.));
#5123=DIRECTION('center_axis',(-1.,0.,0.));
#5124=DIRECTION('ref_axis',(0.,0.,1.));
#5125=DIRECTION('',(0.,1.,0.));
#5126=DIRECTION('center_axis',(0.,0.,-1.));
#5127=DIRECTION('ref_axis',(-1.,0.,0.));
#5128=DIRECTION('center_axis',(0.,1.,0.));
#5129=DIRECTION('ref_axis',(1.,0.,0.));
#5130=DIRECTION('center_axis',(0.,-1.,0.));
#5131=DIRECTION('ref_axis',(1.,0.,0.));
#5132=DIRECTION('center_axis',(0.,-1.,0.));
#5133=DIRECTION('ref_axis',(1.,0.,0.));
#5134=DIRECTION('center_axis',(0.,1.,0.));
#5135=DIRECTION('ref_axis',(0.,0.,1.));
#5136=DIRECTION('center_axis',(-5.82867087928207E-16,-1.,0.));
#5137=DIRECTION('ref_axis',(1.,-5.82867087928207E-16,0.));
#5138=DIRECTION('center_axis',(-5.82867087928207E-16,-1.,0.));
#5139=DIRECTION('ref_axis',(0.,0.,-1.));
#5140=DIRECTION('center_axis',(-5.82867087928207E-16,-1.,0.));
#5141=DIRECTION('ref_axis',(0.,0.,-1.));
#5142=DIRECTION('center_axis',(-5.82867087928207E-16,-1.,0.));
#5143=DIRECTION('ref_axis',(0.,0.,-1.));
#5144=DIRECTION('center_axis',(-5.82867087928207E-16,-1.,0.));
#5145=DIRECTION('ref_axis',(0.,0.,-1.));
#5146=DIRECTION('center_axis',(-5.82867087928207E-16,-1.,0.));
#5147=DIRECTION('ref_axis',(0.,0.,-1.));
#5148=DIRECTION('center_axis',(-5.82867087928207E-16,-1.,0.));
#5149=DIRECTION('ref_axis',(1.,-5.82867087928207E-16,0.));
#5150=DIRECTION('center_axis',(-5.82867087928207E-16,-1.,0.));
#5151=DIRECTION('ref_axis',(0.,0.,-1.));
#5152=DIRECTION('center_axis',(-5.82867087928207E-16,-1.,0.));
#5153=DIRECTION('ref_axis',(0.,0.,-1.));
#5154=DIRECTION('center_axis',(-5.82867087928207E-16,-1.,0.));
#5155=DIRECTION('ref_axis',(0.,0.,-1.));
#5156=DIRECTION('center_axis',(5.82867087928207E-16,1.,0.));
#5157=DIRECTION('ref_axis',(0.,0.,1.));
#5158=DIRECTION('center_axis',(-5.82867087928207E-16,-1.,0.));
#5159=DIRECTION('ref_axis',(0.,0.,-1.));
#5160=DIRECTION('center_axis',(-5.82867087928207E-16,-1.,0.));
#5161=DIRECTION('ref_axis',(1.,-5.82867087928207E-16,0.));
#5162=DIRECTION('center_axis',(-5.82867087928207E-16,-1.,0.));
#5163=DIRECTION('ref_axis',(0.,0.,-1.));
#5164=DIRECTION('center_axis',(-5.82867087928207E-16,-1.,0.));
#5165=DIRECTION('ref_axis',(0.,0.,-1.));
#5166=DIRECTION('center_axis',(-5.82867087928207E-16,-1.,0.));
#5167=DIRECTION('ref_axis',(0.,0.,-1.));
#5168=DIRECTION('center_axis',(-5.82867087928207E-16,-1.,0.));
#5169=DIRECTION('ref_axis',(1.,-5.82867087928207E-16,0.));
#5170=DIRECTION('center_axis',(0.707106781186547,-0.707106781186548,0.));
#5171=DIRECTION('ref_axis',(0.,0.,-1.));
#5172=DIRECTION('',(0.,0.,-1.));
#5173=DIRECTION('',(0.707106781186548,0.707106781186547,0.));
#5174=DIRECTION('',(0.,0.,1.));
#5175=DIRECTION('',(-0.577350269189626,-0.577350269189626,0.577350269189626));
#5176=DIRECTION('center_axis',(-0.707106781186548,-0.707106781186547,0.));
#5177=DIRECTION('ref_axis',(0.,0.,1.));
#5178=DIRECTION('',(0.,0.,-1.));
#5179=DIRECTION('',(0.707106781186547,-0.707106781186548,0.));
#5180=DIRECTION('',(0.,0.,1.));
#5181=DIRECTION('',(-0.577350269189626,0.577350269189626,-0.577350269189626));
#5182=DIRECTION('center_axis',(0.,-0.707106781186548,-0.707106781186547));
#5183=DIRECTION('ref_axis',(-1.,0.,0.));
#5184=DIRECTION('',(1.,0.,0.));
#5185=DIRECTION('',(-1.,0.,0.));
#5186=DIRECTION('center_axis',(0.,1.,0.));
#5187=DIRECTION('ref_axis',(1.,0.,0.));
#5188=DIRECTION('',(1.,0.,0.));
#5189=DIRECTION('',(-0.707106781186548,0.,-0.707106781186547));
#5190=DIRECTION('',(-6.34413156928661E-17,0.,1.));
#5191=DIRECTION('',(-1.,0.,0.));
#5192=DIRECTION('',(6.34413156928661E-17,0.,-1.));
#5193=DIRECTION('',(-0.707106781186548,0.,0.707106781186547));
#5194=DIRECTION('',(1.,0.,0.));
#5195=DIRECTION('center_axis',(0.,0.,1.));
#5196=DIRECTION('ref_axis',(1.,0.,0.));
#5197=DIRECTION('',(0.,1.,0.));
#5198=DIRECTION('',(-1.,0.,0.));
#5199=DIRECTION('',(-5.82867087928207E-16,-1.,0.));
#5200=DIRECTION('',(-1.,5.82867087928207E-16,0.));
#5201=DIRECTION('',(-5.82867087928207E-16,-1.,0.));
#5202=DIRECTION('',(1.,-5.82867087928207E-16,0.));
#5203=DIRECTION('center_axis',(0.,0.,1.));
#5204=DIRECTION('ref_axis',(1.,-5.82867087928207E-16,0.));
#5205=DIRECTION('',(-5.82867087928207E-16,-1.,0.));
#5206=DIRECTION('center_axis',(0.,0.,1.));
#5207=DIRECTION('ref_axis',(1.,-5.82867087928207E-16,0.));
#5208=DIRECTION('',(-1.,5.82867087928207E-16,0.));
#5209=DIRECTION('',(0.,1.,0.));
#5210=DIRECTION('',(0.573576436351047,0.819152044288991,0.));
#5211=DIRECTION('',(-1.,0.,0.));
#5212=DIRECTION('',(-0.707106781186548,0.707106781186547,0.));
#5213=DIRECTION('',(0.,1.,0.));
#5214=DIRECTION('center_axis',(0.,0.,1.));
#5215=DIRECTION('ref_axis',(1.,0.,0.));
#5216=DIRECTION('center_axis',(0.,0.,1.));
#5217=DIRECTION('ref_axis',(1.,0.,0.));
#5218=DIRECTION('center_axis',(0.707106781186547,0.707106781186548,4.48597845338221E-17));
#5219=DIRECTION('ref_axis',(6.34413156928661E-17,0.,-1.));
#5220=DIRECTION('',(6.34413156928661E-17,0.,-1.));
#5221=DIRECTION('',(-0.577350269189626,0.577350269189626,-0.577350269189626));
#5222=DIRECTION('',(-6.34413156928661E-17,0.,1.));
#5223=DIRECTION('',(0.577350269189627,-0.577350269189625,0.577350269189625));
#5224=DIRECTION('center_axis',(0.,0.707106781186548,0.707106781186548));
#5225=DIRECTION('ref_axis',(1.,0.,0.));
#5226=DIRECTION('',(1.,0.,0.));
#5227=DIRECTION('',(-1.,0.,0.));
#5228=DIRECTION('',(-0.577350269189626,-0.577350269189626,0.577350269189626));
#5229=DIRECTION('center_axis',(-0.707106781186547,0.707106781186548,-4.48597845338221E-17));
#5230=DIRECTION('ref_axis',(-6.34413156928661E-17,0.,1.));
#5231=DIRECTION('',(6.34413156928661E-17,0.,-1.));
#5232=DIRECTION('',(-0.707106781186548,-0.707106781186547,0.));
#5233=DIRECTION('',(-0.577350269189626,-0.577350269189625,0.577350269189626));
#5234=DIRECTION('',(-6.34413156928661E-17,0.,1.));
#5235=DIRECTION('center_axis',(0.707106781186547,0.,-0.707106781186548));
#5236=DIRECTION('ref_axis',(-0.707106781186548,0.,-0.707106781186547));
#5237=DIRECTION('',(0.,-1.,0.));
#5238=DIRECTION('center_axis',(1.,0.,6.34413156928661E-17));
#5239=DIRECTION('ref_axis',(6.34413156928661E-17,0.,-1.));
#5240=DIRECTION('',(0.,1.,0.));
#5241=DIRECTION('center_axis',(0.,0.,1.));
#5242=DIRECTION('ref_axis',(1.,0.,0.));
#5243=DIRECTION('',(0.,1.,0.));
#5244=DIRECTION('center_axis',(0.,0.,-1.));
#5245=DIRECTION('ref_axis',(1.,0.,0.));
#5246=DIRECTION('center_axis',(0.,0.,-1.));
#5247=DIRECTION('ref_axis',(1.,0.,0.));
#5248=DIRECTION('center_axis',(0.,0.,-1.));
#5249=DIRECTION('ref_axis',(1.,0.,0.));
#5250=DIRECTION('center_axis',(0.,0.,-1.));
#5251=DIRECTION('ref_axis',(1.,0.,0.));
#5252=DIRECTION('center_axis',(0.,0.,-1.));
#5253=DIRECTION('ref_axis',(1.,0.,0.));
#5254=DIRECTION('center_axis',(0.,0.,-1.));
#5255=DIRECTION('ref_axis',(1.,0.,0.));
#5256=DIRECTION('center_axis',(-1.,0.,-6.34413156928661E-17));
#5257=DIRECTION('ref_axis',(-6.34413156928661E-17,0.,1.));
#5258=DIRECTION('',(0.,1.,0.));
#5259=DIRECTION('center_axis',(-0.707106781186547,0.,-0.707106781186548));
#5260=DIRECTION('ref_axis',(-0.707106781186548,0.,0.707106781186547));
#5261=DIRECTION('',(0.,-1.,0.));
#5262=DIRECTION('center_axis',(0.,0.,1.));
#5263=DIRECTION('ref_axis',(1.,0.,0.));
#5264=DIRECTION('',(-1.,0.,0.));
#5265=DIRECTION('',(0.573576436351047,-0.819152044288991,0.));
#5266=DIRECTION('',(0.,-1.,0.));
#5267=DIRECTION('',(-1.,5.82867087928207E-16,0.));
#5268=DIRECTION('center_axis',(0.,0.,1.));
#5269=DIRECTION('ref_axis',(-1.,5.82867087928207E-16,0.));
#5270=DIRECTION('',(5.82867087928207E-16,1.,0.));
#5271=DIRECTION('center_axis',(0.,0.,1.));
#5272=DIRECTION('ref_axis',(-1.,5.82867087928207E-16,0.));
#5273=DIRECTION('',(1.,-5.82867087928207E-16,0.));
#5274=DIRECTION('',(5.82867087928207E-16,1.,0.));
#5275=DIRECTION('',(-1.,5.82867087928207E-16,0.));
#5276=DIRECTION('',(5.82867087928207E-16,1.,0.));
#5277=DIRECTION('',(-1.,0.,0.));
#5278=DIRECTION('',(0.,-1.,0.));
#5279=DIRECTION('center_axis',(0.,0.,1.));
#5280=DIRECTION('ref_axis',(1.,0.,0.));
#5281=DIRECTION('center_axis',(0.,0.,1.));
#5282=DIRECTION('ref_axis',(1.,0.,0.));
#5283=DIRECTION('center_axis',(0.,0.,-1.));
#5284=DIRECTION('ref_axis',(1.,0.,0.));
#5285=DIRECTION('',(0.,0.,-1.));
#5286=DIRECTION('center_axis',(0.,0.,1.));
#5287=DIRECTION('ref_axis',(1.,0.,0.));
#5288=DIRECTION('center_axis',(0.,0.,-1.));
#5289=DIRECTION('ref_axis',(1.,0.,0.));
#5290=DIRECTION('',(0.,0.,-1.));
#5291=DIRECTION('center_axis',(0.,0.,-1.));
#5292=DIRECTION('ref_axis',(1.,0.,0.));
#5293=DIRECTION('',(0.,0.,-1.));
#5294=DIRECTION('center_axis',(0.,0.,-1.));
#5295=DIRECTION('ref_axis',(1.,0.,0.));
#5296=DIRECTION('',(0.,0.,-1.));
#5297=DIRECTION('center_axis',(0.,0.,1.));
#5298=DIRECTION('ref_axis',(1.,0.,0.));
#5299=DIRECTION('center_axis',(0.,0.,-1.));
#5300=DIRECTION('ref_axis',(1.,0.,0.));
#5301=DIRECTION('',(0.,0.,-1.));
#5302=DIRECTION('center_axis',(0.,0.,-1.));
#5303=DIRECTION('ref_axis',(1.,0.,0.));
#5304=DIRECTION('',(0.,0.,-1.));
#5305=DIRECTION('center_axis',(1.,0.,0.));
#5306=DIRECTION('ref_axis',(0.,0.,-1.));
#5307=DIRECTION('',(0.,1.,0.));
#5308=DIRECTION('',(0.,0.,-1.));
#5309=DIRECTION('center_axis',(0.,1.,0.));
#5310=DIRECTION('ref_axis',(0.,0.,1.));
#5311=DIRECTION('',(1.,0.,0.));
#5312=DIRECTION('',(0.,0.,1.));
#5313=DIRECTION('center_axis',(0.,-1.,0.));
#5314=DIRECTION('ref_axis',(1.,-5.82867087928207E-16,0.));
#5315=DIRECTION('center_axis',(-1.,0.,0.));
#5316=DIRECTION('ref_axis',(0.,0.,1.));
#5317=DIRECTION('',(0.,1.,0.));
#5318=DIRECTION('center_axis',(0.,0.,1.));
#5319=DIRECTION('ref_axis',(1.,0.,0.));
#5320=DIRECTION('center_axis',(-5.82867087928207E-16,-1.,0.));
#5321=DIRECTION('ref_axis',(1.,-5.82867087928207E-16,0.));
#5322=DIRECTION('center_axis',(-5.82867087928207E-16,-1.,0.));
#5323=DIRECTION('ref_axis',(0.,0.,-1.));
#5324=DIRECTION('center_axis',(0.,1.,0.));
#5325=DIRECTION('ref_axis',(1.,0.,0.));
#5326=DIRECTION('center_axis',(0.,-1.,0.));
#5327=DIRECTION('ref_axis',(1.,0.,0.));
#5328=DIRECTION('center_axis',(0.,-1.,0.));
#5329=DIRECTION('ref_axis',(1.,0.,0.));
#5330=DIRECTION('center_axis',(0.,1.,0.));
#5331=DIRECTION('ref_axis',(0.,0.,1.));
#5332=DIRECTION('center_axis',(-5.82867087928207E-16,-1.,0.));
#5333=DIRECTION('ref_axis',(1.,-5.82867087928207E-16,0.));
#5334=DIRECTION('center_axis',(-5.82867087928207E-16,-1.,0.));
#5335=DIRECTION('ref_axis',(0.,0.,-1.));
#5336=DIRECTION('center_axis',(-5.82867087928207E-16,-1.,0.));
#5337=DIRECTION('ref_axis',(0.,0.,-1.));
#5338=DIRECTION('center_axis',(-5.82867087928207E-16,-1.,0.));
#5339=DIRECTION('ref_axis',(0.,0.,-1.));
#5340=DIRECTION('center_axis',(-5.82867087928207E-16,-1.,0.));
#5341=DIRECTION('ref_axis',(1.24264207023452E-16,0.,1.));
#5342=DIRECTION('center_axis',(-5.82867087928207E-16,-1.,0.));
#5343=DIRECTION('ref_axis',(0.,0.,-1.));
#5344=DIRECTION('center_axis',(-5.82867087928207E-16,-1.,0.));
#5345=DIRECTION('ref_axis',(1.,-5.82867087928207E-16,0.));
#5346=DIRECTION('center_axis',(-5.82867087928207E-16,-1.,0.));
#5347=DIRECTION('ref_axis',(0.,0.,-1.));
#5348=DIRECTION('center_axis',(-5.82867087928207E-16,-1.,0.));
#5349=DIRECTION('ref_axis',(1.24264207023452E-16,0.,1.));
#5350=DIRECTION('center_axis',(-5.82867087928207E-16,-1.,0.));
#5351=DIRECTION('ref_axis',(0.,0.,-1.));
#5352=DIRECTION('center_axis',(5.82867087928207E-16,1.,0.));
#5353=DIRECTION('ref_axis',(0.,0.,1.));
#5354=DIRECTION('center_axis',(-5.82867087928207E-16,-1.,0.));
#5355=DIRECTION('ref_axis',(0.,0.,-1.));
#5356=DIRECTION('center_axis',(-5.82867087928207E-16,-1.,0.));
#5357=DIRECTION('ref_axis',(1.,-5.82867087928207E-16,0.));
#5358=DIRECTION('center_axis',(-5.82867087928207E-16,-1.,0.));
#5359=DIRECTION('ref_axis',(0.,0.,-1.));
#5360=DIRECTION('center_axis',(-5.82867087928207E-16,-1.,0.));
#5361=DIRECTION('ref_axis',(0.,0.,-1.));
#5362=DIRECTION('center_axis',(0.,1.,0.));
#5363=DIRECTION('ref_axis',(0.,0.,1.));
#5364=DIRECTION('',(1.,0.,0.));
#5365=DIRECTION('',(0.,0.,-1.));
#5366=DIRECTION('',(-1.,0.,0.));
#5367=DIRECTION('',(0.,0.,1.));
#5368=DIRECTION('center_axis',(0.,1.,0.));
#5369=DIRECTION('ref_axis',(1.,0.,0.));
#5370=DIRECTION('',(0.,0.,-1.));
#5371=DIRECTION('',(1.,0.,0.));
#5372=DIRECTION('',(0.,0.,1.));
#5373=DIRECTION('',(-1.,0.,0.));
#5374=DIRECTION('center_axis',(0.,-1.,0.));
#5375=DIRECTION('ref_axis',(1.,0.,0.));
#5376=DIRECTION('center_axis',(0.,0.,1.));
#5377=DIRECTION('ref_axis',(1.,0.,0.));
#5378=DIRECTION('',(0.,1.,0.));
#5379=DIRECTION('',(0.,1.,0.));
#5380=DIRECTION('center_axis',(-1.,0.,0.));
#5381=DIRECTION('ref_axis',(0.,0.,1.));
#5382=DIRECTION('',(0.,1.,0.));
#5383=DIRECTION('center_axis',(0.,0.,-1.));
#5384=DIRECTION('ref_axis',(-1.,0.,0.));
#5385=DIRECTION('',(0.,1.,0.));
#5386=DIRECTION('center_axis',(1.,0.,0.));
#5387=DIRECTION('ref_axis',(0.,0.,-1.));
#5388=DIRECTION('center_axis',(0.,1.,0.));
#5389=DIRECTION('ref_axis',(1.,0.,0.));
#5390=DIRECTION('center_axis',(0.,-1.,0.));
#5391=DIRECTION('ref_axis',(1.,0.,0.));
#5392=DIRECTION('',(-0.00801418118303689,0.999967885934326,-9.81454133359308E-19));
#5393=DIRECTION('center_axis',(0.,-1.,0.));
#5394=DIRECTION('ref_axis',(1.,0.,0.));
#5395=DIRECTION('center_axis',(0.,-1.,0.));
#5396=DIRECTION('ref_axis',(1.,0.,0.));
#5397=DIRECTION('',(0.,1.,0.));
#5398=DIRECTION('center_axis',(0.,-1.,0.));
#5399=DIRECTION('ref_axis',(1.,0.,0.));
#5400=DIRECTION('center_axis',(0.,-1.,0.));
#5401=DIRECTION('ref_axis',(1.,0.,0.));
#5402=DIRECTION('',(0.578165881921775,0.815919244154479,7.08048996671709E-17));
#5403=DIRECTION('center_axis',(0.,-1.,0.));
#5404=DIRECTION('ref_axis',(1.,0.,0.));
#5405=DIRECTION('center_axis',(0.,-1.,0.));
#5406=DIRECTION('ref_axis',(0.,0.,-1.));
#5407=DIRECTION('center_axis',(0.,1.,0.));
#5408=DIRECTION('ref_axis',(1.,0.,0.));
#5409=DIRECTION('center_axis',(0.,1.,0.));
#5410=DIRECTION('ref_axis',(1.,0.,0.));
#5411=DIRECTION('',(-0.573576436351047,0.819152044288991,-7.02428546843655E-17));
#5412=DIRECTION('center_axis',(0.,-1.,0.));
#5413=DIRECTION('ref_axis',(1.,0.,0.));
#5414=DIRECTION('center_axis',(0.,1.,0.));
#5415=DIRECTION('ref_axis',(1.,0.,0.));
#5416=DIRECTION('',(0.,1.,0.));
#5417=DIRECTION('center_axis',(0.,-1.,0.));
#5418=DIRECTION('ref_axis',(0.,0.,-1.));
#5419=DIRECTION('center_axis',(0.,-1.,0.));
#5420=DIRECTION('ref_axis',(1.,0.,0.));
#5421=DIRECTION('center_axis',(0.,-1.,0.));
#5422=DIRECTION('ref_axis',(0.,0.,-1.));
#5423=DIRECTION('center_axis',(-1.,0.,-1.16347151309536E-16));
#5424=DIRECTION('ref_axis',(-1.16347151309536E-16,0.,1.));
#5425=DIRECTION('center_axis',(0.,-1.,0.));
#5426=DIRECTION('ref_axis',(1.,0.,0.));
#5427=DIRECTION('center_axis',(0.,-1.,0.));
#5428=DIRECTION('ref_axis',(1.,0.,0.));
#5429=DIRECTION('center_axis',(0.,1.,0.));
#5430=DIRECTION('ref_axis',(1.,0.,0.));
#5431=DIRECTION('center_axis',(0.,-1.,0.));
#5432=DIRECTION('ref_axis',(1.,0.,0.));
#5433=DIRECTION('',(-0.707106781186548,0.707106781186547,-8.65956056235494E-17));
#5434=DIRECTION('center_axis',(0.,1.,0.));
#5435=DIRECTION('ref_axis',(1.,0.,0.));
#5436=DIRECTION('center_axis',(0.,-1.,0.));
#5437=DIRECTION('ref_axis',(1.,0.,0.));
#5438=DIRECTION('',(-0.701417191252749,0.712750954973126,-8.58988318134607E-17));
#5439=DIRECTION('center_axis',(0.,1.,0.));
#5440=DIRECTION('ref_axis',(1.,0.,0.));
#5441=DIRECTION('center_axis',(0.,-1.,0.));
#5442=DIRECTION('ref_axis',(1.,0.,0.));
#5443=DIRECTION('',(-0.689903227563983,0.723901606985921,-8.4488777935766E-17));
#5444=DIRECTION('center_axis',(0.,1.,0.));
#5445=DIRECTION('ref_axis',(1.,0.,0.));
#5446=DIRECTION('center_axis',(0.,-1.,0.));
#5447=DIRECTION('ref_axis',(1.,0.,0.));
#5448=DIRECTION('',(-0.678212021940737,0.734866282595043,-8.30570181812978E-17));
#5449=DIRECTION('center_axis',(0.,1.,0.));
#5450=DIRECTION('ref_axis',(1.,0.,0.));
#5451=DIRECTION('center_axis',(0.,-1.,0.));
#5452=DIRECTION('ref_axis',(1.,0.,0.));
#5453=DIRECTION('',(-0.666346577952022,0.74564216488315,-8.16039203811736E-17));
#5454=DIRECTION('center_axis',(0.,1.,0.));
#5455=DIRECTION('ref_axis',(1.,0.,0.));
#5456=DIRECTION('center_axis',(0.,-1.,0.));
#5457=DIRECTION('ref_axis',(1.,0.,0.));
#5458=DIRECTION('',(-0.654309943929978,0.756226485435646,-8.01298578484132E-17));
#5459=DIRECTION('center_axis',(0.,1.,0.));
#5460=DIRECTION('ref_axis',(1.,0.,0.));
#5461=DIRECTION('center_axis',(0.,-1.,0.));
#5462=DIRECTION('ref_axis',(1.,0.,0.));
#5463=DIRECTION('',(-0.642105212187083,0.766616525051594,-7.86352092820743E-17));
#5464=DIRECTION('center_axis',(0.,1.,0.));
#5465=DIRECTION('ref_axis',(1.,0.,0.));
#5466=DIRECTION('center_axis',(0.,-1.,0.));
#5467=DIRECTION('ref_axis',(1.,0.,0.));
#5468=DIRECTION('',(-0.629735518221396,0.77680961444258,-7.71203586699233E-17));
#5469=DIRECTION('center_axis',(0.,1.,0.));
#5470=DIRECTION('ref_axis',(1.,0.,0.));
#5471=DIRECTION('center_axis',(0.,-1.,0.));
#5472=DIRECTION('ref_axis',(1.,0.,0.));
#5473=DIRECTION('',(-0.617204039911182,0.786803134918333,-7.55856951898044E-17));
#5474=DIRECTION('center_axis',(0.,1.,0.));
#5475=DIRECTION('ref_axis',(1.,0.,0.));
#5476=DIRECTION('center_axis',(0.,-1.,0.));
#5477=DIRECTION('ref_axis',(1.,0.,0.));
#5478=DIRECTION('',(-0.604513996698557,0.796594519059438,-7.40316131096661E-17));
#5479=DIRECTION('center_axis',(0.,1.,0.));
#5480=DIRECTION('ref_axis',(1.,0.,0.));
#5481=DIRECTION('center_axis',(0.,-1.,0.));
#5482=DIRECTION('ref_axis',(1.,0.,0.));
#5483=DIRECTION('',(-0.591668648762161,0.806181251377107,-7.2458511686242E-17));
#5484=DIRECTION('center_axis',(0.,1.,0.));
#5485=DIRECTION('ref_axis',(1.,0.,0.));
#5486=DIRECTION('center_axis',(0.,-1.,0.));
#5487=DIRECTION('ref_axis',(1.,0.,0.));
#5488=DIRECTION('',(-0.578671296179812,0.815560868959256,-7.08667950625057E-17));
#5489=DIRECTION('center_axis',(0.,1.,0.));
#5490=DIRECTION('ref_axis',(1.,0.,0.));
#5491=DIRECTION('center_axis',(0.,-1.,0.));
#5492=DIRECTION('ref_axis',(1.,0.,0.));
#5493=DIRECTION('',(-0.565525278080531,0.824730962103363,-6.92568721638239E-17));
#5494=DIRECTION('center_axis',(0.,1.,0.));
#5495=DIRECTION('ref_axis',(1.,0.,0.));
#5496=DIRECTION('center_axis',(0.,-1.,0.));
#5497=DIRECTION('ref_axis',(1.,0.,0.));
#5498=DIRECTION('',(-0.55223397178684,0.833689174935438,-6.76291565929183E-17));
#5499=DIRECTION('center_axis',(0.,1.,0.));
#5500=DIRECTION('ref_axis',(1.,0.,0.));
#5501=DIRECTION('center_axis',(0.,-1.,0.));
#5502=DIRECTION('ref_axis',(1.,0.,0.));
#5503=DIRECTION('',(-0.538800791946979,0.842433206015354,-6.59840665235928E-17));
#5504=DIRECTION('center_axis',(0.,1.,0.));
#5505=DIRECTION('ref_axis',(1.,0.,0.));
#5506=DIRECTION('center_axis',(0.,-1.,0.));
#5507=DIRECTION('ref_axis',(1.,0.,0.));
#5508=DIRECTION('',(-0.52522918965762,0.85096080892812,-6.43220245932962E-17));
#5509=DIRECTION('center_axis',(0.,1.,0.));
#5510=DIRECTION('ref_axis',(1.,0.,0.));
#5511=DIRECTION('center_axis',(0.,-1.,0.));
#5512=DIRECTION('ref_axis',(1.,0.,0.));
#5513=DIRECTION('',(-0.511522651577452,0.859269792860876,-6.26434577945694E-17));
#5514=DIRECTION('center_axis',(0.,1.,0.));
#5515=DIRECTION('ref_axis',(1.,0.,0.));
#5516=DIRECTION('center_axis',(0.,-1.,0.));
#5517=DIRECTION('ref_axis',(1.,0.,0.));
#5518=DIRECTION('',(-0.497684699031253,0.86735802316585,-6.09487973653237E-17));
#5519=DIRECTION('center_axis',(0.,1.,0.));
#5520=DIRECTION('ref_axis',(1.,0.,0.));
#5521=DIRECTION('center_axis',(0.,-1.,0.));
#5522=DIRECTION('ref_axis',(1.,0.,0.));
#5523=DIRECTION('',(-0.483718887105257,0.875223421908744,-5.92384786780572E-17));
#5524=DIRECTION('center_axis',(0.,1.,0.));
#5525=DIRECTION('ref_axis',(1.,0.,0.));
#5526=DIRECTION('center_axis',(0.,-1.,0.));
#5527=DIRECTION('ref_axis',(1.,0.,0.));
#5528=DIRECTION('',(-0.469628803733817,0.882863968402576,-5.7512941128002E-17));
#5529=DIRECTION('center_axis',(0.,1.,0.));
#5530=DIRECTION('ref_axis',(1.,0.,0.));
#5531=DIRECTION('center_axis',(0.,-1.,0.));
#5532=DIRECTION('ref_axis',(1.,0.,0.));
#5533=DIRECTION('',(-0.455418068777769,0.890277699726735,-5.57726280202564E-17));
#5534=DIRECTION('center_axis',(0.,1.,0.));
#5535=DIRECTION('ref_axis',(1.,0.,0.));
#5536=DIRECTION('center_axis',(0.,-1.,0.));
#5537=DIRECTION('ref_axis',(1.,0.,0.));
#5538=DIRECTION('',(-0.441090333094322,0.897462711231358,-5.40179864558802E-17));
#5539=DIRECTION('center_axis',(0.,1.,0.));
#5540=DIRECTION('ref_axis',(1.,0.,0.));
#5541=DIRECTION('center_axis',(0.,-1.,0.));
#5542=DIRECTION('ref_axis',(1.,0.,0.));
#5543=DIRECTION('',(-0.426649277599023,0.904417157026685,-5.22494672170174E-17));
#5544=DIRECTION('center_axis',(0.,1.,0.));
#5545=DIRECTION('ref_axis',(1.,0.,0.));
#5546=DIRECTION('center_axis',(0.,-1.,0.));
#5547=DIRECTION('ref_axis',(1.,0.,0.));
#5548=DIRECTION('',(-0.412098612320435,0.911139250457125,-5.04675246511287E-17));
#5549=DIRECTION('center_axis',(0.,1.,0.));
#5550=DIRECTION('ref_axis',(1.,0.,0.));
#5551=DIRECTION('center_axis',(0.,-1.,0.));
#5552=DIRECTION('ref_axis',(1.,0.,0.));
#5553=DIRECTION('',(-0.39744207544663,0.91762726456044,-4.86726165542196E-17));
#5554=DIRECTION('center_axis',(0.,1.,0.));
#5555=DIRECTION('ref_axis',(1.,0.,0.));
#5556=DIRECTION('center_axis',(0.,-1.,0.));
#5557=DIRECTION('ref_axis',(1.,0.,0.));
#5558=DIRECTION('',(-0.38268343236508,0.923879532511291,-4.68652040532618E-17));
#5559=DIRECTION('center_axis',(0.,1.,0.));
#5560=DIRECTION('ref_axis',(1.,0.,0.));
#5561=DIRECTION('center_axis',(0.,-1.,0.));
#5562=DIRECTION('ref_axis',(1.,0.,0.));
#5563=DIRECTION('',(-0.36782647469519,0.929894448049513,-4.50457514877119E-17));
#5564=DIRECTION('center_axis',(0.,1.,0.));
#5565=DIRECTION('ref_axis',(1.,0.,0.));
#5566=DIRECTION('center_axis',(0.,-1.,0.));
#5567=DIRECTION('ref_axis',(1.,0.,0.));
#5568=DIRECTION('',(-0.352875019314115,0.935670465892807,-4.32147262902091E-17));
#5569=DIRECTION('center_axis',(0.,1.,0.));
#5570=DIRECTION('ref_axis',(1.,0.,0.));
#5571=DIRECTION('center_axis',(0.,-1.,0.));
#5572=DIRECTION('ref_axis',(1.,0.,0.));
#5573=DIRECTION('',(-0.33783290737642,0.941206102133637,-4.13725988665177E-17));
#5574=DIRECTION('center_axis',(0.,1.,0.));
#5575=DIRECTION('ref_axis',(1.,0.,0.));
#5576=DIRECTION('center_axis',(0.,-1.,0.));
#5577=DIRECTION('ref_axis',(1.,0.,0.));
#5578=DIRECTION('',(-0.322704003326946,0.94649993462058,-3.95198424746381E-17));
#5579=DIRECTION('center_axis',(0.,1.,0.));
#5580=DIRECTION('ref_axis',(1.,0.,0.));
#5581=DIRECTION('center_axis',(0.,-1.,0.));
#5582=DIRECTION('ref_axis',(1.,0.,0.));
#5583=DIRECTION('',(-0.307492193908275,0.951550603323584,-3.76569331032566E-17));
#5584=DIRECTION('center_axis',(0.,1.,0.));
#5585=DIRECTION('ref_axis',(1.,0.,0.));
#5586=DIRECTION('center_axis',(0.,-1.,0.));
#5587=DIRECTION('ref_axis',(1.,0.,0.));
#5588=DIRECTION('',(-0.292201387162032,0.956356810683431,-3.57843493494399E-17));
#5589=DIRECTION('center_axis',(0.,1.,0.));
#5590=DIRECTION('ref_axis',(1.,0.,0.));
#5591=DIRECTION('center_axis',(0.,-1.,0.));
#5592=DIRECTION('ref_axis',(1.,0.,0.));
#5593=DIRECTION('',(-0.27683551142484,0.960917321945102,-3.3902572295675E-17));
#5594=DIRECTION('center_axis',(0.,1.,0.));
#5595=DIRECTION('ref_axis',(1.,0.,0.));
#5596=DIRECTION('center_axis',(0.,-1.,0.));
#5597=DIRECTION('ref_axis',(1.,0.,0.));
#5598=DIRECTION('',(-0.261398514319334,0.965230965474919,-3.20120853863046E-17));
#5599=DIRECTION('center_axis',(0.,1.,0.));
#5600=DIRECTION('ref_axis',(1.,0.,0.));
#5601=DIRECTION('center_axis',(0.,-1.,0.));
#5602=DIRECTION('ref_axis',(1.,0.,0.));
#5603=DIRECTION('',(-0.245894361739738,0.969296633061627,-3.01133743032952E-17));
#5604=DIRECTION('center_axis',(0.,1.,0.));
#5605=DIRECTION('ref_axis',(1.,0.,0.));
#5606=DIRECTION('center_axis',(0.,-1.,0.));
#5607=DIRECTION('ref_axis',(1.,0.,0.));
#5608=DIRECTION('',(-0.230327036833043,0.973113280201082,-2.8206926841468E-17));
#5609=DIRECTION('center_axis',(0.,1.,0.));
#5610=DIRECTION('ref_axis',(1.,0.,0.));
#5611=DIRECTION('center_axis',(0.,-1.,0.));
#5612=DIRECTION('ref_axis',(1.,0.,0.));
#5613=DIRECTION('',(-0.214700538975815,0.976679926364566,-2.62932327831943E-17));
#5614=DIRECTION('center_axis',(0.,1.,0.));
#5615=DIRECTION('ref_axis',(1.,0.,0.));
#5616=DIRECTION('center_axis',(0.,-1.,0.));
#5617=DIRECTION('ref_axis',(1.,0.,0.));
#5618=DIRECTION('',(-0.1990188827466,0.979995655250724,-2.43727837725505E-17));
#5619=DIRECTION('center_axis',(0.,1.,0.));
#5620=DIRECTION('ref_axis',(1.,0.,0.));
#5621=DIRECTION('center_axis',(0.,-1.,0.));
#5622=DIRECTION('ref_axis',(1.,0.,0.));
#5623=DIRECTION('',(-0.183286096894637,0.983059615020946,-2.24460731890229E-17));
#5624=DIRECTION('center_axis',(0.,1.,0.));
#5625=DIRECTION('ref_axis',(1.,0.,0.));
#5626=DIRECTION('center_axis',(0.,-1.,0.));
#5627=DIRECTION('ref_axis',(1.,0.,0.));
#5628=DIRECTION('',(-0.16750622330472,0.985871018518239,-2.05135960207387E-17));
#5629=DIRECTION('center_axis',(0.,1.,0.));
#5630=DIRECTION('ref_axis',(1.,0.,0.));
#5631=DIRECTION('center_axis',(0.,-1.,0.));
#5632=DIRECTION('ref_axis',(1.,0.,0.));
#5633=DIRECTION('',(-0.151683315959009,0.988429143469414,-1.85758487373257E-17));
#5634=DIRECTION('center_axis',(0.,1.,0.));
#5635=DIRECTION('ref_axis',(1.,0.,0.));
#5636=DIRECTION('center_axis',(0.,-1.,0.));
#5637=DIRECTION('ref_axis',(1.,0.,0.));
#5638=DIRECTION('',(-0.135821439895235,0.990733332670697,-1.66333291623284E-17));
#5639=DIRECTION('center_axis',(0.,1.,0.));
#5640=DIRECTION('ref_axis',(1.,0.,0.));
#5641=DIRECTION('center_axis',(0.,-1.,0.));
#5642=DIRECTION('ref_axis',(1.,0.,0.));
#5643=DIRECTION('',(-0.119924670162647,0.992782994156518,-1.46865363453488E-17));
#5644=DIRECTION('center_axis',(0.,1.,0.));
#5645=DIRECTION('ref_axis',(1.,0.,0.));
#5646=DIRECTION('center_axis',(0.,-1.,0.));
#5647=DIRECTION('ref_axis',(1.,0.,0.));
#5648=DIRECTION('',(-0.103997090774907,0.994577601351627,-1.27359704338126E-17));
#5649=DIRECTION('center_axis',(0.,1.,0.));
#5650=DIRECTION('ref_axis',(1.,0.,0.));
#5651=DIRECTION('center_axis',(0.,-1.,0.));
#5652=DIRECTION('ref_axis',(1.,0.,0.));
#5653=DIRECTION('',(-0.0880427936609327,0.996116693206362,-1.07821325444852E-17));
#5654=DIRECTION('center_axis',(0.,1.,0.));
#5655=DIRECTION('ref_axis',(1.,0.,0.));
#5656=DIRECTION('center_axis',(0.,-1.,0.));
#5657=DIRECTION('ref_axis',(1.,0.,0.));
#5658=DIRECTION('',(-0.0720658776137466,0.997399874315092,-8.82552463474197E-18));
#5659=DIRECTION('center_axis',(0.,1.,0.));
#5660=DIRECTION('ref_axis',(1.,0.,0.));
#5661=DIRECTION('center_axis',(0.,-1.,0.));
#5662=DIRECTION('ref_axis',(1.,0.,0.));
#5663=DIRECTION('',(-0.0560704472371867,0.998426815017817,-6.86664937357812E-18));
#5664=DIRECTION('center_axis',(0.,1.,0.));
#5665=DIRECTION('ref_axis',(1.,0.,0.));
#5666=DIRECTION('center_axis',(0.,-1.,0.));
#5667=DIRECTION('ref_axis',(1.,0.,0.));
#5668=DIRECTION('',(-0.0400606118917537,0.99919725148484,-4.90601001251205E-18));
#5669=DIRECTION('center_axis',(0.,1.,0.));
#5670=DIRECTION('ref_axis',(1.,0.,0.));
#5671=DIRECTION('',(-0.02404048463861,0.999710985784562,-2.94411025626249E-18));
#5672=DIRECTION('center_axis',(0.,-0.707106781186547,-0.707106781186548));
#5673=DIRECTION('ref_axis',(-1.,0.,0.));
#5674=DIRECTION('',(-1.,0.,0.));
#5675=DIRECTION('',(-0.577350269189627,0.577350269189625,-0.577350269189625));
#5676=DIRECTION('',(1.,0.,0.));
#5677=DIRECTION('',(-0.577350269189626,-0.577350269189626,0.577350269189626));
#5678=DIRECTION('center_axis',(-0.707106781186547,-0.707106781186548,0.));
#5679=DIRECTION('ref_axis',(0.,0.,1.));
#5680=DIRECTION('',(0.,0.,-1.));
#5681=DIRECTION('',(0.,0.,1.));
#5682=DIRECTION('',(-0.577350269189627,0.577350269189625,0.577350269189625));
#5683=DIRECTION('center_axis',(0.,-0.707106781186547,0.707106781186548));
#5684=DIRECTION('ref_axis',(1.,0.,0.));
#5685=DIRECTION('',(-1.,0.,0.));
#5686=DIRECTION('',(1.,0.,0.));
#5687=DIRECTION('',(-0.577350269189626,-0.577350269189626,-0.577350269189626));
#5688=DIRECTION('center_axis',(0.707106781186548,-0.707106781186547,0.));
#5689=DIRECTION('ref_axis',(0.,0.,-1.));
#5690=DIRECTION('',(0.,0.,-1.));
#5691=DIRECTION('',(0.,0.,1.));
#5692=DIRECTION('center_axis',(1.,0.,0.));
#5693=DIRECTION('ref_axis',(0.,0.,-1.));
#5694=DIRECTION('',(0.,-1.,0.));
#5695=DIRECTION('',(0.,0.,1.));
#5696=DIRECTION('',(0.,-1.,0.));
#5697=DIRECTION('center_axis',(0.,0.,-1.));
#5698=DIRECTION('ref_axis',(-1.,0.,0.));
#5699=DIRECTION('',(0.,-1.,0.));
#5700=DIRECTION('',(1.,0.,0.));
#5701=DIRECTION('center_axis',(0.,0.,-1.));
#5702=DIRECTION('ref_axis',(1.,0.,0.));
#5703=DIRECTION('center_axis',(0.,0.,-1.));
#5704=DIRECTION('ref_axis',(1.,0.,0.));
#5705=DIRECTION('center_axis',(0.,-1.,0.));
#5706=DIRECTION('ref_axis',(0.,0.,-1.));
#5707=DIRECTION('center_axis',(0.,0.,1.));
#5708=DIRECTION('ref_axis',(1.,0.,0.));
#5709=DIRECTION('',(-1.,0.,0.));
#5710=DIRECTION('',(0.,1.,0.));
#5711=DIRECTION('center_axis',(0.,0.,1.));
#5712=DIRECTION('ref_axis',(1.,0.,0.));
#5713=DIRECTION('center_axis',(0.,0.,1.));
#5714=DIRECTION('ref_axis',(1.,0.,0.));
#5715=DIRECTION('center_axis',(-1.,0.,0.));
#5716=DIRECTION('ref_axis',(0.,0.,1.));
#5717=DIRECTION('',(0.,0.,-1.));
#5718=DIRECTION('center_axis',(0.,0.,-1.));
#5719=DIRECTION('ref_axis',(1.,0.,0.));
#5720=DIRECTION('',(0.,0.,-1.));
#5721=DIRECTION('center_axis',(0.,0.,-1.));
#5722=DIRECTION('ref_axis',(1.,0.,0.));
#5723=DIRECTION('',(0.,0.,-1.));
#5724=DIRECTION('center_axis',(0.,1.,0.));
#5725=DIRECTION('ref_axis',(0.,0.,1.));
#5726=DIRECTION('center_axis',(0.,1.,0.));
#5727=DIRECTION('ref_axis',(1.,0.,0.));
#5728=DIRECTION('center_axis',(0.,1.,0.));
#5729=DIRECTION('ref_axis',(0.,0.,1.));
#5730=DIRECTION('center_axis',(0.,-1.,0.));
#5731=DIRECTION('ref_axis',(1.,0.,0.));
#5732=DIRECTION('center_axis',(0.,-1.,0.));
#5733=DIRECTION('ref_axis',(1.,0.,0.));
#5734=DIRECTION('center_axis',(0.,-1.,0.));
#5735=DIRECTION('ref_axis',(1.,0.,0.));
#5736=DIRECTION('',(0.578165881921777,0.815919244154478,7.0804899667171E-17));
#5737=DIRECTION('center_axis',(0.,-1.,0.));
#5738=DIRECTION('ref_axis',(1.,0.,0.));
#5739=DIRECTION('center_axis',(0.,-1.,0.));
#5740=DIRECTION('ref_axis',(1.,0.,0.));
#5741=DIRECTION('',(0.,1.,0.));
#5742=DIRECTION('center_axis',(0.,1.,0.));
#5743=DIRECTION('ref_axis',(0.,0.,1.));
#5744=DIRECTION('center_axis',(0.,-1.,0.));
#5745=DIRECTION('ref_axis',(1.,0.,0.));
#5746=DIRECTION('center_axis',(0.,-1.,0.));
#5747=DIRECTION('ref_axis',(1.,0.,0.));
#5748=DIRECTION('center_axis',(0.,-1.,0.));
#5749=DIRECTION('ref_axis',(1.,0.,0.));
#5750=DIRECTION('',(0.00430555092943236,0.999990731072641,5.27277916429525E-19));
#5751=DIRECTION('center_axis',(0.,-1.,0.));
#5752=DIRECTION('ref_axis',(1.,0.,0.));
#5753=DIRECTION('center_axis',(0.,-1.,0.));
#5754=DIRECTION('ref_axis',(1.,0.,0.));
#5755=DIRECTION('',(0.0129163335270388,0.999916580684718,1.58179465106077E-18));
#5756=DIRECTION('center_axis',(0.,-1.,0.));
#5757=DIRECTION('ref_axis',(1.,0.,0.));
#5758=DIRECTION('center_axis',(0.,-1.,0.));
#5759=DIRECTION('ref_axis',(1.,0.,0.));
#5760=DIRECTION('',(0.0215261583646429,0.999768285407204,2.63619409391989E-18));
#5761=DIRECTION('center_axis',(0.,-1.,0.));
#5762=DIRECTION('ref_axis',(1.,0.,0.));
#5763=DIRECTION('center_axis',(0.,-1.,0.));
#5764=DIRECTION('ref_axis',(1.,0.,0.));
#5765=DIRECTION('',(0.0301343870144806,0.999545856236352,3.69039806015512E-18));
#5766=DIRECTION('center_axis',(0.,-1.,0.));
#5767=DIRECTION('ref_axis',(1.,0.,0.));
#5768=DIRECTION('center_axis',(0.,-1.,0.));
#5769=DIRECTION('ref_axis',(1.,0.,0.));
#5770=DIRECTION('',(0.0387403811670631,0.999249309665526,4.74432837939922E-18));
#5771=DIRECTION('center_axis',(0.,-1.,0.));
#5772=DIRECTION('ref_axis',(1.,0.,0.));
#5773=DIRECTION('center_axis',(0.,-1.,0.));
#5774=DIRECTION('ref_axis',(1.,0.,0.));
#5775=DIRECTION('',(0.0473435026787699,0.998878667683971,5.79790690159797E-18));
#5776=DIRECTION('center_axis',(0.,-1.,0.));
#5777=DIRECTION('ref_axis',(1.,0.,0.));
#5778=DIRECTION('center_axis',(0.,-1.,0.));
#5779=DIRECTION('ref_axis',(1.,0.,0.));
#5780=DIRECTION('',(0.0559431136188481,0.998433957775189,6.8510555027659E-18));
#5781=DIRECTION('center_axis',(0.,-1.,0.));
#5782=DIRECTION('ref_axis',(1.,0.,0.));
#5783=DIRECTION('center_axis',(0.,-1.,0.));
#5784=DIRECTION('ref_axis',(1.,0.,0.));
#5785=DIRECTION('',(0.0645385763168858,0.9979152129149,7.90369609080013E-18));
#5786=DIRECTION('center_axis',(0.,-1.,0.));
#5787=DIRECTION('ref_axis',(1.,0.,0.));
#5788=DIRECTION('center_axis',(0.,-1.,0.));
#5789=DIRECTION('ref_axis',(1.,0.,0.));
#5790=DIRECTION('',(0.0731292534100847,0.997322471568591,8.9557506112696E-18));
#5791=DIRECTION('center_axis',(0.,-1.,0.));
#5792=DIRECTION('ref_axis',(1.,0.,0.));
#5793=DIRECTION('center_axis',(0.,-1.,0.));
#5794=DIRECTION('ref_axis',(1.,0.,0.));
#5795=DIRECTION('',(0.0817145078905521,0.996655777688669,1.00071410532066E-17));
#5796=DIRECTION('center_axis',(0.,-1.,0.));
#5797=DIRECTION('ref_axis',(1.,0.,0.));
#5798=DIRECTION('center_axis',(0.,-1.,0.));
#5799=DIRECTION('ref_axis',(1.,0.,0.));
#5800=DIRECTION('',(0.0902937031523804,0.995915180711204,1.10577894548724E-17));
#5801=DIRECTION('center_axis',(0.,-1.,0.));
#5802=DIRECTION('ref_axis',(1.,0.,0.));
#5803=DIRECTION('center_axis',(0.,-1.,0.));
#5804=DIRECTION('ref_axis',(1.,0.,0.));
#5805=DIRECTION('',(0.0988662030390051,0.995100735552261,1.2107617909557E-17));
#5806=DIRECTION('center_axis',(0.,-1.,0.));
#5807=DIRECTION('ref_axis',(1.,0.,0.));
#5808=DIRECTION('center_axis',(0.,-1.,0.));
#5809=DIRECTION('ref_axis',(1.,0.,0.));
#5810=DIRECTION('',(0.10743137189041,0.994212502603817,1.31565485713599E-17));
#5811=DIRECTION('center_axis',(0.,-1.,0.));
#5812=DIRECTION('ref_axis',(1.,0.,0.));
#5813=DIRECTION('center_axis',(0.,-1.,0.));
#5814=DIRECTION('ref_axis',(1.,0.,0.));
#5815=DIRECTION('',(0.115988574590048,0.993250547729307,1.42045036609367E-17));
#5816=DIRECTION('center_axis',(0.,-1.,0.));
#5817=DIRECTION('ref_axis',(1.,0.,0.));
#5818=DIRECTION('center_axis',(0.,-1.,0.));
#5819=DIRECTION('ref_axis',(1.,0.,0.));
#5820=DIRECTION('',(0.124537176612186,0.992214942258715,1.52514054712962E-17));
#5821=DIRECTION('center_axis',(0.,-1.,0.));
#5822=DIRECTION('ref_axis',(1.,0.,0.));
#5823=DIRECTION('center_axis',(0.,-1.,0.));
#5824=DIRECTION('ref_axis',(1.,0.,0.));
#5825=DIRECTION('',(0.133076544068761,0.991105762983303,1.629717637354E-17));
#5826=DIRECTION('center_axis',(0.,-1.,0.));
#5827=DIRECTION('ref_axis',(1.,0.,0.));
#5828=DIRECTION('center_axis',(0.,-1.,0.));
#5829=DIRECTION('ref_axis',(1.,0.,0.));
#5830=DIRECTION('',(0.141606043756531,0.989923092149902,1.73417388226356E-17));
#5831=DIRECTION('center_axis',(0.,-1.,0.));
#5832=DIRECTION('ref_axis',(1.,0.,0.));
#5833=DIRECTION('center_axis',(0.,-1.,0.));
#5834=DIRECTION('ref_axis',(1.,0.,0.));
#5835=DIRECTION('',(0.150125043203871,0.988667017454833,1.83850153631479E-17));
#5836=DIRECTION('center_axis',(0.,-1.,0.));
#5837=DIRECTION('ref_axis',(1.,0.,0.));
#5838=DIRECTION('center_axis',(0.,-1.,0.));
#5839=DIRECTION('ref_axis',(1.,0.,0.));
#5840=DIRECTION('',(0.158632910717846,0.987337632037381,1.94269286350038E-17));
#5841=DIRECTION('center_axis',(0.,-1.,0.));
#5842=DIRECTION('ref_axis',(1.,0.,0.));
#5843=DIRECTION('center_axis',(0.,-1.,0.));
#5844=DIRECTION('ref_axis',(1.,0.,0.));
#5845=DIRECTION('',(0.16712901543093,0.985935034472905,2.04674013792137E-17));
#5846=DIRECTION('center_axis',(0.,-1.,0.));
#5847=DIRECTION('ref_axis',(1.,0.,0.));
#5848=DIRECTION('center_axis',(0.,-1.,0.));
#5849=DIRECTION('ref_axis',(1.,0.,0.));
#5850=DIRECTION('',(0.175612727347802,0.984459328765524,2.15063564436023E-17));
#5851=DIRECTION('center_axis',(0.,-1.,0.));
#5852=DIRECTION('ref_axis',(1.,0.,0.));
#5853=DIRECTION('center_axis',(0.,-1.,0.));
#5854=DIRECTION('ref_axis',(1.,0.,0.));
#5855=DIRECTION('',(0.184083417392144,0.982910624340397,2.25437167885395E-17));
#5856=DIRECTION('center_axis',(0.,-1.,0.));
#5857=DIRECTION('ref_axis',(1.,0.,0.));
#5858=DIRECTION('center_axis',(0.,-1.,0.));
#5859=DIRECTION('ref_axis',(1.,0.,0.));
#5860=DIRECTION('',(0.192540457453149,0.981289036035628,2.35794054926366E-17));
#5861=DIRECTION('center_axis',(0.,-1.,0.));
#5862=DIRECTION('ref_axis',(1.,0.,0.));
#5863=DIRECTION('center_axis',(0.,-1.,0.));
#5864=DIRECTION('ref_axis',(1.,0.,0.));
#5865=DIRECTION('',(0.200983220432176,0.979594684093739,2.46133457584591E-17));
#5866=DIRECTION('center_axis',(0.,-1.,0.));
#5867=DIRECTION('ref_axis',(1.,0.,0.));
#5868=DIRECTION('center_axis',(0.,-1.,0.));
#5869=DIRECTION('ref_axis',(1.,0.,0.));
#5870=DIRECTION('',(0.209411080289358,0.97782769415273,2.56454609182352E-17));
#5871=DIRECTION('center_axis',(0.,-1.,0.));
#5872=DIRECTION('ref_axis',(1.,0.,0.));
#5873=DIRECTION('center_axis',(0.,-1.,0.));
#5874=DIRECTION('ref_axis',(1.,0.,0.));
#5875=DIRECTION('',(0.217823412089757,0.975988197236819,2.66756744395076E-17));
#5876=DIRECTION('center_axis',(0.,-1.,0.));
#5877=DIRECTION('ref_axis',(1.,0.,0.));
#5878=DIRECTION('center_axis',(0.,-1.,0.));
#5879=DIRECTION('ref_axis',(1.,0.,0.));
#5880=DIRECTION('',(0.226219592049916,0.974076329746683,2.77039099308349E-17));
#5881=DIRECTION('center_axis',(0.,-1.,0.));
#5882=DIRECTION('ref_axis',(1.,0.,0.));
#5883=DIRECTION('center_axis',(0.,-1.,0.));
#5884=DIRECTION('ref_axis',(1.,0.,0.));
#5885=DIRECTION('',(0.234598997584131,0.972092233449337,2.87300911474584E-17));
#5886=DIRECTION('center_axis',(0.,-1.,0.));
#5887=DIRECTION('ref_axis',(1.,0.,0.));
#5888=DIRECTION('center_axis',(0.,-1.,0.));
#5889=DIRECTION('ref_axis',(1.,0.,0.));
#5890=DIRECTION('',(0.242961007350387,0.970036055467674,2.97541419969268E-17));
#5891=DIRECTION('center_axis',(0.,-1.,0.));
#5892=DIRECTION('ref_axis',(1.,0.,0.));
#5893=DIRECTION('center_axis',(0.,-1.,0.));
#5894=DIRECTION('ref_axis',(1.,0.,0.));
#5895=DIRECTION('',(0.251305001296695,0.967907948269497,3.07759865447719E-17));
#5896=DIRECTION('center_axis',(0.,-1.,0.));
#5897=DIRECTION('ref_axis',(1.,0.,0.));
#5898=DIRECTION('center_axis',(0.,-1.,0.));
#5899=DIRECTION('ref_axis',(1.,0.,0.));
#5900=DIRECTION('',(0.259630360707017,0.965708069656221,3.17955490201321E-17));
#5901=DIRECTION('center_axis',(0.,-1.,0.));
#5902=DIRECTION('ref_axis',(1.,0.,0.));
#5903=DIRECTION('center_axis',(0.,-1.,0.));
#5904=DIRECTION('ref_axis',(1.,0.,0.));
#5905=DIRECTION('',(0.267936468246882,0.96343658275124,3.2812753821339E-17));
#5906=DIRECTION('center_axis',(0.,-1.,0.));
#5907=DIRECTION('ref_axis',(1.,0.,0.));
#5908=DIRECTION('center_axis',(0.,-1.,0.));
#5909=DIRECTION('ref_axis',(1.,0.,0.));
#5910=DIRECTION('',(0.276222708009561,0.961093655987732,3.38275255215723E-17));
#5911=DIRECTION('center_axis',(0.,-1.,0.));
#5912=DIRECTION('ref_axis',(1.,0.,0.));
#5913=DIRECTION('center_axis',(0.,-1.,0.));
#5914=DIRECTION('ref_axis',(1.,0.,0.));
#5915=DIRECTION('',(0.284488465561412,0.95867946309625,3.48397888744125E-17));
#5916=DIRECTION('center_axis',(0.,-1.,0.));
#5917=DIRECTION('ref_axis',(1.,0.,0.));
#5918=DIRECTION('center_axis',(0.,-1.,0.));
#5919=DIRECTION('ref_axis',(1.,0.,0.));
#5920=DIRECTION('',(0.292733127987638,0.956194183091789,3.58494688194453E-17));
#5921=DIRECTION('center_axis',(0.,-1.,0.));
#5922=DIRECTION('ref_axis',(1.,0.,0.));
#5923=DIRECTION('center_axis',(0.,-1.,0.));
#5924=DIRECTION('ref_axis',(1.,0.,0.));
#5925=DIRECTION('',(0.300956083937743,0.953638000260507,3.68564904878279E-17));
#5926=DIRECTION('center_axis',(0.,-1.,0.));
#5927=DIRECTION('ref_axis',(1.,0.,0.));
#5928=DIRECTION('center_axis',(0.,-1.,0.));
#5929=DIRECTION('ref_axis',(1.,0.,0.));
#5930=DIRECTION('',(0.309156723670574,0.951011104146149,3.78607792078051E-17));
#5931=DIRECTION('center_axis',(0.,-1.,0.));
#5932=DIRECTION('ref_axis',(1.,0.,0.));
#5933=DIRECTION('center_axis',(0.,-1.,0.));
#5934=DIRECTION('ref_axis',(1.,0.,0.));
#5935=DIRECTION('',(0.317334439099956,0.94831368953586,3.88622605102982E-17));
#5936=DIRECTION('center_axis',(0.,-1.,0.));
#5937=DIRECTION('ref_axis',(1.,0.,0.));
#5938=DIRECTION('center_axis',(0.,-1.,0.));
#5939=DIRECTION('ref_axis',(1.,0.,0.));
#5940=DIRECTION('',(0.325488623839452,0.945545956445851,3.98608601343861E-17));
#5941=DIRECTION('center_axis',(0.,-1.,0.));
#5942=DIRECTION('ref_axis',(1.,0.,0.));
#5943=DIRECTION('center_axis',(0.,-1.,0.));
#5944=DIRECTION('ref_axis',(1.,0.,0.));
#5945=DIRECTION('',(0.333618673247503,0.942708110106504,4.08565040328341E-17));
#5946=DIRECTION('center_axis',(0.,-1.,0.));
#5947=DIRECTION('ref_axis',(1.,0.,0.));
#5948=DIRECTION('center_axis',(0.,-1.,0.));
#5949=DIRECTION('ref_axis',(1.,0.,0.));
#5950=DIRECTION('',(0.341723984472261,0.939800360947155,4.18491183775834E-17));
#5951=DIRECTION('center_axis',(0.,-1.,0.));
#5952=DIRECTION('ref_axis',(1.,0.,0.));
#5953=DIRECTION('center_axis',(0.,-1.,0.));
#5954=DIRECTION('ref_axis',(1.,0.,0.));
#5955=DIRECTION('',(0.34980395649611,0.936822924580556,4.28386295652042E-17));
#5956=DIRECTION('center_axis',(0.,-1.,0.));
#5957=DIRECTION('ref_axis',(1.,0.,0.));
#5958=DIRECTION('center_axis',(0.,-1.,0.));
#5959=DIRECTION('ref_axis',(1.,0.,0.));
#5960=DIRECTION('',(0.357857990180524,0.933776021786786,4.38249642223884E-17));
#5961=DIRECTION('center_axis',(0.,-1.,0.));
#5962=DIRECTION('ref_axis',(1.,0.,0.));
#5963=DIRECTION('center_axis',(0.,-1.,0.));
#5964=DIRECTION('ref_axis',(1.,0.,0.));
#5965=DIRECTION('',(0.365885488310064,0.93065987849703,4.48080492113385E-17));
#5966=DIRECTION('center_axis',(0.,-1.,0.));
#5967=DIRECTION('ref_axis',(1.,0.,0.));
#5968=DIRECTION('center_axis',(0.,-1.,0.));
#5969=DIRECTION('ref_axis',(1.,0.,0.));
#5970=DIRECTION('',(0.373885855637362,0.927474725776567,4.57878116352764E-17));
#5971=DIRECTION('center_axis',(0.,-1.,0.));
#5972=DIRECTION('ref_axis',(1.,0.,0.));
#5973=DIRECTION('center_axis',(0.,-1.,0.));
#5974=DIRECTION('ref_axis',(1.,0.,0.));
#5975=DIRECTION('',(0.381858498926399,0.924220799807967,4.67641788437428E-17));
#5976=DIRECTION('center_axis',(0.,-1.,0.));
#5977=DIRECTION('ref_axis',(1.,0.,0.));
#5978=DIRECTION('center_axis',(0.,-1.,0.));
#5979=DIRECTION('ref_axis',(1.,0.,0.));
#5980=DIRECTION('',(0.38980282699717,0.920898341873312,4.77370784380673E-17));
#5981=DIRECTION('center_axis',(0.,-1.,0.));
#5982=DIRECTION('ref_axis',(1.,0.,0.));
#5983=DIRECTION('center_axis',(0.,-1.,0.));
#5984=DIRECTION('ref_axis',(1.,0.,0.));
#5985=DIRECTION('',(0.3977182507692,0.917507598336432,4.87064382766985E-17));
#5986=DIRECTION('center_axis',(0.,-1.,0.));
#5987=DIRECTION('ref_axis',(1.,0.,0.));
#5988=DIRECTION('center_axis',(0.,-1.,0.));
#5989=DIRECTION('ref_axis',(1.,0.,0.));
#5990=DIRECTION('',(0.405604183305282,0.914048820624618,4.9672186480559E-17));
#5991=DIRECTION('center_axis',(0.,-1.,0.));
#5992=DIRECTION('ref_axis',(1.,0.,0.));
#5993=DIRECTION('center_axis',(0.,-1.,0.));
#5994=DIRECTION('ref_axis',(1.,0.,0.));
#5995=DIRECTION('',(0.40756697493291,0.913175317747932,4.99125591289758E-17));
#5996=DIRECTION('center_axis',(0.,-1.,0.));
#5997=DIRECTION('ref_axis',(1.,0.,0.));
#5998=DIRECTION('center_axis',(0.,-1.,0.));
#5999=DIRECTION('ref_axis',(1.,0.,0.));
#6000=DIRECTION('',(0.403684708902597,0.91489816690068,4.94371186622297E-17));
#6001=DIRECTION('center_axis',(0.,-1.,0.));
#6002=DIRECTION('ref_axis',(1.,0.,0.));
#6003=DIRECTION('center_axis',(0.,-1.,0.));
#6004=DIRECTION('ref_axis',(1.,0.,0.));
#6005=DIRECTION('',(0.399875032901931,0.916569668962311,4.89705679102292E-17));
#6006=DIRECTION('center_axis',(0.,-1.,0.));
#6007=DIRECTION('ref_axis',(1.,0.,0.));
#6008=DIRECTION('center_axis',(0.,-1.,0.));
#6009=DIRECTION('ref_axis',(1.,0.,0.));
#6010=DIRECTION('',(0.396136140770619,0.918191787142186,4.85126856821324E-17));
#6011=DIRECTION('center_axis',(0.,-1.,0.));
#6012=DIRECTION('ref_axis',(1.,0.,0.));
#6013=DIRECTION('center_axis',(0.,-1.,0.));
#6014=DIRECTION('ref_axis',(1.,0.,0.));
#6015=DIRECTION('',(0.392466276210114,0.919766395362304,4.80632568933998E-17));
#6016=DIRECTION('center_axis',(0.,-1.,0.));
#6017=DIRECTION('ref_axis',(1.,0.,0.));
#6018=DIRECTION('center_axis',(0.,-1.,0.));
#6019=DIRECTION('ref_axis',(1.,0.,0.));
#6020=DIRECTION('',(0.388863731659429,0.921295282849046,4.76220724281215E-17));
#6021=DIRECTION('center_axis',(0.,-1.,0.));
#6022=DIRECTION('ref_axis',(1.,0.,0.));
#6023=DIRECTION('center_axis',(0.,-1.,0.));
#6024=DIRECTION('ref_axis',(1.,0.,0.));
#6025=DIRECTION('',(0.385326847152093,0.922780158468867,4.71889289990352E-17));
#6026=DIRECTION('center_axis',(0.,-1.,0.));
#6027=DIRECTION('ref_axis',(1.,0.,0.));
#6028=DIRECTION('center_axis',(0.,-1.,0.));
#6029=DIRECTION('ref_axis',(1.,0.,0.));
#6030=DIRECTION('',(0.381854009160084,0.92422265482316,4.67636290059481E-17));
#6031=DIRECTION('center_axis',(0.,-1.,0.));
#6032=DIRECTION('ref_axis',(1.,0.,0.));
#6033=DIRECTION('center_axis',(0.,-1.,0.));
#6034=DIRECTION('ref_axis',(1.,0.,0.));
#6035=DIRECTION('',(0.378443649431506,0.925624332115877,4.63459803933936E-17));
#6036=DIRECTION('center_axis',(0.,-1.,0.));
#6037=DIRECTION('ref_axis',(1.,0.,0.));
#6038=DIRECTION('center_axis',(0.,-1.,0.));
#6039=DIRECTION('ref_axis',(1.,0.,0.));
#6040=DIRECTION('',(0.375094243827268,0.926986681807053,4.59357965081661E-17));
#6041=DIRECTION('center_axis',(0.,-1.,0.));
#6042=DIRECTION('ref_axis',(1.,0.,0.));
#6043=DIRECTION('center_axis',(0.,-1.,0.));
#6044=DIRECTION('ref_axis',(1.,0.,0.));
#6045=DIRECTION('',(0.371804311160732,0.928311130064858,4.55328959572176E-17));
#6046=DIRECTION('center_axis',(0.,-1.,0.));
#6047=DIRECTION('ref_axis',(1.,0.,0.));
#6048=DIRECTION('center_axis',(0.,-1.,0.));
#6049=DIRECTION('ref_axis',(1.,0.,0.));
#6050=DIRECTION('',(0.368572412045138,0.92959904102749,4.51371024665098E-17));
#6051=DIRECTION('center_axis',(0.,-1.,0.));
#6052=DIRECTION('ref_axis',(1.,0.,0.));
#6053=DIRECTION('center_axis',(0.,-1.,0.));
#6054=DIRECTION('ref_axis',(1.,0.,0.));
#6055=DIRECTION('',(0.365397147751452,0.930851719886204,4.47482447411388E-17));
#6056=DIRECTION('center_axis',(0.,-1.,0.));
#6057=DIRECTION('ref_axis',(1.,0.,0.));
#6058=DIRECTION('center_axis',(0.,-1.,0.));
#6059=DIRECTION('ref_axis',(1.,0.,0.));
#6060=DIRECTION('',(0.362277159079449,0.93207041579986,4.43661563270843E-17));
#6061=DIRECTION('center_axis',(0.,-1.,0.));
#6062=DIRECTION('ref_axis',(1.,0.,0.));
#6063=DIRECTION('center_axis',(0.,-1.,0.));
#6064=DIRECTION('ref_axis',(1.,0.,0.));
#6065=DIRECTION('',(0.359211125245257,0.933256324650434,4.39906754749722E-17));
#6066=DIRECTION('center_axis',(0.,-1.,0.));
#6067=DIRECTION('ref_axis',(1.,0.,0.));
#6068=DIRECTION('center_axis',(0.,-1.,0.));
#6069=DIRECTION('ref_axis',(1.,0.,0.));
#6070=DIRECTION('',(0.356197762786033,0.934410591649209,4.36216450059364E-17));
#6071=DIRECTION('center_axis',(0.,-1.,0.));
#6072=DIRECTION('ref_axis',(1.,0.,0.));
#6073=DIRECTION('center_axis',(0.,-1.,0.));
#6074=DIRECTION('ref_axis',(1.,0.,0.));
#6075=DIRECTION('',(0.353235824484921,0.935534313801722,4.32589121799634E-17));
#6076=DIRECTION('center_axis',(0.,-1.,0.));
#6077=DIRECTION('ref_axis',(1.,0.,0.));
#6078=DIRECTION('center_axis',(0.,-1.,0.));
#6079=DIRECTION('ref_axis',(1.,0.,0.));
#6080=DIRECTION('',(0.350324098316131,0.936628542240194,4.29023285667032E-17));
#6081=DIRECTION('center_axis',(0.,-1.,0.));
#6082=DIRECTION('ref_axis',(1.,0.,0.));
#6083=DIRECTION('center_axis',(0.,-1.,0.));
#6084=DIRECTION('ref_axis',(1.,0.,0.));
#6085=DIRECTION('',(0.347461406412455,0.937694284430634,4.25517499190251E-17));
#6086=DIRECTION('center_axis',(0.,-1.,0.));
#6087=DIRECTION('ref_axis',(1.,0.,0.));
#6088=DIRECTION('center_axis',(0.,-1.,0.));
#6089=DIRECTION('ref_axis',(1.,0.,0.));
#6090=DIRECTION('',(0.344646604055422,0.938732506262069,4.22070360493478E-17));
#6091=DIRECTION('center_axis',(0.,-1.,0.));
#6092=DIRECTION('ref_axis',(1.,0.,0.));
#6093=DIRECTION('center_axis',(0.,-1.,0.));
#6094=DIRECTION('ref_axis',(1.,0.,0.));
#6095=DIRECTION('',(0.341878578688767,0.939744134024655,4.18680507088246E-17));
#6096=DIRECTION('center_axis',(0.,-1.,0.));
#6097=DIRECTION('ref_axis',(1.,0.,0.));
#6098=DIRECTION('center_axis',(0.,-1.,0.));
#6099=DIRECTION('ref_axis',(1.,0.,0.));
#6100=DIRECTION('',(0.339156248955949,0.940730056282954,4.15346614694726E-17));
#6101=DIRECTION('center_axis',(0.,-1.,0.));
#6102=DIRECTION('ref_axis',(1.,0.,0.));
#6103=DIRECTION('center_axis',(0.,-1.,0.));
#6104=DIRECTION('ref_axis',(1.,0.,0.));
#6105=DIRECTION('',(0.336478563761617,0.941691125650507,4.12067396092363E-17));
#6106=DIRECTION('center_axis',(0.,-1.,0.));
#6107=DIRECTION('ref_axis',(1.,0.,0.));
#6108=DIRECTION('center_axis',(0.,-1.,0.));
#6109=DIRECTION('ref_axis',(1.,0.,0.));
#6110=DIRECTION('',(0.333844501357686,0.942628160471157,4.08841600000635E-17));
#6111=DIRECTION('center_axis',(0.,-1.,0.));
#6112=DIRECTION('ref_axis',(1.,0.,0.));
#6113=DIRECTION('center_axis',(0.,-1.,0.));
#6114=DIRECTION('ref_axis',(1.,0.,0.));
#6115=DIRECTION('',(0.331253068453566,0.94354194641261,4.05668009989399E-17));
#6116=DIRECTION('center_axis',(0.,-1.,0.));
#6117=DIRECTION('ref_axis',(1.,0.,0.));
#6118=DIRECTION('center_axis',(0.,-1.,0.));
#6119=DIRECTION('ref_axis',(1.,0.,0.));
#6120=DIRECTION('',(0.328703299350822,0.944433237977086,4.02545443419159E-17));
#6121=DIRECTION('center_axis',(0.,-1.,0.));
#6122=DIRECTION('ref_axis',(1.,0.,0.));
#6123=DIRECTION('center_axis',(0.,-1.,0.));
#6124=DIRECTION('ref_axis',(1.,0.,0.));
#6125=DIRECTION('',(0.326194255102033,0.945302759933784,3.9947275041096E-17));
#6126=DIRECTION('center_axis',(0.,-1.,0.));
#6127=DIRECTION('ref_axis',(1.,0.,0.));
#6128=DIRECTION('center_axis',(0.,-1.,0.));
#6129=DIRECTION('ref_axis',(1.,0.,0.));
#6130=DIRECTION('',(0.323725022693594,0.946151208677573,3.96448812845614E-17));
#6131=DIRECTION('center_axis',(0.,-1.,0.));
#6132=DIRECTION('ref_axis',(1.,0.,0.));
#6133=DIRECTION('center_axis',(0.,-1.,0.));
#6134=DIRECTION('ref_axis',(1.,0.,0.));
#6135=DIRECTION('',(0.321294714252175,0.946979253518055,3.93472543391889E-17));
#6136=DIRECTION('center_axis',(0.,-1.,0.));
#6137=DIRECTION('ref_axis',(1.,0.,0.));
#6138=DIRECTION('center_axis',(0.,-1.,0.));
#6139=DIRECTION('ref_axis',(1.,0.,0.));
#6140=DIRECTION('',(0.318902466274574,0.947787537902875,3.90542884563353E-17));
#6141=DIRECTION('center_axis',(0.,-1.,0.));
#6142=DIRECTION('ref_axis',(1.,0.,0.));
#6143=DIRECTION('center_axis',(0.,-1.,0.));
#6144=DIRECTION('ref_axis',(1.,0.,0.));
#6145=DIRECTION('',(0.316547438880648,0.94857668057891,3.87658807803478E-17));
#6146=DIRECTION('center_axis',(0.,-1.,0.));
#6147=DIRECTION('ref_axis',(1.,0.,0.));
#6148=DIRECTION('center_axis',(0.,-1.,0.));
#6149=DIRECTION('ref_axis',(1.,0.,0.));
#6150=DIRECTION('',(0.314228815088553,0.949347276694911,3.84819312598062E-17));
#6151=DIRECTION('center_axis',(0.,-1.,0.));
#6152=DIRECTION('ref_axis',(1.,0.,0.));
#6153=DIRECTION('center_axis',(0.,-1.,0.));
#6154=DIRECTION('ref_axis',(1.,0.,0.));
#6155=DIRECTION('',(0.311945800112362,0.950099898848673,3.82023425615064E-17));
#6156=DIRECTION('center_axis',(0.,-1.,0.));
#6157=DIRECTION('ref_axis',(1.,0.,0.));
#6158=DIRECTION('center_axis',(0.,-1.,0.));
#6159=DIRECTION('ref_axis',(1.,0.,0.));
#6160=DIRECTION('',(0.309697620681201,0.950835098081893,3.79270199870784E-17));
#6161=DIRECTION('center_axis',(0.,-1.,0.));
#6162=DIRECTION('ref_axis',(1.,0.,0.));
#6163=DIRECTION('center_axis',(0.,-1.,0.));
#6164=DIRECTION('ref_axis',(1.,0.,0.));
#6165=DIRECTION('',(0.307483524379503,0.951553404825583,3.76558713921906E-17));
#6166=DIRECTION('center_axis',(0.,-1.,0.));
#6167=DIRECTION('ref_axis',(1.,0.,0.));
#6168=DIRECTION('center_axis',(0.,-1.,0.));
#6169=DIRECTION('ref_axis',(1.,0.,0.));
#6170=DIRECTION('',(0.3053027790081,0.952255329798648,3.73888071083062E-17));
#6171=DIRECTION('center_axis',(0.,-1.,0.));
#6172=DIRECTION('ref_axis',(1.,0.,0.));
#6173=DIRECTION('center_axis',(0.,-1.,0.));
#6174=DIRECTION('ref_axis',(1.,0.,0.));
#6175=DIRECTION('',(0.303154671965288,0.952941364862298,3.71257398668856E-17));
#6176=DIRECTION('center_axis',(0.,-1.,0.));
#6177=DIRECTION('ref_axis',(1.,0.,0.));
#6178=DIRECTION('center_axis',(0.,-1.,0.));
#6179=DIRECTION('ref_axis',(1.,0.,0.));
#6180=DIRECTION('',(0.301038509647499,0.953611983832635,3.68665847259899E-17));
#6181=DIRECTION('center_axis',(0.,-1.,0.));
#6182=DIRECTION('ref_axis',(1.,0.,0.));
#6183=DIRECTION('center_axis',(0.,-1.,0.));
#6184=DIRECTION('ref_axis',(1.,0.,0.));
#6185=DIRECTION('',(0.298953616869327,0.954267643253583,3.66112589992545E-17));
#6186=DIRECTION('center_axis',(0.,-1.,0.));
#6187=DIRECTION('ref_axis',(1.,0.,0.));
#6188=DIRECTION('center_axis',(0.,-1.,0.));
#6189=DIRECTION('ref_axis',(1.,0.,0.));
#6190=DIRECTION('',(0.296899336301677,0.954908783132517,3.63596821870822E-17));
#6191=DIRECTION('center_axis',(0.,-1.,0.));
#6192=DIRECTION('ref_axis',(1.,0.,0.));
#6193=DIRECTION('center_axis',(0.,-1.,0.));
#6194=DIRECTION('ref_axis',(1.,0.,0.));
#6195=DIRECTION('',(0.294875027928557,0.955535827640247,3.61117759101194E-17));
#6196=DIRECTION('center_axis',(0.,-1.,0.));
#6197=DIRECTION('ref_axis',(1.,0.,0.));
#6198=DIRECTION('center_axis',(0.,-1.,0.));
#6199=DIRECTION('ref_axis',(1.,0.,0.));
#6200=DIRECTION('',(0.292880068520752,0.956149185777659,3.58674638447996E-17));
#6201=DIRECTION('center_axis',(0.,-1.,0.));
#6202=DIRECTION('ref_axis',(1.,0.,0.));
#6203=DIRECTION('center_axis',(0.,-1.,0.));
#6204=DIRECTION('ref_axis',(1.,0.,0.));
#6205=DIRECTION('',(0.290913851127139,0.956749252010356,3.56266716610481E-17));
#6206=DIRECTION('center_axis',(0.,-1.,0.));
#6207=DIRECTION('ref_axis',(1.,0.,0.));
#6208=DIRECTION('center_axis',(0.,-1.,0.));
#6209=DIRECTION('ref_axis',(1.,0.,0.));
#6210=DIRECTION('',(0.288975784581964,0.957336406873382,3.53893269619397E-17));
#6211=DIRECTION('center_axis',(0.,-1.,0.));
#6212=DIRECTION('ref_axis',(1.,0.,0.));
#6213=DIRECTION('center_axis',(0.,-1.,0.));
#6214=DIRECTION('ref_axis',(1.,0.,0.));
#6215=DIRECTION('',(0.287065293028474,0.957911017547286,3.51553592253618E-17));
#6216=DIRECTION('center_axis',(0.,-1.,0.));
#6217=DIRECTION('ref_axis',(1.,0.,0.));
#6218=DIRECTION('center_axis',(0.,-1.,0.));
#6219=DIRECTION('ref_axis',(1.,0.,0.));
#6220=DIRECTION('',(0.285181815458037,0.958473438407167,3.49246997475716E-17));
#6221=DIRECTION('center_axis',(0.,-1.,0.));
#6222=DIRECTION('ref_axis',(1.,0.,0.));
#6223=DIRECTION('center_axis',(0.,-1.,0.));
#6224=DIRECTION('ref_axis',(1.,0.,0.));
#6225=DIRECTION('',(0.28332480526386,0.959024011546216,3.46972815885433E-17));
#6226=DIRECTION('center_axis',(0.,-1.,0.));
#6227=DIRECTION('ref_axis',(1.,0.,0.));
#6228=DIRECTION('center_axis',(0.,-1.,0.));
#6229=DIRECTION('ref_axis',(1.,0.,0.));
#6230=DIRECTION('',(0.281493729809927,0.959563067274734,3.44730395191777E-17));
#6231=DIRECTION('center_axis',(0.,-1.,0.));
#6232=DIRECTION('ref_axis',(1.,0.,0.));
#6233=DIRECTION('center_axis',(0.,-1.,0.));
#6234=DIRECTION('ref_axis',(1.,0.,0.));
#6235=DIRECTION('',(0.279688070013514,0.960090924596267,3.42519099701751E-17));
#6236=DIRECTION('center_axis',(0.,-1.,0.));
#6237=DIRECTION('ref_axis',(1.,0.,0.));
#6238=DIRECTION('center_axis',(0.,-1.,0.));
#6239=DIRECTION('ref_axis',(1.,0.,0.));
#6240=DIRECTION('',(0.27790731994146,0.960607891661814,3.40338309825928E-17));
#6241=DIRECTION('center_axis',(0.,-1.,0.));
#6242=DIRECTION('ref_axis',(1.,0.,0.));
#6243=DIRECTION('center_axis',(0.,-1.,0.));
#6244=DIRECTION('ref_axis',(1.,0.,0.));
#6245=DIRECTION('',(0.27615098641967,0.961114266203267,3.38187421600233E-17));
#6246=DIRECTION('center_axis',(0.,-1.,0.));
#6247=DIRECTION('ref_axis',(1.,0.,0.));
#6248=DIRECTION('center_axis',(0.,-1.,0.));
#6249=DIRECTION('ref_axis',(1.,0.,0.));
#6250=DIRECTION('',(0.274418588655337,0.961610335947161,3.36065846223292E-17));
#6251=DIRECTION('center_axis',(0.,-1.,0.));
#6252=DIRECTION('ref_axis',(1.,0.,0.));
#6253=DIRECTION('center_axis',(0.,-1.,0.));
#6254=DIRECTION('ref_axis',(1.,0.,0.));
#6255=DIRECTION('',(0.272709657871464,0.962096379009727,3.33973009608858E-17));
#6256=DIRECTION('center_axis',(0.,-1.,0.));
#6257=DIRECTION('ref_axis',(1.,0.,0.));
#6258=DIRECTION('center_axis',(0.,-1.,0.));
#6259=DIRECTION('ref_axis',(1.,0.,0.));
#6260=DIRECTION('',(0.271023736953356,0.962572664274151,3.31908351952882E-17));
#6261=DIRECTION('center_axis',(0.,-1.,0.));
#6262=DIRECTION('ref_axis',(1.,0.,0.));
#6263=DIRECTION('center_axis',(0.,-1.,0.));
#6264=DIRECTION('ref_axis',(1.,0.,0.));
#6265=DIRECTION('',(0.269360380106603,0.963039451750979,3.29871327314666E-17));
#6266=DIRECTION('center_axis',(0.,-1.,0.));
#6267=DIRECTION('ref_axis',(1.,0.,0.));
#6268=DIRECTION('center_axis',(0.,-1.,0.));
#6269=DIRECTION('ref_axis',(1.,0.,0.));
#6270=DIRECTION('',(0.267719152526106,0.963496992922502,3.27861403211538E-17));
#6271=DIRECTION('center_axis',(0.,-1.,0.));
#6272=DIRECTION('ref_axis',(1.,0.,0.));
#6273=DIRECTION('center_axis',(0.,-1.,0.));
#6274=DIRECTION('ref_axis',(1.,0.,0.));
#6275=DIRECTION('',(0.266099630076111,0.963945531071832,3.25878060227004E-17));
#6276=DIRECTION('center_axis',(0.,-1.,0.));
#6277=DIRECTION('ref_axis',(1.,0.,0.));
#6278=DIRECTION('center_axis',(0.,-1.,0.));
#6279=DIRECTION('ref_axis',(1.,0.,0.));
#6280=DIRECTION('',(0.264501398980329,0.964385301597577,3.23920791631257E-17));
#6281=DIRECTION('center_axis',(0.,-1.,0.));
#6282=DIRECTION('ref_axis',(1.,0.,0.));
#6283=DIRECTION('center_axis',(0.,-1.,0.));
#6284=DIRECTION('ref_axis',(1.,0.,0.));
#6285=DIRECTION('',(0.262924055522335,0.964816532314661,3.21989103014269E-17));
#6286=DIRECTION('center_axis',(0.,-1.,0.));
#6287=DIRECTION('ref_axis',(1.,0.,0.));
#6288=DIRECTION('center_axis',(0.,-1.,0.));
#6289=DIRECTION('ref_axis',(1.,0.,0.));
#6290=DIRECTION('',(0.261367205755509,0.965239443742099,3.20082511930572E-17));
#6291=DIRECTION('center_axis',(0.,-1.,0.));
#6292=DIRECTION('ref_axis',(1.,0.,0.));
#6293=DIRECTION('center_axis',(0.,-1.,0.));
#6294=DIRECTION('ref_axis',(1.,0.,0.));
#6295=DIRECTION('',(0.259830465222478,0.96565424937825,3.18200547555675E-17));
#6296=DIRECTION('center_axis',(0.,-1.,0.));
#6297=DIRECTION('ref_axis',(1.,0.,0.));
#6298=DIRECTION('center_axis',(0.,-1.,0.));
#6299=DIRECTION('ref_axis',(1.,0.,0.));
#6300=DIRECTION('',(0.258313458683541,0.966061155964231,3.16342750353481E-17));
#6301=DIRECTION('center_axis',(0.,-1.,0.));
#6302=DIRECTION('ref_axis',(1.,0.,0.));
#6303=DIRECTION('center_axis',(0.,-1.,0.));
#6304=DIRECTION('ref_axis',(1.,0.,0.));
#6305=DIRECTION('',(0.256815819853792,0.966460363736053,3.1450867175435E-17));
#6306=DIRECTION('center_axis',(0.,-1.,0.));
#6307=DIRECTION('ref_axis',(1.,0.,0.));
#6308=DIRECTION('center_axis',(0.,-1.,0.));
#6309=DIRECTION('ref_axis',(1.,0.,0.));
#6310=DIRECTION('',(0.255337191148787,0.966852066665965,3.12697873843638E-17));
#6311=DIRECTION('center_axis',(0.,-1.,0.));
#6312=DIRECTION('ref_axis',(1.,0.,0.));
#6313=DIRECTION('center_axis',(0.,-1.,0.));
#6314=DIRECTION('ref_axis',(1.,0.,0.));
#6315=DIRECTION('',(0.25387722343825,0.967236452693593,3.1090992906007E-17));
#6316=DIRECTION('center_axis',(0.,-1.,0.));
#6317=DIRECTION('ref_axis',(1.,0.,0.));
#6318=DIRECTION('center_axis',(0.,-1.,0.));
#6319=DIRECTION('ref_axis',(1.,0.,0.));
#6320=DIRECTION('',(0.252435575807779,0.967613703947291,3.09144419903916E-17));
#6321=DIRECTION('center_axis',(0.,-1.,0.));
#6322=DIRECTION('ref_axis',(1.,0.,0.));
#6323=DIRECTION('center_axis',(0.,-1.,0.));
#6324=DIRECTION('ref_axis',(1.,0.,0.));
#6325=DIRECTION('',(0.2510119153281,0.96798399695621,3.07400938654404E-17));
#6326=DIRECTION('center_axis',(0.,-1.,0.));
#6327=DIRECTION('ref_axis',(1.,0.,0.));
#6328=DIRECTION('center_axis',(0.,-1.,0.));
#6329=DIRECTION('ref_axis',(1.,0.,0.));
#6330=DIRECTION('',(0.249605916831536,0.968347502853541,3.05679087095981E-17));
#6331=DIRECTION('center_axis',(0.,-1.,0.));
#6332=DIRECTION('ref_axis',(1.,0.,0.));
#6333=DIRECTION('center_axis',(0.,-1.,0.));
#6334=DIRECTION('ref_axis',(1.,0.,0.));
#6335=DIRECTION('',(0.248217262695846,0.968704387571245,3.03978476253586E-17));
#6336=DIRECTION('center_axis',(0.,-1.,0.));
#6337=DIRECTION('ref_axis',(1.,0.,0.));
#6338=DIRECTION('center_axis',(0.,-1.,0.));
#6339=DIRECTION('ref_axis',(1.,0.,0.));
#6340=DIRECTION('',(0.246845642634554,0.969054812026819,3.02298726135878E-17));
#6341=DIRECTION('center_axis',(0.,-1.,0.));
#6342=DIRECTION('ref_axis',(1.,0.,0.));
#6343=DIRECTION('center_axis',(0.,-1.,0.));
#6344=DIRECTION('ref_axis',(1.,0.,0.));
#6345=DIRECTION('',(0.245490753494332,0.969398932302272,3.00639465487106E-17));
#6346=DIRECTION('center_axis',(0.,-1.,0.));
#6347=DIRECTION('ref_axis',(1.,0.,0.));
#6348=DIRECTION('center_axis',(0.,-1.,0.));
#6349=DIRECTION('ref_axis',(1.,0.,0.));
#6350=DIRECTION('',(0.244152299058273,0.969736899815904,2.99000331546181E-17));
#6351=DIRECTION('center_axis',(0.,-1.,0.));
#6352=DIRECTION('ref_axis',(1.,0.,0.));
#6353=DIRECTION('center_axis',(0.,-1.,0.));
#6354=DIRECTION('ref_axis',(1.,0.,0.));
#6355=DIRECTION('',(0.242829989855761,0.970068861486983,2.97380969813842E-17));
#6356=DIRECTION('center_axis',(0.,-1.,0.));
#6357=DIRECTION('ref_axis',(1.,0.,0.));
#6358=DIRECTION('center_axis',(0.,-1.,0.));
#6359=DIRECTION('ref_axis',(1.,0.,0.));
#6360=DIRECTION('',(0.241523542978023,0.970394959893828,2.95781033826764E-17));
#6361=DIRECTION('center_axis',(0.,-1.,0.));
#6362=DIRECTION('ref_axis',(1.,0.,0.));
#6363=DIRECTION('center_axis',(0.,-1.,0.));
#6364=DIRECTION('ref_axis',(1.,0.,0.));
#6365=DIRECTION('',(0.240232681899582,0.970715333425477,2.94200184938908E-17));
#6366=DIRECTION('center_axis',(0.,-1.,0.));
#6367=DIRECTION('ref_axis',(1.,0.,0.));
#6368=DIRECTION('center_axis',(0.,-1.,0.));
#6369=DIRECTION('ref_axis',(1.,0.,0.));
#6370=DIRECTION('',(0.238957136305187,0.971030116427304,2.92638092109565E-17));
#6371=DIRECTION('center_axis',(0.,-1.,0.));
#6372=DIRECTION('ref_axis',(1.,0.,0.));
#6373=DIRECTION('center_axis',(0.,-1.,0.));
#6374=DIRECTION('ref_axis',(1.,0.,0.));
#6375=DIRECTION('',(0.237696641922115,0.971339439340826,2.91094431697992E-17));
#6376=DIRECTION('center_axis',(0.,-1.,0.));
#6377=DIRECTION('ref_axis',(1.,0.,0.));
#6378=DIRECTION('center_axis',(0.,-1.,0.));
#6379=DIRECTION('ref_axis',(1.,0.,0.));
#6380=DIRECTION('',(0.236450940357734,0.971643428837937,2.89568887264481E-17));
#6381=DIRECTION('center_axis',(0.,-1.,0.));
#6382=DIRECTION('ref_axis',(1.,0.,0.));
#6383=DIRECTION('center_axis',(0.,-1.,0.));
#6384=DIRECTION('ref_axis',(1.,0.,0.));
#6385=DIRECTION('',(0.235219778942032,0.971942207949867,2.88061149377508E-17));
#6386=DIRECTION('center_axis',(0.,-1.,0.));
#6387=DIRECTION('ref_axis',(1.,0.,0.));
#6388=DIRECTION('center_axis',(0.,-1.,0.));
#6389=DIRECTION('ref_axis',(1.,0.,0.));
#6390=DIRECTION('',(0.234002910574836,0.972235896191097,2.86570915426637E-17));
#6391=DIRECTION('center_axis',(0.,-1.,0.));
#6392=DIRECTION('ref_axis',(1.,0.,0.));
#6393=DIRECTION('center_axis',(0.,-1.,0.));
#6394=DIRECTION('ref_axis',(1.,0.,0.));
#6395=DIRECTION('',(0.23280009357809,0.972524609678353,2.85097889441613E-17));
#6396=DIRECTION('center_axis',(0.,-1.,0.));
#6397=DIRECTION('ref_axis',(1.,0.,0.));
#6398=DIRECTION('center_axis',(0.,-1.,0.));
#6399=DIRECTION('ref_axis',(1.,0.,0.));
#6400=DIRECTION('',(0.231611091552133,0.972808461245085,2.83641781916344E-17));
#6401=DIRECTION('center_axis',(0.,-1.,0.));
#6402=DIRECTION('ref_axis',(1.,0.,0.));
#6403=DIRECTION('center_axis',(0.,-1.,0.));
#6404=DIRECTION('ref_axis',(1.,0.,0.));
#6405=DIRECTION('',(0.230435673236834,0.973087560551407,2.82202309638854E-17));
#6406=DIRECTION('center_axis',(0.,-1.,0.));
#6407=DIRECTION('ref_axis',(1.,0.,0.));
#6408=DIRECTION('center_axis',(0.,-1.,0.));
#6409=DIRECTION('ref_axis',(1.,0.,0.));
#6410=DIRECTION('',(0.22927361237662,0.973362014189877,2.80779195525979E-17));
#6411=DIRECTION('center_axis',(0.,-1.,0.));
#6412=DIRECTION('ref_axis',(1.,0.,0.));
#6413=DIRECTION('center_axis',(0.,-1.,0.));
#6414=DIRECTION('ref_axis',(1.,0.,0.));
#6415=DIRECTION('',(0.228124687589659,0.973631925787215,2.79372168463166E-17));
#6416=DIRECTION('center_axis',(0.,-1.,0.));
#6417=DIRECTION('ref_axis',(1.,0.,0.));
#6418=DIRECTION('center_axis',(0.,-1.,0.));
#6419=DIRECTION('ref_axis',(1.,0.,0.));
#6420=DIRECTION('',(0.226988682241124,0.973897396102093,2.77980963149268E-17));
#6421=DIRECTION('center_axis',(0.,-1.,0.));
#6422=DIRECTION('ref_axis',(1.,0.,0.));
#6423=DIRECTION('',(0.225865384320022,0.974158523119297,2.76605319945701E-17));
#6424=DIRECTION('',(0.,0.,1.));
#6425=DIRECTION('',(1.,0.,0.));
#6426=CARTESIAN_POINT('',(0.,0.,0.));
#6427=CARTESIAN_POINT('',(0.,0.,0.));
#6428=CARTESIAN_POINT('Origin',(-26.9782906184474,1.,-10.75));
#6429=CARTESIAN_POINT('',(-25.9782906184474,2.,-21.5));
#6430=CARTESIAN_POINT('',(-25.9782906184474,2.,0.));
#6431=CARTESIAN_POINT('',(-25.9782906184474,2.,-10.75));
#6432=CARTESIAN_POINT('',(-27.9782906184474,0.,0.));
#6433=CARTESIAN_POINT('',(-12.8532906184474,15.125,0.));
#6434=CARTESIAN_POINT('',(-27.9782906184474,0.,-23.5));
#6435=CARTESIAN_POINT('',(-27.9782906184474,0.,-10.75));
#6436=CARTESIAN_POINT('',(-27.9782906184474,0.,-23.5));
#6437=CARTESIAN_POINT('Origin',(6.2717093815526,1.,-22.5));
#6438=CARTESIAN_POINT('',(19.0217093815526,0.,-23.5));
#6439=CARTESIAN_POINT('',(6.2717093815526,0.,-23.5));
#6440=CARTESIAN_POINT('',(17.0217093815526,2.,-21.5));
#6441=CARTESIAN_POINT('',(19.0217093815526,0.,-23.5));
#6442=CARTESIAN_POINT('',(6.2717093815526,2.,-21.5));
#6443=CARTESIAN_POINT('Origin',(18.0217093815526,1.,10.75));
#6444=CARTESIAN_POINT('',(19.0217093815526,0.,0.));
#6445=CARTESIAN_POINT('',(19.0217093815526,0.,10.75));
#6446=CARTESIAN_POINT('',(17.0217093815526,2.,0.));
#6447=CARTESIAN_POINT('',(3.89670938155261,15.125,0.));
#6448=CARTESIAN_POINT('',(17.0217093815526,2.,10.75));
#6449=CARTESIAN_POINT('Origin',(-4.4782906184474,35.,0.));
#6450=CARTESIAN_POINT('',(28.5217093815526,0.,0.));
#6451=CARTESIAN_POINT('',(-4.4782906184474,0.,0.));
#6452=CARTESIAN_POINT('',(28.5217093815526,69.,0.));
#6453=CARTESIAN_POINT('',(28.5217093815526,17.5,0.));
#6454=CARTESIAN_POINT('',(27.5217093815526,70.,0.));
#6455=CARTESIAN_POINT('',(29.0217093815526,68.5,0.));
#6456=CARTESIAN_POINT('',(24.3629230568693,70.,0.));
#6457=CARTESIAN_POINT('',(-4.4782906184474,70.,0.));
#6458=CARTESIAN_POINT('',(18.9842093815526,62.3184007857599,0.));
#6459=CARTESIAN_POINT('',(21.673566219211,66.1592003928799,0.));
#6460=CARTESIAN_POINT('',(18.9842093815526,42.3184007857599,0.));
#6461=CARTESIAN_POINT('',(18.9842093815526,56.3184007857599,0.));
#6462=CARTESIAN_POINT('',(16.5832093815526,42.3184007857599,0.));
#6463=CARTESIAN_POINT('',(6.05245938155261,42.3184007857599,0.));
#6464=CARTESIAN_POINT('',(16.2022093815526,41.9374007857599,0.));
#6465=CARTESIAN_POINT('Origin',(16.5832093815526,41.9374007857599,0.));
#6466=CARTESIAN_POINT('',(16.2022093815526,37.9494007857599,0.));
#6467=CARTESIAN_POINT('',(16.2022093815526,39.9434007857599,0.));
#6468=CARTESIAN_POINT('',(16.5832093815526,37.5684007857599,0.));
#6469=CARTESIAN_POINT('Origin',(16.5832093815526,37.9494007857599,0.));
#6470=CARTESIAN_POINT('',(18.9842093815526,37.5684007857599,0.));
#6471=CARTESIAN_POINT('',(7.25295938155261,37.5684007857599,0.));
#6472=CARTESIAN_POINT('',(18.9842093815526,29.5684007857599,0.));
#6473=CARTESIAN_POINT('',(18.9842093815526,33.5684007857599,0.));
#6474=CARTESIAN_POINT('',(8.98420938155261,29.5684007857599,0.));
#6475=CARTESIAN_POINT('',(2.2529593815526,29.5684007857599,0.));
#6476=CARTESIAN_POINT('',(8.9842093815526,14.293,0.));
#6477=CARTESIAN_POINT('',(8.9842093815526,20.6387354307989,0.));
#6478=CARTESIAN_POINT('',(17.0217093815526,14.293,0.));
#6479=CARTESIAN_POINT('',(-4.4782906184474,14.293,0.));
#6480=CARTESIAN_POINT('',(17.0217093815526,17.5,0.));
#6481=CARTESIAN_POINT('',(20.9434192548435,59.0000008791685,0.));
#6482=CARTESIAN_POINT('Origin',(24.0434192548435,59.0000008791685,0.));
#6483=CARTESIAN_POINT('',(18.9000003278255,24.0000003576279,0.));
#6484=CARTESIAN_POINT('Origin',(22.0000003278255,24.0000003576279,0.));
#6485=CARTESIAN_POINT('Origin',(-4.4782906184474,0.,0.));
#6486=CARTESIAN_POINT('',(-37.4782906184474,0.,0.));
#6487=CARTESIAN_POINT('',(-4.4782906184474,0.,0.));
#6488=CARTESIAN_POINT('',(-39.4782906184474,0.,-2.));
#6489=CARTESIAN_POINT('',(-29.7282906184474,0.,7.75));
#6490=CARTESIAN_POINT('',(-39.4782906184474,0.,-35.));
#6491=CARTESIAN_POINT('',(-39.4782906184474,0.,35.));
#6492=CARTESIAN_POINT('',(30.5217093815526,0.,-35.));
#6493=CARTESIAN_POINT('',(-39.4782906184474,0.,-35.));
#6494=CARTESIAN_POINT('',(30.5217093815526,0.,-2.));
#6495=CARTESIAN_POINT('',(30.5217093815526,0.,-35.));
#6496=CARTESIAN_POINT('',(20.7717093815526,0.,7.75));
#6497=CARTESIAN_POINT('Origin',(-37.9782906184474,68.5,-17.5));
#6498=CARTESIAN_POINT('',(-39.4782906184474,67.,-35.));
#6499=CARTESIAN_POINT('',(-39.4782906184474,67.,-2.));
#6500=CARTESIAN_POINT('',(-39.4782906184474,67.,-17.5));
#6501=CARTESIAN_POINT('',(-37.4782906184474,69.,0.));
#6502=CARTESIAN_POINT('',(-49.4782906184474,57.,-12.));
#6503=CARTESIAN_POINT('',(-36.4782906184474,70.,0.));
#6504=CARTESIAN_POINT('',(-37.9782906184474,68.5,0.));
#6505=CARTESIAN_POINT('',(-36.4782906184474,70.,-32.));
#6506=CARTESIAN_POINT('',(-36.4782906184474,70.,-17.5));
#6507=CARTESIAN_POINT('',(-36.4782906184474,70.,-32.));
#6508=CARTESIAN_POINT('Origin',(13.0217093815526,68.5,-33.5));
#6509=CARTESIAN_POINT('',(30.5217093815526,67.,-35.));
#6510=CARTESIAN_POINT('',(13.0217093815526,67.,-35.));
#6511=CARTESIAN_POINT('',(27.5217093815526,70.,-32.));
#6512=CARTESIAN_POINT('',(13.0217093815526,70.,-32.));
#6513=CARTESIAN_POINT('',(27.5217093815526,70.,-32.));
#6514=CARTESIAN_POINT('Origin',(29.0217093815526,68.5,17.5));
#6515=CARTESIAN_POINT('',(27.5217093815526,70.,17.5));
#6516=CARTESIAN_POINT('',(30.5217093815526,67.,-2.));
#6517=CARTESIAN_POINT('',(34.6883760482193,62.8333333333333,-6.16666666666667));
#6518=CARTESIAN_POINT('',(30.5217093815526,67.,17.5));
#6519=CARTESIAN_POINT('Origin',(-38.4782906184474,17.5,-1.));
#6520=CARTESIAN_POINT('',(-39.4782906184474,17.5,-2.));
#6521=CARTESIAN_POINT('',(-37.4782906184474,17.5,0.));
#6522=CARTESIAN_POINT('Origin',(-39.4782906184474,0.,-35.));
#6523=CARTESIAN_POINT('',(-39.4782906184474,0.,-35.));
#6524=CARTESIAN_POINT('Origin',(30.5217093815526,0.,-35.));
#6525=CARTESIAN_POINT('',(30.5217093815526,0.,-35.));
#6526=CARTESIAN_POINT('',(20.9434192548435,59.0000008791685,-35.));
#6527=CARTESIAN_POINT('Origin',(24.0434192548435,59.0000008791685,-35.));
#6528=CARTESIAN_POINT('',(-34.0565815647203,24.0000003576279,-35.));
#6529=CARTESIAN_POINT('Origin',(-30.9565815647203,24.0000003576279,-35.));
#6530=CARTESIAN_POINT('',(-20.0565813561041,7.00000010430813,-35.));
#6531=CARTESIAN_POINT('Origin',(-16.9565813561041,7.00000010430813,-35.));
#6532=CARTESIAN_POINT('',(18.9000003278255,24.0000003576279,-35.));
#6533=CARTESIAN_POINT('Origin',(22.0000003278255,24.0000003576279,-35.));
#6534=CARTESIAN_POINT('',(-36.1000004917383,59.0000008791685,-35.));
#6535=CARTESIAN_POINT('Origin',(-33.0000004917383,59.0000008791685,-35.));
#6536=CARTESIAN_POINT('',(4.90000011920929,7.00000010430813,-35.));
#6537=CARTESIAN_POINT('Origin',(8.00000011920929,7.00000010430813,-35.));
#6538=CARTESIAN_POINT('Origin',(30.5217093815526,0.,35.));
#6539=CARTESIAN_POINT('',(30.5217093815526,17.5,-2.));
#6540=CARTESIAN_POINT('Origin',(29.5217093815526,17.5,-1.));
#6541=CARTESIAN_POINT('Origin',(-4.4782906184474,35.,0.));
#6542=CARTESIAN_POINT('',(-25.9782906184474,14.293,0.));
#6543=CARTESIAN_POINT('',(-25.9782906184474,17.5,0.));
#6544=CARTESIAN_POINT('',(-17.9407906184474,14.293,0.));
#6545=CARTESIAN_POINT('',(-4.4782906184474,14.293,0.));
#6546=CARTESIAN_POINT('',(-17.9407906184474,29.5684007857599,0.));
#6547=CARTESIAN_POINT('',(-17.9407906184474,20.6387354307989,0.));
#6548=CARTESIAN_POINT('',(-27.9407906184474,29.5684007857599,0.));
#6549=CARTESIAN_POINT('',(2.2529593815526,29.5684007857599,0.));
#6550=CARTESIAN_POINT('',(-27.9407906184474,37.5684007857599,0.));
#6551=CARTESIAN_POINT('',(-27.9407906184474,33.5684007857599,0.));
#6552=CARTESIAN_POINT('',(-25.5397906184474,37.5684007857599,0.));
#6553=CARTESIAN_POINT('',(7.25295938155261,37.5684007857599,0.));
#6554=CARTESIAN_POINT('',(-25.1587906184474,37.9494007857599,0.));
#6555=CARTESIAN_POINT('Origin',(-25.5397906184474,37.9494007857599,0.));
#6556=CARTESIAN_POINT('',(-25.1587906184474,41.9374007857599,0.));
#6557=CARTESIAN_POINT('',(-25.1587906184474,39.9434007857599,0.));
#6558=CARTESIAN_POINT('',(-25.5397906184474,42.3184007857599,0.));
#6559=CARTESIAN_POINT('Origin',(-25.5397906184474,41.9374007857599,0.));
#6560=CARTESIAN_POINT('',(-27.9407906184474,42.3184007857599,0.));
#6561=CARTESIAN_POINT('',(6.05245938155261,42.3184007857599,0.));
#6562=CARTESIAN_POINT('',(-27.9407906184474,62.3184007857599,0.));
#6563=CARTESIAN_POINT('',(-27.9407906184474,56.3184007857599,0.));
#6564=CARTESIAN_POINT('',(-33.3195042937641,70.,0.));
#6565=CARTESIAN_POINT('',(-30.6301474561058,66.1592003928799,0.));
#6566=CARTESIAN_POINT('',(-4.4782906184474,70.,0.));
#6567=CARTESIAN_POINT('',(-34.0565815647203,24.0000003576279,0.));
#6568=CARTESIAN_POINT('Origin',(-30.9565815647203,24.0000003576279,0.));
#6569=CARTESIAN_POINT('',(-36.1000004917383,59.0000008791685,0.));
#6570=CARTESIAN_POINT('Origin',(-33.0000004917383,59.0000008791685,0.));
#6571=CARTESIAN_POINT('Origin',(8.00000011920929,7.00000010430813,35.));
#6572=CARTESIAN_POINT('',(4.90000011920929,7.00000010430813,-21.5));
#6573=CARTESIAN_POINT('Origin',(8.00000011920929,7.00000010430813,-21.5));
#6574=CARTESIAN_POINT('',(4.90000011920929,7.00000010430813,35.));
#6575=CARTESIAN_POINT('Origin',(-33.0000004917383,59.0000008791685,35.));
#6576=CARTESIAN_POINT('',(-36.1000004917383,59.0000008791685,35.));
#6577=CARTESIAN_POINT('Origin',(22.0000003278255,24.0000003576279,35.));
#6578=CARTESIAN_POINT('',(18.9000003278255,24.0000003576279,35.));
#6579=CARTESIAN_POINT('Origin',(-16.9565813561041,7.00000010430813,35.));
#6580=CARTESIAN_POINT('',(-20.0565813561041,7.00000010430813,-21.5));
#6581=CARTESIAN_POINT('Origin',(-16.9565813561041,7.00000010430813,-21.5));
#6582=CARTESIAN_POINT('',(-20.0565813561041,7.00000010430813,35.));
#6583=CARTESIAN_POINT('Origin',(-30.9565815647203,24.0000003576279,35.));
#6584=CARTESIAN_POINT('',(-34.0565815647203,24.0000003576279,35.));
#6585=CARTESIAN_POINT('Origin',(24.0434192548435,59.0000008791685,35.));
#6586=CARTESIAN_POINT('',(20.9434192548435,59.0000008791685,35.));
#6587=CARTESIAN_POINT('Origin',(17.0217093815526,0.,21.5));
#6588=CARTESIAN_POINT('',(17.0217093815526,14.293,-21.5));
#6589=CARTESIAN_POINT('',(17.0217093815526,14.293,-21.5));
#6590=CARTESIAN_POINT('',(17.0217093815526,0.,-21.5));
#6591=CARTESIAN_POINT('Origin',(-4.4782906184474,14.293,0.));
#6592=CARTESIAN_POINT('Origin',(-4.4782906184474,14.293,0.));
#6593=CARTESIAN_POINT('',(-25.9782906184474,14.293,-21.5));
#6594=CARTESIAN_POINT('',(-25.9782906184474,14.293,21.5));
#6595=CARTESIAN_POINT('',(-25.9782906184474,14.293,-21.5));
#6596=CARTESIAN_POINT('Origin',(-25.9782906184474,0.,-21.5));
#6597=CARTESIAN_POINT('',(-25.9782906184474,0.,-21.5));
#6598=CARTESIAN_POINT('Origin',(17.0217093815526,0.,-21.5));
#6599=CARTESIAN_POINT('Origin',(-4.4782906184474,66.1592003928799,0.));
#6600=CARTESIAN_POINT('Origin',(-4.4782906184474,62.3184007857599,0.));
#6601=CARTESIAN_POINT('Origin',(-4.4782906184474,70.,0.));
#6602=CARTESIAN_POINT('Origin',(-4.4782906184474,70.,0.));
#6603=CARTESIAN_POINT('Origin',(-4.47829061844738,46.3184007857599,0.));
#6604=CARTESIAN_POINT('Origin',(-4.47829061844738,42.3184007857599,0.));
#6605=CARTESIAN_POINT('Origin',(16.5832093815526,42.3184007857599,0.));
#6606=CARTESIAN_POINT('Origin',(-4.47829061844738,42.3184007857599,0.));
#6607=CARTESIAN_POINT('Origin',(-4.47829061844738,41.9374007857599,0.));
#6608=CARTESIAN_POINT('Origin',(-4.47829061844738,41.9374007857599,0.));
#6609=CARTESIAN_POINT('Origin',(-4.47829061844739,39.9434007857599,0.));
#6610=CARTESIAN_POINT('Origin',(-4.47829061844739,37.9494007857599,0.));
#6611=CARTESIAN_POINT('Origin',(-4.47829061844739,37.9494007857599,0.));
#6612=CARTESIAN_POINT('Origin',(-4.47829061844739,37.5684007857599,0.));
#6613=CARTESIAN_POINT('Origin',(18.9842093815526,37.5684007857599,0.));
#6614=CARTESIAN_POINT('Origin',(-4.47829061844739,37.5684007857599,0.));
#6615=CARTESIAN_POINT('Origin',(-4.47829061844739,33.5684007857599,0.));
#6616=CARTESIAN_POINT('Origin',(-4.47829061844739,29.5684007857599,0.));
#6617=CARTESIAN_POINT('Origin',(8.98420938155261,29.5684007857599,0.));
#6618=CARTESIAN_POINT('Origin',(-4.47829061844739,29.5684007857599,0.));
#6619=CARTESIAN_POINT('Origin',(-4.4782906184474,20.6387354307989,0.));
#6620=CARTESIAN_POINT('Origin',(-26.9782906184474,1.,-10.75));
#6621=CARTESIAN_POINT('',(-27.9782906184474,0.,23.5));
#6622=CARTESIAN_POINT('',(-27.9782906184474,0.,0.));
#6623=CARTESIAN_POINT('',(-27.9782906184474,0.,-10.75));
#6624=CARTESIAN_POINT('',(-25.9782906184474,2.,0.));
#6625=CARTESIAN_POINT('',(-12.8532906184474,15.125,0.));
#6626=CARTESIAN_POINT('',(-25.9782906184474,2.,21.5));
#6627=CARTESIAN_POINT('',(-25.9782906184474,2.,-10.75));
#6628=CARTESIAN_POINT('',(-25.9782906184474,2.,21.5));
#6629=CARTESIAN_POINT('Origin',(18.0217093815526,1.,10.75));
#6630=CARTESIAN_POINT('',(17.0217093815526,2.,21.5));
#6631=CARTESIAN_POINT('',(17.0217093815526,2.,0.));
#6632=CARTESIAN_POINT('',(17.0217093815526,2.,10.75));
#6633=CARTESIAN_POINT('',(19.0217093815526,0.,0.));
#6634=CARTESIAN_POINT('',(3.89670938155261,15.125,0.));
#6635=CARTESIAN_POINT('',(19.0217093815526,0.,23.5));
#6636=CARTESIAN_POINT('',(19.0217093815526,0.,10.75));
#6637=CARTESIAN_POINT('',(19.0217093815526,0.,23.5));
#6638=CARTESIAN_POINT('Origin',(-15.2282906184474,1.,22.5));
#6639=CARTESIAN_POINT('',(-15.2282906184474,2.,21.5));
#6640=CARTESIAN_POINT('',(-15.2282906184474,0.,23.5));
#6641=CARTESIAN_POINT('Origin',(-4.4782906184474,0.,0.));
#6642=CARTESIAN_POINT('',(28.5217093815526,0.,0.));
#6643=CARTESIAN_POINT('',(-4.4782906184474,0.,0.));
#6644=CARTESIAN_POINT('',(30.5217093815526,0.,2.));
#6645=CARTESIAN_POINT('',(20.7717093815526,0.,-7.75));
#6646=CARTESIAN_POINT('',(30.5217093815526,0.,35.));
#6647=CARTESIAN_POINT('',(30.5217093815526,0.,-35.));
#6648=CARTESIAN_POINT('',(-39.4782906184474,0.,35.));
#6649=CARTESIAN_POINT('',(30.5217093815526,0.,35.));
#6650=CARTESIAN_POINT('',(-39.4782906184474,0.,2.));
#6651=CARTESIAN_POINT('',(-39.4782906184474,0.,35.));
#6652=CARTESIAN_POINT('',(-37.4782906184474,0.,0.));
#6653=CARTESIAN_POINT('',(-29.7282906184474,0.,-7.75));
#6654=CARTESIAN_POINT('',(-4.4782906184474,0.,0.));
#6655=CARTESIAN_POINT('Origin',(-4.4782906184474,35.,0.));
#6656=CARTESIAN_POINT('',(17.0217093815526,14.293,0.));
#6657=CARTESIAN_POINT('',(17.0217093815526,17.5,0.));
#6658=CARTESIAN_POINT('',(8.9842093815526,14.293,0.));
#6659=CARTESIAN_POINT('',(-4.4782906184474,14.293,0.));
#6660=CARTESIAN_POINT('',(8.98420938155261,29.5684007857599,0.));
#6661=CARTESIAN_POINT('',(8.9842093815526,20.6387354307989,0.));
#6662=CARTESIAN_POINT('',(18.9842093815526,29.5684007857599,0.));
#6663=CARTESIAN_POINT('',(2.2529593815526,29.5684007857599,0.));
#6664=CARTESIAN_POINT('',(18.9842093815526,37.5684007857599,0.));
#6665=CARTESIAN_POINT('',(18.9842093815526,33.5684007857599,0.));
#6666=CARTESIAN_POINT('',(16.5832093815526,37.5684007857599,0.));
#6667=CARTESIAN_POINT('',(7.25295938155261,37.5684007857599,0.));
#6668=CARTESIAN_POINT('',(16.2022093815526,37.9494007857599,0.));
#6669=CARTESIAN_POINT('Origin',(16.5832093815526,37.9494007857599,0.));
#6670=CARTESIAN_POINT('',(16.2022093815526,41.9374007857599,0.));
#6671=CARTESIAN_POINT('',(16.2022093815526,39.9434007857599,0.));
#6672=CARTESIAN_POINT('',(16.5832093815526,42.3184007857599,0.));
#6673=CARTESIAN_POINT('Origin',(16.5832093815526,41.9374007857599,0.));
#6674=CARTESIAN_POINT('',(18.9842093815526,42.3184007857599,0.));
#6675=CARTESIAN_POINT('',(6.05245938155261,42.3184007857599,0.));
#6676=CARTESIAN_POINT('',(18.9842093815526,62.3184007857599,0.));
#6677=CARTESIAN_POINT('',(18.9842093815526,56.3184007857599,0.));
#6678=CARTESIAN_POINT('',(24.3629230568693,70.,0.));
#6679=CARTESIAN_POINT('',(21.673566219211,66.1592003928799,0.));
#6680=CARTESIAN_POINT('',(27.5217093815526,70.,0.));
#6681=CARTESIAN_POINT('',(-4.4782906184474,70.,0.));
#6682=CARTESIAN_POINT('',(28.5217093815526,69.,0.));
#6683=CARTESIAN_POINT('',(29.0217093815526,68.5,-1.11022302462516E-15));
#6684=CARTESIAN_POINT('',(28.5217093815526,17.5,0.));
#6685=CARTESIAN_POINT('',(18.9000003278255,24.0000003576279,0.));
#6686=CARTESIAN_POINT('Origin',(22.0000003278255,24.0000003576279,0.));
#6687=CARTESIAN_POINT('',(20.9434192548435,59.0000008791685,0.));
#6688=CARTESIAN_POINT('Origin',(24.0434192548435,59.0000008791685,0.));
#6689=CARTESIAN_POINT('Origin',(29.0217093815526,68.5,17.5));
#6690=CARTESIAN_POINT('',(30.5217093815526,67.,35.));
#6691=CARTESIAN_POINT('',(30.5217093815526,67.,2.));
#6692=CARTESIAN_POINT('',(30.5217093815526,67.,17.5));
#6693=CARTESIAN_POINT('',(40.5217093815526,57.,12.));
#6694=CARTESIAN_POINT('',(27.5217093815526,70.,32.));
#6695=CARTESIAN_POINT('',(27.5217093815526,70.,17.5));
#6696=CARTESIAN_POINT('',(27.5217093815526,70.,32.));
#6697=CARTESIAN_POINT('Origin',(-21.9782906184474,68.5,33.5));
#6698=CARTESIAN_POINT('',(-39.4782906184474,67.,35.));
#6699=CARTESIAN_POINT('',(-21.9782906184474,67.,35.));
#6700=CARTESIAN_POINT('',(-36.4782906184474,70.,32.));
#6701=CARTESIAN_POINT('',(-21.9782906184474,70.,32.));
#6702=CARTESIAN_POINT('',(-36.4782906184474,70.,32.));
#6703=CARTESIAN_POINT('Origin',(-37.9782906184474,68.5,-17.5));
#6704=CARTESIAN_POINT('',(-36.4782906184474,70.,0.));
#6705=CARTESIAN_POINT('',(-36.4782906184474,70.,-17.5));
#6706=CARTESIAN_POINT('',(-37.4782906184474,69.,0.));
#6707=CARTESIAN_POINT('',(-37.9782906184474,68.5,1.11022302462516E-15));
#6708=CARTESIAN_POINT('',(-39.4782906184474,67.,2.));
#6709=CARTESIAN_POINT('',(-43.6449572851141,62.8333333333333,6.16666666666665));
#6710=CARTESIAN_POINT('',(-39.4782906184474,67.,-17.5));
#6711=CARTESIAN_POINT('Origin',(29.5217093815526,17.5,1.));
#6712=CARTESIAN_POINT('',(30.5217093815526,17.5,2.));
#6713=CARTESIAN_POINT('Origin',(30.5217093815526,0.,35.));
#6714=CARTESIAN_POINT('',(30.5217093815526,0.,35.));
#6715=CARTESIAN_POINT('Origin',(-39.4782906184474,0.,35.));
#6716=CARTESIAN_POINT('',(-39.4782906184474,0.,35.));
#6717=CARTESIAN_POINT('',(20.9434192548435,59.0000008791685,35.));
#6718=CARTESIAN_POINT('Origin',(24.0434192548435,59.0000008791685,35.));
#6719=CARTESIAN_POINT('',(-34.0565815647203,24.0000003576279,35.));
#6720=CARTESIAN_POINT('Origin',(-30.9565815647203,24.0000003576279,35.));
#6721=CARTESIAN_POINT('',(-20.0565813561041,7.00000010430813,35.));
#6722=CARTESIAN_POINT('Origin',(-16.9565813561041,7.00000010430813,35.));
#6723=CARTESIAN_POINT('',(18.9000003278255,24.0000003576279,35.));
#6724=CARTESIAN_POINT('Origin',(22.0000003278255,24.0000003576279,35.));
#6725=CARTESIAN_POINT('',(-36.1000004917383,59.0000008791685,35.));
#6726=CARTESIAN_POINT('Origin',(-33.0000004917383,59.0000008791685,35.));
#6727=CARTESIAN_POINT('',(4.90000011920929,7.00000010430813,35.));
#6728=CARTESIAN_POINT('Origin',(8.00000011920929,7.00000010430813,35.));
#6729=CARTESIAN_POINT('Origin',(-39.4782906184474,0.,-35.));
#6730=CARTESIAN_POINT('',(-39.4782906184474,17.5,2.));
#6731=CARTESIAN_POINT('Origin',(-38.4782906184474,17.5,1.));
#6732=CARTESIAN_POINT('',(-37.4782906184474,17.5,0.));
#6733=CARTESIAN_POINT('Origin',(-4.4782906184474,35.,0.));
#6734=CARTESIAN_POINT('',(-33.3195042937641,70.,0.));
#6735=CARTESIAN_POINT('',(-4.4782906184474,70.,0.));
#6736=CARTESIAN_POINT('',(-27.9407906184474,62.3184007857599,0.));
#6737=CARTESIAN_POINT('',(-30.6301474561058,66.1592003928799,0.));
#6738=CARTESIAN_POINT('',(-27.9407906184474,42.3184007857599,0.));
#6739=CARTESIAN_POINT('',(-27.9407906184474,56.3184007857599,0.));
#6740=CARTESIAN_POINT('',(-25.5397906184474,42.3184007857599,0.));
#6741=CARTESIAN_POINT('',(6.05245938155261,42.3184007857599,0.));
#6742=CARTESIAN_POINT('',(-25.1587906184474,41.9374007857599,0.));
#6743=CARTESIAN_POINT('Origin',(-25.5397906184474,41.9374007857599,0.));
#6744=CARTESIAN_POINT('',(-25.1587906184474,37.9494007857599,0.));
#6745=CARTESIAN_POINT('',(-25.1587906184474,39.9434007857599,0.));
#6746=CARTESIAN_POINT('',(-25.5397906184474,37.5684007857599,0.));
#6747=CARTESIAN_POINT('Origin',(-25.5397906184474,37.9494007857599,0.));
#6748=CARTESIAN_POINT('',(-27.9407906184474,37.5684007857599,0.));
#6749=CARTESIAN_POINT('',(7.25295938155261,37.5684007857599,0.));
#6750=CARTESIAN_POINT('',(-27.9407906184474,29.5684007857599,0.));
#6751=CARTESIAN_POINT('',(-27.9407906184474,33.5684007857599,0.));
#6752=CARTESIAN_POINT('',(-17.9407906184474,29.5684007857599,0.));
#6753=CARTESIAN_POINT('',(2.2529593815526,29.5684007857599,0.));
#6754=CARTESIAN_POINT('',(-17.9407906184474,14.293,0.));
#6755=CARTESIAN_POINT('',(-17.9407906184474,20.6387354307989,0.));
#6756=CARTESIAN_POINT('',(-25.9782906184474,14.293,0.));
#6757=CARTESIAN_POINT('',(-4.4782906184474,14.293,0.));
#6758=CARTESIAN_POINT('',(-25.9782906184474,17.5,0.));
#6759=CARTESIAN_POINT('',(-34.0565815647203,24.0000003576279,0.));
#6760=CARTESIAN_POINT('Origin',(-30.9565815647203,24.0000003576279,0.));
#6761=CARTESIAN_POINT('',(-36.1000004917383,59.0000008791685,0.));
#6762=CARTESIAN_POINT('Origin',(-33.0000004917383,59.0000008791685,0.));
#6763=CARTESIAN_POINT('Origin',(8.00000011920929,7.00000010430813,35.));
#6764=CARTESIAN_POINT('',(4.90000011920929,7.00000010430813,21.5));
#6765=CARTESIAN_POINT('',(4.90000011920929,7.00000010430813,35.));
#6766=CARTESIAN_POINT('Origin',(8.00000011920929,7.00000010430813,21.5));
#6767=CARTESIAN_POINT('Origin',(-33.0000004917383,59.0000008791685,35.));
#6768=CARTESIAN_POINT('',(-36.1000004917383,59.0000008791685,35.));
#6769=CARTESIAN_POINT('Origin',(22.0000003278255,24.0000003576279,35.));
#6770=CARTESIAN_POINT('',(18.9000003278255,24.0000003576279,35.));
#6771=CARTESIAN_POINT('Origin',(-16.9565813561041,7.00000010430813,35.));
#6772=CARTESIAN_POINT('',(-20.0565813561041,7.00000010430813,21.5));
#6773=CARTESIAN_POINT('',(-20.0565813561041,7.00000010430813,35.));
#6774=CARTESIAN_POINT('Origin',(-16.9565813561041,7.00000010430813,21.5));
#6775=CARTESIAN_POINT('Origin',(-30.9565815647203,24.0000003576279,35.));
#6776=CARTESIAN_POINT('',(-34.0565815647203,24.0000003576279,35.));
#6777=CARTESIAN_POINT('Origin',(24.0434192548435,59.0000008791685,35.));
#6778=CARTESIAN_POINT('',(20.9434192548435,59.0000008791685,35.));
#6779=CARTESIAN_POINT('Origin',(17.0217093815526,0.,21.5));
#6780=CARTESIAN_POINT('',(17.0217093815526,14.293,21.5));
#6781=CARTESIAN_POINT('',(17.0217093815526,0.,21.5));
#6782=CARTESIAN_POINT('',(17.0217093815526,14.293,-21.5));
#6783=CARTESIAN_POINT('Origin',(-4.4782906184474,14.293,0.));
#6784=CARTESIAN_POINT('',(-25.9782906184474,14.293,21.5));
#6785=CARTESIAN_POINT('',(17.0217093815526,14.293,21.5));
#6786=CARTESIAN_POINT('',(-25.9782906184474,14.293,21.5));
#6787=CARTESIAN_POINT('Origin',(-4.4782906184474,14.293,0.));
#6788=CARTESIAN_POINT('Origin',(-25.9782906184474,0.,-21.5));
#6789=CARTESIAN_POINT('',(-25.9782906184474,0.,21.5));
#6790=CARTESIAN_POINT('Origin',(-25.9782906184474,0.,21.5));
#6791=CARTESIAN_POINT('Origin',(-4.4782906184474,20.6387354307989,0.));
#6792=CARTESIAN_POINT('Origin',(-4.47829061844739,29.5684007857599,0.));
#6793=CARTESIAN_POINT('Origin',(-4.4782906184474,66.1592003928799,0.));
#6794=CARTESIAN_POINT('Origin',(-4.4782906184474,62.3184007857599,0.));
#6795=CARTESIAN_POINT('Origin',(-4.4782906184474,70.,0.));
#6796=CARTESIAN_POINT('Origin',(-4.4782906184474,70.,0.));
#6797=CARTESIAN_POINT('Origin',(-4.47829061844738,46.3184007857599,0.));
#6798=CARTESIAN_POINT('Origin',(-4.47829061844738,42.3184007857599,0.));
#6799=CARTESIAN_POINT('Origin',(16.5832093815526,42.3184007857599,0.));
#6800=CARTESIAN_POINT('Origin',(-4.47829061844738,42.3184007857599,0.));
#6801=CARTESIAN_POINT('Origin',(-4.47829061844738,41.9374007857599,0.));
#6802=CARTESIAN_POINT('Origin',(-4.47829061844738,41.9374007857599,0.));
#6803=CARTESIAN_POINT('Origin',(-4.47829061844739,39.9434007857599,0.));
#6804=CARTESIAN_POINT('Origin',(-4.47829061844739,37.9494007857599,0.));
#6805=CARTESIAN_POINT('Origin',(-4.47829061844739,37.9494007857599,0.));
#6806=CARTESIAN_POINT('Origin',(-4.47829061844739,37.5684007857599,0.));
#6807=CARTESIAN_POINT('Origin',(18.9842093815526,37.5684007857599,0.));
#6808=CARTESIAN_POINT('Origin',(-4.47829061844739,37.5684007857599,0.));
#6809=CARTESIAN_POINT('Origin',(-4.47829061844739,33.5684007857599,0.));
#6810=CARTESIAN_POINT('Origin',(-4.47829061844739,29.5684007857599,0.));
#6811=CARTESIAN_POINT('Origin',(8.98420938155261,29.5684007857599,0.));
#6812=CARTESIAN_POINT('Origin',(-4.4782906184474,81.,0.));
#6813=CARTESIAN_POINT('',(-39.4782906184474,81.,35.));
#6814=CARTESIAN_POINT('',(30.5217093815526,81.,35.));
#6815=CARTESIAN_POINT('',(-39.4782906184474,81.,35.));
#6816=CARTESIAN_POINT('',(30.5217093815526,81.,-35.));
#6817=CARTESIAN_POINT('',(30.5217093815526,81.,35.));
#6818=CARTESIAN_POINT('',(-39.4782906184474,81.,-35.));
#6819=CARTESIAN_POINT('',(30.5217093815526,81.,-35.));
#6820=CARTESIAN_POINT('',(-39.4782906184474,81.,-35.));
#6821=CARTESIAN_POINT('Origin',(-4.4782906184474,70.,0.));
#6822=CARTESIAN_POINT('',(30.5217093815526,70.,35.));
#6823=CARTESIAN_POINT('',(30.5217093815526,70.,-35.));
#6824=CARTESIAN_POINT('',(30.5217093815526,70.,35.));
#6825=CARTESIAN_POINT('',(-39.4782906184474,70.,35.));
#6826=CARTESIAN_POINT('',(-39.4782906184474,70.,35.));
#6827=CARTESIAN_POINT('',(-39.4782906184474,70.,-35.));
#6828=CARTESIAN_POINT('',(-39.4782906184474,70.,-35.));
#6829=CARTESIAN_POINT('',(30.5217093815526,70.,-35.));
#6830=CARTESIAN_POINT('',(-33.3195042937641,70.,-3.53203000110015E-15));
#6831=CARTESIAN_POINT('Origin',(-4.4782906184474,70.,0.));
#6832=CARTESIAN_POINT('Origin',(-39.4782906184474,70.,35.));
#6833=CARTESIAN_POINT('',(30.5217093815526,70.,35.));
#6834=CARTESIAN_POINT('',(-39.4782906184474,70.,35.));
#6835=CARTESIAN_POINT('Origin',(-39.4782906184474,70.,-35.));
#6836=CARTESIAN_POINT('',(-39.4782906184474,70.,-35.));
#6837=CARTESIAN_POINT('Origin',(30.5217093815526,70.,-35.));
#6838=CARTESIAN_POINT('',(30.5217093815526,70.,-35.));
#6839=CARTESIAN_POINT('Origin',(30.5217093815526,70.,35.));
#6840=CARTESIAN_POINT('Origin',(-4.4782906184474,30.5607772601512,0.));
#6841=CARTESIAN_POINT('',(-7.7282906184474,30.5217093815526,-3.9801020972289E-16));
#6842=CARTESIAN_POINT('Origin',(-4.4782906184474,30.5217093815526,0.));
#6843=CARTESIAN_POINT('',(-7.72891683267274,30.5998451387497,-3.98086898847554E-16));
#6844=CARTESIAN_POINT('',(-7.72860372556007,30.5607772601512,-3.98048554285222E-16));
#6845=CARTESIAN_POINT('Origin',(-4.4782906184474,30.5998451387497,0.));
#6846=CARTESIAN_POINT('Origin',(-4.4782906184474,37.4323042535703,0.));
#6847=CARTESIAN_POINT('',(-7.7282906184474,44.342899125588,-3.98010209722891E-16));
#6848=CARTESIAN_POINT('',(-7.7282906184474,37.4323042535703,-3.98010209722891E-16));
#6849=CARTESIAN_POINT('Origin',(-4.4782906184474,44.342899125588,0.));
#6850=CARTESIAN_POINT('Origin',(-4.4782906184474,45.1824299896646,0.));
#6851=CARTESIAN_POINT('',(-6.53849614820574,46.0219608537412,-2.52302410760423E-16));
#6852=CARTESIAN_POINT('',(-7.13339338332657,45.1824299896646,-3.25156310241657E-16));
#6853=CARTESIAN_POINT('Origin',(-4.4782906184474,46.0219608537412,0.));
#6854=CARTESIAN_POINT('Origin',(-4.4782906184474,46.0219608537412,0.));
#6855=CARTESIAN_POINT('Origin',(-4.4782906184474,66.1592003928799,0.));
#6856=CARTESIAN_POINT('',(-27.7407906184474,62.0327711844115,2.84883461651653E-15));
#6857=CARTESIAN_POINT('Origin',(-4.4782906184474,62.0327711844115,0.));
#6858=CARTESIAN_POINT('',(-30.6301474561058,66.1592003928799,-3.20267877679982E-15));
#6859=CARTESIAN_POINT('Origin',(-4.4782906184474,56.3184007857599,0.));
#6860=CARTESIAN_POINT('',(-27.7407906184474,50.3184007857599,2.84883461651653E-15));
#6861=CARTESIAN_POINT('Origin',(-4.4782906184474,50.3184007857599,0.));
#6862=CARTESIAN_POINT('',(-27.7407906184474,56.3184007857599,-2.84883461651653E-15));
#6863=CARTESIAN_POINT('Origin',(17.3775367939373,50.3184007857599,0.));
#6864=CARTESIAN_POINT('',(-4.4782906184474,50.3184007857599,21.8558274123847));
#6865=CARTESIAN_POINT('Origin',(-4.4782906184474,50.3184007857599,0.));
#6866=CARTESIAN_POINT('Origin',(-4.4782906184474,48.3184007857599,0.));
#6867=CARTESIAN_POINT('',(-4.4782906184474,49.732614348133,20.4416138500116));
#6868=CARTESIAN_POINT('Origin',(-4.4782906184474,48.3184007857599,21.8558274123847));
#6869=CARTESIAN_POINT('',(-24.919904468459,49.732614348133,-2.50337569708229E-15));
#6870=CARTESIAN_POINT('Origin',(-4.4782906184474,49.732614348133,0.));
#6871=CARTESIAN_POINT('Origin',(-4.4782906184474,49.732614348133,0.));
#6872=CARTESIAN_POINT('Origin',(-4.4782906184474,41.850734643985,0.));
#6873=CARTESIAN_POINT('',(-9.15614506016298,33.968854939837,-5.72871946892422E-16));
#6874=CARTESIAN_POINT('Origin',(-4.4782906184474,33.968854939837,0.));
#6875=CARTESIAN_POINT('',(-17.038024764311,41.850734643985,-1.53812382198735E-15));
#6876=CARTESIAN_POINT('Origin',(-4.4782906184474,33.9410083777908,0.));
#6877=CARTESIAN_POINT('',(-9.10133753672098,33.9131618157446,-5.66159961077178E-16));
#6878=CARTESIAN_POINT('Origin',(-4.4782906184474,33.9131618157446,0.));
#6879=CARTESIAN_POINT('',(-9.12874129844198,33.9410083777908,-5.695159539848E-16));
#6880=CARTESIAN_POINT('Origin',(-4.4782906184474,33.8848796073889,0.));
#6881=CARTESIAN_POINT('',(-9.04742969444256,33.8565973990332,-5.59558154427658E-16));
#6882=CARTESIAN_POINT('Origin',(-4.4782906184474,33.8565973990332,0.));
#6883=CARTESIAN_POINT('',(-9.07438361558177,33.8848796073889,-5.62859057752418E-16));
#6884=CARTESIAN_POINT('Origin',(-4.4782906184474,33.8278868103049,0.));
#6885=CARTESIAN_POINT('',(-8.99443538270524,33.7991762215765,-5.53068223003445E-16));
#6886=CARTESIAN_POINT('Origin',(-4.4782906184474,33.7991762215765,0.));
#6887=CARTESIAN_POINT('',(-9.0209325385739,33.8278868103049,-5.56313188715551E-16));
#6888=CARTESIAN_POINT('Origin',(-4.4782906184474,33.770044628467,0.));
#6889=CARTESIAN_POINT('',(-8.94236821619286,33.7409130353575,-5.46691834122439E-16));
#6890=CARTESIAN_POINT('Origin',(-4.4782906184474,33.7409130353575,0.));
#6891=CARTESIAN_POINT('',(-8.96840179944905,33.770044628467,-5.49880028562942E-16));
#6892=CARTESIAN_POINT('Origin',(-4.4782906184474,33.7113679220178,0.));
#6893=CARTESIAN_POINT('',(-8.89124157139787,33.6818228086781,-5.40430625932506E-16));
#6894=CARTESIAN_POINT('Origin',(-4.4782906184474,33.6818228086781,0.));
#6895=CARTESIAN_POINT('',(-8.91680489379537,33.7113679220178,-5.43561230027473E-16));
#6896=CARTESIAN_POINT('Origin',(-4.4782906184474,33.651871765496,0.));
#6897=CARTESIAN_POINT('',(-8.84106858318479,33.6219207223138,-5.34286206990626E-16));
#6898=CARTESIAN_POINT('Origin',(-4.4782906184474,33.6219207223138,0.));
#6899=CARTESIAN_POINT('',(-8.86615507729133,33.651871765496,-5.37358416461566E-16));
#6900=CARTESIAN_POINT('Origin',(-4.4782906184474,33.5915714439639,0.));
#6901=CARTESIAN_POINT('',(-8.79186214141576,33.5612221656139,-5.28260155849638E-16));
#6902=CARTESIAN_POINT('Origin',(-4.4782906184474,33.5612221656139,0.));
#6903=CARTESIAN_POINT('',(-8.81646536230028,33.5915714439639,-5.31273181420132E-16));
#6904=CARTESIAN_POINT('Origin',(-4.4782906184474,33.5304824490807,0.));
#6905=CARTESIAN_POINT('',(-8.743634887639,33.4997427325475,-5.223540206527E-16));
#6906=CARTESIAN_POINT('Origin',(-4.4782906184474,33.4997427325475,0.));
#6907=CARTESIAN_POINT('',(-8.76774851452738,33.5304824490807,-5.25307088251169E-16));
#6908=CARTESIAN_POINT('Origin',(-4.4782906184474,33.4686204751224,0.));
#6909=CARTESIAN_POINT('',(-8.69639921184111,33.4374982176973,-5.16569318735556E-16));
#6910=CARTESIAN_POINT('Origin',(-4.4782906184474,33.4374982176973,0.));
#6911=CARTESIAN_POINT('',(-8.72001704974006,33.4686204751224,-5.19461669694128E-16));
#6912=CARTESIAN_POINT('Origin',(-4.4782906184474,33.4060014149497,0.));
#6913=CARTESIAN_POINT('',(-8.65016724926402,33.3745046122021,-5.10907536236722E-16));
#6914=CARTESIAN_POINT('Origin',(-4.4782906184474,33.3745046122021,0.));
#6915=CARTESIAN_POINT('',(-8.67328323055257,33.4060014149497,-5.13738427486139E-16));
#6916=CARTESIAN_POINT('Origin',(-4.4782906184474,33.3426413559251,0.));
#6917=CARTESIAN_POINT('',(-8.60495087728724,33.3107780996482,-5.05370127715681E-16));
#6918=CARTESIAN_POINT('Origin',(-4.4782906184474,33.3107780996482,0.));
#6919=CARTESIAN_POINT('',(-8.62755906327563,33.3426413559251,-5.08138831976201E-16));
#6920=CARTESIAN_POINT('Origin',(-4.4782906184474,33.2785565757801,0.));
#6921=CARTESIAN_POINT('',(-8.56076171237658,33.2463350519121,-4.99958515779197E-16));
#6922=CARTESIAN_POINT('Origin',(-4.4782906184474,33.2463350519121,0.));
#6923=CARTESIAN_POINT('',(-8.58285629483191,33.2785565757801,-5.02664321747439E-16));
#6924=CARTESIAN_POINT('Origin',(-4.4782906184474,33.2137635384331,0.));
#6925=CARTESIAN_POINT('',(-8.51761110709968,33.181192024954,-4.94674090715834E-16));
#6926=CARTESIAN_POINT('Origin',(-4.4782906184474,33.181192024954,0.));
#6927=CARTESIAN_POINT('',(-8.53918640973813,33.2137635384331,-4.97316303247515E-16));
#6928=CARTESIAN_POINT('Origin',(-4.4782906184474,33.1482788897595,0.));
#6929=CARTESIAN_POINT('',(-8.47551014720952,33.1153657545649,-4.89518210138782E-16));
#6930=CARTESIAN_POINT('Origin',(-4.4782906184474,33.1153657545649,0.));
#6931=CARTESIAN_POINT('',(-8.4965606271546,33.1482788897595,-4.92096150427308E-16));
#6932=CARTESIAN_POINT('Origin',(-4.4782906184474,33.0821194533156,0.));
#6933=CARTESIAN_POINT('',(-8.43446964879634,33.0488731520664,-4.84492198637072E-16));
#6934=CARTESIAN_POINT('Origin',(-4.4782906184474,33.0488731520664,0.));
#6935=CARTESIAN_POINT('',(-8.45498989800293,33.0821194533156,-4.87005204387927E-16));
#6936=CARTESIAN_POINT('Origin',(-4.4782906184474,33.0153022260166,0.));
#6937=CARTESIAN_POINT('',(-8.39450015550894,32.9817312999668,-4.79597347435275E-16));
#6938=CARTESIAN_POINT('Origin',(-4.4782906184474,32.9817312999668,0.));
#6939=CARTESIAN_POINT('',(-8.41448490215264,33.0153022260166,-4.82044773036173E-16));
#6940=CARTESIAN_POINT('Origin',(-4.4782906184474,32.9478443737693,0.));
#6941=CARTESIAN_POINT('',(-8.35561193584588,32.9139574475718,-4.74834914061785E-16));
#6942=CARTESIAN_POINT('Origin',(-4.4782906184474,32.9139574475718,0.));
#6943=CARTESIAN_POINT('',(-8.37505604567741,32.9478443737693,-4.7721613074853E-16));
#6944=CARTESIAN_POINT('Origin',(-4.4782906184474,32.8797632270626,0.));
#6945=CARTESIAN_POINT('',(-8.31781498051747,32.8455690065535,-4.7020612202574E-16));
#6946=CARTESIAN_POINT('Origin',(-4.4782906184474,32.8455690065535,0.));
#6947=CARTESIAN_POINT('',(-8.33671345818168,32.8797632270626,-4.72520518043763E-16));
#6948=CARTESIAN_POINT('Origin',(-4.4782906184474,32.8110762765151,0.));
#6949=CARTESIAN_POINT('',(-8.28111899987903,32.7765835464767,-4.65712160502696E-16));
#6950=CARTESIAN_POINT('Origin',(-4.4782906184474,32.7765835464767,0.));
#6951=CARTESIAN_POINT('',(-8.29946699019825,32.8110762765151,-4.67959141264218E-16));
#6952=CARTESIAN_POINT('Origin',(-4.4782906184474,32.7418011683812,0.));
#6953=CARTESIAN_POINT('',(-8.24553342143623,32.7070187902857,-4.61354184029118E-16));
#6954=CARTESIAN_POINT('Origin',(-4.4782906184474,32.7070187902857,0.));
#6955=CARTESIAN_POINT('',(-8.26332621065763,32.7418011683812,-4.63533172265907E-16));
#6956=CARTESIAN_POINT('Origin',(-4.4782906184474,32.6719557000182,0.));
#6957=CARTESIAN_POINT('',(-8.21106738742311,32.6368926097507,-4.57133312205771E-16));
#6958=CARTESIAN_POINT('Origin',(-4.4782906184474,32.6368926097507,0.));
#6959=CARTESIAN_POINT('',(-8.22830040442967,32.6719557000182,-4.59243748117444E-16));
#6960=CARTESIAN_POINT('Origin',(-4.4782906184474,32.6015578153136,0.));
#6961=CARTESIAN_POINT('',(-8.17772975245332,32.5662230208766,-4.53050629410081E-16));
#6962=CARTESIAN_POINT('Origin',(-4.4782906184474,32.5662230208766,0.));
#6963=CARTESIAN_POINT('',(-8.19439856993821,32.6015578153136,-4.55091970807926E-16));
#6964=CARTESIAN_POINT('Origin',(-4.4782906184474,32.5306256000754,0.));
#6965=CARTESIAN_POINT('',(-8.14552908124532,32.4950281792743,-4.49107184517553E-16));
#6966=CARTESIAN_POINT('Origin',(-4.4782906184474,32.4950281792743,0.));
#6967=CARTESIAN_POINT('',(-8.16162941684932,32.5306256000754,-4.51078906963817E-16));
#6968=CARTESIAN_POINT('Origin',(-4.4782906184474,32.4591772773855,0.));
#6969=CARTESIAN_POINT('',(-8.11447364642203,32.4233263754967,-4.45303990632307E-16));
#6970=CARTESIAN_POINT('Origin',(-4.4782906184474,32.4233263754967,0.));
#6971=CARTESIAN_POINT('',(-8.13000136383368,32.4591772773855,-4.4720558757493E-16));
#6972=CARTESIAN_POINT('Origin',(-4.4782906184474,32.3872312029181,0.));
#6973=CARTESIAN_POINT('',(-8.08457142638555,32.3511360303396,-4.41642024826799E-16));
#6974=CARTESIAN_POINT('Origin',(-4.4782906184474,32.3511360303396,0.));
#6975=CARTESIAN_POINT('',(-8.09952253640379,32.3872312029181,-4.43473007729553E-16));
#6976=CARTESIAN_POINT('Origin',(-4.4782906184474,32.3148058602242,0.));
#6977=CARTESIAN_POINT('',(-8.05583010326736,32.2784756901089,-4.38122227890804E-16));
#6978=CARTESIAN_POINT('Origin',(-4.4782906184474,32.2784756901089,0.));
#6979=CARTESIAN_POINT('',(-8.07020076482645,32.3148058602242,-4.39882126358801E-16));
#6980=CARTESIAN_POINT('Origin',(-4.4782906184474,32.2419198559827,0.));
#6981=CARTESIAN_POINT('',(-8.02825706095482,32.2053640218565,-4.34745504089723E-16));
#6982=CARTESIAN_POINT('Origin',(-4.4782906184474,32.2053640218565,0.));
#6983=CARTESIAN_POINT('',(-8.04204358211109,32.2419198559827,-4.36433865990264E-16));
#6984=CARTESIAN_POINT('Origin',(-4.4782906184474,32.1685919152203,0.));
#6985=CARTESIAN_POINT('',(-8.00185938319411,32.1318198085841,-4.31512720932266E-16));
#6986=CARTESIAN_POINT('Origin',(-4.4782906184474,32.1318198085841,0.));
#6987=CARTESIAN_POINT('',(-8.01505822207447,32.1685919152203,-4.33129112510995E-16));
#6988=CARTESIAN_POINT('Origin',(-4.4782906184474,32.0948408765009,0.));
#6989=CARTESIAN_POINT('',(-7.97664385177039,32.0578619444178,-4.2842470894758E-16));
#6990=CARTESIAN_POINT('Origin',(-4.4782906184474,32.0578619444178,0.));
#6991=CARTESIAN_POINT('',(-7.98925161748225,32.0948408765009,-4.29968714939923E-16));
#6992=CARTESIAN_POINT('Origin',(-4.4782906184474,32.020685687086,0.));
#6993=CARTESIAN_POINT('',(-7.9526169447655,31.9835094297542,-4.25482261471885E-16));
#6994=CARTESIAN_POINT('Origin',(-4.4782906184474,31.9835094297542,0.));
#6995=CARTESIAN_POINT('',(-7.96463039826795,32.020685687086,-4.26953485209733E-16));
#6996=CARTESIAN_POINT('Origin',(-4.4782906184474,31.9461453980665,0.));
#6997=CARTESIAN_POINT('',(-7.92978483489368,31.9087813663789,-4.22686134444655E-16));
#6998=CARTESIAN_POINT('Origin',(-4.4782906184474,31.9087813663789,0.));
#6999=CARTESIAN_POINT('',(-7.94120088982959,31.9461453980665,-4.2408419795827E-16));
#7000=CARTESIAN_POINT('Origin',(-4.4782906184474,31.871239159469,0.));
#7001=CARTESIAN_POINT('',(-7.90815338791575,31.8336969525591,-4.20037046214409E-16));
#7002=CARTESIAN_POINT('Origin',(-4.4782906184474,31.8336969525591,0.));
#7003=CARTESIAN_POINT('',(-7.91896911140471,31.871239159469,-4.21361590329532E-16));
#7004=CARTESIAN_POINT('Origin',(-4.4782906184474,31.7959862153353,0.));
#7005=CARTESIAN_POINT('',(-7.88772816113213,31.7582754781115,-4.17535677354168E-16));
#7006=CARTESIAN_POINT('Origin',(-4.4782906184474,31.7582754781115,0.));
#7007=CARTESIAN_POINT('',(-7.89794077452394,31.7959862153353,-4.18786361784289E-16));
#7008=CARTESIAN_POINT('Origin',(-4.4782906184474,31.7204058987789,0.));
#7009=CARTESIAN_POINT('',(-7.86851440195518,31.6825363194463,-4.15182670486604E-16));
#7010=CARTESIAN_POINT('Origin',(-4.4782906184474,31.6825363194463,0.));
#7011=CARTESIAN_POINT('',(-7.87812128154366,31.7204058987789,-4.16359173920386E-16));
#7012=CARTESIAN_POINT('Origin',(-4.4782906184474,31.644517627018,0.));
#7013=CARTESIAN_POINT('',(-7.85051704656101,31.6064989345896,-4.12978630118945E-16));
#7014=CARTESIAN_POINT('Origin',(-4.4782906184474,31.6064989345896,0.));
#7015=CARTESIAN_POINT('',(-7.8595157242581,31.644517627018,-4.14080650302774E-16));
#7016=CARTESIAN_POINT('Origin',(-4.4782906184474,31.5683408963871,0.));
#7017=CARTESIAN_POINT('',(-7.83374071862141,31.5301828581845,-4.10924122487678E-16));
#7018=CARTESIAN_POINT('Origin',(-4.4782906184474,31.5301828581845,0.));
#7019=CARTESIAN_POINT('',(-7.84212888259121,31.5683408963871,-4.11951376303312E-16));
#7020=CARTESIAN_POINT('Origin',(-4.4782906184474,31.4918952773281,0.));
#7021=CARTESIAN_POINT('',(-7.81818972811596,31.4536076964718,-4.0901967541307E-16));
#7022=CARTESIAN_POINT('Origin',(-4.4782906184474,31.4536076964718,0.));
#7023=CARTESIAN_POINT('',(-7.82596522336869,31.4918952773281,-4.09971898950374E-16));
#7024=CARTESIAN_POINT('Origin',(-4.4782906184474,31.4152004093629,0.));
#7025=CARTESIAN_POINT('',(-7.80386807022474,31.376793122254,-4.07265778163573E-16));
#7026=CARTESIAN_POINT('Origin',(-4.4782906184474,31.376793122254,0.));
#7027=CARTESIAN_POINT('',(-7.81102889917035,31.4152004093629,-4.08142726788321E-16));
#7028=CARTESIAN_POINT('Origin',(-4.4782906184474,31.3382759960472,0.));
#7029=CARTESIAN_POINT('',(-7.79077942430196,31.2997588698403,-4.05662881330123E-16));
#7030=CARTESIAN_POINT('Origin',(-4.4782906184474,31.2997588698403,0.));
#7031=CARTESIAN_POINT('',(-7.79732374726335,31.3382759960472,-4.06464329746848E-16));
#7032=CARTESIAN_POINT('Origin',(-4.4782906184474,31.2611417999089,0.));
#7033=CARTESIAN_POINT('',(-7.77892715293071,31.2225247299774,-4.04211396710381E-16));
#7034=CARTESIAN_POINT('Origin',(-4.4782906184474,31.2225247299774,0.));
#7035=CARTESIAN_POINT('',(-7.78485328861634,31.2611417999089,-4.04937139020252E-16));
#7036=CARTESIAN_POINT('Origin',(-4.4782906184474,31.183817637371,0.));
#7037=CARTESIAN_POINT('',(-7.76831430105908,31.1451105447646,-4.02911697202938E-16));
#7038=CARTESIAN_POINT('Origin',(-4.4782906184474,31.1451105447646,0.));
#7039=CARTESIAN_POINT('',(-7.7736207269949,31.183817637371,-4.0356154695666E-16));
#7040=CARTESIAN_POINT('Origin',(-4.4782906184474,31.1063233736604,0.));
#7041=CARTESIAN_POINT('',(-7.75894359521784,31.0675362025562,-4.01764116711517E-16));
#7042=CARTESIAN_POINT('Origin',(-4.4782906184474,31.0675362025562,0.));
#7043=CARTESIAN_POINT('',(-7.76362894813846,31.1063233736604,-4.02337906957228E-16));
#7044=CARTESIAN_POINT('Origin',(-4.4782906184474,31.0286789177044,0.));
#7045=CARTESIAN_POINT('',(-7.75081744282006,30.9898216328526,-4.00768950059183E-16));
#7046=CARTESIAN_POINT('Origin',(-4.4782906184474,30.9898216328526,0.));
#7047=CARTESIAN_POINT('',(-7.75488051901895,31.0286789177044,-4.0126653338535E-16));
#7048=CARTESIAN_POINT('Origin',(-4.4782906184474,30.9509042170159,0.));
#7049=CARTESIAN_POINT('',(-7.74393793154254,30.9119868011793,-3.99926452912612E-16));
#7050=CARTESIAN_POINT('Origin',(-4.4782906184474,30.9119868011793,0.));
#7051=CARTESIAN_POINT('',(-7.7473776871813,30.9509042170159,-4.00347701485898E-16));
#7052=CARTESIAN_POINT('Origin',(-4.4782906184474,30.873019252569,0.));
#7053=CARTESIAN_POINT('',(-7.73830682878951,30.8340517039586,-3.99236841716396E-16));
#7054=CARTESIAN_POINT('Origin',(-4.4782906184474,30.8340517039586,0.));
#7055=CARTESIAN_POINT('',(-7.74112238016602,30.873019252569,-3.99581647314504E-16));
#7056=CARTESIAN_POINT('Origin',(-4.4782906184474,30.7950440336651,0.));
#7057=CARTESIAN_POINT('',(-7.73392558123858,30.7560363633715,-3.98700293637444E-16));
#7058=CARTESIAN_POINT('Origin',(-4.4782906184474,30.7560363633715,0.));
#7059=CARTESIAN_POINT('',(-7.73611620501405,30.7950440336651,-3.9896856767692E-16));
#7060=CARTESIAN_POINT('Origin',(-4.4782906184474,30.716998592793,0.));
#7061=CARTESIAN_POINT('',(-7.73079531446905,30.6779608222144,-3.98316946519465E-16));
#7062=CARTESIAN_POINT('Origin',(-4.4782906184474,30.6779608222144,0.));
#7063=CARTESIAN_POINT('',(-7.73236044785382,30.716998592793,-3.98508620078455E-16));
#7064=CARTESIAN_POINT('Origin',(-4.4782906184474,30.6389029804821,0.));
#7065=CARTESIAN_POINT('',(-7.72985607357089,30.6389029804821,-3.9820192268351E-16));
#7066=CARTESIAN_POINT('Origin',(6.27170938155261,1.,-20.3));
#7067=CARTESIAN_POINT('',(14.8217093815526,0.,-19.3));
#7068=CARTESIAN_POINT('',(-23.7782906184474,0.,-19.3));
#7069=CARTESIAN_POINT('',(6.27170938155261,0.,-19.3));
#7070=CARTESIAN_POINT('',(-25.7782906184474,2.,-21.3));
#7071=CARTESIAN_POINT('',(-23.7782906184474,0.,-19.3));
#7072=CARTESIAN_POINT('',(16.8217093815526,2.,-21.3));
#7073=CARTESIAN_POINT('',(6.27170938155261,2.,-21.3));
#7074=CARTESIAN_POINT('',(16.8217093815526,2.,-21.3));
#7075=CARTESIAN_POINT('Origin',(-24.7782906184474,1.,-10.75));
#7076=CARTESIAN_POINT('',(-25.7782906184474,2.,21.3));
#7077=CARTESIAN_POINT('',(-25.7782906184474,2.,-10.75));
#7078=CARTESIAN_POINT('',(-23.7782906184474,0.,19.3));
#7079=CARTESIAN_POINT('',(-23.7782906184474,0.,-10.75));
#7080=CARTESIAN_POINT('',(-23.7782906184474,0.,19.3));
#7081=CARTESIAN_POINT('Origin',(-15.2282906184474,1.,20.3));
#7082=CARTESIAN_POINT('',(16.8217093815526,2.,21.3));
#7083=CARTESIAN_POINT('',(-15.2282906184474,2.,21.3));
#7084=CARTESIAN_POINT('',(14.8217093815526,0.,19.3));
#7085=CARTESIAN_POINT('',(-15.2282906184474,0.,19.3));
#7086=CARTESIAN_POINT('',(16.8217093815526,2.,21.3));
#7087=CARTESIAN_POINT('Origin',(15.8217093815526,1.,10.75));
#7088=CARTESIAN_POINT('',(14.8217093815526,0.,10.75));
#7089=CARTESIAN_POINT('',(16.8217093815526,2.,10.75));
#7090=CARTESIAN_POINT('Origin',(16.8217093815526,0.,21.5));
#7091=CARTESIAN_POINT('',(16.8217093815526,14.293,-21.3));
#7092=CARTESIAN_POINT('',(16.8217093815526,0.,-21.3));
#7093=CARTESIAN_POINT('',(16.8217093815526,14.293,21.3));
#7094=CARTESIAN_POINT('',(16.8217093815526,14.293,10.75));
#7095=CARTESIAN_POINT('',(16.8217093815526,0.,21.3));
#7096=CARTESIAN_POINT('Origin',(17.0217093815526,0.,-21.3));
#7097=CARTESIAN_POINT('',(-25.7782906184474,14.293,-21.3));
#7098=CARTESIAN_POINT('',(-25.7782906184474,0.,-21.3));
#7099=CARTESIAN_POINT('',(6.27170938155261,14.293,-21.3));
#7100=CARTESIAN_POINT('',(4.90000011920929,7.00000010430813,-21.3));
#7101=CARTESIAN_POINT('Origin',(8.00000011920929,7.00000010430813,-21.3));
#7102=CARTESIAN_POINT('',(-20.0565813561041,7.00000010430813,-21.3));
#7103=CARTESIAN_POINT('Origin',(-16.9565813561041,7.00000010430813,-21.3));
#7104=CARTESIAN_POINT('Origin',(-4.47829061844739,0.,0.));
#7105=CARTESIAN_POINT('Origin',(-25.9782906184474,0.,21.3));
#7106=CARTESIAN_POINT('',(-25.7782906184474,14.293,21.3));
#7107=CARTESIAN_POINT('',(-15.2282906184474,14.293,21.3));
#7108=CARTESIAN_POINT('',(-25.7782906184474,0.,21.3));
#7109=CARTESIAN_POINT('',(-20.0565813561041,7.00000010430813,21.3));
#7110=CARTESIAN_POINT('Origin',(-16.9565813561041,7.00000010430813,21.3));
#7111=CARTESIAN_POINT('',(4.90000011920929,7.00000010430813,21.3));
#7112=CARTESIAN_POINT('Origin',(8.00000011920929,7.00000010430813,21.3));
#7113=CARTESIAN_POINT('Origin',(-25.7782906184474,0.,-21.5));
#7114=CARTESIAN_POINT('',(-25.7782906184474,14.293,-10.75));
#7115=CARTESIAN_POINT('Origin',(8.00000011920929,7.00000010430813,35.));
#7116=CARTESIAN_POINT('',(4.90000011920929,7.00000010430813,35.));
#7117=CARTESIAN_POINT('Origin',(-16.9565813561041,7.00000010430813,35.));
#7118=CARTESIAN_POINT('',(-20.0565813561041,7.00000010430813,35.));
#7119=CARTESIAN_POINT('Origin',(-4.4782906184474,14.293,0.));
#7120=CARTESIAN_POINT('',(-12.3617969734765,14.293,9.65451082374423E-16));
#7121=CARTESIAN_POINT('Origin',(-4.4782906184474,14.293,0.));
#7122=CARTESIAN_POINT('Origin',(-2.57318651120129,45.7219608537412,0.));
#7123=CARTESIAN_POINT('',(-6.38339472569351,45.7219608537412,-2.33307964698142E-16));
#7124=CARTESIAN_POINT('Origin',(-4.4782906184474,45.7219608537412,0.));
#7125=CARTESIAN_POINT('Origin',(-4.4782906184474,44.9846718734557,0.));
#7126=CARTESIAN_POINT('',(-7.4282906184474,44.2473828931703,-3.6127080574847E-16));
#7127=CARTESIAN_POINT('Origin',(-4.4782906184474,44.2473828931703,0.));
#7128=CARTESIAN_POINT('',(-6.90584267207045,44.9846718734557,-2.97289385223306E-16));
#7129=CARTESIAN_POINT('Origin',(-4.4782906184474,37.3845461373615,0.));
#7130=CARTESIAN_POINT('',(-7.4282906184474,30.5217093815526,-3.6127080574847E-16));
#7131=CARTESIAN_POINT('Origin',(-4.4782906184474,30.5217093815526,0.));
#7132=CARTESIAN_POINT('',(-7.4282906184474,37.3845461373615,-3.6127080574847E-16));
#7133=CARTESIAN_POINT('Origin',(-1.22829061844739,30.5217093815526,0.));
#7134=CARTESIAN_POINT('',(-7.7282906184474,30.5217093815526,-3.98010209722891E-16));
#7135=CARTESIAN_POINT('Origin',(-4.4782906184474,30.5217093815526,0.));
#7136=CARTESIAN_POINT('Origin',(-4.4782906184474,30.4896376299528,0.));
#7137=CARTESIAN_POINT('',(-7.72856679412707,30.457565878353,-3.98044031489102E-16));
#7138=CARTESIAN_POINT('Origin',(-4.4782906184474,30.457565878353,0.));
#7139=CARTESIAN_POINT('',(-7.72842870628724,30.4896376299528,-3.98027120605996E-16));
#7140=CARTESIAN_POINT('Origin',(-4.4782906184474,30.4254965049081,0.));
#7141=CARTESIAN_POINT('',(-7.72939530068736,30.3934271314631,-3.98145494279814E-16));
#7142=CARTESIAN_POINT('Origin',(-4.4782906184474,30.3934271314631,0.));
#7143=CARTESIAN_POINT('',(-7.72898104740722,30.4254965049081,-3.98094762884458E-16));
#7144=CARTESIAN_POINT('Origin',(-4.4782906184474,30.3613625141516,0.));
#7145=CARTESIAN_POINT('',(-7.73077607669361,30.32929789684,-3.98314590571454E-16));
#7146=CARTESIAN_POINT('Origin',(-4.4782906184474,30.32929789684,0.));
#7147=CARTESIAN_POINT('',(-7.73008568869048,30.3613625141516,-3.98230042425634E-16));
#7148=CARTESIAN_POINT('Origin',(-4.4782906184474,30.2972404132877,0.));
#7149=CARTESIAN_POINT('',(-7.7327090197598,30.2651829297354,-3.98551307825348E-16));
#7150=CARTESIAN_POINT('Origin',(-4.4782906184474,30.2651829297354,0.));
#7151=CARTESIAN_POINT('',(-7.7317425482267,30.2972404132877,-3.98432949198401E-16));
#7152=CARTESIAN_POINT('Origin',(-4.4782906184474,30.2331349570392,0.));
#7153=CARTESIAN_POINT('',(-7.73519398655612,30.201086984343,-3.98855628488658E-16));
#7154=CARTESIAN_POINT('Origin',(-4.4782906184474,30.201086984343,0.));
#7155=CARTESIAN_POINT('',(-7.73395150315796,30.2331349570392,-3.98703468157003E-16));
#7156=CARTESIAN_POINT('Origin',(-4.4782906184474,30.1690508988946,0.));
#7157=CARTESIAN_POINT('',(-7.73823079281961,30.1370148134461,-3.9922752999568E-16));
#7158=CARTESIAN_POINT('Origin',(-4.4782906184474,30.1370148134461,0.));
#7159=CARTESIAN_POINT('',(-7.73671238968786,30.1690508988946,-3.99041579242169E-16));
#7160=CARTESIAN_POINT('Origin',(-4.4782906184474,30.1049929907556,0.));
#7161=CARTESIAN_POINT('',(-7.74181921336783,30.0729711680651,-3.99666984769517E-16));
#7162=CARTESIAN_POINT('Origin',(-4.4782906184474,30.0729711680651,0.));
#7163=CARTESIAN_POINT('',(-7.74002500309372,30.1049929907556,-3.99447257382598E-16));
#7164=CARTESIAN_POINT('Origin',(-4.4782906184474,30.0409659825851,0.));
#7165=CARTESIAN_POINT('',(-7.74595898211552,30.0089607971051,-4.00173960224124E-16));
#7166=CARTESIAN_POINT('Origin',(-4.4782906184474,30.0089607971051,0.));
#7167=CARTESIAN_POINT('',(-7.74388909774167,30.0409659825851,-3.9992047249682E-16));
#7168=CARTESIAN_POINT('Origin',(-4.4782906184474,29.9769746220545,0.));
#7169=CARTESIAN_POINT('',(-7.75064979209439,29.9449884470039,-4.00748418766727E-16));
#7170=CARTESIAN_POINT('Origin',(-4.4782906184474,29.9449884470039,0.));
#7171=CARTESIAN_POINT('',(-7.74830438710496,29.9769746220545,-4.00461189495426E-16));
#7172=CARTESIAN_POINT('Origin',(-4.4782906184474,29.913023654192,0.));
#7173=CARTESIAN_POINT('',(-7.75589129547584,29.8810588613802,-4.01390317800608E-16));
#7174=CARTESIAN_POINT('Origin',(-4.4782906184474,29.8810588613802,0.));
#7175=CARTESIAN_POINT('',(-7.75327054378512,29.913023654192,-4.01069368283668E-16));
#7176=CARTESIAN_POINT('Origin',(-4.4782906184474,29.8491178210307,0.));
#7177=CARTESIAN_POINT('',(-7.76168310359675,29.8171767806813,-4.02099609728263E-16));
#7178=CARTESIAN_POINT('Origin',(-4.4782906184474,29.8171767806813,0.));
#7179=CARTESIAN_POINT('',(-7.75878719953629,29.8491178210307,-4.01744963764435E-16));
#7180=CARTESIAN_POINT('Origin',(-4.4782906184474,29.7852618612568,0.));
#7181=CARTESIAN_POINT('',(-7.76802478698832,29.7533469418324,-4.02876241954931E-16));
#7182=CARTESIAN_POINT('Origin',(-4.4782906184474,29.7533469418324,0.));
#7183=CARTESIAN_POINT('',(-7.76485394529253,29.7852618612568,-4.02487925841597E-16));
#7184=CARTESIAN_POINT('Origin',(-4.4782906184474,29.7214605098584,0.));
#7185=CARTESIAN_POINT('',(-7.7749158754079,29.6895740778845,-4.037201568925E-16));
#7186=CARTESIAN_POINT('Origin',(-4.4782906184474,29.6895740778845,0.));
#7187=CARTESIAN_POINT('',(-7.77147033119811,29.7214605098584,-4.03298199423716E-16));
#7188=CARTESIAN_POINT('Origin',(-4.4782906184474,29.6577184977743,0.));
#7189=CARTESIAN_POINT('',(-7.78235585787389,29.6258629176641,-4.04631291963769E-16));
#7190=CARTESIAN_POINT('Origin',(-4.4782906184474,29.6258629176641,0.));
#7191=CARTESIAN_POINT('',(-7.7786358666409,29.6577184977743,-4.04175724428135E-16));
#7192=CARTESIAN_POINT('Origin',(-4.4782906184474,29.5940405515431,0.));
#7193=CARTESIAN_POINT('',(-7.79034418270359,29.5622181854222,-4.05609579607093E-16));
#7194=CARTESIAN_POINT('Origin',(-4.4782906184474,29.5622181854222,0.));
#7195=CARTESIAN_POINT('',(-7.78635002028874,29.5940405515431,-4.05120435785431E-16));
#7196=CARTESIAN_POINT('Origin',(-4.4782906184474,29.5304313929532,0.));
#7197=CARTESIAN_POINT('',(-7.79888025755411,29.4986446004842,-4.06654947281391E-16));
#7198=CARTESIAN_POINT('Origin',(-4.4782906184474,29.4986446004842,0.));
#7199=CARTESIAN_POINT('',(-7.79461222012885,29.5304313929532,-4.06132263444242E-16));
#7200=CARTESIAN_POINT('Origin',(-4.4782906184474,29.466895738692,0.));
#7201=CARTESIAN_POINT('',(-7.80796344946634,29.4351468768997,-4.07767317471526E-16));
#7202=CARTESIAN_POINT('Origin',(-4.4782906184474,29.4351468768997,0.));
#7203=CARTESIAN_POINT('',(-7.80342185351023,29.466895738692,-4.07211132376458E-16));
#7204=CARTESIAN_POINT('Origin',(-4.4782906184474,29.4034382999965,0.));
#7205=CARTESIAN_POINT('',(-7.81759308491182,29.3717297230933,-4.08946607694052E-16));
#7206=CARTESIAN_POINT('Origin',(-4.4782906184474,29.3717297230933,0.));
#7207=CARTESIAN_POINT('',(-7.81277826718908,29.4034382999965,-4.08356962582789E-16));
#7208=CARTESIAN_POINT('Origin',(-4.4782906184474,29.3400637823041,0.));
#7209=CARTESIAN_POINT('',(-7.82776844984273,29.308397841515,-4.10192730503331E-16));
#7210=CARTESIAN_POINT('Origin',(-4.4782906184474,29.308397841515,0.));
#7211=CARTESIAN_POINT('',(-7.82268076737727,29.3400637823041,-4.09569669098691E-16));
#7212=CARTESIAN_POINT('Origin',(-4.4782906184474,29.2767768849035,0.));
#7213=CARTESIAN_POINT('',(-7.83848878974482,29.245155928292,-4.11505593498018E-16));
#7214=CARTESIAN_POINT('Origin',(-4.4782906184474,29.245155928292,0.));
#7215=CARTESIAN_POINT('',(-7.83312861979378,29.2767768849035,-4.10849162000675E-16));
#7216=CARTESIAN_POINT('Origin',(-4.4782906184474,29.213582300586,0.));
#7217=CARTESIAN_POINT('',(-7.84975330969336,29.1820086728801,-4.12885099327909E-16));
#7218=CARTESIAN_POINT('Origin',(-4.4782906184474,29.1820086728801,0.));
#7219=CARTESIAN_POINT('',(-7.84412104971909,29.213582300586,-4.12195346412964E-16));
#7220=CARTESIAN_POINT('Origin',(-4.4782906184474,29.1504847152982,0.));
#7221=CARTESIAN_POINT('',(-7.86156117441209,29.1189607577163,-4.14331145701165E-16));
#7222=CARTESIAN_POINT('Origin',(-4.4782906184474,29.1189607577163,0.));
#7223=CARTESIAN_POINT('',(-7.85565724205273,29.1504847152982,-4.13608122514537E-16));
#7224=CARTESIAN_POINT('Origin',(-4.4782906184474,29.0874888077937,0.));
#7225=CARTESIAN_POINT('',(-7.87391150833514,29.0560168578711,-4.15843625391891E-16));
#7226=CARTESIAN_POINT('Origin',(-4.4782906184474,29.0560168578711,0.));
#7227=CARTESIAN_POINT('',(-7.86773634137361,29.0874888077937,-4.15087385546528E-16));
#7228=CARTESIAN_POINT('Origin',(-4.4782906184474,29.0245992492869,0.));
#7229=CARTESIAN_POINT('',(-7.88680339567196,28.9931816407026,-4.17422426248092E-16));
#7230=CARTESIAN_POINT('Origin',(-4.4782906184474,28.9931816407026,0.));
#7231=CARTESIAN_POINT('',(-7.88035745200355,29.0245992492869,-4.16633025819991E-16));
#7232=CARTESIAN_POINT('Origin',(-4.4782906184474,28.9618207031061,0.));
#7233=CARTESIAN_POINT('',(-7.90023588047526,28.9304597655095,-4.19067431199987E-16));
#7234=CARTESIAN_POINT('Origin',(-4.4782906184474,28.9304597655095,0.));
#7235=CARTESIAN_POINT('',(-7.89351963807361,28.9618207031061,-4.1824492872404E-16));
#7236=CARTESIAN_POINT('Origin',(-4.4782906184474,28.899157824348,0.));
#7237=CARTESIAN_POINT('',(-7.91420796671184,28.8678558831865,-4.20778518268691E-16));
#7238=CARTESIAN_POINT('Origin',(-4.4782906184474,28.8678558831865,0.));
#7239=CARTESIAN_POINT('',(-7.90722192359355,28.899157824348,-4.19922974734339E-16));
#7240=CARTESIAN_POINT('Origin',(-4.4782906184474,28.8366152595325,0.));
#7241=CARTESIAN_POINT('',(-7.92871861833648,28.8053746358786,-4.22555560575257E-16));
#7242=CARTESIAN_POINT('Origin',(-4.4782906184474,28.8053746358786,0.));
#7243=CARTESIAN_POINT('',(-7.92146329252416,28.8366152595325,-4.21667039421974E-16));
#7244=CARTESIAN_POINT('Origin',(-4.4782906184474,28.774197646258,0.));
#7245=CARTESIAN_POINT('',(-7.94376675936877,28.7430206566375,-4.24398426350088E-16));
#7246=CARTESIAN_POINT('Origin',(-4.4782906184474,28.7430206566375,0.));
#7247=CARTESIAN_POINT('',(-7.93624268885263,28.774197646258,-4.23476993462673E-16));
#7248=CARTESIAN_POINT('Origin',(-4.4782906184474,28.7119096128577,0.));
#7249=CARTESIAN_POINT('',(-7.95935127397286,28.6807985690779,-4.26306978942705E-16));
#7250=CARTESIAN_POINT('Origin',(-4.4782906184474,28.6807985690779,0.));
#7251=CARTESIAN_POINT('',(-7.95155901667082,28.7119096128577,-4.25352702646396E-16));
#7252=CARTESIAN_POINT('Origin',(-4.4782906184474,28.6497557780561,0.));
#7253=CARTESIAN_POINT('',(-7.97547100654024,28.6187129870344,-4.2828107683188E-16));
#7254=CARTESIAN_POINT('Origin',(-4.4782906184474,28.6187129870344,0.));
#7255=CARTESIAN_POINT('',(-7.96741114025655,28.6497557780561,-4.27294027887293E-16));
#7256=CARTESIAN_POINT('Origin',(-4.4782906184474,28.587740750627,0.));
#7257=CARTESIAN_POINT('',(-7.99212476177541,28.5567685142197,-4.30320573636134E-16));
#7258=CARTESIAN_POINT('Origin',(-4.4782906184474,28.5567685142197,0.));
#7259=CARTESIAN_POINT('',(-7.98379788415783,28.587740750627,-4.29300825234007E-16));
#7260=CARTESIAN_POINT('Origin',(-4.4782906184474,28.5258691290514,0.));
#7261=CARTESIAN_POINT('',(-8.00931130478452,28.494969743883,-4.32425318124585E-16));
#7262=CARTESIAN_POINT('Origin',(-4.4782906184474,28.494969743883,0.));
#7263=CARTESIAN_POINT('',(-8.00071803327997,28.5258691290514,-4.31372945880359E-16));
#7264=CARTESIAN_POINT('Origin',(-4.4782906184474,28.4641455011764,0.));
#7265=CARTESIAN_POINT('',(-8.02702936116691,28.4333212584697,-4.34595154228165E-16));
#7266=CARTESIAN_POINT('Origin',(-4.4782906184474,28.4333212584697,0.));
#7267=CARTESIAN_POINT('',(-8.01817033297571,28.4641455011764,-4.33510236176375E-16));
#7268=CARTESIAN_POINT('Origin',(-4.4782906184474,28.4025744438755,0.));
#7269=CARTESIAN_POINT('',(-8.04527761710965,28.3718276292813,-4.36829921051196E-16));
#7270=CARTESIAN_POINT('Origin',(-4.4782906184474,28.3718276292813,0.));
#7271=CARTESIAN_POINT('',(-8.03615348913828,28.4025744438755,-4.35712537639681E-16));
#7272=CARTESIAN_POINT('Origin',(-4.4782906184474,28.3411605227088,0.));
#7273=CARTESIAN_POINT('',(-8.06405471948496,28.3104934161363,-4.39129452883314E-16));
#7274=CARTESIAN_POINT('Origin',(-4.4782906184474,28.3104934161363,0.));
#7275=CARTESIAN_POINT('',(-8.05466616829731,28.3411605227088,-4.37979686967255E-16));
#7276=CARTESIAN_POINT('Origin',(-4.4782906184474,28.2799082915845,0.));
#7277=CARTESIAN_POINT('',(-8.08335927595049,28.2493231670327,-4.41493579211761E-16));
#7278=CARTESIAN_POINT('Origin',(-4.4782906184474,28.2493231670327,0.));
#7279=CARTESIAN_POINT('',(-8.07370699771772,28.2799082915845,-4.40311516047537E-16));
#7280=CARTESIAN_POINT('Origin',(-4.4782906184474,28.2188222924215,0.));
#7281=CARTESIAN_POINT('',(-8.10318985505263,28.1883214178103,-4.43922124734028E-16));
#7282=CARTESIAN_POINT('Origin',(-4.4782906184474,28.1883214178103,0.));
#7283=CARTESIAN_POINT('',(-8.09327456550156,28.2188222924215,-4.42707851972895E-16));
#7284=CARTESIAN_POINT('Origin',(-4.4782906184474,28.1579070548123,0.));
#7285=CARTESIAN_POINT('',(-8.12354498633261,28.1274926918143,-4.46414909370854E-16));
#7286=CARTESIAN_POINT('Origin',(-4.4782906184474,28.1274926918143,0.));
#7287=CARTESIAN_POINT('',(-8.11336742069262,28.1579070548123,-4.45168517052441E-16));
#7288=CARTESIAN_POINT('Origin',(-4.4782906184474,28.0971670956872,0.));
#7289=CARTESIAN_POINT('',(-8.14442316043557,28.0668414995601,-4.48971748279577E-16));
#7290=CARTESIAN_POINT('Origin',(-4.4782906184474,28.0668414995601,0.));
#7291=CARTESIAN_POINT('',(-8.13398407338409,28.0971670956872,-4.47693328825216E-16));
#7292=CARTESIAN_POINT('Origin',(-4.4782906184474,28.0366069189795,0.));
#7293=CARTESIAN_POINT('',(-8.16582282922245,28.006372338399,-4.51592451867843E-16));
#7294=CARTESIAN_POINT('Origin',(-4.4782906184474,28.006372338399,0.));
#7295=CARTESIAN_POINT('',(-8.15512299482901,28.0366069189795,-4.5028210007371E-16));
#7296=CARTESIAN_POINT('Origin',(-4.4782906184474,27.9762310152915,0.));
#7297=CARTESIAN_POINT('',(-8.18774240588479,27.9460896921841,-4.54276825807663E-16));
#7298=CARTESIAN_POINT('Origin',(-4.4782906184474,27.9460896921841,0.));
#7299=CARTESIAN_POINT('',(-8.17678261755362,27.9762310152915,-4.52934638837753E-16));
#7300=CARTESIAN_POINT('Origin',(-4.4782906184474,27.9160438615613,0.));
#7301=CARTESIAN_POINT('',(-8.21018026506242,27.8859980309386,-4.57024671049823E-16));
#7302=CARTESIAN_POINT('Origin',(-4.4782906184474,27.8859980309386,0.));
#7303=CARTESIAN_POINT('',(-8.1989613354736,27.9160438615613,-4.55650748428743E-16));
#7304=CARTESIAN_POINT('Origin',(-4.4782906184474,27.8560499207311,0.));
#7305=CARTESIAN_POINT('',(-8.23313474296395,27.8261018105237,-4.59835783838645E-16));
#7306=CARTESIAN_POINT('Origin',(-4.4782906184474,27.8261018105237,0.));
#7307=CARTESIAN_POINT('',(-8.22165750401318,27.8560499207311,-4.58430227444234E-16));
#7308=CARTESIAN_POINT('Origin',(-4.4782906184474,27.7962536414161,0.));
#7309=CARTESIAN_POINT('',(-8.25660413749017,27.7664054723085,-4.6270995572709E-16));
#7310=CARTESIAN_POINT('Origin',(-4.4782906184474,27.7664054723085,0.));
#7311=CARTESIAN_POINT('',(-8.24486944022706,27.7962536414161,-4.61272869782867E-16));
#7312=CARTESIAN_POINT('Origin',(-4.4782906184474,27.7366594575747,0.));
#7313=CARTESIAN_POINT('',(-8.28058670836024,27.7069134428408,-4.65646973592226E-16));
#7314=CARTESIAN_POINT('Origin',(-4.4782906184474,27.7069134428408,0.));
#7315=CARTESIAN_POINT('',(-8.2685954229252,27.7366594575747,-4.64178464659658E-16));
#7316=CARTESIAN_POINT('Origin',(-4.4782906184474,27.6772717881797,0.));
#7317=CARTESIAN_POINT('',(-8.30508067724074,27.6476301335185,-4.68646619651018E-16));
#7318=CARTESIAN_POINT('Origin',(-4.4782906184474,27.6476301335185,0.));
#7319=CARTESIAN_POINT('',(-8.29283369280049,27.6772717881797,-4.67146796621622E-16));
#7320=CARTESIAN_POINT('Origin',(-4.4782906184474,27.6180950368906,0.));
#7321=CARTESIAN_POINT('',(-8.33008422787754,27.5885599402627,-4.71708671476485E-16));
#7322=CARTESIAN_POINT('Origin',(-4.4782906184474,27.5885599402627,0.));
#7323=CARTESIAN_POINT('',(-8.31758245255914,27.6180950368906,-4.70177645563751E-16));
#7324=CARTESIAN_POINT('Origin',(-4.4782906184474,27.5591335917272,0.));
#7325=CARTESIAN_POINT('',(-8.35559550623048,27.5297072431918,-4.74832902014194E-16));
#7326=CARTESIAN_POINT('Origin',(-4.4782906184474,27.5297072431918,0.));
#7327=CARTESIAN_POINT('',(-8.34283986705401,27.5591335917272,-4.7327078674534E-16));
#7328=CARTESIAN_POINT('Origin',(-4.4782906184474,27.5003918247441,0.));
#7329=CARTESIAN_POINT('',(-8.38161262061084,27.4710764062965,-4.78019079599089E-16));
#7330=CARTESIAN_POINT('Origin',(-4.4782906184474,27.4710764062965,0.));
#7331=CARTESIAN_POINT('',(-8.36860406342066,27.5003918247441,-4.76425990806642E-16));
#7332=CARTESIAN_POINT('Origin',(-4.4782906184474,27.4215132840614,0.));
#7333=CARTESIAN_POINT('',(-8.42585449050151,27.3719501618263,-4.83437146034081E-16));
#7334=CARTESIAN_POINT('Origin',(-4.4782906184474,27.3719501618263,0.));
#7335=CARTESIAN_POINT('',(-8.40373355555617,27.4215132840614,-4.80728112816585E-16));
#7336=CARTESIAN_POINT('Origin',(-4.4782906184474,27.3217739177474,0.));
#7337=CARTESIAN_POINT('',(-8.47013347851918,27.2715976736686,-4.88859758128613E-16));
#7338=CARTESIAN_POINT('Origin',(-4.4782906184474,27.2715976736686,0.));
#7339=CARTESIAN_POINT('',(-8.44799398451035,27.3217739177474,-4.86148452081347E-16));
#7340=CARTESIAN_POINT('Origin',(-4.4782906184474,27.220808307746,0.));
#7341=CARTESIAN_POINT('',(-8.51444958466385,27.1700189418235,-4.94286915882686E-16));
#7342=CARTESIAN_POINT('Origin',(-4.4782906184474,27.1700189418235,0.));
#7343=CARTESIAN_POINT('',(-8.49229153159151,27.220808307746,-4.91573337005649E-16));
#7344=CARTESIAN_POINT('Origin',(-4.4782906184474,27.1186164540572,0.));
#7345=CARTESIAN_POINT('',(-8.5588028089355,27.0672139662909,-4.99718619296301E-16));
#7346=CARTESIAN_POINT('Origin',(-4.4782906184474,27.0672139662909,0.));
#7347=CARTESIAN_POINT('',(-8.53662619679967,27.1186164540572,-4.97002767589493E-16));
#7348=CARTESIAN_POINT('Origin',(-4.4782906184474,27.0151983566808,0.));
#7349=CARTESIAN_POINT('',(-8.60319315133414,26.9631827470708,-5.05154868369456E-16));
#7350=CARTESIAN_POINT('Origin',(-4.4782906184474,26.9631827470708,0.));
#7351=CARTESIAN_POINT('',(-8.58099798013482,27.0151983566808,-5.02436743832879E-16));
#7352=CARTESIAN_POINT('Origin',(-4.4782906184474,26.910554015617,0.));
#7353=CARTESIAN_POINT('',(-8.64762061185978,26.8579252841632,-5.10595663102153E-16));
#7354=CARTESIAN_POINT('Origin',(-4.4782906184474,26.8579252841632,0.));
#7355=CARTESIAN_POINT('',(-8.62540688159696,26.910554015617,-5.07875265735805E-16));
#7356=CARTESIAN_POINT('Origin',(-4.4782906184474,26.8046834308657,0.));
#7357=CARTESIAN_POINT('',(-8.69208519051241,26.7514415775682,-5.16041003494391E-16));
#7358=CARTESIAN_POINT('Origin',(-4.4782906184474,26.7514415775682,0.));
#7359=CARTESIAN_POINT('',(-8.6698529011861,26.8046834308657,-5.13318333298272E-16));
#7360=CARTESIAN_POINT('Origin',(-4.4782906184474,26.697586602427,0.));
#7361=CARTESIAN_POINT('',(-8.73658688729204,26.6437316272857,-5.21490889546171E-16));
#7362=CARTESIAN_POINT('Origin',(-4.4782906184474,26.6437316272857,0.));
#7363=CARTESIAN_POINT('',(-8.71433603890222,26.697586602427,-5.18765946520281E-16));
#7364=CARTESIAN_POINT('Origin',(-4.4782906184474,26.5892635303008,0.));
#7365=CARTESIAN_POINT('',(-8.78112570219865,26.5347954333158,-5.2694532125749E-16));
#7366=CARTESIAN_POINT('Origin',(-4.4782906184474,26.5347954333158,0.));
#7367=CARTESIAN_POINT('',(-8.75885629474534,26.5892635303008,-5.2421810540183E-16));
#7368=CARTESIAN_POINT('Origin',(-4.4782906184474,26.4797142144871,0.));
#7369=CARTESIAN_POINT('',(-8.82570163523226,26.4246329956584,-5.32404298628352E-16));
#7370=CARTESIAN_POINT('Origin',(-4.4782906184474,26.4246329956584,0.));
#7371=CARTESIAN_POINT('',(-8.80341366871545,26.4797142144871,-5.29674809942921E-16));
#7372=CARTESIAN_POINT('Origin',(-4.4782906184474,26.3689386549859,0.));
#7373=CARTESIAN_POINT('',(-8.87031468639286,26.3132443143135,-5.37867821658754E-16));
#7374=CARTESIAN_POINT('Origin',(-4.4782906184474,26.3132443143135,0.));
#7375=CARTESIAN_POINT('',(-8.84800816081256,26.3689386549859,-5.35136060143553E-16));
#7376=CARTESIAN_POINT('Origin',(-4.4782906184474,26.2569368517973,0.));
#7377=CARTESIAN_POINT('',(-8.91496485568045,26.2006293892811,-5.43335890348698E-16));
#7378=CARTESIAN_POINT('Origin',(-4.4782906184474,26.2006293892811,0.));
#7379=CARTESIAN_POINT('',(-8.89263977103665,26.2569368517973,-5.40601856003726E-16));
#7380=CARTESIAN_POINT('Origin',(-4.4782906184474,26.1437088049212,0.));
#7381=CARTESIAN_POINT('',(-8.95965214309503,26.0867882205613,-5.48808504698183E-16));
#7382=CARTESIAN_POINT('Origin',(-4.4782906184474,26.0867882205613,0.));
#7383=CARTESIAN_POINT('',(-8.93730849938774,26.1437088049212,-5.4607219752344E-16));
#7384=CARTESIAN_POINT('Origin',(-4.4782906184474,26.0292545143577,0.));
#7385=CARTESIAN_POINT('',(-9.00437654863661,25.971720808154,-5.54285664707209E-16));
#7386=CARTESIAN_POINT('Origin',(-4.4782906184474,25.971720808154,0.));
#7387=CARTESIAN_POINT('',(-8.98201434586582,26.0292545143577,-5.51547084702696E-16));
#7388=CARTESIAN_POINT('Origin',(-4.4782906184474,25.9135739801066,0.));
#7389=CARTESIAN_POINT('',(-9.04913807230517,25.8554271520593,-5.59767370375776E-16));
#7390=CARTESIAN_POINT('Origin',(-4.4782906184474,25.8554271520593,0.));
#7391=CARTESIAN_POINT('',(-9.02675731047089,25.9135739801066,-5.57026517541492E-16));
#7392=CARTESIAN_POINT('Origin',(-4.4782906184474,25.7966672021681,0.));
#7393=CARTESIAN_POINT('',(-9.09393671410073,25.737907252277,-5.65253621703884E-16));
#7394=CARTESIAN_POINT('Origin',(-4.4782906184474,25.737907252277,0.));
#7395=CARTESIAN_POINT('',(-9.07153739320296,25.7966672021681,-5.6251049603983E-16));
#7396=CARTESIAN_POINT('Origin',(-4.4782906184474,25.6785341805422,0.));
#7397=CARTESIAN_POINT('',(-9.13877247402329,25.6191611088073,-5.70744418691533E-16));
#7398=CARTESIAN_POINT('Origin',(-4.4782906184474,25.6191611088073,0.));
#7399=CARTESIAN_POINT('',(-9.11635459406201,25.6785341805422,-5.67999020197708E-16));
#7400=CARTESIAN_POINT('Origin',(-4.4782906184474,25.5591749152287,0.));
#7401=CARTESIAN_POINT('',(-9.18364535207283,25.4991887216502,-5.76239761338723E-16));
#7402=CARTESIAN_POINT('Origin',(-4.4782906184474,25.4991887216502,0.));
#7403=CARTESIAN_POINT('',(-9.16120891304806,25.5591749152287,-5.73492090015128E-16));
#7404=CARTESIAN_POINT('Origin',(-4.4782906184474,25.4385894062278,0.));
#7405=CARTESIAN_POINT('',(-9.22855534824937,25.3779900908055,-5.81739649645455E-16));
#7406=CARTESIAN_POINT('Origin',(-4.4782906184474,25.3779900908055,0.));
#7407=CARTESIAN_POINT('',(-9.2061003501611,25.4385894062278,-5.78989705492089E-16));
#7408=CARTESIAN_POINT('Origin',(-4.4782906184474,25.3167776535395,0.));
#7409=CARTESIAN_POINT('',(-9.2735024625529,25.2555652162734,-5.87244083611728E-16));
#7410=CARTESIAN_POINT('Origin',(-4.4782906184474,25.2555652162734,0.));
#7411=CARTESIAN_POINT('',(-9.25102890540113,25.3167776535395,-5.84491866628592E-16));
#7412=CARTESIAN_POINT('Origin',(-4.4782906184474,25.1937396571636,0.));
#7413=CARTESIAN_POINT('',(-9.31848669498342,25.1319140980539,-5.92753063237542E-16));
#7414=CARTESIAN_POINT('Origin',(-4.4782906184474,25.1319140980539,0.));
#7415=CARTESIAN_POINT('',(-9.29599457876816,25.1937396571636,-5.89998573424635E-16));
#7416=CARTESIAN_POINT('Origin',(-4.4782906184474,25.0694754171003,0.));
#7417=CARTESIAN_POINT('',(-9.36350804554093,25.0070367361468,-5.98266588522897E-16));
#7418=CARTESIAN_POINT('Origin',(-4.4782906184474,25.0070367361468,0.));
#7419=CARTESIAN_POINT('',(-9.34099737026217,25.0694754171003,-5.95509825880219E-16));
#7420=CARTESIAN_POINT('Origin',(-4.4782906184474,24.9439849333496,0.));
#7421=CARTESIAN_POINT('',(-9.40856651422544,24.8809331305523,-6.03784659467793E-16));
#7422=CARTESIAN_POINT('Origin',(-4.4782906184474,24.8809331305523,0.));
#7423=CARTESIAN_POINT('',(-9.38603727988319,24.9439849333496,-6.01025623995345E-16));
#7424=CARTESIAN_POINT('Origin',(-4.4782906184474,24.8172682059113,0.));
#7425=CARTESIAN_POINT('',(-9.45366210103694,24.7536032812703,-6.0930727607223E-16));
#7426=CARTESIAN_POINT('Origin',(-4.4782906184474,24.7536032812703,0.));
#7427=CARTESIAN_POINT('',(-9.43111430763119,24.8172682059113,-6.06545967770012E-16));
#7428=CARTESIAN_POINT('Origin',(-4.4782906184474,24.6893252347856,0.));
#7429=CARTESIAN_POINT('',(-9.49879480597543,24.6250471883009,-6.14834438336209E-16));
#7430=CARTESIAN_POINT('Origin',(-4.4782906184474,24.6250471883009,0.));
#7431=CARTESIAN_POINT('',(-9.47622845350618,24.6893252347856,-6.12070857204219E-16));
#7432=CARTESIAN_POINT('Origin',(-4.4782906184474,24.5601560199724,0.));
#7433=CARTESIAN_POINT('',(-9.54396462904091,24.495264851644,-6.20366146259728E-16));
#7434=CARTESIAN_POINT('Origin',(-4.4782906184474,24.495264851644,0.));
#7435=CARTESIAN_POINT('',(-9.52137971750817,24.5601560199724,-6.17600292297968E-16));
#7436=CARTESIAN_POINT('Origin',(-4.4782906184474,24.4297605614718,0.));
#7437=CARTESIAN_POINT('',(-9.58917157023339,24.3642562712996,-6.25902399842789E-16));
#7438=CARTESIAN_POINT('Origin',(-4.4782906184474,24.3642562712996,0.));
#7439=CARTESIAN_POINT('',(-9.56656809963715,24.4297605614718,-6.23134273051259E-16));
#7440=CARTESIAN_POINT('Origin',(-4.4782906184474,24.2981388592837,0.));
#7441=CARTESIAN_POINT('',(-9.63441562955285,24.2320214472678,-6.3144319908539E-16));
#7442=CARTESIAN_POINT('Origin',(-4.4782906184474,24.2320214472678,0.));
#7443=CARTESIAN_POINT('',(-9.61179359989312,24.2981388592837,-6.2867279946409E-16));
#7444=CARTESIAN_POINT('Origin',(-4.4782906184474,24.1652909134081,0.));
#7445=CARTESIAN_POINT('',(-9.67969680699931,24.0985603795485,-6.36988543987534E-16));
#7446=CARTESIAN_POINT('Origin',(-4.4782906184474,24.0985603795485,0.));
#7447=CARTESIAN_POINT('',(-9.65705621827608,24.1652909134081,-6.34215871536462E-16));
#7448=CARTESIAN_POINT('Origin',(-4.4782906184474,24.0312167238451,0.));
#7449=CARTESIAN_POINT('',(-9.72501510257276,23.9638730681417,-6.42538434549218E-16));
#7450=CARTESIAN_POINT('Origin',(-4.4782906184474,23.9638730681417,0.));
#7451=CARTESIAN_POINT('',(-9.70235595478604,24.0312167238451,-6.39763489268376E-16));
#7452=CARTESIAN_POINT('Origin',(-4.4782906184474,23.8959162905945,0.));
#7453=CARTESIAN_POINT('',(-9.7703705162732,23.8279595130474,-6.48092870770442E-16));
#7454=CARTESIAN_POINT('Origin',(-4.4782906184474,23.8279595130474,0.));
#7455=CARTESIAN_POINT('',(-9.74769280942298,23.8959162905945,-6.4531565265983E-16));
#7456=CARTESIAN_POINT('Origin',(-4.4782906184474,23.7593896136566,0.));
#7457=CARTESIAN_POINT('',(-9.81576304810064,23.6908197142657,-6.53651852651209E-16));
#7458=CARTESIAN_POINT('Origin',(-4.4782906184474,23.6908197142657,0.));
#7459=CARTESIAN_POINT('',(-9.79306678218692,23.7593896136566,-6.50872361710826E-16));
#7460=CARTESIAN_POINT('Origin',(-4.4782906184474,23.6216366930311,0.));
#7461=CARTESIAN_POINT('',(-9.86119269805507,23.5524536717965,-6.59215380191516E-16));
#7462=CARTESIAN_POINT('Origin',(-4.4782906184474,23.5524536717965,0.));
#7463=CARTESIAN_POINT('',(-9.83847787307785,23.6216366930311,-6.56433616421363E-16));
#7464=CARTESIAN_POINT('Origin',(-4.4782906184474,23.4826575287182,0.));
#7465=CARTESIAN_POINT('',(-9.90665946613649,23.4128613856399,-6.64783453391365E-16));
#7466=CARTESIAN_POINT('Origin',(-4.4782906184474,23.4128613856399,0.));
#7467=CARTESIAN_POINT('',(-9.88392608209578,23.4826575287182,-6.61999416791441E-16));
#7468=CARTESIAN_POINT('Origin',(-4.4782906184474,23.3424521207178,0.));
#7469=CARTESIAN_POINT('',(-9.9521633523449,23.2720428557957,-6.70356072250755E-16));
#7470=CARTESIAN_POINT('Origin',(-4.4782906184474,23.2720428557957,0.));
#7471=CARTESIAN_POINT('',(-9.92941140924069,23.3424521207178,-6.6756976282106E-16));
#7472=CARTESIAN_POINT('Origin',(-4.4782906184474,23.2010204690299,0.));
#7473=CARTESIAN_POINT('',(-9.9977043566803,23.1299980822641,-6.75933236769686E-16));
#7474=CARTESIAN_POINT('Origin',(-4.4782906184474,23.1299980822641,0.));
#7475=CARTESIAN_POINT('',(-9.9749338545126,23.2010204690299,-6.7314465451022E-16));
#7476=CARTESIAN_POINT('Origin',(-4.4782906184474,23.0583625736546,0.));
#7477=CARTESIAN_POINT('',(-10.0432824791427,22.9867270650451,-6.81514946948158E-16));
#7478=CARTESIAN_POINT('Origin',(-4.4782906184474,22.9867270650451,0.));
#7479=CARTESIAN_POINT('',(-10.0204934179115,23.0583625736546,-6.78724091858922E-16));
#7480=CARTESIAN_POINT('Origin',(-4.4782906184474,22.9144784345918,0.));
#7481=CARTESIAN_POINT('',(-10.0888977197321,22.8422298041385,-6.87101202786171E-16));
#7482=CARTESIAN_POINT('Origin',(-4.4782906184474,22.8422298041385,0.));
#7483=CARTESIAN_POINT('',(-10.0660900994374,22.9144784345918,-6.84308074867164E-16));
#7484=CARTESIAN_POINT('Origin',(-4.4782906184474,22.7693680518415,0.));
#7485=CARTESIAN_POINT('',(-10.1345500784485,22.6965062995445,-6.92692004283725E-16));
#7486=CARTESIAN_POINT('Origin',(-4.4782906184474,22.6965062995445,0.));
#7487=CARTESIAN_POINT('',(-10.1117238990903,22.7693680518415,-6.89896603534948E-16));
#7488=CARTESIAN_POINT('Origin',(-4.4782906184474,22.6230314254038,0.));
#7489=CARTESIAN_POINT('',(-10.1802395552918,22.5495565512631,-6.98287351440821E-16));
#7490=CARTESIAN_POINT('Origin',(-4.4782906184474,22.5495565512631,0.));
#7491=CARTESIAN_POINT('',(-10.1573948168702,22.6230314254038,-6.95489677862273E-16));
#7492=CARTESIAN_POINT('Origin',(-4.4782906184474,22.4754685552786,0.));
#7493=CARTESIAN_POINT('',(-10.2259661502622,22.4013805592941,-7.03887244257457E-16));
#7494=CARTESIAN_POINT('Origin',(-4.4782906184474,22.4013805592941,0.));
#7495=CARTESIAN_POINT('',(-10.203102852777,22.4754685552786,-7.01087297849139E-16));
#7496=CARTESIAN_POINT('Origin',(-4.4782906184474,22.3266794414659,0.));
#7497=CARTESIAN_POINT('',(-10.2717298633596,22.2519783236377,-7.09491682733635E-16));
#7498=CARTESIAN_POINT('Origin',(-4.4782906184474,22.2519783236377,0.));
#7499=CARTESIAN_POINT('',(-10.2488480068109,22.3266794414659,-7.06689463495546E-16));
#7500=CARTESIAN_POINT('Origin',(-4.4782906184474,22.1766640839658,0.));
#7501=CARTESIAN_POINT('',(-10.3175306945839,22.1013498442939,-7.15100666869354E-16));
#7502=CARTESIAN_POINT('Origin',(-4.4782906184474,22.1013498442939,0.));
#7503=CARTESIAN_POINT('',(-10.2946302789717,22.1766640839658,-7.12296174801494E-16));
#7504=CARTESIAN_POINT('Origin',(-4.4782906184474,22.0254224827782,0.));
#7505=CARTESIAN_POINT('',(-10.3633686439353,21.9494951212625,-7.20714196664614E-16));
#7506=CARTESIAN_POINT('Origin',(-4.4782906184474,21.9494951212625,0.));
#7507=CARTESIAN_POINT('',(-10.3404496692596,22.0254224827782,-7.17907431766984E-16));
#7508=CARTESIAN_POINT('Origin',(-4.4782906184474,21.8729546379031,0.));
#7509=CARTESIAN_POINT('',(-10.4092437114136,21.7964141545437,-7.26332272119414E-16));
#7510=CARTESIAN_POINT('Origin',(-4.4782906184474,21.7964141545437,0.));
#7511=CARTESIAN_POINT('',(-10.3863061776744,21.8729546379031,-7.23523234392014E-16));
#7512=CARTESIAN_POINT('Origin',(-4.4782906184474,21.7192605493406,0.));
#7513=CARTESIAN_POINT('',(-10.4551558970189,21.6421069441375,-7.31954893233757E-16));
#7514=CARTESIAN_POINT('Origin',(-4.4782906184474,21.6421069441375,0.));
#7515=CARTESIAN_POINT('',(-10.4321998042163,21.7192605493406,-7.29143582676585E-16));
#7516=CARTESIAN_POINT('Origin',(-4.4782906184474,21.5643402170906,0.));
#7517=CARTESIAN_POINT('',(-10.5011052007512,21.4865734900437,-7.3758206000764E-16));
#7518=CARTESIAN_POINT('Origin',(-4.4782906184474,21.4865734900437,0.));
#7519=CARTESIAN_POINT('',(-10.4781305488851,21.5643402170906,-7.34768476620698E-16));
#7520=CARTESIAN_POINT('Origin',(-4.4782906184474,21.4081936411531,0.));
#7521=CARTESIAN_POINT('',(-10.5470916226105,21.3298137922625,-7.43213772441065E-16));
#7522=CARTESIAN_POINT('Origin',(-4.4782906184474,21.3298137922625,0.));
#7523=CARTESIAN_POINT('',(-10.5240984116809,21.4081936411531,-7.40397916224352E-16));
#7524=CARTESIAN_POINT('Origin',(-4.4782906184474,21.2508208215282,0.));
#7525=CARTESIAN_POINT('',(-10.5931151625968,21.1718278507938,-7.4885003053403E-16));
#7526=CARTESIAN_POINT('Origin',(-4.4782906184474,21.1718278507938,0.));
#7527=CARTESIAN_POINT('',(-10.5701033926037,21.2508208215282,-7.46031901487547E-16));
#7528=CARTESIAN_POINT('Origin',(-4.4782906184474,21.0922217582158,0.));
#7529=CARTESIAN_POINT('',(-10.6391758207101,21.0126156656377,-7.54490834286537E-16));
#7530=CARTESIAN_POINT('Origin',(-4.4782906184474,21.0126156656377,0.));
#7531=CARTESIAN_POINT('',(-10.6161454916535,21.0922217582158,-7.51670432410284E-16));
#7532=CARTESIAN_POINT('Origin',(-4.4782906184474,20.9323964512159,0.));
#7533=CARTESIAN_POINT('',(-10.6852735969504,20.8521772367941,-7.60136183698585E-16));
#7534=CARTESIAN_POINT('Origin',(-4.4782906184474,20.8521772367941,0.));
#7535=CARTESIAN_POINT('',(-10.6622247088303,20.9323964512159,-7.57313508992561E-16));
#7536=CARTESIAN_POINT('Origin',(-4.4782906184474,20.7713449005285,0.));
#7537=CARTESIAN_POINT('',(-10.7314084913177,20.690512564263,-7.65786078770174E-16));
#7538=CARTESIAN_POINT('Origin',(-4.4782906184474,20.690512564263,0.));
#7539=CARTESIAN_POINT('',(-10.7083410441341,20.7713449005285,-7.6296113123438E-16));
#7540=CARTESIAN_POINT('Origin',(-4.4782906184474,20.6090671061537,0.));
#7541=CARTESIAN_POINT('',(-10.777580503812,20.5276216480444,-7.71440519501304E-16));
#7542=CARTESIAN_POINT('Origin',(-4.4782906184474,20.5276216480444,0.));
#7543=CARTESIAN_POINT('',(-10.7544944975649,20.6090671061537,-7.68613299135739E-16));
#7544=CARTESIAN_POINT('Origin',(-4.4782906184474,20.4455630680914,0.));
#7545=CARTESIAN_POINT('',(-10.8237896344333,20.3635044881384,-7.77099505891976E-16));
#7546=CARTESIAN_POINT('Origin',(-4.4782906184474,20.3635044881384,0.));
#7547=CARTESIAN_POINT('',(-10.8006850691226,20.4455630680914,-7.7427001269664E-16));
#7548=CARTESIAN_POINT('Origin',(-4.4782906184474,20.2808327863417,0.));
#7549=CARTESIAN_POINT('',(-10.8700358831815,20.1981610845449,-7.82763037942188E-16));
#7550=CARTESIAN_POINT('Origin',(-4.4782906184474,20.1981610845449,0.));
#7551=CARTESIAN_POINT('',(-10.8469127588074,20.2808327863417,-7.79931271917082E-16));
#7552=CARTESIAN_POINT('Origin',(-4.4782906184474,20.1148762609044,0.));
#7553=CARTESIAN_POINT('',(-10.9163192500568,20.031591437264,-7.88431115651942E-16));
#7554=CARTESIAN_POINT('Origin',(-4.4782906184474,20.031591437264,0.));
#7555=CARTESIAN_POINT('',(-10.8931775666191,20.1148762609044,-7.85597076797065E-16));
#7556=CARTESIAN_POINT('Origin',(-4.4782906184474,19.9476934917797,0.));
#7557=CARTESIAN_POINT('',(-10.962639735059,19.8637955462955,-7.94103739021236E-16));
#7558=CARTESIAN_POINT('Origin',(-4.4782906184474,19.8637955462955,0.));
#7559=CARTESIAN_POINT('',(-10.9394794925579,19.9476934917797,-7.91267427336589E-16));
#7560=CARTESIAN_POINT('Origin',(-4.4782906184474,19.7792844789676,0.));
#7561=CARTESIAN_POINT('',(-11.0089973381882,19.6947734116396,-7.99780908050072E-16));
#7562=CARTESIAN_POINT('Origin',(-4.4782906184474,19.6947734116396,0.));
#7563=CARTESIAN_POINT('',(-10.9858185366236,19.7792844789676,-7.96942323535654E-16));
#7564=CARTESIAN_POINT('Origin',(-4.4782906184474,19.609649222468,0.));
#7565=CARTESIAN_POINT('',(-11.0553920594445,19.5245250332963,-8.05462622738449E-16));
#7566=CARTESIAN_POINT('Origin',(-4.4782906184474,19.5245250332963,0.));
#7567=CARTESIAN_POINT('',(-11.0321946988163,19.609649222468,-8.02621765394261E-16));
#7568=CARTESIAN_POINT('Origin',(-4.4782906184474,19.4387877222809,0.));
#7569=CARTESIAN_POINT('',(-11.1018238988277,19.3530504112654,-8.11148883086367E-16));
#7570=CARTESIAN_POINT('Origin',(-4.4782906184474,19.3530504112654,0.));
#7571=CARTESIAN_POINT('',(-11.0786079791361,19.4387877222809,-8.08305752912408E-16));
#7572=CARTESIAN_POINT('Origin',(-4.4782906184474,19.2666999784063,0.));
#7573=CARTESIAN_POINT('',(-11.1482928563379,19.1803495455471,-8.16839689093826E-16));
#7574=CARTESIAN_POINT('Origin',(-4.4782906184474,19.1803495455471,0.));
#7575=CARTESIAN_POINT('',(-11.1250583775828,19.2666999784063,-8.13994286090097E-16));
#7576=CARTESIAN_POINT('Origin',(-4.4782906184474,19.0933859908443,0.));
#7577=CARTESIAN_POINT('',(-11.1947989319751,19.0064224361414,-8.22535040760827E-16));
#7578=CARTESIAN_POINT('Origin',(-4.4782906184474,19.0064224361414,0.));
#7579=CARTESIAN_POINT('',(-11.1715458941565,19.0933859908443,-8.19687364927326E-16));
#7580=CARTESIAN_POINT('Origin',(-4.4782906184474,18.9188457595948,0.));
#7581=CARTESIAN_POINT('',(-11.2413421257393,18.8312690830481,-8.28234938087368E-16));
#7582=CARTESIAN_POINT('Origin',(-4.4782906184474,18.8312690830481,0.));
#7583=CARTESIAN_POINT('',(-11.2180705288572,18.9188457595948,-8.25384989424097E-16));
#7584=CARTESIAN_POINT('Origin',(-4.4782906184474,18.7430792846578,0.));
#7585=CARTESIAN_POINT('',(-11.2879224376305,18.6548894862674,-8.33939381073451E-16));
#7586=CARTESIAN_POINT('Origin',(-4.4782906184474,18.6548894862674,0.));
#7587=CARTESIAN_POINT('',(-11.2646322816849,18.7430792846578,-8.31087159580409E-16));
#7588=CARTESIAN_POINT('Origin',(-4.4782906184474,18.5660865660334,0.));
#7589=CARTESIAN_POINT('',(-11.3345398676486,18.4772836457993,-8.39648369719075E-16));
#7590=CARTESIAN_POINT('Origin',(-4.4782906184474,18.4772836457993,0.));
#7591=CARTESIAN_POINT('',(-11.3112311526396,18.5660865660334,-8.36793875396263E-16));
#7592=CARTESIAN_POINT('Origin',(-4.4782906184474,18.3878676037214,0.));
#7593=CARTESIAN_POINT('',(-11.3811944157938,18.2984515616436,-8.4536190402424E-16));
#7594=CARTESIAN_POINT('Origin',(-4.4782906184474,18.2984515616436,0.));
#7595=CARTESIAN_POINT('',(-11.3578671417212,18.3878676037214,-8.42505136871657E-16));
#7596=CARTESIAN_POINT('Origin',(-4.4782906184474,18.2084223977221,0.));
#7597=CARTESIAN_POINT('',(-11.427886082066,18.1183932338005,-8.51079983988945E-16));
#7598=CARTESIAN_POINT('Origin',(-4.4782906184474,18.1183932338005,0.));
#7599=CARTESIAN_POINT('',(-11.4045402489299,18.2084223977221,-8.48220944006593E-16));
#7600=CARTESIAN_POINT('Origin',(-4.4782906184474,18.0277509480352,0.));
#7601=CARTESIAN_POINT('',(-11.4746148664651,17.9371086622699,-8.56802609613193E-16));
#7602=CARTESIAN_POINT('Origin',(-4.4782906184474,17.9371086622699,0.));
#7603=CARTESIAN_POINT('',(-11.4512504742655,18.0277509480352,-8.53941296801069E-16));
#7604=CARTESIAN_POINT('Origin',(-4.4782906184474,17.8458532546609,0.));
#7605=CARTESIAN_POINT('',(-11.5213807689913,17.7545978470519,-8.62529780896981E-16));
#7606=CARTESIAN_POINT('Origin',(-4.4782906184474,17.7545978470519,0.));
#7607=CARTESIAN_POINT('',(-11.4979978177282,17.8458532546609,-8.59666195255087E-16));
#7608=CARTESIAN_POINT('Origin',(-4.4782906184474,17.6627293175991,0.));
#7609=CARTESIAN_POINT('',(-11.5681837896444,17.5708607881464,-8.68261497840311E-16));
#7610=CARTESIAN_POINT('Origin',(-4.4782906184474,17.5708607881464,0.));
#7611=CARTESIAN_POINT('',(-11.5447822793178,17.6627293175991,-8.65395639368646E-16));
#7612=CARTESIAN_POINT('Origin',(-4.4782906184474,17.4783791368499,0.));
#7613=CARTESIAN_POINT('',(-11.6150239284245,17.3858974855534,-8.73997760443181E-16));
#7614=CARTESIAN_POINT('Origin',(-4.4782906184474,17.3858974855534,0.));
#7615=CARTESIAN_POINT('',(-11.5916038590345,17.4783791368499,-8.71129629141746E-16));
#7616=CARTESIAN_POINT('Origin',(-4.4782906184474,17.2928027124132,0.));
#7617=CARTESIAN_POINT('',(-11.6619011853317,17.199707939273,-8.79738568705593E-16));
#7618=CARTESIAN_POINT('Origin',(-4.4782906184474,17.199707939273,0.));
#7619=CARTESIAN_POINT('',(-11.6384625568781,17.2928027124132,-8.76868164574387E-16));
#7620=CARTESIAN_POINT('Origin',(-4.4782906184474,17.106000044289,0.));
#7621=CARTESIAN_POINT('',(-11.7088155603658,17.012292149305,-8.85483922627546E-16));
#7622=CARTESIAN_POINT('Origin',(-4.4782906184474,17.012292149305,0.));
#7623=CARTESIAN_POINT('',(-11.6853583728487,17.106000044289,-8.82611245666569E-16));
#7624=CARTESIAN_POINT('Origin',(-4.4782906184474,16.9179711324774,0.));
#7625=CARTESIAN_POINT('',(-11.7557670535269,16.8236501156497,-8.9123382220904E-16));
#7626=CARTESIAN_POINT('Origin',(-4.4782906184474,16.8236501156497,0.));
#7627=CARTESIAN_POINT('',(-11.7322913069463,16.9179711324774,-8.88358872418293E-16));
#7628=CARTESIAN_POINT('Origin',(-4.4782906184474,16.7287159769782,0.));
#7629=CARTESIAN_POINT('',(-11.802755664815,16.6337818383068,-8.96988267450075E-16));
#7630=CARTESIAN_POINT('Origin',(-4.4782906184474,16.6337818383068,0.));
#7631=CARTESIAN_POINT('',(-11.7792613591709,16.7287159769782,-8.94111044829557E-16));
#7632=CARTESIAN_POINT('Origin',(-4.4782906184474,16.5382345777916,0.));
#7633=CARTESIAN_POINT('',(-11.8497813942301,16.4426873172765,-9.02747258350651E-16));
#7634=CARTESIAN_POINT('Origin',(-4.4782906184474,16.4426873172765,0.));
#7635=CARTESIAN_POINT('',(-11.8262685295225,16.5382345777916,-8.99867762900363E-16));
#7636=CARTESIAN_POINT('Origin',(-4.4782906184474,16.3465269349176,0.));
#7637=CARTESIAN_POINT('',(-11.8968442417722,16.2503665525587,-9.08510794910768E-16));
#7638=CARTESIAN_POINT('Origin',(-4.4782906184474,16.2503665525587,0.));
#7639=CARTESIAN_POINT('',(-11.8733128180011,16.3465269349176,-9.0562902663071E-16));
#7640=CARTESIAN_POINT('Origin',(-4.4782906184474,16.1535930483561,0.));
#7641=CARTESIAN_POINT('',(-11.9439442074412,16.0568195441534,-9.14278877130427E-16));
#7642=CARTESIAN_POINT('Origin',(-4.4782906184474,16.0568195441534,0.));
#7643=CARTESIAN_POINT('',(-11.9203942246067,16.1535930483561,-9.11394836020598E-16));
#7644=CARTESIAN_POINT('Origin',(-4.4782906184474,15.9594329181071,0.));
#7645=CARTESIAN_POINT('',(-11.9910812912373,15.8620462920607,-9.20051505009627E-16));
#7646=CARTESIAN_POINT('Origin',(-4.4782906184474,15.8620462920607,0.));
#7647=CARTESIAN_POINT('',(-11.9675127493393,15.9594329181071,-9.17165191070027E-16));
#7648=CARTESIAN_POINT('Origin',(-4.4782906184474,15.7640465441706,0.));
#7649=CARTESIAN_POINT('',(-12.0382554931604,15.6660467962805,-9.25828678548367E-16));
#7650=CARTESIAN_POINT('Origin',(-4.4782906184474,15.6660467962805,0.));
#7651=CARTESIAN_POINT('',(-12.0146683921988,15.7640465441706,-9.22940091778997E-16));
#7652=CARTESIAN_POINT('Origin',(-4.4782906184474,15.5674339265467,0.));
#7653=CARTESIAN_POINT('',(-12.0854668132104,15.4688210568129,-9.31610397746649E-16));
#7654=CARTESIAN_POINT('Origin',(-4.4782906184474,15.4688210568129,0.));
#7655=CARTESIAN_POINT('',(-12.0618611531854,15.5674339265467,-9.28719538147508E-16));
#7656=CARTESIAN_POINT('Origin',(-4.4782906184474,15.3695950652353,0.));
#7657=CARTESIAN_POINT('',(-12.1327152513875,15.2703690736577,-9.37396662604473E-16));
#7658=CARTESIAN_POINT('Origin',(-4.4782906184474,15.2703690736577,0.));
#7659=CARTESIAN_POINT('',(-12.109091032299,15.3695950652353,-9.34503530175561E-16));
#7660=CARTESIAN_POINT('Origin',(-4.4782906184474,15.1705299602364,0.));
#7661=CARTESIAN_POINT('',(-12.1800008076915,15.0706908468151,-9.43187473121837E-16));
#7662=CARTESIAN_POINT('Origin',(-4.4782906184474,15.0706908468151,0.));
#7663=CARTESIAN_POINT('',(-12.1563580295395,15.1705299602364,-9.40292067863155E-16));
#7664=CARTESIAN_POINT('Origin',(-4.4782906184474,14.9702386115501,0.));
#7665=CARTESIAN_POINT('',(-12.2273234821225,14.8697863762851,-9.48982829298742E-16));
#7666=CARTESIAN_POINT('Origin',(-4.4782906184474,14.8697863762851,0.));
#7667=CARTESIAN_POINT('',(-12.203662144907,14.9702386115501,-9.46085151210289E-16));
#7668=CARTESIAN_POINT('Origin',(-4.4782906184474,14.7687210191763,0.));
#7669=CARTESIAN_POINT('',(-12.2746832746806,14.6676556620675,-9.54782731135189E-16));
#7670=CARTESIAN_POINT('Origin',(-4.4782906184474,14.6676556620675,0.));
#7671=CARTESIAN_POINT('',(-12.2510033784016,14.7687210191763,-9.51882780216965E-16));
#7672=CARTESIAN_POINT('Origin',(-4.4782906184474,14.565977183115,0.));
#7673=CARTESIAN_POINT('',(-12.3220801853656,14.4642987041625,-9.60587178631176E-16));
#7674=CARTESIAN_POINT('Origin',(-4.4782906184474,14.4642987041625,0.));
#7675=CARTESIAN_POINT('',(-12.2983817300231,14.565977183115,-9.57684954883182E-16));
#7676=CARTESIAN_POINT('Origin',(-4.4782906184474,14.3620071033663,0.));
#7677=CARTESIAN_POINT('',(-12.3457971997716,14.3620071033663,-9.63491675208941E-16));
#7678=CARTESIAN_POINT('',(0.,0.,0.));
#7679=UNCERTAINTY_MEASURE_WITH_UNIT(LENGTH_MEASURE(0.01),#7685,
'DISTANCE_ACCURACY_VALUE',
'Maximum model space distance between geometric entities at asserted c
onnectivities');
#7680=UNCERTAINTY_MEASURE_WITH_UNIT(LENGTH_MEASURE(0.01),#7685,
'DISTANCE_ACCURACY_VALUE',
'Maximum model space distance between geometric entities at asserted c
onnectivities');
#7681=UNCERTAINTY_MEASURE_WITH_UNIT(LENGTH_MEASURE(0.01),#7685,
'DISTANCE_ACCURACY_VALUE',
'Maximum model space distance between geometric entities at asserted c
onnectivities');
#7682=(
GEOMETRIC_REPRESENTATION_CONTEXT(3)
GLOBAL_UNCERTAINTY_ASSIGNED_CONTEXT((#7679))
GLOBAL_UNIT_ASSIGNED_CONTEXT((#7685,#7687,#7688))
REPRESENTATION_CONTEXT('','3D')
);
#7683=(
GEOMETRIC_REPRESENTATION_CONTEXT(3)
GLOBAL_UNCERTAINTY_ASSIGNED_CONTEXT((#7680))
GLOBAL_UNIT_ASSIGNED_CONTEXT((#7685,#7687,#7688))
REPRESENTATION_CONTEXT('','3D')
);
#7684=(
GEOMETRIC_REPRESENTATION_CONTEXT(3)
GLOBAL_UNCERTAINTY_ASSIGNED_CONTEXT((#7681))
GLOBAL_UNIT_ASSIGNED_CONTEXT((#7685,#7687,#7688))
REPRESENTATION_CONTEXT('','3D')
);
#7685=(
LENGTH_UNIT()
NAMED_UNIT(*)
SI_UNIT(.MILLI.,.METRE.)
);
#7686=(
LENGTH_UNIT()
NAMED_UNIT(*)
SI_UNIT($,.METRE.)
);
#7687=(
NAMED_UNIT(*)
PLANE_ANGLE_UNIT()
SI_UNIT($,.RADIAN.)
);
#7688=(
NAMED_UNIT(*)
SI_UNIT($,.STERADIAN.)
SOLID_ANGLE_UNIT()
);
#7689=SHAPE_DEFINITION_REPRESENTATION(#7691,#7694);
#7690=SHAPE_DEFINITION_REPRESENTATION(#7692,#7695);
#7691=PRODUCT_DEFINITION_SHAPE('',$,#7697);
#7692=PRODUCT_DEFINITION_SHAPE('',$,#7698);
#7693=PRODUCT_DEFINITION_SHAPE($,$,#16);
#7694=SHAPE_REPRESENTATION('',(#4429,#4973),#7682);
#7695=SHAPE_REPRESENTATION('',(#4430),#7683);
#7696=PRODUCT_DEFINITION_CONTEXT('part definition',#7704,'design');
#7697=PRODUCT_DEFINITION('Molde Forged da tubeira Fagulha Atual',
'Molde Forged da tubeira Fagulha Atual',#7699,#7696);
#7698=PRODUCT_DEFINITION('Componente1','Componente1',#7700,#7696);
#7699=PRODUCT_DEFINITION_FORMATION('',$,#7706);
#7700=PRODUCT_DEFINITION_FORMATION('',$,#7707);
#7701=PRODUCT_RELATED_PRODUCT_CATEGORY(
'Molde Forged da tubeira Fagulha Atual',
'Molde Forged da tubeira Fagulha Atual',(#7706));
#7702=PRODUCT_RELATED_PRODUCT_CATEGORY('Componente1','Componente1',(#7707));
#7703=APPLICATION_PROTOCOL_DEFINITION('international standard',
'automotive_design',2009,#7704);
#7704=APPLICATION_CONTEXT(
'Core Data for Automotive Mechanical Design Process');
#7705=PRODUCT_CONTEXT('part definition',#7704,'mechanical');
#7706=PRODUCT('Molde Forged da tubeira Fagulha Atual',
'Molde Forged da tubeira Fagulha Atual',$,(#7705));
#7707=PRODUCT('Componente1','Componente1',$,(#7705));
#7708=PRESENTATION_STYLE_ASSIGNMENT((#7710));
#7709=PRESENTATION_STYLE_ASSIGNMENT((#7711));
#7710=SURFACE_STYLE_USAGE(.BOTH.,#7712);
#7711=SURFACE_STYLE_USAGE(.BOTH.,#7713);
#7712=SURFACE_SIDE_STYLE('',(#7714));
#7713=SURFACE_SIDE_STYLE('',(#7715));
#7714=SURFACE_STYLE_FILL_AREA(#7716);
#7715=SURFACE_STYLE_FILL_AREA(#7717);
#7716=FILL_AREA_STYLE('A\X\E7o - Acetinado',(#7718));
#7717=FILL_AREA_STYLE('ABS (Branco)',(#7719));
#7718=FILL_AREA_STYLE_COLOUR('A\X\E7o - Acetinado',#7720);
#7719=FILL_AREA_STYLE_COLOUR('ABS (Branco)',#7721);
#7720=COLOUR_RGB('A\X\E7o - Acetinado',0.627450980392157,0.627450980392157,
0.627450980392157);
#7721=COLOUR_RGB('ABS (Branco)',0.964705882352941,0.964705882352941,0.952941176470588);
ENDSEC;
END-ISO-10303-21;
