0.02,0.5451834684
0.02,0.5584614243
0.03,0.5689733832
0.03,0.5822658400
0.04,0.5883297191
0.01,0.5890942274
0.02,0.5982657760
0.05,0.5983249660
0.04,0.6016339745
0.01,0.6023989489
0.06,0.6039218818
0.07,0.6071873760
0.25,0.6075105497
0.26,0.6076223157
0.24,0.6077414974
0.27,0.6077604776
0.28,0.6079260759
0.23,0.6079965352
0.29,0.6081198952
0.22,0.6082738452
0.30,0.6083424910
0.21,0.6085710725
0.31,0.6085945646
0.32,0.6088764632
0.20,0.6088853587
0.08,0.6091122902
0.33,0.6091888643
0.19,0.6092127109
0.34,0.6095320810
0.18,0.6095481531
0.17,0.6098847816
0.35,0.6099067061
0.16,0.6102132826
0.09,0.6102216103
0.36,0.6103131380
0.15,0.6105210892
0.37,0.6107519686
0.14,0.6107908426
0.10,0.6108148754
0.13,0.6109983487
0.11,0.6110726716
0.12,0.6111089462
0.38,0.6112237161
0.05,0.6116353140
0.39,0.6117290420
0.40,0.6122684237
0.41,0.6128427365
0.42,0.6134526332
0.43,0.6140989176
0.44,0.6147825497
0.45,0.6155045361
0.46,0.6162658464
0.47,0.6170676548
0.06,0.6172356414
0.48,0.6179112089
0.49,0.6187978434
0.50,0.6197291170
0.07,0.6205031260
0.51,0.6207533044
0.25,0.6208264967
0.26,0.6209383308
0.24,0.6210575852
0.27,0.6210765770
0.28,0.6212422761
0.23,0.6213127784
0.29,0.6214362136
0.22,0.6215902574
0.30,0.6216589451
0.21,0.6218876659
0.31,0.6219111724
0.52,0.6220952870
0.03,0.6221137832
0.32,0.6221932428
0.20,0.6222021437
0.08,0.6224292135
0.33,0.6225058343
0.19,0.6225296955
0.34,0.6228492602
0.18,0.6228653421
0.17,0.6232021758
0.35,0.6232241137
0.53,0.6234811594
0.16,0.6235308770
0.09,0.6235392098
0.36,0.6236307933
0.15,0.6238388712
0.37,0.6240698914
0.14,0.6241087891
0.10,0.6241328365
0.13,0.6243164217
0.11,0.6243907899
0.12,0.6244270865
0.38,0.6245419264
0.54,0.6249131366
0.39,0.6250475604
0.40,0.6255872709
0.41,0.6261619337
0.55,0.6263938202
0.42,0.6267722021
0.43,0.6274188805
0.56,0.6279256253
0.44,0.6281029293
0.45,0.6288253558
0.57,0.6295115026
0.46,0.6295871301
0.47,0.6303894273
0.58,0.6311545349
0.48,0.6312334956
0.49,0.6321206704
0.59,0.6328579053
0.50,0.6330525118
0.51,0.6340773234
0.60,0.6346253643
0.52,0.6354201241
0.53,0.6368068412
0.61,0.6370348804
0.54,0.6382396912
0.62,0.6394960751
0.55,0.6397212774
0.56,0.6412540162
0.04,0.6415173853
0.63,0.6420343073
0.01,0.6422837605
0.57,0.6428408601
0.58,0.6444848940
0.64,0.6446549105
0.59,0.6461893026
0.65,0.6473635339
0.60,0.6479578390
0.66,0.6501664452
0.61,0.6503688238
0.05,0.6515370397
0.62,0.6528315187
0.67,0.6530708271
0.63,0.6553712980
0.68,0.6560841117
0.06,0.6571476226
0.64,0.6579934987
0.69,0.6592151837
0.07,0.6604210907
0.65,0.6607037731
0.25,0.6607450536
0.26,0.6608570925
0.24,0.6609765652
0.27,0.6609955918
0.28,0.6611615944
0.23,0.6612322258
0.29,0.6613558871
0.22,0.6615102130
0.30,0.6615790264
0.21,0.6618081661
0.31,0.6618317156
0.32,0.6621143025
0.20,0.6621232198
0.08,0.6623507054
0.33,0.6624274665
0.19,0.6624513713
0.70,0.6624736091
0.71,0.6626973706
0.72,0.6627263021
0.73,0.6627552526
0.34,0.6627715212
0.74,0.6627843067
0.18,0.6627876326
0.75,0.6628133965
0.76,0.6628426047
0.77,0.6628717992
0.78,0.6629010628
0.79,0.6629303276
0.80,0.6629596443
0.17,0.6631250832
0.35,0.6631470612
0.16,0.6634543863
0.09,0.6634627343
0.66,0.6635083928
0.36,0.6635544855
0.15,0.6637629445
0.37,0.6639943877
0.14,0.6640333566
0.10,0.6640574481
0.13,0.6642413695
0.11,0.6643158738
0.12,0.6643522370
0.38,0.6644672872
0.39,0.6649738470
0.40,0.6655145459
0.41,0.6660902610
0.67,0.6664145451
25.00,0.6665301937
24.99,0.6665360661
24.98,0.6665418425
24.97,0.6665476237
24.96,0.6665535088
24.95,0.6665592989
24.94,0.6665650929
24.93,0.6665708924
24.92,0.6665767953
24.91,0.6665826041
24.90,0.6665884158
24.89,0.6665943325
24.88,0.6666001541
24.87,0.6666059797
24.86,0.6666119103
24.85,0.6666177453
24.84,0.6666236849
24.83,0.6666295294
24.82,0.6666353779
24.81,0.6666413314
24.80,0.6666471889
24.79,0.6666530513
24.78,0.6666590184
24.77,0.6666648899
24.76,0.6666708664
24.75,0.6666767470
24.74,0.6666826316
24.73,0.6666886222
24.72,0.6666945165
24.71,0.6667005161
0.42,0.6667016470
24.70,0.6667064199
24.69,0.6667124277
24.68,0.6667183406
24.67,0.6667243585
24.66,0.6667302812
24.65,0.6667363083
24.64,0.6667422395
24.63,0.6667482757
24.62,0.6667542171
24.61,0.6667602632
24.60,0.6667663138
24.59,0.6667722685
24.58,0.6667783283
24.57,0.6667842929
24.56,0.6667903619
24.55,0.6667963361
24.54,0.6668024145
24.53,0.6668084980
24.52,0.6668144862
24.51,0.6668205790
24.50,0.6668265770
24.49,0.6668326792
24.48,0.6668387861
24.47,0.6668447986
24.46,0.6668509153
24.45,0.6668570368
24.44,0.6668630629
24.43,0.6668691942
24.42,0.6668753297
24.41,0.6668813710
24.40,0.6668875159
24.39,0.6668936661
24.38,0.6668998221
24.37,0.6669058818
24.36,0.6669120466
24.35,0.6669182157
24.34,0.6669243907
24.33,0.6669304704
24.32,0.6669366543
24.31,0.6669428442
24.30,0.6669489386
24.29,0.6669551374
24.28,0.6669613410
24.27,0.6669675494
24.26,0.6669737631
24.25,0.6669799826
24.24,0.6669861059
24.23,0.6669923335
24.22,0.6669985680
24.21,0.6670048063
24.20,0.6670110489
24.19,0.6670171975
24.18,0.6670235508
24.17,0.6670297090
24.16,0.6670359721
24.15,0.6670422405
24.14,0.6670485138
24.13,0.6670547920
24.12,0.6670610746
24.11,0.6670673631
24.10,0.6670736554
24.09,0.6670799548
24.08,0.6670862569
24.07,0.6670925655
24.06,0.6670988791
24.05,0.6671051975
24.04,0.6671115210
24.03,0.6671178493
24.02,0.6671241837
24.01,0.6671305219
24.00,0.6671368656
23.99,0.6671432143
23.98,0.6671495680
23.97,0.6671559277
23.96,0.6671622913
23.95,0.6671686610
23.94,0.6671750356
23.93,0.6671814153
23.92,0.6671878999
23.91,0.6671941890
23.90,0.6672006843
23.89,0.6672070845
23.88,0.6672134908
23.87,0.6672199000
23.86,0.6672263165
23.85,0.6672327368
23.84,0.6672392634
23.83,0.6672456949
23.82,0.6672521315
23.81,0.6672585732
23.80,0.6672650201
23.79,0.6672715719
23.78,0.6672780300
23.77,0.6672844920
23.76,0.6672909613
23.75,0.6672975342
23.74,0.6673040131
23.73,0.6673104973
23.72,0.6673169855
23.71,0.6673235809
23.70,0.6673300795
23.69,0.6673365852
23.68,0.6673431950
0.43,0.6673495097
23.67,0.6673497112
23.66,0.6673562330
23.65,0.6673627588
23.64,0.6673693909
23.63,0.6673759273
23.62,0.6673825698
23.61,0.6673891175
23.60,0.6673956705
23.59,0.6674023303
23.58,0.6674088931
23.57,0.6674154634
23.56,0.6674221377
23.55,0.6674287184
23.54,0.6674354039
23.53,0.6674419945
23.52,0.6674486915
23.51,0.6674552927
23.50,0.6674619004
23.49,0.6674686138
23.48,0.6674753313
23.47,0.6674819553
23.46,0.6674886852
23.45,0.6674953192
23.44,0.6675020597
23.43,0.6675087059
23.42,0.6675154574
23.41,0.6675221145
23.40,0.6675288764
23.39,0.6675355445
23.38,0.6675423181
23.37,0.6675489975
23.36,0.6675557813
23.35,0.6675625715
23.34,0.6675693677
23.33,0.6675760691
23.32,0.6675828761
23.31,0.6675895889
23.30,0.6675964068
23.29,0.6676032299
23.28,0.6676099596
23.27,0.6676167953
23.26,0.6676236353
23.25,0.6676304818
23.24,0.6676372343
23.23,0.6676440919
23.22,0.6676509547
23.21,0.6676577242
23.20,0.6676645988
23.19,0.6676714793
23.18,0.6676783651
23.17,0.6676851577
23.16,0.6676920552
23.15,0.6676989588
23.14,0.6677058675
23.13,0.6677127825
23.12,0.6677197032
23.11,0.6677265291
23.10,0.6677334620
23.09,0.6677403999
23.08,0.6677473423
23.07,0.6677542924
23.06,0.6677612477
23.05,0.6677681091
23.04,0.6677750766
23.03,0.6677820485
23.02,0.6677890272
23.01,0.6677960121
23.00,0.6678030021
22.99,0.6678099983
22.98,0.6678170007
22.97,0.6678240092
22.96,0.6678310222
22.95,0.6678380420
22.94,0.6678450671
22.93,0.6678520993
22.92,0.6678591368
22.91,0.6678661805
22.90,0.6678732304
22.89,0.6678802849
22.88,0.6678873462
22.87,0.6678944129
22.86,0.6679014868
22.85,0.6679085659
22.84,0.6679157513
22.83,0.6679228429
22.82,0.6679299399
22.81,0.6679370432
22.80,0.6679441527
22.79,0.6679512675
22.78,0.6679583897
22.77,0.6679656166
22.76,0.6679727493
22.75,0.6679798895
22.74,0.6679870350
22.73,0.6679941869
22.72,0.6680013451
22.71,0.6680086087
22.70,0.6680157787
22.69,0.6680229551
22.68,0.6680301378
0.44,0.6680348111
22.67,0.6680374260
22.66,0.6680446206
22.65,0.6680518216
22.64,0.6680591290
22.63,0.6680663418
22.62,0.6680735611
22.61,0.6680808869
22.60,0.6680881180
22.59,0.6680953567
22.58,0.6681027009
22.57,0.6681099515
22.56,0.6681173076
22.55,0.6681245712
22.54,0.6681318403
22.53,0.6681392150
22.52,0.6681464971
22.51,0.6681538855
22.50,0.6681611798
22.49,0.6681684806
22.48,0.6681758879
22.47,0.6681832008
22.46,0.6681906213
22.45,0.6681979463
22.44,0.6682053790
22.43,0.6682128172
22.42,0.6682201631
22.41,0.6682275146
22.40,0.6682349717
22.39,0.6682424371
22.38,0.6682498075
22.37,0.6682572845
22.36,0.6682646682
22.35,0.6682721585
22.34,0.6682796545
22.33,0.6682870572
22.32,0.6682945674
22.31,0.6683019834
22.30,0.6683095053
22.29,0.6683170338
22.28,0.6683244691
22.27,0.6683320110
22.26,0.6683395604
22.25,0.6683471149
22.24,0.6683545761
22.23,0.6683621442
22.22,0.6683697190
22.21,0.6683773005
22.20,0.6683847886
22.19,0.6683923828
22.18,0.6683999838
22.17,0.6684075916
22.16,0.6684152060
22.15,0.6684227265
22.14,0.6684303538
22.13,0.6684379880
22.12,0.6684456290
22.11,0.6684532766
22.10,0.6684609315
22.09,0.6684685922
22.08,0.6684762596
22.07,0.6684838341
22.06,0.6684915155
22.05,0.6684992029
22.04,0.6685068979
22.03,0.6685145992
22.02,0.6685223074
22.01,0.6685300216
22.00,0.6685377435
21.99,0.6685454726
21.98,0.6685532068
21.97,0.6685609496
21.96,0.6685686988
21.95,0.6685764539
21.94,0.6685842169
21.93,0.6685920861
21.92,0.6685998624
21.91,0.6686076464
21.90,0.6686154358
21.89,0.6686232334
21.88,0.6686310377
21.87,0.6686388483
21.86,0.6686466659
21.85,0.6686544907
21.84,0.6686624217
21.83,0.6686702616
21.82,0.6686781069
21.81,0.6686859593
21.80,0.6686939196
21.79,0.6687017854
21.78,0.6687096601
21.77,0.6687175402
21.76,0.6687254284
21.75,0.6687334229
21.74,0.6687413246
21.73,0.6687492334
21.72,0.6687572496
0.45,0.6687585605
21.71,0.6687651728
21.70,0.6687731025
21.69,0.6687811403
21.68,0.6687890846
21.67,0.6687971369
21.66,0.6688050947
21.65,0.6688130617
21.64,0.6688211341
21.63,0.6688291147
21.62,0.6688371018
21.61,0.6688451970
21.60,0.6688531979
21.59,0.6688613079
21.58,0.6688693234
21.57,0.6688774481
21.56,0.6688854785
21.55,0.6688936161
21.54,0.6689017612
21.53,0.6689098146
21.52,0.6689179746
21.51,0.6689260418
21.50,0.6689341158
21.49,0.6689422979
21.48,0.6689504868
21.47,0.6689585849
21.46,0.6689667885
21.45,0.6689749999
21.44,0.6689831185
21.43,0.6689913449
21.42,0.6689995786
21.41,0.6690078199
21.40,0.6690159680
21.39,0.6690242243
21.38,0.6690324875
21.37,0.6690406591
21.36,0.6690489372
21.35,0.6690572232
21.34,0.6690655166
21.33,0.6690737175
21.32,0.6690820254
21.31,0.6690903418
21.30,0.6690986657
21.29,0.6691069966
21.28,0.6691153358
21.27,0.6691235818
21.26,0.6691319358
21.25,0.6691402972
21.24,0.6691486673
21.23,0.6691570435
21.22,0.6691654281
21.21,0.6691738205
21.20,0.6691822207
21.19,0.6691906278
21.18,0.6691990425
21.17,0.6692074660
21.16,0.6692158963
21.15,0.6692243347
21.14,0.6692327807
21.13,0.6692412355
21.12,0.6692496973
21.11,0.6692581660
21.10,0.6692666434
21.09,0.6692751288
21.08,0.6692836220
21.07,0.6692921223
21.06,0.6693007304
21.05,0.6693092473
21.04,0.6693177713
21.03,0.6693263041
21.02,0.6693348442
21.01,0.6693434920
21.00,0.6693520478
20.99,0.6693606116
20.98,0.6693691844
20.97,0.6693778643
20.96,0.6693864521
20.95,0.6693950473
20.94,0.6694036502
20.93,0.6694123622
20.92,0.6694209823
20.91,0.6694296105
0.68,0.6694296664
20.90,0.6694383468
20.89,0.6694469902
20.88,0.6694556428
20.87,0.6694644016
20.86,0.6694730704
20.85,0.6694817464
20.84,0.6694905315
20.83,0.6694992238
20.82,0.6695080243
20.81,0.6695167341
0.46,0.6695217298
20.80,0.6695255510
20.79,0.6695342762
20.78,0.6695431096
20.77,0.6695518512
20.76,0.6695607012
20.75,0.6695695593
20.74,0.6695783259
20.73,0.6695872006
20.72,0.6695959837
20.71,0.6696048751
20.70,0.6696136749
20.69,0.6696225829
20.68,0.6696314993
20.67,0.6696404232
20.66,0.6696492564
20.65,0.6696581980
20.64,0.6696671480
20.63,0.6696761064
20.62,0.6696849722
20.61,0.6696939475
20.60,0.6697029313
20.59,0.6697118225
20.58,0.6697208232
20.57,0.6697298324
20.56,0.6697388490
20.55,0.6697477761
20.54,0.6697569108
20.53,0.6697658531
20.52,0.6697749049
20.51,0.6697839643
20.50,0.6697930333
20.49,0.6698021108
20.48,0.6698111960
20.47,0.6698202916
20.46,0.6698293950
20.45,0.6698385060
20.44,0.6698476267
20.43,0.6698567561
20.42,0.6698658932
20.41,0.6698750407
20.40,0.6698841961
20.39,0.6698933603
20.38,0.6699025322
20.37,0.6699117138
20.36,0.6699209050
20.35,0.6699301042
20.34,0.6699393121
20.33,0.6699485288
20.32,0.6699578543
20.31,0.6699670895
20.30,0.6699763327
20.29,0.6699855838
20.28,0.6699949446
20.27,0.6700042162
20.26,0.6700134948
20.25,0.6700227824
20.24,0.6700321797
20.23,0.6700414851
20.22,0.6700508003
20.21,0.6700602236
20.20,0.6700695567
20.19,0.6700788989
20.18,0.6700883490
20.17,0.6700977102
20.16,0.6701070784
20.15,0.6701165566
20.14,0.6701259447
20.13,0.6701354411
20.12,0.6701448464
20.11,0.6701543608
20.10,0.6701637845
20.09,0.6701733180
20.08,0.6701827599
20.07,0.6701923109
20.06,0.6702018718
20.05,0.6702113421
20.04,0.6702209214
20.03,0.6702304091
20.02,0.6702400079
20.01,0.6702495140
20.00,0.6702591303
19.99,0.6702687567
19.98,0.6702782916
19.97,0.6702879366
19.96,0.6702975900
19.95,0.6703072526
19.94,0.6703168257
0.47,0.6703254962
19.93,0.6703265079
19.92,0.6703361986
19.91,0.6703459005
19.90,0.6703556100
19.89,0.6703653307
19.88,0.6703749600
19.87,0.6703846985
19.86,0.6703944466
19.85,0.6704042051
19.84,0.6704139721
19.83,0.6704237505
19.82,0.6704335373
19.81,0.6704432338
19.80,0.6704531397
19.79,0.6704628552
19.78,0.6704727812
19.77,0.6704825148
19.76,0.6704924609
19.75,0.6705023157
19.74,0.6705121791
19.73,0.6705220530
19.72,0.6705319376
19.71,0.6705418309
19.70,0.6705517338
19.69,0.6705616465
19.68,0.6705715698
19.67,0.6705816028
19.66,0.6705915455
19.65,0.6706014980
19.64,0.6706114613
19.63,0.6706215323
19.62,0.6706315151
19.61,0.6706415077
19.60,0.6706515100
19.59,0.6706616224
19.58,0.6706716444
19.57,0.6706816774
19.56,0.6706918202
19.55,0.6707018720
19.54,0.6707120335
19.53,0.6707221071
0.81,0.6707322127
19.52,0.6707322896
19.51,0.6707423821
19.50,0.6707524845
19.49,0.6707626979
19.48,0.6707728212
19.47,0.6707830557
19.46,0.6707931982
19.45,0.6708034516
19.44,0.6708136162
19.43,0.6708238908
19.42,0.6708341756
19.41,0.6708443704
25.00,0.6708464756
24.99,0.6708528912
19.40,0.6708546754
24.98,0.6708592110
19.39,0.6708649915
24.97,0.6708655358
24.96,0.6708719653
19.38,0.6708752168
24.95,0.6708782999
24.94,0.6708846390
19.37,0.6708855533
24.93,0.6708909843
19.36,0.6708959009
24.92,0.6708974333
24.91,0.6709037883
19.35,0.6709061577
24.90,0.6709101468
19.34,0.6709165248
24.89,0.6709166107
24.88,0.6709229801
19.33,0.6709269031
24.87,0.6709293541
24.86,0.6709358335
19.32,0.6709372907
24.85,0.6709422173
19.31,0.6709475896
24.84,0.6709487065
24.83,0.6709551012
19.30,0.6709579997
24.82,0.6709615001
24.81,0.6709680048
19.29,0.6709684191
24.80,0.6709744137
19.28,0.6709788498
24.79,0.6709808281
24.78,0.6709873473
19.27,0.6709892909
24.77,0.6709937717
19.26,0.6709997423
24.76,0.6710003014
24.75,0.6710067357
19.25,0.6710102052
24.74,0.6710131743
24.73,0.6710197194
19.24,0.6710206774
24.72,0.6710261686
19.23,0.6710310610
24.71,0.6710327240
24.70,0.6710391833
19.22,0.6710415549
24.69,0.6710457477
19.21,0.6710520594
24.68,0.6710522176
24.67,0.6710587929
19.20,0.6710625753
24.66,0.6710652730
24.65,0.6710718584
19.19,0.6710732007
24.64,0.6710783483
19.18,0.6710836376
24.63,0.6710849438
24.62,0.6710914445
19.17,0.6710942859
24.61,0.6710980510
24.60,0.6711046618
19.16,0.6711048437
24.59,0.6711111778
19.15,0.6711154132
24.58,0.6711177989
24.57,0.6711243256
19.14,0.6711259922
24.56,0.6711309571
19.13,0.6711365827
24.55,0.6711374939
24.54,0.6711441355
19.12,0.6711471838
24.53,0.6711507827
24.52,0.6711573351
19.11,0.6711577965
24.51,0.6711639928
19.10,0.6711684199
24.50,0.6711705559
0.48,0.6711711102
24.49,0.6711772239
19.09,0.6711790549
24.48,0.6711838969
19.08,0.6711897995
24.47,0.6711904758
24.46,0.6711971595
19.07,0.6712004558
24.45,0.6712038487
24.44,0.6712104427
19.06,0.6712111218
24.43,0.6712171424
19.05,0.6712217995
24.42,0.6712238467
24.41,0.6712304573
19.04,0.6712325889
24.40,0.6712371723
19.03,0.6712432881
24.39,0.6712438928
24.38,0.6712506198
19.02,0.6712539990
24.37,0.6712572505
24.36,0.6712639872
19.01,0.6712648207
24.35,0.6712707286
19.00,0.6712755542
24.34,0.6712774763
24.33,0.6712841290
18.99,0.6712862984
24.32,0.6712908865
18.98,0.6712971536
24.31,0.6712976507
24.30,0.6713043197
18.97,0.6713079196
24.29,0.6713110932
24.28,0.6713178724
18.96,0.6713187964
24.27,0.6713246569
18.95,0.6713295851
24.26,0.6713314469
24.25,0.6713382435
18.94,0.6713403848
24.24,0.6713449445
18.93,0.6713512952
24.23,0.6713517500
24.22,0.6713585627
18.92,0.6713622177
24.21,0.6713653799
24.20,0.6713722021
18.91,0.6713730501
24.19,0.6713789304
18.90,0.6713839955
24.18,0.6713858640
24.17,0.6713926030
18.89,0.6713948509
24.16,0.6713994474
18.88,0.6714058183
24.15,0.6714062979
24.14,0.6714131535
18.87,0.6714167967
24.13,0.6714200141
24.12,0.6714268798
18.86,0.6714276871
24.11,0.6714337522
18.85,0.6714386876
24.10,0.6714406286
24.09,0.6714475127
18.84,0.6714496001
24.08,0.6714544003
18.83,0.6714606238
24.07,0.6714612944
24.06,0.6714681940
18.82,0.6714716595
24.05,0.6714750990
24.04,0.6714820097
18.81,0.6714826065
24.03,0.6714889255
18.80,0.6714936645
24.02,0.6714958481
24.01,0.6715027752
18.79,0.6715047338
24.00,0.6715097079
18.78,0.6715158152
23.99,0.6715166460
23.98,0.6715235895
18.77,0.6715268078
23.97,0.6715305399
23.96,0.6715374950
18.76,0.6715379126
23.95,0.6715444563
18.75,0.6715490277
23.94,0.6715514227
23.93,0.6715583949
18.74,0.6715601550
23.92,0.6715654727
18.73,0.6715712947
23.91,0.6715723552
23.90,0.6715794445
18.72,0.6715824445
23.89,0.6715864391
23.88,0.6715934404
18.71,0.6715936068
23.87,0.6716004454
18.70,0.6716046804
23.86,0.6716074578
23.85,0.6716144747
18.69,0.6716158663
23.84,0.6716215982
18.68,0.6716270645
23.83,0.6716286273
23.82,0.6716356621
18.67,0.6716383722
23.81,0.6716427022
18.66,0.6716494933
23.80,0.6716497478
23.79,0.6716568990
18.65,0.6716608258
23.78,0.6716639576
23.77,0.6716710199
18.64,0.6716719698
23.76,0.6716780903
18.63,0.6716833272
23.75,0.6716852649
23.74,0.6716923457
18.62,0.6716945941
23.73,0.6716994326
18.61,0.6717058745
23.72,0.6717065235
23.71,0.6717137226
18.60,0.6717171654
23.70,0.6717208253
23.69,0.6717279355
18.59,0.6717284699
23.68,0.6717351504
18.58,0.6717397849
23.67,0.6717422720
23.66,0.6717493999
18.57,0.6717511125
23.65,0.6717565323
18.56,0.6717625508
23.64,0.6717637716
23.63,0.6717709156
18.55,0.6717739026
23.62,0.6717781666
18.54,0.6717852661
23.61,0.6717853229
23.60,0.6717924847
18.53,0.6717966412
23.59,0.6717997545
23.58,0.6718069270
18.52,0.6718081280
23.57,0.6718141082
18.51,0.6718195285
23.56,0.6718213937
23.55,0.6718285862
18.50,0.6718309398
23.54,0.6718358840
18.49,0.6718424637
23.53,0.6718430872
23.52,0.6718503979
18.48,0.6718538984
23.51,0.6718576127
23.50,0.6718648343
18.47,0.6718653469
23.49,0.6718721629
18.46,0.6718769082
23.48,0.6718794956
23.47,0.6718867352
18.45,0.6718883793
23.46,0.6718940819
18.44,0.6718998642
23.45,0.6719013324
23.44,0.6719086906
18.43,0.6719114600
23.43,0.6719159548
18.42,0.6719229697
23.42,0.6719233248
23.41,0.6719306007
18.41,0.6719345912
23.40,0.6719379822
23.39,0.6719452700
18.40,0.6719462247
23.38,0.6719526646
18.39,0.6719577711
23.37,0.6719599651
23.36,0.6719673704
18.38,0.6719694295
23.35,0.6719747828
18.37,0.6719810998
23.34,0.6719822018
23.33,0.6719895262
18.36,0.6719926831
23.32,0.6719969569
23.31,0.6720042943
18.35,0.6720043785
23.30,0.6720117368
18.34,0.6720159859
23.29,0.6720191847
23.28,0.6720265406
18.33,0.6720277063
23.27,0.6720340025
18.32,0.6720394399
23.26,0.6720414695
23.25,0.6720489434
18.31,0.6720510845
23.24,0.6720563237
0.49,0.6720599097
18.30,0.6720628432
23.23,0.6720638100
23.22,0.6720713017
18.29,0.6720746141
23.21,0.6720787008
23.20,0.6720862053
18.28,0.6720863971
23.19,0.6720937167
18.27,0.6720980924
23.18,0.6721012333
23.17,0.6721086578
18.26,0.6721099008
23.16,0.6721161876
18.25,0.6721217214
23.15,0.6721237241
23.14,0.6721312659
18.24,0.6721335553
23.13,0.6721388147
18.23,0.6721454014
23.12,0.6721463700
23.11,0.6721538307
18.22,0.6721572608
23.10,0.6721613991
23.09,0.6721689730
18.21,0.6721691326
23.08,0.6721765518
18.20,0.6721809177
23.07,0.6721841392
23.06,0.6721917319
18.19,0.6721929150
23.05,0.6721992313
18.18,0.6722047238
23.04,0.6722068376
23.03,0.6722144490
18.17,0.6722167470
23.02,0.6722220675
18.16,0.6722286835
23.01,0.6722296927
23.00,0.6722373236
18.15,0.6722406325
22.99,0.6722449611
18.14,0.6722525940
22.98,0.6722526055
22.97,0.6722602563
18.13,0.6722645690
22.96,0.6722679129
22.95,0.6722755760
18.12,0.6722765564
22.94,0.6722832456
18.11,0.6722885563
22.93,0.6722909225
18.10,0.6723005698
22.92,0.6723011570
22.91,0.6723086735
18.09,0.6723126967
22.90,0.6723161968
22.89,0.6723237246
18.08,0.6723247364
22.88,0.6723312605
18.07,0.6723367887
22.87,0.6723388017
22.86,0.6723463507
18.06,0.6723488546
22.85,0.6723539050
18.05,0.6723609331
22.84,0.6723615664
22.83,0.6723691345
18.04,0.6723731253
22.82,0.6723767078
22.81,0.6723842882
18.03,0.6723852312
22.80,0.6723918754
18.02,0.6723974497
22.79,0.6723994679
22.78,0.6724070689
18.01,0.6724095810
22.77,0.6724147740
18.00,0.6724217261
22.76,0.6724223862
22.75,0.6724300059
17.99,0.6724339840
22.74,0.6724376311
22.73,0.6724452636
17.98,0.6724461556
22.72,0.6724529025
17.97,0.6724584401
22.71,0.6724606477
22.70,0.6724682989
17.96,0.6724706385
22.69,0.6724759578
17.95,0.6724829496
22.68,0.6724836227
22.67,0.6724913940
17.94,0.6724951747
22.66,0.6724990719
22.65,0.6725067566
17.93,0.6725075128
22.64,0.6725145485
17.92,0.6725197646
22.63,0.6725222459
22.62,0.6725299502
17.91,0.6725321295
22.61,0.6725377616
17.90,0.6725444084
22.60,0.6725454783
22.59,0.6725532033
17.89,0.6725568002
22.58,0.6725610344
0.69,0.6725626470
22.57,0.6725687720
17.88,0.6725692061
22.56,0.6725766156
17.87,0.6725816250
22.55,0.6725843674
22.54,0.6725921252
17.86,0.6725939593
22.53,0.6725999888
17.85,0.6726064053
22.52,0.6726077602
22.51,0.6726156382
17.84,0.6726187656
22.50,0.6726234227
22.49,0.6726312141
17.83,0.6726312399
22.48,0.6726391122
17.82,0.6726437266
22.47,0.6726469170
22.46,0.6726548292
17.81,0.6726562282
22.45,0.6726626467
17.80,0.6726687432
22.44,0.6726705721
22.43,0.6726785033
17.79,0.6726811724
22.42,0.6726863429
17.78,0.6726938149
22.41,0.6726941884
22.40,0.6727021401
17.77,0.6727062715
22.39,0.6727101004
22.38,0.6727179663
17.76,0.6727188415
22.37,0.6727259393
17.75,0.6727314259
22.36,0.6727338191
22.35,0.6727418063
17.74,0.6727440248
22.34,0.6727497991
17.73,0.6727566367
22.33,0.6727576993
22.32,0.6727657080
17.72,0.6727693623
22.31,0.6727736220
22.30,0.6727816431
17.71,0.6727819022
22.29,0.6727896709
17.70,0.6727946565
22.28,0.6727976060
22.27,0.6728056484
17.69,0.6728073244
22.26,0.6728136983
17.68,0.6728199057
22.25,0.6728217539
22.24,0.6728297168
17.67,0.6728327015
22.23,0.6728377866
17.66,0.6728454130
22.22,0.6728458643
22.21,0.6728539482
17.65,0.6728581368
22.20,0.6728619399
22.19,0.6728700381
17.64,0.6728708753
22.18,0.6728781432
17.63,0.6728837285
22.17,0.6728862559
22.16,0.6728943752
17.62,0.6728964953
22.15,0.6729024016
17.61,0.6729092767
22.14,0.6729105348
22.13,0.6729186757
17.60,0.6729220729
22.12,0.6729268234
22.11,0.6729349788
17.59,0.6729349817
22.10,0.6729431416
17.58,0.6729478074
22.09,0.6729513102
22.08,0.6729594866
17.57,0.6729606457
22.07,0.6729675704
17.56,0.6729735978
22.06,0.6729757615
22.05,0.6729839591
17.55,0.6729864658
22.04,0.6729921644
0.50,0.6729934574
17.54,0.6729994465
22.03,0.6730003773
22.02,0.6730085970
17.53,0.6730123443
22.01,0.6730168228
22.00,0.6730250574
17.52,0.6730253547
21.99,0.6730332993
17.51,0.6730382791
21.98,0.6730415470
21.97,0.6730498039
17.50,0.6730513195
21.96,0.6730580670
17.49,0.6730643737
21.95,0.6730663368
21.94,0.6730746156
17.48,0.6730773431
21.93,0.6730830000
17.47,0.6730904264
21.92,0.6730912928
21.91,0.6730995934
17.46,0.6731035259
21.90,0.6731078999
21.89,0.6731162151
17.45,0.6731165381
21.88,0.6731245371
17.44,0.6731296658
21.87,0.6731328667
21.86,0.6731412033
17.43,0.6731428084
21.85,0.6731495470
17.42,0.6731558661
21.84,0.6731579983
21.83,0.6731663584
17.41,0.6731690370
21.82,0.6731747244
17.40,0.6731822252
21.81,0.6731830982
21.80,0.6731915806
17.39,0.6731954276
21.79,0.6731999685
21.78,0.6732083662
17.38,0.6732086441
21.77,0.6732167696
17.37,0.6732218759
21.76,0.6732251810
21.75,0.6732337001
17.36,0.6732350210
21.74,0.6732421263
17.35,0.6732483834
21.73,0.6732505601
21.72,0.6732591021
17.34,0.6732615603
21.71,0.6732675515
17.33,0.6732749514
21.70,0.6732760077
21.69,0.6732845725
17.32,0.6732881589
21.68,0.6732930443
17.31,0.6733014798
21.67,0.6733016248
21.66,0.6733101108
17.30,0.6733148173
21.65,0.6733186071
21.64,0.6733272090
17.29,0.6733281692
21.63,0.6733357195
17.28,0.6733416354
21.62,0.6733442368
21.61,0.6733528633
17.27,0.6733550185
21.60,0.6733613953
17.26,0.6733684170
21.59,0.6733700373
21.58,0.6733785853
17.25,0.6733818301
21.57,0.6733872431
17.24,0.6733952577
21.56,0.6733958065
21.55,0.6734044779
17.23,0.6734087011
21.54,0.6734131575
21.53,0.6734217457
17.22,0.6734222610
21.52,0.6734304411
17.21,0.6734357345
21.51,0.6734390441
21.50,0.6734476542
17.20,0.6734493240
21.49,0.6734563731
17.19,0.6734628291
21.48,0.6734650993
21.47,0.6734737355
17.18,0.6734763501
21.46,0.6734824772
17.17,0.6734899868
21.45,0.6734912272
21.44,0.6734998856
17.16,0.6735035381
21.43,0.6735086514
17.15,0.6735171055
21.42,0.6735174255
21.41,0.6735262075
17.14,0.6735307889
21.40,0.6735348969
21.39,0.6735436951
17.13,0.6735443880
21.38,0.6735525007
17.12,0.6735581021
21.37,0.6735612150
21.36,0.6735700363
17.11,0.6735718321
21.35,0.6735788659
17.10,0.6735854769
21.34,0.6735877040
21.33,0.6735964496
17.09,0.6735992380
21.32,0.6736053024
17.08,0.6736129151
21.31,0.6736141647
21.30,0.6736230353
17.07,0.6736267083
21.29,0.6736319128
17.06,0.6736405177
21.28,0.6736407995
21.27,0.6736495932
17.05,0.6736542431
21.26,0.6736584957
21.25,0.6736674056
17.04,0.6736680825
21.24,0.6736763254
17.03,0.6736819393
21.23,0.6736852513
21.22,0.6736941862
17.02,0.6736958123
21.21,0.6737031296
17.01,0.6737096015
21.20,0.6737120814
21.19,0.6737210406
17.00,0.6737235060
21.18,0.6737300075
16.99,0.6737374268
21.17,0.6737389839
21.16,0.6737479682
16.98,0.6737513628
21.15,0.6737569600
16.97,0.6737653162
21.14,0.6737659607
21.13,0.6737749707
16.96,0.6737792852
21.12,0.6737839882
21.11,0.6737930128
16.95,0.6737932704
21.10,0.6738020467
16.94,0.6738072720
21.09,0.6738110893
21.08,0.6738201402
16.93,0.6738212901
21.07,0.6738291986
16.92,0.6738353238
21.06,0.6738383653
21.05,0.6738474417
16.91,0.6738493740
21.04,0.6738565252
16.90,0.6738634407
21.03,0.6738656188
21.02,0.6738747191
16.89,0.6738775240
21.01,0.6738839282
16.88,0.6738916229
21.00,0.6738930462
20.99,0.6739021724
16.87,0.6739058385
20.98,0.6739113080
16.86,0.6739199708
20.97,0.6739205517
20.96,0.6739297033
16.85,0.6739341206
20.95,0.6739388630
20.94,0.6739480308
16.84,0.6739482866
20.93,0.6739573087
16.83,0.6739625691
20.92,0.6739664946
20.91,0.6739756896
16.82,0.6739767673
20.90,0.6739849930
16.81,0.6739910824
20.89,0.6739942044
20.88,0.6740034252
16.80,0.6740053142
20.87,0.6740127527
16.79,0.6740195631
0.51,0.6740201458
20.86,0.6740219909
20.85,0.6740312368
16.78,0.6740339291
20.84,0.6740405921
16.77,0.6740482117
20.83,0.6740498556
20.82,0.6740592274
16.76,0.6740626102
20.81,0.6740685096
16.75,0.6740769259
20.80,0.6740778990
20.79,0.6740871973
16.74,0.6740913597
20.78,0.6740966043
16.73,0.6741057095
20.77,0.6741059202
20.76,0.6741153450
16.72,0.6741201764
20.75,0.6741247782
20.74,0.6741341209
16.71,0.6741346593
20.73,0.6741435718
16.70,0.6741491616
20.72,0.6741529321
20.71,0.6741624010
16.69,0.6741635789
20.70,0.6741717788
16.68,0.6741781134
20.69,0.6741812654
20.68,0.6741907611
16.67,0.6741926663
20.67,0.6742002647
16.66,0.6742071354
20.66,0.6742096783
20.65,0.6742192005
16.65,0.6742217208
20.64,0.6742287321
16.64,0.6742363257
20.63,0.6742382723
20.62,0.6742477210
16.63,0.6742509456
20.61,0.6742572792
16.62,0.6742655845
20.60,0.6742668465
20.59,0.6742763219
16.61,0.6742802403
20.58,0.6742859072
16.60,0.6742949117
20.57,0.6742955019
20.56,0.6743051045
16.59,0.6743096038
20.55,0.6743146181
16.58,0.6743243102
20.54,0.6743243400
20.53,0.6743338695
16.57,0.6743390364
20.52,0.6743435097
20.51,0.6743531576
16.56,0.6743537790
20.50,0.6743628162
16.55,0.6743685394
20.49,0.6743724834
20.48,0.6743821589
16.54,0.6743833162
20.47,0.6743918455
16.53,0.6743981130
20.46,0.6744015404
20.45,0.6744112441
16.52,0.6744130253
20.44,0.6744209569
16.51,0.6744278565
20.43,0.6744306796
20.42,0.6744404107
16.50,0.6744427043
20.41,0.6744501529
16.49,0.6744575722
20.40,0.6744599033
20.39,0.6744696628
16.48,0.6744725556
20.38,0.6744794309
16.47,0.6744874572
20.37,0.6744892091
20.36,0.6744989978
16.46,0.6745024765
20.35,0.6745087948
16.45,0.6745174151
20.34,0.6745186014
20.33,0.6745284171
16.44,0.6745324705
20.32,0.6745383421
16.43,0.6745474436
20.31,0.6745481780
20.30,0.6745580219
16.42,0.6745624363
20.29,0.6745678743
16.41,0.6745775446
20.28,0.6745778372
20.27,0.6745877113
16.40,0.6745925733
20.26,0.6745975932
20.25,0.6746074843
16.39,0.6746077193
20.24,0.6746174862
16.38,0.6746228830
20.23,0.6746273966
20.22,0.6746373170
16.37,0.6746380653
20.21,0.6746473465
16.36,0.6746531659
20.20,0.6746572864
20.19,0.6746672359
16.35,0.6746683845
20.18,0.6746772937
16.34,0.6746836215
20.17,0.6746872635
20.16,0.6746972408
16.33,0.6746988771
20.15,0.6747073291
16.32,0.6747140520
20.14,0.6747173272
20.13,0.6747274347
16.31,0.6747293430
20.12,0.6747374511
16.30,0.6747446539
20.11,0.6747475780
20.10,0.6747576139
16.29,0.6747599831
20.09,0.6747677612
16.28,0.6747753309
20.08,0.6747778172
20.07,0.6747879825
16.27,0.6747906982
20.06,0.6747981589
16.26,0.6748060818
20.05,0.6748082446
20.04,0.6748184400
16.25,0.6748214855
20.03,0.6748285448
16.24,0.6748369087
20.02,0.6748387610
20.01,0.6748488855
16.23,0.6748523495
20.00,0.6748591203
16.22,0.6748678092
19.99,0.6748693662
19.98,0.6748795212
16.21,0.6748832887
19.97,0.6748897865
16.20,0.6748988859
19.96,0.6749000615
19.95,0.6749103458
16.19,0.6749144006
19.94,0.6749205415
16.18,0.6749299366
19.93,0.6749308468
19.92,0.6749411609
16.17,0.6749454905
19.91,0.6749514873
16.16,0.6749610642
19.90,0.6749618216
19.89,0.6749721683
16.15,0.6749767560
19.88,0.6749824232
16.14,0.6749923678
19.87,0.6749927889
19.86,0.6750031642
16.13,0.6750080987
19.85,0.6750135509
16.12,0.6750237476
19.84,0.6750239463
19.83,0.6750343542
16.11,0.6750395167
19.82,0.6750447713
19.81,0.6750550979
16.10,0.6750552048
19.80,0.6750656352
16.09,0.6750710122
19.79,0.6750759827
19.78,0.6750865407
16.08,0.6750867389
19.77,0.6750969076
16.07,0.6751025848
19.76,0.6751074875
19.75,0.6751179768
16.06,0.6751184500
19.74,0.6751284754
16.05,0.6751343345
19.73,0.6751389848
19.72,0.6751495057
16.04,0.6751501399
19.71,0.6751600355
16.03,0.6751660636
19.70,0.6751705759
19.69,0.6751811267
16.02,0.6751820070
19.68,0.6751916892
16.01,0.6751978703
19.67,0.6752023617
19.66,0.6752129445
16.00,0.6752138530
19.65,0.6752235376
15.99,0.6752298554
19.64,0.6752341424
19.63,0.6752448555
15.98,0.6752458781
19.62,0.6752554807
15.97,0.6752619197
19.61,0.6752661169
19.60,0.6752767630
15.96,0.6752779809
19.59,0.6752875202
15.95,0.6752940626
19.58,0.6752981872
19.57,0.6753088662
15.94,0.6753101645
19.56,0.6753196557
15.93,0.6753262857
19.55,0.6753303549
19.54,0.6753411643
15.92,0.6753425270
19.53,0.6753518865
15.91,0.6753585889
19.52,0.6753627183
0.52,0.6753654054
19.51,0.6753734605
15.90,0.6753747700
19.50,0.6753842133
15.89,0.6753910718
19.49,0.6753950783
19.48,0.6754058534
15.88,0.6754072935
19.47,0.6754167400
15.87,0.6754235357
19.46,0.6754275360
19.45,0.6754384430
15.86,0.6754398985
19.44,0.6754492623
15.85,0.6754561796
19.43,0.6754601922
19.42,0.6754711329
15.84,0.6754724826
19.41,0.6754819841
15.83,0.6754889059
19.40,0.6754929463
19.39,0.6755039202
15.82,0.6755052503
19.38,0.6755148040
15.81,0.6755217133
19.37,0.6755257995
19.36,0.6755368072
15.80,0.6755380983
19.35,0.6755477243
15.79,0.6755546037
19.34,0.6755587527
19.33,0.6755697931
15.78,0.6755711292
19.32,0.6755808428
15.77,0.6755875754
19.31,0.6755918050
19.30,0.6756028790
15.76,0.6756041428
19.29,0.6756139634
15.75,0.6756206309
19.28,0.6756250594
19.27,0.6756361663
15.74,0.6756372395
19.26,0.6756472845
15.73,0.6756538685
19.25,0.6756584149
19.24,0.6756695548
15.72,0.6756705183
19.23,0.6756806070
15.71,0.6756871886
19.22,0.6756917705
19.21,0.6757029450
15.70,0.6757038807
19.20,0.6757141314
15.69,0.6757204934
19.19,0.6757254288
19.18,0.6757365375
15.68,0.6757373270
19.17,0.6757478590
15.67,0.6757539823
19.16,0.6757590904
19.15,0.6757703341
15.66,0.6757707586
19.14,0.6757815881
15.65,0.6757876564
19.13,0.6757928540
19.12,0.6758041315
15.64,0.6758043745
19.11,0.6758154213
15.63,0.6758213145
0.70,0.6758230585
19.10,0.6758267221
19.09,0.6758380357
15.62,0.6758381752
19.08,0.6758494596
15.61,0.6758550573
19.07,0.6758607957
15.60,0.6758719615
19.06,0.6758721421
19.05,0.6758835009
15.59,0.6758889866
19.04,0.6758949726
15.58,0.6759059331
19.03,0.6759063546
19.02,0.6759177485
15.57,0.6759230009
19.01,0.6759292543
15.56,0.6759399916
19.00,0.6759406730
18.99,0.6759521027
15.55,0.6759570018
18.98,0.6759636438
15.54,0.6759741362
18.97,0.6759750970
18.96,0.6759866615
15.53,0.6759911904
18.95,0.6759981387
15.52,0.6760083675
18.94,0.6760096272
18.93,0.6760212275
15.51,0.6760254653
18.92,0.6760328406
15.50,0.6760426856
18.91,0.6760443639
0.71,0.6760469564
18.90,0.6760560019
15.49,0.6760598274
18.89,0.6760675500
0.72,0.6760759056
15.48,0.6760770918
18.88,0.6760792106
18.87,0.6760908831
15.47,0.6760943782
18.86,0.6761024684
0.73,0.6761048737
15.46,0.6761116859
18.85,0.6761141647
18.84,0.6761257735
15.45,0.6761289163
0.74,0.6761339455
18.83,0.6761374942
15.44,0.6761462686
18.82,0.6761492277
18.81,0.6761608733
0.75,0.6761630530
15.43,0.6761636436
18.80,0.6761726307
15.42,0.6761810397
18.79,0.6761844001
0.76,0.6761922791
18.78,0.6761961821
15.41,0.6761984586
18.77,0.6762078759
15.40,0.6762159005
18.76,0.6762196833
0.77,0.6762214914
18.75,0.6762315014
15.39,0.6762333642
18.74,0.6762433324
0.78,0.6762507728
15.38,0.6762508502
18.73,0.6762551765
18.72,0.6762670313
15.37,0.6762683590
18.71,0.6762788995
0.79,0.6762800554
15.36,0.6762858910
18.70,0.6762906799
18.69,0.6763025731
15.35,0.6763034443
0.80,0.6763093900
18.68,0.6763144795
15.34,0.6763211208
18.67,0.6763264964
18.66,0.6763383271
15.33,0.6763387203
18.65,0.6763503700
15.32,0.6763563423
18.64,0.6763622252
15.31,0.6763740867
18.63,0.6763742947
18.62,0.6763862742
15.30,0.6763917545
18.61,0.6763982680
15.29,0.6764094446
18.60,0.6764102730
18.59,0.6764222927
15.28,0.6764272582
18.58,0.6764343231
15.27,0.6764449943
18.57,0.6764463677
18.56,0.6764585227
15.26,0.6764628532
18.55,0.6764705928
15.25,0.6764806366
18.54,0.6764826752
18.53,0.6764947700
15.24,0.6764985416
18.52,0.6765069770
15.23,0.6765163705
18.51,0.6765190983
18.50,0.6765312317
15.22,0.6765343230
18.49,0.6765434782
15.21,0.6765522974
18.48,0.6765556362
18.47,0.6765678090
15.20,0.6765702964
18.46,0.6765800955
15.19,0.6765882176
18.45,0.6765922919
18.44,0.6766045037
15.18,0.6766062635
18.43,0.6766168264
15.17,0.6766243326
18.42,0.6766290642
18.41,0.6766414147
15.16,0.6766424248
18.40,0.6766537780
15.15,0.6766605418
18.39,0.6766660544
18.38,0.6766784442
15.14,0.6766786811
18.37,0.6766908468
15.13,0.6766968437
18.36,0.6767031627
15.12,0.6767150313
18.35,0.6767155917
18.34,0.6767279332
15.11,0.6767332423
18.33,0.6767403892
15.10,0.6767514775
18.32,0.6767528584
0.53,0.6767546619
18.31,0.6767652396
15.09,0.6767698354
18.30,0.6767777363
15.08,0.6767881185
18.29,0.6767902452
18.28,0.6768027675
15.07,0.6768064250
18.27,0.6768152023
15.06,0.6768247561
18.26,0.6768277517
18.25,0.6768403140
15.05,0.6768432108
18.24,0.6768528901
15.04,0.6768615902
18.23,0.6768654796
18.22,0.6768780825
15.03,0.6768800941
18.21,0.6768906995
15.02,0.6768985218
18.20,0.6769032299
18.19,0.6769159739
15.01,0.6769170732
18.18,0.6769285296
15.00,0.6769355495
18.17,0.6769413006
18.16,0.6769539862
14.99,0.6769541514
18.15,0.6769666847
14.98,0.6769727766
18.14,0.6769793969
14.97,0.6769913266
18.13,0.6769921234
18.12,0.6770048626
14.96,0.6770100006
18.11,0.6770176153
14.95,0.6770287005
18.10,0.6770303825
18.09,0.6770432640
14.94,0.6770474248
18.08,0.6770560592
14.93,0.6770660731
18.07,0.6770688674
18.06,0.6770816905
14.92,0.6770849466
18.05,0.6770945266
14.91,0.6771036446
18.04,0.6771074776
18.03,0.6771203434
14.90,0.6771225688
18.02,0.6771333219
14.89,0.6771413172
18.01,0.6771462144
18.00,0.6771591218
14.88,0.6771601902
17.99,0.6771721422
14.87,0.6771791896
17.98,0.6771850777
14.86,0.6771980133
17.97,0.6771981268
17.96,0.6772110906
14.85,0.6772170619
17.95,0.6772241679
14.84,0.6772360370
17.94,0.6772371601
17.93,0.6772502660
14.83,0.6772551360
17.92,0.6772632864
14.82,0.6772741614
17.91,0.6772764210
17.90,0.6772894700
14.81,0.6772932126
17.89,0.6773026336
14.80,0.6773122887
17.88,0.6773158115
17.87,0.6773290034
14.79,0.6773314899
17.86,0.6773421116
14.78,0.6773506168
17.85,0.6773553322
17.84,0.6773684682
14.77,0.6773698697
17.83,0.6773817190
14.76,0.6773891497
17.82,0.6773949828
17.81,0.6774082627
14.75,0.6774083538
17.80,0.6774215566
14.74,0.6774276851
17.79,0.6774347658
14.73,0.6774469415
17.78,0.6774481892
17.77,0.6774614275
14.72,0.6774664231
17.76,0.6774747802
14.71,0.6774857322
17.75,0.6774881476
17.74,0.6775015309
14.70,0.6775051667
17.73,0.6775149278
14.69,0.6775246274
17.72,0.6775284397
17.71,0.6775417662
14.68,0.6775441138
17.70,0.6775553081
14.67,0.6775636276
17.69,0.6775687647
17.68,0.6775821356
14.66,0.6775831679
17.67,0.6775957215
14.65,0.6776027339
17.66,0.6776092245
14.64,0.6776223258
17.65,0.6776227406
17.64,0.6776362720
14.63,0.6776419452
17.63,0.6776499189
14.62,0.6776616914
17.62,0.6776634810
17.61,0.6776770579
14.61,0.6776813626
17.60,0.6776906506
14.60,0.6777010627
17.59,0.6777043572
17.58,0.6777179813
14.59,0.6777208878
17.57,0.6777316186
14.58,0.6777406417
17.56,0.6777453710
17.55,0.6777590404
14.57,0.6777604209
17.54,0.6777728226
14.56,0.6777803271
17.53,0.6777865237
14.55,0.6778001607
17.52,0.6778003378
17.51,0.6778140669
14.54,0.6778201214
17.50,0.6778279130
14.53,0.6778401093
17.49,0.6778417737
17.48,0.6778555506
14.52,0.6778600238
17.47,0.6778694421
14.51,0.6778800667
17.46,0.6778833509
17.45,0.6778971731
14.50,0.6779001369
17.44,0.6779111121
14.49,0.6779202337
17.43,0.6779250664
17.42,0.6779389373
14.48,0.6779403591
17.41,0.6779529224
14.47,0.6779605104
17.40,0.6779669253
14.46,0.6779806901
17.39,0.6779809434
17.38,0.6779949766
14.45,0.6780007977
17.37,0.6780090259
14.44,0.6780211330
17.36,0.6780229892
17.35,0.6780371716
14.43,0.6780413954
17.34,0.6780511687
14.42,0.6780616856
17.33,0.6780653809
17.32,0.6780794106
14.41,0.6780820049
17.31,0.6780935548
14.40,0.6781023512
17.30,0.6781077164
17.29,0.6781218936
14.39,0.6781228265
17.28,0.6781361858
14.38,0.6781432292
17.27,0.6781503958
14.37,0.6781636600
17.26,0.6781646221
17.25,0.6781788640
14.36,0.6781842192
0.54,0.6781901358
17.24,0.6781931216
14.35,0.6782047077
17.23,0.6782073958
17.22,0.6782217873
14.34,0.6782253237
17.21,0.6782360933
14.33,0.6782458672
17.20,0.6782505165
17.19,0.6782655220
14.32,0.6782665410
17.18,0.6782795525
14.31,0.6782872417
17.17,0.6782937001
17.16,0.6783077634
14.30,0.6783078730
17.15,0.6783218436
14.29,0.6783286310
17.14,0.6783360418
14.28,0.6783494186
17.13,0.6783501564
17.12,0.6783643879
14.27,0.6783702353
17.11,0.6783786364
14.26,0.6783910809
17.10,0.6783928005
17.09,0.6784070825
14.25,0.6784119562
17.08,0.6784212819
14.24,0.6784328589
17.07,0.6784355990
17.06,0.6784499332
14.23,0.6784537915
17.05,0.6784641844
14.22,0.6784747532
17.04,0.6784785511
17.03,0.6784929367
14.21,0.6784957453
0.82,0.6785047327
17.02,0.6785073400
14.20,0.6785167647
17.01,0.6785216604
17.00,0.6785360973
14.19,0.6785379144
16.99,0.6785505523
14.18,0.6785589934
16.98,0.6785650235
16.97,0.6785795133
14.17,0.6785801029
16.96,0.6785940199
14.16,0.6786013409
16.95,0.6786085444
14.15,0.6786225096
16.94,0.6786230868
16.93,0.6786376466
14.14,0.6786438071
16.92,0.6786522235
14.13,0.6786650352
16.91,0.6786668180
16.90,0.6786814302
14.12,0.6786863921
16.89,0.6786960608
14.11,0.6787077808
16.88,0.6787107079
16.87,0.6787254733
14.10,0.6787291984
16.86,0.6787401567
14.09,0.6787505462
16.85,0.6787548592
16.84,0.6787695788
14.08,0.6787720238
16.83,0.6787844166
14.07,0.6787935326
16.82,0.6787991709
16.81,0.6788140438
14.06,0.6788150708
16.80,0.6788288348
14.05,0.6788366390
16.79,0.6788436437
14.04,0.6788582386
16.78,0.6788585720
16.77,0.6788734177
14.03,0.6788798686
16.76,0.6788883804
14.02,0.6789015290
16.75,0.6789032617
16.74,0.6789182627
14.01,0.6789232201
16.73,0.6789331811
14.00,0.6789450426
16.72,0.6789482177
16.71,0.6789632718
13.99,0.6789667958
16.70,0.6789783467
13.98,0.6789885788
16.69,0.6789933383
16.68,0.6790084479
13.97,0.6790104945
16.67,0.6790235775
13.96,0.6790323400
16.66,0.6790386246
16.65,0.6790537894
13.95,0.6790543176
16.64,0.6790689750
13.94,0.6790762252
16.63,0.6790841771
13.93,0.6790982646
16.62,0.6790993997
16.61,0.6791146400
13.92,0.6791202354
16.60,0.6791298977
13.91,0.6791423382
16.59,0.6791451776
16.58,0.6791604731
13.90,0.6791644714
16.57,0.6791757894
13.89,0.6791866369
16.56,0.6791911239
16.55,0.6792064775
13.88,0.6792088339
16.54,0.6792218489
13.87,0.6792310632
16.53,0.6792372421
16.52,0.6792527516
13.86,0.6792533231
16.51,0.6792681815
13.85,0.6792756166
16.50,0.6792836292
13.84,0.6792979409
16.49,0.6792990989
16.48,0.6793146851
13.83,0.6793202980
16.47,0.6793301913
13.82,0.6793427868
16.46,0.6793458159
16.45,0.6793613618
13.81,0.6793652074
16.44,0.6793770260
13.80,0.6793876602
16.43,0.6793926090
16.42,0.6794082129
13.79,0.6794101469
16.41,0.6794239339
13.78,0.6794327648
16.40,0.6794395770
13.77,0.6794553149
16.39,0.6794553384
16.38,0.6794711194
13.76,0.6794779981
16.37,0.6794869204
13.75,0.6795006148
16.36,0.6795026406
16.35,0.6795184801
13.74,0.6795233628
16.34,0.6795343401
13.73,0.6795461444
16.33,0.6795502202
16.32,0.6795660204
13.72,0.6795689595
16.31,0.6795819384
13.71,0.6795918061
16.30,0.6795978778
16.29,0.6796138370
13.70,0.6796146866
16.28,0.6796298164
13.69,0.6796375007
16.27,0.6796458165
13.68,0.6796604478
16.26,0.6796618341
0.55,0.6796744351
16.25,0.6796778734
13.67,0.6796834288
16.24,0.6796939336
13.66,0.6797065427
16.23,0.6797100135
16.22,0.6797261128
13.65,0.6797295897
16.21,0.6797422339
13.64,0.6797526698
16.20,0.6797584743
16.19,0.6797746332
13.63,0.6797757843
16.18,0.6797908152
13.62,0.6797990329
16.17,0.6798070163
13.61,0.6798222151
16.16,0.6798232388
16.15,0.6798395806
13.60,0.6798455305
16.14,0.6798558448
13.59,0.6798687805
16.13,0.6798722289
16.12,0.6798885321
13.58,0.6798921651
16.11,0.6799049575
13.57,0.6799154834
16.10,0.6799213034
16.09,0.6799377695
13.56,0.6799389356
16.08,0.6799541571
13.55,0.6799624234
16.07,0.6799706650
13.54,0.6799859442
16.06,0.6799871936
16.05,0.6800037434
13.53,0.6800094000
16.04,0.6800202153
13.52,0.6800329899
16.03,0.6800368069
16.02,0.6800534198
13.51,0.6800566160
16.01,0.6800699546
13.50,0.6800802762
16.00,0.6800866093
15.99,0.6801032859
13.49,0.6801040698
15.98,0.6801199841
13.48,0.6801277997
15.97,0.6801367029
13.47,0.6801515651
15.96,0.6801534427
15.95,0.6801702045
13.46,0.6801753640
15.94,0.6801869881
13.45,0.6801992995
15.93,0.6802037924
15.92,0.6802207180
13.44,0.6802231699
15.91,0.6802374661
13.43,0.6802471758
15.90,0.6802543350
13.42,0.6802711168
15.89,0.6802713258
15.88,0.6802882382
13.41,0.6802951936
15.87,0.6803051728
13.40,0.6803192065
15.86,0.6803222296
15.85,0.6803392057
13.39,0.6803433545
15.84,0.6803562056
13.38,0.6803675377
15.83,0.6803733275
15.82,0.6803903713
13.37,0.6803917591
15.81,0.6804075359
13.36,0.6804160149
15.80,0.6804246239
13.35,0.6804403061
15.79,0.6804418339
15.78,0.6804590656
13.34,0.6804646338
15.77,0.6804762195
13.33,0.6804889992
15.76,0.6804934960
15.75,0.6805106945
13.32,0.6805134002
15.74,0.6805280152
13.31,0.6805378380
15.73,0.6805453586
13.30,0.6805623107
15.72,0.6805627238
15.71,0.6805801110
13.29,0.6805869223
15.70,0.6805975216
13.28,0.6806114689
15.69,0.6806148546
15.68,0.6806324099
13.27,0.6806361536
15.67,0.6806497886
13.26,0.6806607746
15.66,0.6806672895
15.65,0.6806849139
13.25,0.6806855328
15.64,0.6807023601
13.24,0.6807103283
15.63,0.6807200297
13.23,0.6807350604
15.62,0.6807376218
15.61,0.6807552367
13.22,0.6807599309
15.60,0.6807728750
13.21,0.6807848381
15.59,0.6807906360
15.58,0.6808083199
13.20,0.6808097829
15.57,0.6808261270
13.19,0.6808347646
15.56,0.6808438588
13.18,0.6808597851
15.55,0.6808616110
15.54,0.6808794895
13.17,0.6808848427
15.53,0.6808972891
13.16,0.6809099383
15.52,0.6809152139
15.51,0.6809330603
13.15,0.6809350719
15.50,0.6809510309
13.14,0.6809603430
15.49,0.6809689249
13.13,0.6809855543
15.48,0.6809869430
15.47,0.6810049849
13.12,0.6810109020
15.46,0.6810230495
13.11,0.6810361881
15.45,0.6810410383
15.44,0.6810591510
13.10,0.6810616140
15.43,0.6810772877
13.09,0.6810870765
15.42,0.6810954472
13.08,0.6811124798
15.41,0.6811136314
15.40,0.6811318398
13.07,0.6811380199
15.39,0.6811500716
13.06,0.6811636001
15.38,0.6811683279
15.37,0.6811866086
13.05,0.6811892202
15.36,0.6812049139
0.56,0.6812099807
13.04,0.6812148775
15.35,0.6812232421
13.03,0.6812405749
15.34,0.6812416950
15.33,0.6812600732
13.02,0.6812663108
15.32,0.6812784751
13.01,0.6812920870
15.31,0.6812970010
15.30,0.6813154522
13.00,0.6813179028
15.29,0.6813339274
12.99,0.6813438581
15.28,0.6813525273
12.98,0.6813697522
15.27,0.6813710516
15.26,0.6813897009
12.97,0.6813957871
15.25,0.6814082756
12.96,0.6814217608
15.24,0.6814269743
15.23,0.6814455980
12.95,0.6814478754
15.22,0.6814643472
12.94,0.6814739293
15.21,0.6814831202
12.93,0.6815001243
15.20,0.6815019194
15.19,0.6815206424
12.92,0.6815263594
15.18,0.6815394920
12.91,0.6815526340
15.17,0.6815583660
15.16,0.6815772651
12.90,0.6815788501
15.15,0.6815961912
12.89,0.6816053066
15.14,0.6816151403
12.88,0.6816317039
15.13,0.6816341152
15.12,0.6816531163
12.87,0.6816581418
15.11,0.6816721430
12.86,0.6816846206
15.10,0.6816911955
15.09,0.6817103722
12.85,0.6817112404
15.08,0.6817294763
12.84,0.6817378023
15.07,0.6817486053
12.83,0.6817644041
15.06,0.6817677603
15.05,0.6817870410
12.82,0.6817911483
15.04,0.6818062476
12.81,0.6818178338
15.03,0.6818255812
12.80,0.6818446607
15.02,0.6818448401
15.01,0.6818642239
12.79,0.6818715293
15.00,0.6818835351
12.78,0.6818983404
14.99,0.6819029733
14.98,0.6819224366
12.77,0.6819252924
14.97,0.6819418261
12.76,0.6819522870
14.96,0.6819613419
12.75,0.6819793235
14.95,0.6819808854
14.94,0.6820004550
12.74,0.6820064023
14.93,0.6820199503
12.73,0.6820336231
14.92,0.6820396723
14.91,0.6820592206
12.72,0.6820607872
14.90,0.6820789969
12.71,0.6820879936
14.89,0.6820985993
12.70,0.6821153434
14.88,0.6821183281
14.87,0.6821381851
12.69,0.6821426348
14.86,0.6821578681
12.68,0.6821700689
14.85,0.6821777784
12.67,0.6821974468
14.84,0.6821976164
14.83,0.6822175798
12.66,0.6822249685
14.82,0.6822374719
12.65,0.6822525322
14.81,0.6822573917
14.80,0.6822773377
12.64,0.6822800397
14.79,0.6822974109
12.63,0.6823076918
14.78,0.6823174114
12.62,0.6823353861
14.77,0.6823375403
14.76,0.6823576979
12.61,0.6823631244
14.75,0.6823777812
12.60,0.6823909067
14.74,0.6823979937
14.73,0.6824181329
12.59,0.6824188334
14.72,0.6824384994
12.58,0.6824467038
14.71,0.6824586949
12.57,0.6824746180
14.70,0.6824790180
14.69,0.6824993687
12.56,0.6825026771
14.68,0.6825197474
12.55,0.6825307813
14.67,0.6825401549
12.54,0.6825588288
14.66,0.6825605915
14.65,0.6825810549
12.53,0.6825869214
14.64,0.6826015463
12.52,0.6826151593
14.63,0.6826220668
14.62,0.6826427166
12.51,0.6826434418
14.61,0.6826632926
12.50,0.6826717689
14.60,0.6826839000
12.49,0.6827001427
14.59,0.6827046340
14.58,0.6827252985
12.48,0.6827285601
14.57,0.6827459903
12.47,0.6827570237
14.56,0.6827668112
12.46,0.6827856333
14.55,0.6827875608
0.57,0.6827997306
14.54,0.6828084399
12.45,0.6828141869
14.53,0.6828293478
12.44,0.6828427878
14.52,0.6828501842
14.51,0.6828711514
12.43,0.6828715340
14.50,0.6828921478
12.42,0.6829002269
14.49,0.6829131719
12.41,0.6829290652
14.48,0.6829342272
14.47,0.6829553099
12.40,0.6829578504
14.46,0.6829764233
12.39,0.6829867812
14.45,0.6829974663
12.38,0.6830157590
14.44,0.6830187390
14.43,0.6830399407
12.37,0.6830447840
14.42,0.6830611719
12.36,0.6830738551
14.41,0.6830824340
12.35,0.6831029734
14.40,0.6831037254
14.39,0.6831251481
12.34,0.6831321382
14.38,0.6831464994
12.33,0.6831614504
14.37,0.6831678811
14.36,0.6831893934
12.32,0.6831907114
14.35,0.6832108364
12.31,0.6832201171
14.34,0.6832324097
12.30,0.6832494728
14.33,0.6832539113
14.32,0.6832740864
12.29,0.6832789755
14.31,0.6832938239
12.28,0.6833084250
14.30,0.6833134937
14.29,0.6833332921
12.27,0.6833380243
14.28,0.6833531219
12.26,0.6833676706
14.27,0.6833729820
14.26,0.6833928728
12.25,0.6833973655
14.25,0.6834127952
12.24,0.6834271077
14.24,0.6834327461
14.23,0.6834527292
12.23,0.6834568987
14.22,0.6834727428
12.22,0.6834867389
14.21,0.6834927887
14.20,0.6835128628
12.21,0.6835166287
14.19,0.6835330699
12.20,0.6835466670
14.18,0.6835532073
14.17,0.6835733777
12.19,0.6835766532
14.16,0.6835936779
12.18,0.6836067886
14.15,0.6836139099
14.14,0.6836342731
12.17,0.6836368738
14.13,0.6836545686
12.16,0.6836671095
14.12,0.6836749943
14.11,0.6836954536
12.15,0.6836973927
14.10,0.6837159435
12.14,0.6837276269
14.09,0.6837363654
14.08,0.6837569190
12.13,0.6837580101
14.07,0.6837775056
12.12,0.6837884442
14.06,0.6837981230
14.05,0.6838187725
12.11,0.6838190290
14.04,0.6838394547
12.10,0.6838495625
14.03,0.6838601691
12.09,0.6838801478
14.02,0.6838809159
14.01,0.6839016950
12.08,0.6839108827
14.00,0.6839226073
12.07,0.6839415685
13.99,0.6839434522
13.98,0.6839643287
12.06,0.6839724061
13.97,0.6839853396
12.05,0.6840031933
13.96,0.6840062820
13.95,0.6840273580
12.04,0.6840341320
13.94,0.6840483664
12.03,0.6840651218
13.93,0.6840695077
0.81,0.6840866961
13.92,0.6840905828
12.02,0.6840961629
13.91,0.6841117915
12.01,0.6841272556
13.90,0.6841330323
13.89,0.6841543074
12.00,0.6841584010
13.88,0.6841756154
11.99,0.6841895971
13.87,0.6841969579
13.86,0.6842183326
11.98,0.6842208474
13.85,0.6842397431
11.97,0.6842522465
13.84,0.6842611856
13.83,0.6842826632
11.96,0.6842836007
13.82,0.6843042744
11.95,0.6843151052
13.81,0.6843258192
11.94,0.6843465634
13.80,0.6843473974
13.79,0.6843690120
11.93,0.6843781740
13.78,0.6843907593
11.92,0.6844098385
13.77,0.6844124410
13.76,0.6844342573
11.91,0.6844415547
0.58,0.6844467750
13.75,0.6844560091
11.90,0.6844733237
13.74,0.6844778941
13.73,0.6844998143
11.89,0.6845051461
13.72,0.6845217704
11.88,0.6845370242
13.71,0.6845437594
13.70,0.6845657846
11.87,0.6845689540
13.69,0.6845877448
11.86,0.6846010386
13.68,0.6846098404
13.67,0.6846319713
11.85,0.6846330758
13.66,0.6846542374
11.84,0.6846652667
13.65,0.6846764380
11.83,0.6846975141
13.64,0.6846986743
13.63,0.6847209462
11.82,0.6847297143
13.62,0.6847433545
11.81,0.6847620699
13.61,0.6847656982
13.60,0.6847881769
11.80,0.6847944796
13.59,0.6848105925
11.79,0.6848269449
13.58,0.6848331443
13.57,0.6848556319
11.78,0.6848595651
13.56,0.6848782551
11.77,0.6848920400
13.55,0.6849009161
13.54,0.6849236121
11.76,0.6849247689
13.53,0.6849462451
11.75,0.6849574546
13.52,0.6849690134
11.74,0.6849902971
13.51,0.6849918208
13.50,0.6850146638
11.73,0.6850231938
13.49,0.6850376422
11.72,0.6850560468
13.48,0.6850605590
13.47,0.6850835130
11.71,0.6850890571
13.46,0.6851065029
11.70,0.6851221229
13.45,0.6851296312
13.44,0.6851526963
11.69,0.6851552443
13.43,0.6851758987
11.68,0.6851884234
13.42,0.6851990384
11.67,0.6852217587
13.41,0.6852223161
13.40,0.6852455318
11.66,0.6852550512
13.39,0.6852688847
11.65,0.6852884014
13.38,0.6852922744
13.37,0.6853157049
11.64,0.6853219088
13.36,0.6853391715
11.63,0.6853553714
13.35,0.6853626755
13.34,0.6853862176
11.62,0.6853889944
13.33,0.6854098000
11.61,0.6854226748
13.32,0.6854334201
11.60,0.6854564122
13.31,0.6854570791
13.30,0.6854807746
11.59,0.6854902082
13.29,0.6855046115
11.58,0.6855240621
13.28,0.6855283852
13.27,0.6855522988
11.57,0.6855579745
13.26,0.6855761512
11.56,0.6855920450
13.25,0.6856001425
13.24,0.6856241735
11.55,0.6856260746
13.23,0.6856481434
11.54,0.6856602648
13.22,0.6856722536
11.53,0.6856944121
13.21,0.6856964025
13.20,0.6857205911
11.52,0.6857287205
13.19,0.6857448186
11.51,0.6857630868
13.18,0.6857690871
13.17,0.6857933947
11.50,0.6857975139
13.16,0.6858177426
11.49,0.6858319994
13.15,0.6858421304
11.48,0.6858665466
13.14,0.6858666578
13.13,0.6858911282
11.47,0.6859011532
13.12,0.6859157366
11.46,0.6859359202
25.00,0.6859366603
13.11,0.6859402853
24.99,0.6859441258
24.98,0.6859514960
24.97,0.6859588707
13.10,0.6859649761
24.96,0.6859663523
11.45,0.6859706480
24.95,0.6859737385
24.94,0.6859811309
24.93,0.6859885309
13.09,0.6859897058
24.92,0.6859960350
24.91,0.6860034449
11.44,0.6860055368
24.90,0.6860108595
13.08,0.6860143784
24.89,0.6860183802
24.88,0.6860258078
24.87,0.6860332412
13.07,0.6860391899
11.43,0.6860404854
24.86,0.6860407806
24.85,0.6860482240
24.84,0.6860557749
24.83,0.6860632323
13.06,0.6860640441
24.82,0.6860706940
11.42,0.6860753954
24.81,0.6860782631
24.80,0.6860857368
13.05,0.6860889400
24.79,0.6860932172
24.78,0.6861008024
24.77,0.6861082945
11.41,0.6861104665
13.04,0.6861138752
24.76,0.6861158921
24.75,0.6861233958
24.74,0.6861309038
24.73,0.6861385194
13.03,0.6861388527
11.40,0.6861456008
24.72,0.6861460397
24.71,0.6861536683
0.59,0.6861543049
24.70,0.6861611997
13.02,0.6861638710
24.69,0.6861688385
24.68,0.6861763840
11.39,0.6861807945
24.67,0.6861840350
13.01,0.6861889320
24.66,0.6861915910
24.65,0.6861992538
24.64,0.6862068222
13.00,0.6862140343
24.63,0.6862144973
11.38,0.6862160506
24.62,0.6862220770
24.61,0.6862297654
24.60,0.6862374572
12.99,0.6862392785
24.59,0.6862450566
11.37,0.6862514697
24.58,0.6862527606
24.57,0.6862603724
12.98,0.6862644640
24.56,0.6862680892
24.55,0.6862757113
0.83,0.6862774737
24.54,0.6862834400
11.36,0.6862868505
12.97,0.6862897919
24.53,0.6862911742
24.52,0.6862988153
24.51,0.6863065632
24.50,0.6863142165
12.96,0.6863150613
24.49,0.6863219763
11.35,0.6863223924
24.48,0.6863297415
24.47,0.6863374131
12.95,0.6863404739
24.46,0.6863451905
24.45,0.6863529750
11.34,0.6863579983
24.44,0.6863606642
12.94,0.6863658274
24.43,0.6863684605
24.42,0.6863762619
24.41,0.6863839708
12.93,0.6863913246
24.40,0.6863917855
11.33,0.6863935669
24.39,0.6863996060
24.38,0.6864074344
24.37,0.6864151663
12.92,0.6864168644
24.36,0.6864230062
11.32,0.6864292984
24.35,0.6864308512
24.34,0.6864387035
12.91,0.6864424458
24.33,0.6864464610
24.32,0.6864543247
24.31,0.6864621971
11.31,0.6864650929
12.90,0.6864679706
24.30,0.6864699738
24.29,0.6864778552
24.28,0.6864857444
24.27,0.6864936401
12.89,0.6864937382
11.30,0.6865009508
24.26,0.6865015413
24.25,0.6865094507
24.24,0.6865172660
12.88,0.6865194490
24.23,0.6865251860
24.22,0.6865331129
11.29,0.6865369720
24.21,0.6865410463
12.87,0.6865452029
24.20,0.6865489863
24.19,0.6865568323
24.18,0.6865648848
12.86,0.6865709996
24.17,0.6865727432
11.28,0.6865729558
24.16,0.6865807088
24.15,0.6865886816
24.14,0.6865966597
12.85,0.6865969395
24.13,0.6866046428
11.27,0.6866091042
24.12,0.6866126327
24.11,0.6866206308
12.84,0.6866228237
24.10,0.6866286330
24.09,0.6866366447
24.08,0.6866446608
11.26,0.6866452165
12.83,0.6866487507
24.07,0.6866526837
24.06,0.6866607125
24.05,0.6866687483
12.82,0.6866748216
24.04,0.6866767911
11.25,0.6866814946
24.03,0.6866848390
24.02,0.6866928957
12.81,0.6867008367
24.01,0.6867009581
24.00,0.6867090258
23.99,0.6867170998
11.24,0.6867177352
23.98,0.6867251800
12.80,0.6867269953
23.97,0.6867332692
23.96,0.6867413645
23.95,0.6867494662
12.79,0.6867531978
11.23,0.6867541418
23.94,0.6867575731
23.93,0.6867656870
23.92,0.6867739083
12.78,0.6867793451
23.91,0.6867819343
23.90,0.6867901686
11.22,0.6867906118
23.89,0.6867983086
12.77,0.6868056358
23.88,0.6868064566
23.87,0.6868146098
23.86,0.6868227707
11.21,0.6868271478
23.85,0.6868309375
12.76,0.6868319716
23.84,0.6868392113
23.83,0.6868473921
23.82,0.6868555798
12.75,0.6868583509
23.81,0.6868637729
11.20,0.6868638499
23.80,0.6868719721
23.79,0.6868802781
12.74,0.6868847756
23.78,0.6868884945
23.77,0.6868967133
11.19,0.6869005158
23.76,0.6869049420
12.73,0.6869113442
23.75,0.6869132764
23.74,0.6869215170
23.73,0.6869297651
11.18,0.6869373483
12.72,0.6869378584
23.72,0.6869380170
23.71,0.6869463798
23.70,0.6869546466
23.69,0.6869629217
12.71,0.6869644174
23.68,0.6869713026
11.17,0.6869741466
23.67,0.6869795903
23.66,0.6869878862
12.70,0.6869911226
23.65,0.6869961875
23.64,0.6870045967
11.16,0.6870111101
23.63,0.6870129117
12.69,0.6870177712
23.62,0.6870213354
23.61,0.6870296643
23.60,0.6870379989
12.68,0.6870445646
23.59,0.6870464444
11.15,0.6870481400
23.58,0.6870547914
23.57,0.6870631498
12.67,0.6870713045
23.56,0.6870716132
23.55,0.6870799846
11.14,0.6870851367
23.54,0.6870884620
23.53,0.6870968455
12.66,0.6870981908
23.52,0.6871053389
23.51,0.6871137360
23.50,0.6871221401
11.13,0.6871222994
12.65,0.6871251214
23.49,0.6871306544
23.48,0.6871391726
23.47,0.6871475980
12.64,0.6871519980
23.46,0.6871561338
11.12,0.6871596303
23.45,0.6871645717
23.44,0.6871731203
12.63,0.6871790219
23.43,0.6871815752
23.42,0.6871901369
11.11,0.6871969263
23.41,0.6871986053
12.62,0.6872060901
23.40,0.6872071805
23.39,0.6872156621
23.38,0.6872242537
23.37,0.6872327509
12.61,0.6872332046
11.10,0.6872343918
23.36,0.6872413538
23.35,0.6872499651
23.34,0.6872585841
12.60,0.6872603656
23.33,0.6872671090
11.09,0.6872718227
23.32,0.6872757414
23.31,0.6872842825
12.59,0.6872876736
23.30,0.6872929286
23.29,0.6873015798
11.08,0.6873094220
23.28,0.6873101426
12.58,0.6873149275
23.27,0.6873188115
23.26,0.6873274869
23.25,0.6873361694
12.57,0.6873422278
23.24,0.6873447594
11.07,0.6873470900
23.23,0.6873534575
23.22,0.6873621607
12.56,0.6873696748
23.21,0.6873707732
23.20,0.6873794913
11.06,0.6873847253
23.19,0.6873882188
23.18,0.6873969503
12.55,0.6873971704
23.17,0.6874055932
23.16,0.6874143412
11.05,0.6874226283
23.15,0.6874230976
12.54,0.6874246112
23.14,0.6874318594
23.13,0.6874406294
23.12,0.6874494078
12.53,0.6874520993
23.11,0.6874580917
11.04,0.6874605005
23.10,0.6874668851
23.09,0.6874756848
12.52,0.6874797355
23.08,0.6874844899
23.07,0.6874933055
11.03,0.6874984406
23.06,0.6875021262
12.51,0.6875074188
23.05,0.6875108551
23.04,0.6875196927
23.03,0.6875285369
12.50,0.6875351488
11.02,0.6875364502
23.02,0.6875373884
23.01,0.6875462478
23.00,0.6875551138
12.49,0.6875629283
22.99,0.6875639873
22.98,0.6875728693
11.01,0.6875746284
22.97,0.6875817579
22.96,0.6875906555
12.48,0.6875907540
22.95,0.6875995581
22.93,0.6876031649
22.94,0.6876084702
22.92,0.6876126849
11.00,0.6876127763
12.47,0.6876186280
22.91,0.6876222106
22.90,0.6876317442
22.89,0.6876412812
12.46,0.6876466508
22.88,0.6876508293
10.99,0.6876510943
22.87,0.6876603818
22.86,0.6876699431
12.45,0.6876746198
22.85,0.6876795092
22.84,0.6876891840
10.98,0.6876894811
22.83,0.6876987659
12.44,0.6877026384
22.82,0.6877083527
22.81,0.6877179475
22.80,0.6877275501
10.97,0.6877279388
12.43,0.6877308055
22.79,0.6877371572
22.78,0.6877467756
22.77,0.6877564961
12.42,0.6877589214
22.76,0.6877661260
10.96,0.6877664659
22.75,0.6877757631
22.74,0.6877854059
12.41,0.6877871853
22.73,0.6877950574
22.72,0.6878047154
10.95,0.6878050632
22.71,0.6878144811
12.40,0.6878153986
22.70,0.6878241517
22.69,0.6878338328
22.68,0.6878435180
12.39,0.6878437601
10.94,0.6878438316
22.67,0.6878533121
22.66,0.6878630125
12.38,0.6878721714
22.65,0.6878727205
22.64,0.6878825370
10.93,0.6878825704
22.63,0.6878922588
12.37,0.6879006316
22.62,0.6879019882
22.61,0.6879118261
10.92,0.6879214804
22.60,0.6879215684
0.60,0.6879260798
12.36,0.6879291409
22.59,0.6879313203
22.58,0.6879411799
22.57,0.6879509453
12.35,0.6879577002
10.91,0.6879603621
22.56,0.6879608177
22.55,0.6879705996
22.54,0.6879803883
12.34,0.6879863083
22.53,0.6879902830
10.90,0.6879994143
22.52,0.6880000863
22.51,0.6880099959
12.33,0.6880150665
22.50,0.6880198143
22.49,0.6880296394
10.89,0.6880385384
22.48,0.6880395712
12.32,0.6880437758
22.47,0.6880494122
22.46,0.6880593602
22.45,0.6880692148
12.31,0.6880726329
10.88,0.6880777361
22.44,0.6880791772
22.43,0.6880891463
22.42,0.6880990248
12.30,0.6881014421
22.41,0.6881089101
10.87,0.6881170036
22.40,0.6881189022
22.39,0.6881289039
12.29,0.6881304016
22.38,0.6881388121
22.37,0.6881488285
10.86,0.6881564438
22.36,0.6881587514
12.28,0.6881593094
22.35,0.6881687833
22.34,0.6881788203
12.27,0.6881883702
22.33,0.6881887662
10.85,0.6881958581
22.32,0.6881988231
22.31,0.6882087835
12.26,0.6882174810
22.30,0.6882188538
22.29,0.6882289307
10.84,0.6882354451
22.28,0.6882389160
12.25,0.6882466426
22.27,0.6882490101
22.26,0.6882591112
22.25,0.6882692196
10.83,0.6882751038
12.24,0.6882758540
22.24,0.6882792360
22.23,0.6882893594
22.22,0.6882994937
12.23,0.6883051167
22.21,0.6883096321
10.82,0.6883148366
22.20,0.6883196815
22.19,0.6883298387
12.22,0.6883344314
22.18,0.6883400022
22.17,0.6883501748
10.81,0.6883546416
22.16,0.6883603541
12.21,0.6883637988
22.15,0.6883704431
22.14,0.6883806382
22.13,0.6883908431
12.20,0.6883933170
10.80,0.6883945216
22.12,0.6884010544
22.11,0.6884112763
22.10,0.6884215058
12.19,0.6884227856
22.09,0.6884317402
10.79,0.6884344767
22.08,0.6884419857
22.07,0.6884521386
12.18,0.6884524062
22.06,0.6884623997
22.05,0.6884726687
10.78,0.6884746037
12.17,0.6884819792
22.04,0.6884829454
22.03,0.6884932329
22.02,0.6885035268
12.16,0.6885117052
22.01,0.6885138267
10.77,0.6885147061
22.00,0.6885241385
21.99,0.6885344570
12.15,0.6885414819
21.98,0.6885447834
10.76,0.6885549837
21.97,0.6885551202
21.96,0.6885654628
12.14,0.6885712116
21.95,0.6885758135
21.94,0.6885861766
10.75,0.6885952358
21.93,0.6885966433
12.13,0.6886010934
21.92,0.6886070217
21.91,0.6886174076
21.90,0.6886278009
12.12,0.6886310290
10.74,0.6886356617
21.89,0.6886382045
21.88,0.6886486144
21.87,0.6886590352
12.11,0.6886611178
21.86,0.6886694636
10.73,0.6886761643
21.85,0.6886798980
21.84,0.6886904437
12.10,0.6886911581
21.83,0.6887008979
21.82,0.6887113593
10.72,0.6887168424
12.09,0.6887212525
21.81,0.6887218301
21.80,0.6887324113
21.79,0.6887428978
12.08,0.6887514997
21.78,0.6887533969
10.71,0.6887574959
21.77,0.6887639019
21.76,0.6887744149
12.07,0.6887817006
21.75,0.6887850389
21.74,0.6887955697
10.70,0.6887982255
21.73,0.6888061096
12.06,0.6888120558
21.72,0.6888167594
21.71,0.6888273181
21.70,0.6888378837
10.69,0.6888391324
12.05,0.6888423630
21.69,0.6888485596
21.68,0.6888591439
21.67,0.6888698384
12.04,0.6888728253
10.68,0.6888801148
21.66,0.6888804383
21.65,0.6888910520
21.64,0.6889017711
12.03,0.6889033410
21.63,0.6889124001
10.67,0.6889211746
21.62,0.6889230366
21.61,0.6889337853
12.02,0.6889339105
21.60,0.6889444389
21.59,0.6889552054
10.66,0.6889623111
12.01,0.6889645346
21.58,0.6889658784
21.57,0.6889766635
21.56,0.6889873533
12.00,0.6889952144
21.55,0.6889981538
10.65,0.6890035262
21.54,0.6890089641
21.53,0.6890196839
11.99,0.6890259476
21.52,0.6890305127
21.51,0.6890412497
10.64,0.6890448172
21.50,0.6890519953
11.98,0.6890567374
21.49,0.6890628511
21.48,0.6890737159
21.47,0.6890844927
10.63,0.6890861854
11.97,0.6890876793
21.46,0.6890953750
21.45,0.6891062672
21.44,0.6891170709
11.96,0.6891185786
10.62,0.6891277330
21.43,0.6891279808
21.42,0.6891389020
11.95,0.6891496318
21.41,0.6891498320
21.40,0.6891606714
10.61,0.6891693577
21.39,0.6891716208
11.94,0.6891806409
21.38,0.6891825792
21.37,0.6891934473
21.36,0.6892044235
10.60,0.6892109624
11.93,0.6892118055
21.35,0.6892154094
21.34,0.6892264071
21.33,0.6892373121
11.92,0.6892430264
21.32,0.6892483250
10.59,0.6892528453
21.31,0.6892593503
21.30,0.6892703861
11.91,0.6892743026
21.29,0.6892814287
21.28,0.6892924827
10.58,0.6892947070
21.27,0.6893034447
11.90,0.6893056335
21.26,0.6893145180
21.25,0.6893255984
10.57,0.6893366484
21.24,0.6893366924
11.89,0.6893370211
21.23,0.6893477929
21.22,0.6893589037
11.88,0.6893684675
21.21,0.6893700254
10.56,0.6893786688
21.20,0.6893811572
21.19,0.6893922974
11.87,0.6893999685
21.18,0.6894034463
21.17,0.6894146064
10.55,0.6894208685
21.16,0.6894257782
11.86,0.6894316270
21.15,0.6894369555
21.14,0.6894481456
21.13,0.6894593463
10.54,0.6894631476
11.85,0.6894632408
21.12,0.6894705564
21.11,0.6894817742
21.10,0.6894930030
11.84,0.6894950114
21.09,0.6895042429
10.53,0.6895055087
21.08,0.6895154926
21.07,0.6895267513
11.83,0.6895268413
21.06,0.6895381193
10.52,0.6895479505
21.05,0.6895494003
11.82,0.6895586272
21.04,0.6895606884
21.03,0.6895719902
21.02,0.6895832975
10.51,0.6895904716
11.81,0.6895905708
21.01,0.6895947168
21.00,0.6896060475
20.99,0.6896173877
11.80,0.6896225720
20.98,0.6896287384
10.50,0.6896329751
20.97,0.6896402000
20.96,0.6896515699
11.79,0.6896546313
20.95,0.6896629501
20.94,0.6896743399
10.49,0.6896757602
20.93,0.6896858425
11.78,0.6896868490
20.92,0.6896972535
20.91,0.6897086763
10.48,0.6897186255
11.77,0.6897189240
20.90,0.6897202086
20.89,0.6897316518
20.88,0.6897431053
11.76,0.6897512557
20.87,0.6897546672
10.47,0.6897614727
20.86,0.6897661417
20.85,0.6897776260
11.75,0.6897835477
20.84,0.6897892208
20.83,0.6898007267
10.46,0.6898045023
20.82,0.6898123413
11.74,0.6898159991
20.81,0.6898238703
20.80,0.6898355066
20.79,0.6898470540
10.45,0.6898476146
11.73,0.6898485079
20.78,0.6898587115
20.77,0.6898702807
11.72,0.6898809756
20.76,0.6898819602
10.44,0.6898908098
20.75,0.6898936491
20.74,0.6899052512
11.71,0.6899136043
20.73,0.6899169615
20.72,0.6899285847
10.43,0.6899341888
20.71,0.6899403176
11.70,0.6899462909
20.70,0.6899519613
20.69,0.6899637154
20.68,0.6899754815
10.42,0.6899775484
11.69,0.6899790360
20.67,0.6899872566
20.66,0.6899989443
20.65,0.6900107413
11.68,0.6900118425
10.41,0.6900210930
20.64,0.6900225514
20.63,0.6900343702
11.67,0.6900448080
20.62,0.6900461014
20.61,0.6900579426
10.40,0.6900646221
20.60,0.6900697951
11.66,0.6900777331
20.59,0.6900815575
20.58,0.6900934318
20.57,0.6901053186
10.39,0.6901083342
11.65,0.6901107195
20.56,0.6901172145
20.55,0.6901290240
20.54,0.6901410438
11.64,0.6901438664
10.38,0.6901521289
20.53,0.6901528716
20.52,0.6901648139
20.51,0.6901767646
11.63,0.6901769705
20.50,0.6901887297
10.37,0.6901960113
20.49,0.6902007038
11.62,0.6902102387
20.48,0.6902126887
20.47,0.6902246871
20.46,0.6902366955
10.36,0.6902400773
11.61,0.6902435678
20.45,0.6902487168
20.44,0.6902607457
20.43,0.6902727887
11.60,0.6902769564
10.35,0.6902841276
20.42,0.6902848422
20.41,0.6902969091
20.40,0.6903089861
11.59,0.6903104067
20.39,0.6903210734
10.34,0.6903283632
20.38,0.6903331722
0.61,0.6903414797
11.58,0.6903439181
20.37,0.6903452826
20.36,0.6903574067
20.35,0.6903695404
10.33,0.6903725856
11.57,0.6903774912
20.34,0.6903816869
20.33,0.6903938435
20.32,0.6904061117
11.56,0.6904112255
10.32,0.6904169943
20.31,0.6904182947
20.30,0.6904304861
20.29,0.6904426884
11.55,0.6904449222
20.28,0.6904550040
10.31,0.6904614868
20.27,0.6904672323
11.54,0.6904787820
20.26,0.6904794713
20.25,0.6904917208
20.24,0.6905040843
10.30,0.6905061667
11.53,0.6905126024
20.23,0.6905163586
20.22,0.6905286432
20.21,0.6905410411
11.52,0.6905465876
10.29,0.6905508350
20.20,0.6905533516
20.19,0.6905656734
20.18,0.6905781052
11.51,0.6905806331
20.17,0.6905904527
10.28,0.6905956894
20.16,0.6906028092
11.50,0.6906147428
20.15,0.6906152803
20.14,0.6906276613
20.13,0.6906401558
10.27,0.6906405300
11.49,0.6906489135
20.12,0.6906525596
20.11,0.6906650781
20.10,0.6906775062
11.48,0.6906831498
10.26,0.6906855600
20.09,0.6906900501
20.08,0.6907025049
20.07,0.6907150696
11.47,0.6907174485
20.06,0.6907276495
10.25,0.6907306766
20.05,0.6907401396
11.46,0.6907522316
20.04,0.6907527415
20.03,0.6907652564
10.24,0.6907758823
20.02,0.6907778846
11.45,0.6907888196
20.01,0.6907904241
20.00,0.6908030751
19.99,0.6908157406
10.23,0.6908212770
11.44,0.6908255711
19.98,0.6908283177
19.97,0.6908410065
19.96,0.6908537091
11.43,0.6908623861
19.95,0.6908664221
10.22,0.6908666592
19.94,0.6908790499
19.93,0.6908917889
11.42,0.6908991659
19.92,0.6909045388
10.21,0.6909122307
19.91,0.6909173047
19.90,0.6909300802
11.41,0.6909361097
19.89,0.6909428717
19.88,0.6909555715
10.20,0.6909578929
19.87,0.6909683872
11.40,0.6909731204
19.86,0.6909812134
19.85,0.6909940543
10.19,0.6910036424
19.84,0.6910069053
11.39,0.6910101934
19.83,0.6910197729
19.82,0.6910326527
19.81,0.6910454421
11.38,0.6910473318
10.18,0.6910494835
19.80,0.6910584466
19.79,0.6910712638
19.78,0.6910842923
11.37,0.6910846369
10.17,0.6910954145
19.77,0.6910971340
19.76,0.6911101911
11.36,0.6911219072
19.75,0.6911231607
19.74,0.6911361417
10.16,0.6911415367
19.73,0.6911491355
11.35,0.6911593414
19.72,0.6911621441
19.71,0.6911751624
10.15,0.6911876492
19.70,0.6911881954
11.34,0.6911968428
19.69,0.6912012414
19.68,0.6912143028
19.67,0.6912274760
10.14,0.6912339527
11.33,0.6912343109
19.66,0.6912405619
19.65,0.6912536603
19.64,0.6912667743
11.32,0.6912719448
19.63,0.6912799985
10.13,0.6912803471
19.62,0.6912931372
19.61,0.6913062909
11.31,0.6913096448
19.60,0.6913194553
10.12,0.6913268337
19.59,0.6913327355
19.58,0.6913459262
11.30,0.6913474116
19.57,0.6913591331
19.56,0.6913724530
10.11,0.6913734119
11.29,0.6913853453
19.55,0.6913856857
19.54,0.6913990308
19.53,0.6914122917
10.10,0.6914200847
11.28,0.6914232446
19.52,0.6914256651
19.51,0.6914389509
19.50,0.6914522501
11.27,0.6914613116
19.49,0.6914656659
10.09,0.6914669485
19.48,0.6914789929
19.47,0.6914924340
11.26,0.6914993467
19.46,0.6915057888
10.08,0.6915139052
19.45,0.6915192558
19.44,0.6915326395
11.25,0.6915375504
19.43,0.6915461363
19.42,0.6915596468
10.07,0.6915609551
19.41,0.6915730699
11.24,0.6915757201
19.40,0.6915866073
19.39,0.6916001589
10.06,0.6916080993
19.38,0.6916136233
11.23,0.6916140591
19.37,0.6916272021
19.36,0.6916407973
11.22,0.6916524648
19.35,0.6916543032
10.05,0.6916553377
19.34,0.6916679243
19.33,0.6916815607
11.21,0.6916909403
19.32,0.6916952073
10.04,0.6917027695
19.31,0.6917087709
19.30,0.6917224490
11.20,0.6917295848
19.29,0.6917361417
19.28,0.6917498475
10.03,0.6917501962
19.27,0.6917635669
11.19,0.6917681972
19.26,0.6917773018
19.25,0.6917910514
10.02,0.6917978186
19.24,0.6918048122
11.18,0.6918069792
19.23,0.6918184895
19.22,0.6918322809
10.01,0.6918455349
11.17,0.6918457303
19.21,0.6918460863
19.20,0.6918599062
0.82,0.6918639538
19.19,0.6918738419
11.16,0.6918846510
19.18,0.6918875896
10.00,0.6918897731
19.17,0.6919015552
19.16,0.6919154327
11.15,0.6919236406
19.15,0.6919293258
19.14,0.6919432321
19.13,0.6919571524
11.14,0.6919626008
19.12,0.6919710885
19.11,0.6919850401
9.99,0.6919965751
19.10,0.6919990046
11.13,0.6920017298
19.09,0.6920129863
19.08,0.6920270814
11.12,0.6920410310
19.07,0.6920410911
19.06,0.6920551144
19.05,0.6920691527
11.11,0.6920803011
19.04,0.6920833086
19.03,0.6920973775
9.98,0.6921036966
19.02,0.6921114599
11.10,0.6921197435
19.01,0.6921256584
19.00,0.6921397746
18.99,0.6921539032
11.09,0.6921591551
18.98,0.6921681456
18.97,0.6921823052
18.96,0.6921965785
11.08,0.6921987392
18.95,0.6922107678
9.97,0.6922109377
18.94,0.6922249710
11.07,0.6922383947
18.93,0.6922392896
18.92,0.6922536248
18.91,0.6922678719
11.06,0.6922780212
18.90,0.6922822399
18.89,0.6922965194
18.88,0.6923109143
11.05,0.6923179197
9.96,0.6923185007
18.87,0.6923253244
18.86,0.6923396511
18.85,0.6923540923
11.04,0.6923577911
18.84,0.6923684489
18.83,0.6923829207
18.82,0.6923974084
11.03,0.6923977334
18.81,0.6924118122
9.95,0.6924262841
18.80,0.6924263310
11.02,0.6924377475
18.79,0.6924408655
18.78,0.6924554149
18.77,0.6924698788
11.01,0.6924779357
18.76,0.6924844621
18.75,0.6924990583
18.74,0.6925136707
11.00,0.6925180962
18.73,0.6925282992
9.94,0.6925342885
18.72,0.6925429416
18.71,0.6925576016
10.99,0.6925584308
18.70,0.6925721772
18.69,0.6925868685
10.98,0.6925988370
18.68,0.6926015767
18.67,0.6926163997
18.66,0.6926310389
10.97,0.6926393193
9.93,0.6926426156
18.65,0.6926458940
18.64,0.6926605648
18.63,0.6926754540
10.96,0.6926798738
18.62,0.6926902557
18.61,0.6927050754
18.60,0.6927199098
10.95,0.6927205024
18.59,0.6927347636
18.58,0.6927496294
9.92,0.6927510689
10.94,0.6927613051
18.57,0.6927645158
18.56,0.6927795127
18.55,0.6927944311
10.93,0.6928020819
0.62,0.6928086844
18.54,0.6928093648
18.53,0.6928243143
18.52,0.6928393788
10.92,0.6928430340
18.51,0.6928543609
9.91,0.6928598435
18.50,0.6928693600
10.91,0.6928839617
18.49,0.6928844752
18.48,0.6928995052
18.47,0.6929145545
10.90,0.6929250627
18.46,0.6929297213
18.45,0.6929447995
18.44,0.6929598989
10.89,0.6929662397
9.90,0.6929688453
18.43,0.6929751110
18.42,0.6929902432
18.41,0.6930054916
10.88,0.6930074944
18.40,0.6930207571
18.39,0.6930359375
10.87,0.6930488228
18.38,0.6930512366
18.37,0.6930665525
9.89,0.6930780688
18.36,0.6930817838
10.86,0.6930903268
18.35,0.6930971330
18.34,0.6931123976
18.33,0.6931277822
10.85,0.6931318099
18.32,0.6931431815
18.31,0.6931584971
10.84,0.6931734688
18.30,0.6931739336
9.88,0.6931875213
18.29,0.6931893838
18.28,0.6932048528
10.83,0.6932152034
18.27,0.6932202364
18.26,0.6932357404
18.25,0.6932512606
10.82,0.6932570147
18.24,0.6932667975
18.23,0.6932823531
9.87,0.6932972006
18.22,0.6932979238
10.81,0.6932989037
18.21,0.6933135144
18.20,0.6933290212
10.80,0.6933408704
18.19,0.6933447463
18.18,0.6933602857
18.17,0.6933760444
10.79,0.6933829162
18.16,0.6933917223
9.86,0.6934072070
18.15,0.6934074166
18.14,0.6934231292
10.78,0.6934251381
18.13,0.6934388604
18.12,0.6934546065
10.77,0.6934673381
18.11,0.6934703703
18.10,0.6934861529
18.09,0.6935020538
10.76,0.6935097188
9.85,0.6935173409
18.08,0.6935178733
18.07,0.6935337078
18.06,0.6935495628
10.75,0.6935520765
18.05,0.6935654333
18.04,0.6935814238
10.74,0.6935946124
18.03,0.6935973339
18.02,0.6936133586
9.84,0.6936278063
18.01,0.6936293026
10.73,0.6936372289
18.00,0.6936452660
17.99,0.6936613447
17.98,0.6936773441
10.72,0.6936800251
17.97,0.6936934604
17.96,0.6937094959
10.71,0.6937227995
17.95,0.6937256484
9.83,0.6937385993
17.94,0.6937417201
17.93,0.6937579098
10.70,0.6937656552
17.92,0.6937740173
17.91,0.6937902438
17.90,0.6938063880
10.69,0.6938086913
17.89,0.6938226524
17.88,0.6938389344
9.82,0.6938495253
10.68,0.6938518069
17.87,0.6938552344
17.86,0.6938714551
17.85,0.6938877920
10.67,0.6938950053
17.84,0.6939040490
17.83,0.6939204248
17.82,0.6939368172
10.66,0.6939382819
17.81,0.6939532307
9.81,0.6939606784
17.80,0.6939696612
10.65,0.6939816425
17.79,0.6939860124
17.78,0.6940025821
17.77,0.6940189708
10.64,0.6940250831
17.76,0.6940354780
0.84,0.6940500965
17.75,0.6940520029
17.74,0.6940685497
10.63,0.6940686051
9.80,0.6940721667
17.73,0.6940851129
17.72,0.6941017972
10.62,0.6941123095
17.71,0.6941182984
17.70,0.6941350195
17.69,0.6941516606
10.61,0.6941560948
17.68,0.6941682206
9.79,0.6941838866
17.67,0.6941849982
10.60,0.6941998643
17.66,0.6942016987
17.65,0.6942184167
17.64,0.6942351535
10.59,0.6942439177
17.63,0.6942520097
17.62,0.6942687875
17.61,0.6942855824
10.58,0.6942879525
9.78,0.6942958403
17.60,0.6943023981
17.59,0.6943193330
10.57,0.6943320712
17.58,0.6943361891
17.57,0.6943530617
17.56,0.6943700552
10.56,0.6943762732
17.55,0.6943869709
17.54,0.6944040010
9.77,0.6944080279
10.55,0.6944206586
17.53,0.6944209575
17.52,0.6944380297
17.51,0.6944550217
10.54,0.6944651262
17.50,0.6944721350
17.49,0.6944892676
17.48,0.6945063211
10.53,0.6945096812
9.76,0.6945205499
17.47,0.6945234928
17.46,0.6945406872
10.52,0.6945543214
17.45,0.6945577985
17.44,0.6945750327
17.43,0.6945922852
10.51,0.6945990435
17.42,0.6946094601
17.41,0.6946267540
9.75,0.6946332080
10.50,0.6946437536
17.40,0.6946440694
17.39,0.6946614046
17.38,0.6946787596
10.49,0.6946887494
17.37,0.6946961348
17.36,0.6947134285
17.35,0.6947309476
10.48,0.6947338283
9.74,0.6947462039
17.34,0.6947482844
17.33,0.6947658408
10.47,0.6947788947
17.32,0.6947832198
17.31,0.6948007184
17.30,0.6948182385
10.46,0.6948241464
17.29,0.6948357796
17.28,0.6948534400
9.73,0.6948594346
10.45,0.6948694849
17.27,0.6948710224
17.26,0.6948886260
17.25,0.6949062497
10.44,0.6949149118
17.24,0.6949238949
17.23,0.6949415607
17.22,0.6949593480
10.43,0.6949605269
9.72,0.6949729041
17.21,0.6949770546
17.20,0.6949948838
10.42,0.6950061253
17.19,0.6950126336
17.18,0.6950304058
17.17,0.6950483001
10.41,0.6950519144
17.16,0.6950661139
17.15,0.6950839478
9.71,0.6950866138
10.40,0.6950976908
17.14,0.6951019063
17.13,0.6951197837
17.12,0.6951377845
10.39,0.6951436558
17.11,0.6951558064
17.10,0.6951737467
10.38,0.6951897064
17.09,0.6951918107
9.70,0.6952006595
17.08,0.6952097966
17.07,0.6952279062
10.37,0.6952358501
17.06,0.6952460358
17.05,0.6952640863
10.36,0.6952821804
17.04,0.6952822575
17.03,0.6953004526
9.69,0.6953148476
17.02,0.6953186708
10.35,0.6953285006
17.01,0.6953368098
0.63,0.6953531147
17.00,0.6953550691
16.99,0.6953733530
10.34,0.6953750103
16.98,0.6953916569
16.97,0.6954099831
10.33,0.6954215109
16.96,0.6954283310
9.68,0.6954293777
16.95,0.6954467025
16.94,0.6954650972
10.32,0.6954682022
16.93,0.6954835124
16.92,0.6955019503
10.31,0.6955149804
16.91,0.6955204097
16.90,0.6955388913
9.67,0.6955441477
16.89,0.6955573975
10.30,0.6955619527
16.88,0.6955759237
16.87,0.6955945735
10.29,0.6956089166
16.86,0.6956131463
16.85,0.6956317434
16.84,0.6956503613
10.28,0.6956560707
9.66,0.6956592607
16.83,0.6956691036
16.82,0.6956877654
10.27,0.6957032152
16.81,0.6957065515
16.80,0.6957252606
16.79,0.6957439913
10.26,0.6957505549
16.78,0.6957628488
9.65,0.6957745181
16.77,0.6957816270
10.25,0.6957979840
16.76,0.6958005264
16.75,0.6958193494
16.74,0.6958382976
10.24,0.6958455079
16.73,0.6958571686
16.72,0.6958761616
9.64,0.6958901166
10.23,0.6958932253
16.71,0.6958951775
16.70,0.6959142194
16.69,0.6959331835
10.22,0.6959409331
16.68,0.6959522694
16.67,0.6959713809
10.21,0.6959888357
16.66,0.6959904146
9.63,0.6960059630
16.65,0.6960095708
16.64,0.6960287529
10.20,0.6960368334
16.63,0.6960479568
16.62,0.6960671867
10.19,0.6960849239
16.61,0.6960864375
16.60,0.6961057119
9.62,0.6961220541
16.59,0.6961250141
10.18,0.6961331091
16.58,0.6961443366
16.57,0.6961636841
10.17,0.6961813898
16.56,0.6961830555
16.55,0.6962024516
16.54,0.6962218703
10.16,0.6962298662
9.61,0.6962383908
16.53,0.6962413167
16.52,0.6962608832
10.15,0.6962783358
16.51,0.6962803755
16.50,0.6962998900
16.49,0.6963194333
10.14,0.6963270035
16.48,0.6963390968
9.60,0.6963550746
16.47,0.6963586870
10.13,0.6963757651
16.46,0.6963783987
16.45,0.6963980386
16.44,0.6964178022
10.12,0.6964246231
16.43,0.6964374888
16.42,0.6964572012
9.59,0.6964719076
10.11,0.6964735784
16.41,0.6964770365
16.40,0.6964967997
16.39,0.6965166852
10.10,0.6965226326
16.38,0.6965365973
16.37,0.6965565340
10.09,0.6965718825
16.36,0.6965763943
9.58,0.6965890880
16.35,0.6965963784
16.34,0.6966163903
10.08,0.6966212295
16.33,0.6966364283
16.32,0.6966563893
10.07,0.6966706754
16.31,0.6966764742
16.30,0.6966965866
9.57,0.6967065203
16.29,0.6967167238
10.06,0.6967202199
16.28,0.6967368872
16.27,0.6967570763
10.05,0.6967698630
16.26,0.6967772873
16.25,0.6967975259
16.24,0.6968177907
10.04,0.6968197040
9.56,0.6968242996
16.23,0.6968380823
16.22,0.6968583961
10.03,0.6968695455
16.21,0.6968787390
16.20,0.6968992066
10.02,0.6969195860
16.19,0.6969195972
16.18,0.6969400173
9.55,0.6969422332
16.17,0.6969604613
10.01,0.6969697258
16.16,0.6969809323
16.15,0.6970015275
10.00,0.6970163913
16.14,0.6970220533
16.13,0.6970427027
9.54,0.6970605174
16.12,0.6970632757
16.11,0.6970839780
16.10,0.6971046063
16.09,0.6971253587
9.99,0.6971256617
16.08,0.6971460403
16.07,0.6971668464
9.53,0.6971790534
16.06,0.6971876790
16.05,0.6972085398
16.04,0.6972293269
9.98,0.6972352575
16.03,0.6972502395
16.02,0.6972711790
16.01,0.6972920479
9.52,0.6972978456
16.00,0.6973130390
15.99,0.6973340601
9.97,0.6973449772
15.98,0.6973551080
15.97,0.6973761825
15.96,0.6973972837
9.51,0.6974168913
15.95,0.6974184124
15.94,0.6974395690
9.96,0.6974550249
15.93,0.6974607516
15.92,0.6974820604
15.91,0.6975031989
15.90,0.6975244636
9.50,0.6975362909
15.89,0.6975458554
9.95,0.6975652975
15.88,0.6975671753
15.87,0.6975885236
15.86,0.6976100002
15.85,0.6976314000
15.84,0.6976528307
9.49,0.6976558474
15.83,0.6976743899
9.94,0.6976757954
15.82,0.6976958751
15.81,0.6977174884
15.80,0.6977390306
15.79,0.6977607010
9.48,0.6977757625
15.78,0.6977823992
9.93,0.6977866206
15.77,0.6978040253
15.76,0.6978257798
15.75,0.6978474610
15.74,0.6978692714
15.73,0.6978911124
9.47,0.6978959338
9.92,0.6978975778
15.72,0.6979129791
15.71,0.6979348741
15.70,0.6979567987
15.69,0.6979786520
0.64,0.6979801172
15.68,0.6980007336
9.91,0.6980088609
9.46,0.6980163625
15.67,0.6980226448
15.66,0.6980446832
15.65,0.6980668525
15.64,0.6980888492
15.63,0.6981110755
9.90,0.6981203772
15.62,0.6981332309
9.45,0.6981371522
15.61,0.6981554144
15.60,0.6981776270
15.59,0.6981999691
15.58,0.6982222395
9.89,0.6982321182
15.57,0.6982446409
9.44,0.6982582027
15.56,0.6982669729
15.55,0.6982893300
15.54,0.6983118209
15.53,0.6983342383
9.88,0.6983440955
15.52,0.6983567891
15.51,0.6983792657
9.43,0.6983795130
15.50,0.6984018728
15.49,0.6984244108
15.48,0.6984470789
9.87,0.6984563029
15.47,0.6984697771
15.46,0.6984925040
9.42,0.6985010885
15.45,0.6985151607
15.44,0.6985379492
15.43,0.6985607667
9.86,0.6985688431
15.42,0.6985836136
15.41,0.6986064925
9.41,0.6986229235
15.40,0.6986294007
15.39,0.6986523386
15.38,0.6986753090
9.85,0.6986815154
15.37,0.6986983096
15.36,0.6987213412
15.35,0.6987444015
9.40,0.6987451246
15.34,0.6987675929
15.33,0.6987907176
9.84,0.6987945253
15.32,0.6988138715
15.31,0.6988371554
15.30,0.6988603718
9.39,0.6988675875
15.29,0.6988836190
15.28,0.6989069958
9.83,0.6989078672
15.27,0.6989303046
15.26,0.6989537463
15.25,0.6989771178
9.38,0.6989903175
15.24,0.6990006215
9.82,0.6990213480
15.23,0.6990240556
15.22,0.6990476221
15.21,0.6990712199
15.20,0.6990948502
9.37,0.6991133147
15.19,0.6991184105
9.81,0.6991350606
15.18,0.6991421047
15.17,0.6991658289
15.16,0.6991895852
15.15,0.6992133768
9.36,0.6992365776
15.14,0.6992371955
9.80,0.6992491130
15.13,0.6992610483
15.12,0.6992849334
15.11,0.6993088517
15.10,0.6993328024
15.09,0.6993568835
9.35,0.6993602088
9.79,0.6993634028
15.08,0.6993809000
15.07,0.6994049475
15.06,0.6994290270
15.05,0.6994532401
15.04,0.6994773845
9.78,0.6994779312
9.34,0.6994841114
15.03,0.6995016647
15.02,0.6995258766
15.01,0.6995502185
15.00,0.6995744969
9.77,0.6995926979
14.99,0.6995989084
9.33,0.6996082807
14.98,0.6996233517
0.83,0.6996414326
14.97,0.6996477272
14.96,0.6996722375
14.95,0.6996967829
9.76,0.6997078063
14.94,0.6997213610
9.32,0.6997327240
14.93,0.6997458713
14.92,0.6997706147
14.91,0.6997951918
14.90,0.6998200037
9.75,0.6998230541
14.89,0.6998446490
9.31,0.6998575338
14.88,0.6998694282
14.87,0.6998943427
14.86,0.6999190893
9.74,0.6999386458
14.85,0.6999440727
14.84,0.6999689888
9.30,0.6999825204
14.83,0.6999940370
14.82,0.7000190221
14.81,0.7000440428
9.73,0.7000544780
14.80,0.7000690950
14.79,0.7000942827
9.29,0.7001078793
14.78,0.7001194037
14.77,0.7001446625
14.76,0.7001699567
9.72,0.7001705540
14.75,0.7001951825
14.74,0.7002205460
9.28,0.7002336125
14.73,0.7002458422
14.72,0.7002713741
9.71,0.7002868747
14.71,0.7002967414
14.70,0.7003222446
14.69,0.7003477813
9.27,0.7003595202
14.68,0.7003733548
14.67,0.7003989631
9.70,0.7004035372
14.66,0.7004246100
14.65,0.7004502889
14.64,0.7004760038
9.26,0.7004858068
14.63,0.7005017545
9.69,0.7005203468
14.62,0.7005276439
14.61,0.7005534651
14.60,0.7005793268
14.59,0.7006053218
9.25,0.7006123673
14.58,0.7006312538
9.68,0.7006375046
14.57,0.7006572216
14.56,0.7006833262
0.65,0.7006953548
14.55,0.7007093657
14.54,0.7007355435
9.24,0.7007392088
9.67,0.7007549081
14.53,0.7007617565
14.52,0.7007879062
14.51,0.7008141952
14.50,0.7008405213
9.23,0.7008663279
14.49,0.7008668801
9.66,0.7008726594
14.48,0.7008932801
14.47,0.7009197138
14.46,0.7009461865
14.45,0.7009725965
9.65,0.7009905610
9.22,0.7009937264
14.44,0.7009992435
14.43,0.7010258276
14.42,0.7010524480
14.41,0.7010791068
14.40,0.7011058038
9.64,0.7011088072
9.21,0.7011215058
14.39,0.7011326406
14.38,0.7011594118
14.37,0.7011862222
14.36,0.7012131712
9.63,0.7012273085
14.35,0.7012400579
9.20,0.7012495674
14.34,0.7012670847
14.33,0.7012940445
14.32,0.7013211477
9.62,0.7013460593
14.31,0.7013482859
14.30,0.7013753650
9.19,0.7013779111
14.29,0.7014025814
14.28,0.7014298378
14.27,0.7014571316
9.61,0.7014650617
14.26,0.7014844646
9.18,0.7015066384
14.25,0.7015118378
14.24,0.7015392469
14.23,0.7015666975
9.60,0.7015844160
14.22,0.7015941865
14.21,0.7016217169
9.17,0.7016356495
14.20,0.7016492815
14.19,0.7016769904
9.59,0.7017039253
14.18,0.7017046356
14.17,0.7017323248
14.16,0.7017601507
9.16,0.7017649492
14.15,0.7017879154
14.14,0.7018158219
0.85,0.7018228705
9.58,0.7018237867
14.13,0.7018436690
14.12,0.7018716537
9.15,0.7018945334
14.11,0.7018996808
14.10,0.7019277471
9.57,0.7019439076
14.09,0.7019557536
14.08,0.7019839014
14.07,0.7020120906
9.14,0.7020244045
14.06,0.7020403183
9.56,0.7020643788
14.05,0.7020685877
14.04,0.7020968969
14.03,0.7021252473
14.02,0.7021536392
9.13,0.7021546645
14.01,0.7021820721
9.55,0.7021850118
14.00,0.7022106464
13.99,0.7022391629
13.98,0.7022677190
9.12,0.7022852134
13.97,0.7022964186
9.54,0.7023060002
13.96,0.7023250584
13.95,0.7023538391
13.94,0.7023825631
13.93,0.7024114269
9.11,0.7024160538
9.53,0.7024272449
13.92,0.7024402345
13.91,0.7024691847
13.90,0.7024981749
13.89,0.7025272090
9.10,0.7025471839
9.52,0.7025487535
13.88,0.7025562840
13.87,0.7025854032
13.86,0.7026145625
13.85,0.7026437682
9.51,0.7026705201
13.84,0.7026730128
09.09,0.7026787076
13.83,0.7027023028
13.82,0.7027317353
13.81,0.7027611105
13.80,0.7027905264
9.50,0.7027926455
09.08,0.7028105247
13.79,0.7028199893
13.78,0.7028495934
13.77,0.7028791413
13.76,0.7029088323
9.49,0.7029149338
13.75,0.7029384677
09.07,0.7029426364
13.74,0.7029682462
13.73,0.7029980678
13.72,0.7030279364
9.48,0.7030375869
13.71,0.7030578449
09.06,0.7030750423
13.70,0.7030878007
13.69,0.7031176991
13.68,0.7031477432
9.47,0.7031605023
13.67,0.7031778309
09.05,0.7032078448
13.66,0.7032080637
13.65,0.7032382391
13.64,0.7032684613
9.46,0.7032836799
13.63,0.7032987263
13.62,0.7033291381
09.04,0.7033408456
13.61,0.7033594946
13.60,0.7033899949
9.45,0.7034072245
13.59,0.7034204425
13.58,0.7034510345
09.03,0.7034742449
13.57,0.7034815722
0.66,0.7035051104
13.56,0.7035122546
9.44,0.7035310362
13.55,0.7035429845
13.54,0.7035737592
13.53,0.7036044805
09.02,0.7036080409
13.52,0.7036353442
9.43,0.7036551126
13.51,0.7036662596
13.50,0.7036972184
13.49,0.7037283223
09.01,0.7037420387
13.48,0.7037593747
9.42,0.7037794602
13.47,0.7037904727
13.46,0.7038216176
13.45,0.7038529098
9.00,0.7038764386
13.44,0.7038841482
9.41,0.7039040735
13.43,0.7039155331
13.42,0.7039468656
13.41,0.7039783459
13.40,0.7040097736
8.99,0.7040111394
9.40,0.7040290591
13.39,0.7040413488
13.38,0.7040729696
13.37,0.7041046419
13.36,0.7041363593
8.98,0.7041462459
9.39,0.7041543111
13.35,0.7041681238
13.34,0.7041999352
13.33,0.7042317981
13.32,0.7042637087
9.38,0.7042798367
8.97,0.7042815542
13.31,0.7042956680
13.30,0.7043276728
13.29,0.7043598297
13.28,0.7043919326
9.37,0.7044056356
8.96,0.7044172700
13.27,0.7044241850
13.26,0.7044563871
13.25,0.7044887368
13.24,0.7045211372
9.36,0.7045317063
8.95,0.7045532898
13.23,0.7045534873
13.22,0.7045859870
13.21,0.7046185349
13.20,0.7046511325
9.35,0.7046581514
13.19,0.7046837792
8.94,0.7046896188
13.18,0.7047164773
13.17,0.7047492240
13.16,0.7047820216
9.34,0.7047848730
13.15,0.7048148687
8.93,0.7048263562
13.14,0.7048478656
13.13,0.7048808174
9.33,0.7049118674
13.12,0.7049139161
13.11,0.7049469644
8.92,0.7049634049
13.10,0.7049801656
13.09,0.7050134163
9.32,0.7050391421
13.08,0.7050466198
13.07,0.7050799727
8.91,0.7051007625
13.06,0.7051133798
13.05,0.7051468377
9.31,0.7051667892
13.04,0.7051803452
13.03,0.7052139051
8.90,0.7052384315
13.02,0.7052475168
13.01,0.7052811818
9.30,0.7052946184
13.00,0.7053148976
12.99,0.7053487661
8.89,0.7053765140
12.98,0.7053825872
12.97,0.7054165599
9.29,0.7054228273
12.96,0.7054504852
12.95,0.7054845648
8.88,0.7055149117
12.94,0.7055185944
9.28,0.7055514156
12.93,0.7055527792
12.92,0.7055870176
12.91,0.7056213079
8.87,0.7056536237
12.90,0.7056555513
9.27,0.7056801843
12.89,0.7056900487
12.88,0.7057245002
12.87,0.7057590061
8.86,0.7057926514
12.86,0.7057935644
9.26,0.7058093383
12.85,0.7058282766
12.84,0.7058629440
12.83,0.7058976659
8.85,0.7059320942
12.82,0.7059325410
9.25,0.7059387724
12.81,0.7059673726
12.80,0.7060023576
12.79,0.7060373977
9.24,0.7060684939
8.84,0.7060717600
12.78,0.7060723928
12.77,0.7061075433
12.76,0.7061427499
12.75,0.7061780090
9.23,0.7061984993
8.83,0.7062118409
12.74,0.7062133269
12.73,0.7062487980
12.72,0.7062842257
12.71,0.7063197096
9.22,0.7063287903
8.82,0.7063523446
12.70,0.7063553520
12.69,0.7063909477
0.67,0.7064165845
12.68,0.7064266979
9.21,0.7064594672
12.67,0.7064624072
8.81,0.7064931687
12.66,0.7064982745
12.65,0.7065341969
12.64,0.7065700761
9.20,0.7065904337
12.63,0.7066061143
8.80,0.7066343159
12.62,0.7066422077
12.61,0.7066783577
12.60,0.7067145660
9.19,0.7067216876
12.59,0.7067509333
8.79,0.7067757871
12.58,0.7067872571
12.57,0.7068236390
9.18,0.7068533327
12.56,0.7068601773
12.55,0.7068967784
8.78,0.7069176851
12.54,0.7069333348
12.53,0.7069699489
9.17,0.7069852666
12.52,0.7070067235
12.51,0.7070435570
8.77,0.7070598056
12.50,0.7070804474
12.49,0.7071174001
9.16,0.7071174952
12.48,0.7071544101
12.47,0.7071914795
8.76,0.7072024555
12.46,0.7072287103
9.15,0.7072500161
12.45,0.7072658977
12.44,0.7073031458
12.43,0.7073405560
8.75,0.7073453341
12.42,0.7073779255
9.14,0.7073828289
12.41,0.7074154545
0.84,0.7074187932
12.40,0.7074529449
8.74,0.7074886416
12.39,0.7074905954
9.13,0.7075160370
12.38,0.7075283081
12.37,0.7075660791
12.36,0.7076039123
8.73,0.7076322790
12.35,0.7076418080
9.12,0.7076495415
12.34,0.7076797639
12.33,0.7077178818
12.32,0.7077559618
8.72,0.7077761486
9.11,0.7077833427
12.31,0.7077942029
12.30,0.7078324070
12.29,0.7078707754
12.28,0.7079091004
9.10,0.7079174412
8.71,0.7079205523
12.27,0.7079475927
12.26,0.7079861478
12.25,0.7080247649
09.09,0.7080519383
12.24,0.7080634430
8.70,0.7080651878
12.23,0.7081021843
12.22,0.7081409903
12.21,0.7081798625
09.08,0.7081867367
8.69,0.7082103606
12.20,0.7082188967
12.19,0.7082578927
12.18,0.7082970536
09.07,0.7083218349
12.17,0.7083361790
8.68,0.7083557688
12.16,0.7083754688
12.15,0.7084148234
12.14,0.7084541411
09.06,0.7084572347
12.13,0.7084936243
8.67,0.7085015146
12.12,0.7085331741
12.11,0.7085728893
09.05,0.7085930376
12.10,0.7086125686
8.66,0.7086476993
12.09,0.7086523132
12.08,0.7086922244
09.04,0.7087290451
12.07,0.7087321020
12.06,0.7087721456
8.65,0.7087943260
12.05,0.7088121525
12.04,0.7088523299
09.03,0.7088654577
12.03,0.7088925718
12.02,0.7089328793
8.64,0.7089411903
12.01,0.7089732545
09.02,0.7090022734
12.00,0.7090136989
11.99,0.7090542090
8.63,0.7090885001
11.98,0.7090947876
11.97,0.7091355321
09.01,0.7091392972
11.96,0.7091762454
11.95,0.7092171277
8.62,0.7092361518
11.94,0.7092579768
9.00,0.7092767297
11.93,0.7092989951
11.92,0.7093400813
11.91,0.7093812377
8.61,0.7093841494
8.99,0.7094144709
11.90,0.7094224592
0.68,0.7094372273
11.89,0.7094637513
11.88,0.7095051162
8.60,0.7095325939
11.87,0.7095465488
8.98,0.7095526243
11.86,0.7095881510
0.86,0.7095955956
11.85,0.7096297211
11.84,0.7096714614
8.59,0.7096812838
8.97,0.7096909845
11.83,0.7097132746
11.82,0.7097550569
11.81,0.7097970089
8.96,0.7098297601
8.58,0.7098305244
11.80,0.7098390330
11.79,0.7098811275
11.78,0.7099233950
11.77,0.7099655316
8.95,0.7099688460
8.57,0.7099800114
11.76,0.7100079382
11.75,0.7100503194
11.74,0.7100928727
8.94,0.7101082490
8.56,0.7101299502
11.73,0.7101354969
11.72,0.7101780930
11.71,0.7102208650
8.93,0.7102480669
11.70,0.7102637066
8.55,0.7102802449
11.69,0.7103066200
11.68,0.7103496103
8.92,0.7103882028
11.67,0.7103927726
8.54,0.7104308901
11.66,0.7104359062
11.65,0.7104791163
11.64,0.7105225011
8.91,0.7105286525
11.63,0.7105658535
8.53,0.7105819889
11.62,0.7106093859
11.61,0.7106529940
8.90,0.7106694227
11.60,0.7106966739
8.52,0.7107334459
11.59,0.7107404289
11.58,0.7107842594
8.89,0.7108106121
11.57,0.7108281656
11.56,0.7108722465
8.51,0.7108853596
11.55,0.7109163047
8.88,0.7109521242
11.54,0.7109605378
11.53,0.7110047468
8.50,0.7110375310
11.52,0.7110491358
11.51,0.7110935967
8.87,0.7110939586
11.50,0.7111381372
11.49,0.7111827507
8.49,0.7111901636
11.48,0.7112274460
8.86,0.7112361137
11.47,0.7112722174
11.46,0.7113356142
8.48,0.7113431560
11.45,0.7113777788
8.85,0.7113786919
11.44,0.7114201140
11.43,0.7114625236
8.47,0.7114966121
11.42,0.7115049086
8.84,0.7115214998
11.41,0.7115474663
11.40,0.7115901016
11.39,0.7116328082
8.46,0.7116503318
8.83,0.7116647292
11.38,0.7116755892
11.37,0.7117185478
11.36,0.7117614824
8.45,0.7118045134
11.35,0.7118045891
8.82,0.7118083895
11.34,0.7118477722
11.33,0.7118909344
11.32,0.7119342712
8.81,0.7119523768
8.44,0.7119591671
11.31,0.7119776833
11.30,0.7120211719
11.29,0.7120648388
8.80,0.7120966950
11.28,0.7121084801
8.43,0.7121141838
11.27,0.7121522987
11.26,0.7121960975
11.25,0.7122400734
8.79,0.7122413437
8.42,0.7122695691
11.24,0.7122840260
11.23,0.7123281578
11.22,0.7123723660
8.78,0.7123864261
11.21,0.7124166553
8.41,0.7124253279
11.20,0.7124611228
11.19,0.7125055699
8.77,0.7125317374
11.18,0.7125501959
0.69,0.7125759451
8.40,0.7125815571
11.17,0.7125948008
11.16,0.7126395883
8.76,0.7126775875
11.15,0.7126844523
11.14,0.7127292984
8.39,0.7127381589
11.13,0.7127743218
11.12,0.7128195295
8.75,0.7128236715
11.11,0.7128647173
8.38,0.7128952356
11.10,0.7129100856
11.09,0.7129554349
8.74,0.7129701928
11.08,0.7130009686
11.07,0.7130465822
8.37,0.7130525860
11.06,0.7130921777
8.73,0.7131170503
11.05,0.7131380578
11.04,0.7131839225
8.36,0.7132104135
11.03,0.7132298662
8.72,0.7132641478
11.02,0.7132758894
11.01,0.7133221029
11.00,0.7133682964
8.35,0.7133687209
8.71,0.7134117867
10.99,0.7134146761
10.98,0.7134611359
10.97,0.7135076870
8.34,0.7135273080
10.96,0.7135543192
8.70,0.7135596647
10.95,0.7136010369
10.94,0.7136479375
8.33,0.7136863753
10.93,0.7136948236
8.69,0.7137080872
10.92,0.7137418971
10.91,0.7137889582
10.90,0.7138362011
8.32,0.7138458259
8.68,0.7138567528
10.89,0.7138835317
10.88,0.7139309527
10.87,0.7139784591
8.31,0.7140057605
8.67,0.7140057629
10.86,0.7140261493
10.85,0.7140738343
10.84,0.7141217040
8.66,0.7141552199
8.30,0.7141660785
10.83,0.7141696613
10.82,0.7142177034
10.81,0.7142658395
8.65,0.7143051270
10.80,0.7143140612
8.29,0.7143267861
10.79,0.7143623746
10.78,0.7144108761
8.64,0.7144552782
10.77,0.7144593639
8.28,0.7144879806
10.76,0.7145080490
10.75,0.7145567189
10.74,0.7146055794
8.63,0.7146058820
8.27,0.7146495627
10.73,0.7146545331
10.72,0.7147036785
10.71,0.7147528106
8.62,0.7147568358
10.70,0.7148020394
8.26,0.7148115390
10.69,0.7148514584
10.68,0.7149009683
8.61,0.7149081433
10.67,0.7149505780
8.25,0.7149740047
10.66,0.7150002695
10.65,0.7150500617
8.60,0.7150599049
10.64,0.7150999462
8.24,0.7151368666
10.63,0.7151499245
0.85,0.7151963050
10.62,0.7152000940
8.59,0.7152119195
10.61,0.7152503563
8.23,0.7153001234
10.60,0.7153006153
10.59,0.7153511749
8.58,0.7153644934
10.58,0.7154017240
10.57,0.7154523698
8.22,0.7154638745
10.56,0.7155031114
8.57,0.7155173201
10.55,0.7155540485
10.54,0.7156050765
8.21,0.7156280253
10.53,0.7156562083
8.56,0.7156706067
10.52,0.7157074385
10.51,0.7157587584
8.20,0.7157925769
10.50,0.7158100832
8.55,0.7158242565
0.70,0.7158423272
10.49,0.7158617059
10.48,0.7159134205
8.19,0.7159576297
10.47,0.7159651393
8.54,0.7159782657
10.46,0.7160170520
0.71,0.7160666351
10.45,0.7160690639
0.72,0.7160956373
10.44,0.7161211808
8.18,0.7161230805
0.73,0.7161246585
8.53,0.7161327359
0.74,0.7161537835
10.43,0.7161734987
0.75,0.7161829443
0.76,0.7162122239
10.42,0.7162258083
0.77,0.7162414897
0.78,0.7162708247
10.41,0.7162783257
8.52,0.7162875709
8.17,0.7162889408
0.79,0.7163001610
0.80,0.7163295492
10.40,0.7163308389
10.39,0.7163835571
10.38,0.7164363701
8.51,0.7164428721
8.16,0.7164553038
10.37,0.7164892925
10.36,0.7165424106
10.35,0.7165955351
8.50,0.7165984380
8.15,0.7166220727
10.34,0.7166488617
10.33,0.7167021918
8.49,0.7167544730
10.32,0.7167557255
8.14,0.7167893529
10.31,0.7168093554
10.30,0.7168631997
8.48,0.7169108748
10.29,0.7169170449
8.13,0.7169570421
10.28,0.7169710928
10.27,0.7170251438
8.47,0.7170677500
10.26,0.7170794071
8.12,0.7171251423
10.25,0.7171337683
10.24,0.7171882415
8.46,0.7172248956
10.23,0.7172429214
8.11,0.7172936553
10.22,0.7172976003
10.21,0.7173524908
0.87,0.7173683715
8.45,0.7173825113
10.20,0.7174074897
10.19,0.7174625979
8.10,0.7174626845
10.18,0.7175178097
8.44,0.7175406077
10.17,0.7175731342
10.16,0.7176286677
08.09,0.7176322301
10.15,0.7176842031
8.43,0.7176990750
10.14,0.7177399578
10.13,0.7177958153
08.08,0.7178020895
10.12,0.7178517823
8.42,0.7178579180
10.11,0.7179078633
10.10,0.7179640563
08.07,0.7179724740
8.41,0.7180171439
10.09,0.7180204585
10.08,0.7180769711
10.07,0.7181335993
08.06,0.7181433746
8.40,0.7181768474
10.06,0.7181903390
10.05,0.7182471906
10.04,0.7183042537
08.05,0.7183145996
8.39,0.7183369317
10.03,0.7183613338
10.02,0.7184186229
10.01,0.7184760280
08.04,0.7184863467
8.38,0.7184974992
10.00,0.7185299696
9.99,0.7186466397
8.37,0.7186583499
08.03,0.7186586214
9.98,0.7187636529
8.36,0.7188196837
08.02,0.7188313218
9.97,0.7188808029
8.35,0.7189815069
9.96,0.7189982992
08.01,0.7190044522
9.95,0.7191160336
8.34,0.7191436195
8.00,0.7191781124
9.94,0.7192340066
8.33,0.7193062180
7.99,0.7193522059
9.93,0.7193523208
8.32,0.7194692095
9.92,0.7194707839
7.98,0.7195267295
9.91,0.7195895872
8.31,0.7196326933
7.97,0.7197017921
9.90,0.7197086415
8.30,0.7197965690
9.89,0.7198279291
7.96,0.7198772895
9.88,0.7199474751
8.29,0.7199608426
7.95,0.7200532251
9.87,0.7200672613
8.28,0.7201256117
9.86,0.7201873974
7.94,0.7202297005
8.27,0.7202907766
9.85,0.7203076795
7.93,0.7204067199
9.84,0.7204283174
8.26,0.7204563456
9.83,0.7205493003
7.92,0.7205840813
8.25,0.7206224111
9.82,0.7206704400
7.91,0.7207620881
8.24,0.7207888812
9.81,0.7207918251
9.80,0.7209135641
7.90,0.7209404409
8.23,0.7209557561
9.79,0.7210355580
7.89,0.7211193433
8.22,0.7211231324
9.78,0.7211578046
9.77,0.7212803031
8.21,0.7212909181
7.88,0.7212987944
9.76,0.7214031651
8.20,0.7214591146
7.87,0.7214785997
9.75,0.7215261762
8.19,0.7216278194
9.74,0.7216495494
7.86,0.7216589577
9.73,0.7217731807
8.18,0.7217969306
7.85,0.7218398717
9.72,0.7218970704
8.17,0.7219664614
9.71,0.7220212179
7.84,0.7220212413
8.16,0.7221365033
9.70,0.7221457252
7.83,0.7222030704
9.69,0.7222703934
8.15,0.7223069596
7.82,0.7223854601
9.68,0.7223954285
8.14,0.7224779359
9.67,0.7225207268
7.81,0.7225683117
9.66,0.7226463872
8.13,0.7226493311
7.80,0.7227516279
9.65,0.7227722155
8.12,0.7228211458
9.64,0.7228983992
7.79,0.7229356095
0.86,0.7229737679
8.11,0.7229933831
9.63,0.7230248593
7.78,0.7231199597
9.62,0.7231515831
8.10,0.7231661454
9.61,0.7232785765
7.77,0.7233048795
08.09,0.7233394328
9.60,0.7234059366
7.76,0.7234902708
08.08,0.7235130425
9.59,0.7235334689
9.58,0.7236613675
7.75,0.7236762346
08.07,0.7236871873
9.57,0.7237895481
08.06,0.7238618579
7.74,0.7238626741
9.56,0.7239180892
08.05,0.7240368606
9.55,0.7240468144
7.73,0.7240496888
0.81,0.7241210975
9.54,0.7241759093
08.04,0.7242123952
7.72,0.7242371834
9.53,0.7243052743
08.03,0.7243884677
7.71,0.7244251575
9.52,0.7244349259
9.51,0.7245648494
08.02,0.7245649742
7.70,0.7246136136
9.50,0.7246951460
08.01,0.7247419211
7.69,0.7248027553
9.49,0.7248256237
8.00,0.7249194064
9.48,0.7249564849
7.68,0.7249922828
9.47,0.7250876266
7.99,0.7250973338
0.88,0.7251412983
7.67,0.7251824965
9.46,0.7252190446
7.98,0.7252757024
9.45,0.7253508480
7.66,0.7253731026
7.97,0.7254546176
9.44,0.7254829373
7.65,0.7255642998
9.43,0.7256153055
7.96,0.7256339790
9.42,0.7257479636
7.64,0.7257560901
7.95,0.7258137875
9.41,0.7258809054
7.63,0.7259483765
7.94,0.7259941445
9.40,0.7260142384
7.62,0.7261411585
9.39,0.7261478519
7.93,0.7261750556
9.38,0.7262817580
7.61,0.7263345419
7.92,0.7263563190
9.37,0.7264159556
7.60,0.7265284257
7.91,0.7265382378
9.36,0.7265504436
9.35,0.7266853243
7.90,0.7267205115
7.59,0.7267229117
9.34,0.7268204968
7.89,0.7269033451
7.58,0.7269180056
9.33,0.7269559600
7.88,0.7270867362
9.32,0.7270917228
7.57,0.7271135049
9.31,0.7272278755
7.87,0.7272704928
7.56,0.7273096144
9.30,0.7273642263
7.86,0.7274548112
9.29,0.7275009786
7.55,0.7275062358
9.28,0.7276381259
7.85,0.7276396959
7.54,0.7277035697
9.27,0.7277754714
7.84,0.7278250463
7.53,0.7279013193
9.26,0.7279132215
7.83,0.7280108654
9.25,0.7280512699
7.52,0.7280996863
9.24,0.7281896249
7.82,0.7281972563
7.51,0.7282986721
9.23,0.7283282830
7.81,0.7283841182
9.22,0.7284672449
7.50,0.7284981792
7.80,0.7285714550
9.21,0.7286066081
7.49,0.7286982110
9.20,0.7287462829
7.79,0.7287594677
9.19,0.7288862610
7.48,0.7288988672
7.78,0.7289478592
9.18,0.7290266529
7.47,0.7291001527
7.77,0.7291368305
9.17,0.7291673486
7.46,0.7293019652
9.16,0.7293083577
7.76,0.7293262838
9.15,0.7294496822
7.45,0.7295043128
7.75,0.7295163200
9.14,0.7295913134
7.74,0.7297068422
7.44,0.7297071915
9.13,0.7297333593
9.12,0.7298757244
7.73,0.7298979500
7.43,0.7299108077
9.11,0.7300184013
7.72,0.7300895467
7.42,0.7301149614
9.10,0.7301613985
7.71,0.7302816348
09.09,0.7303048094
7.41,0.7303196569
09.08,0.7304485449
7.70,0.7304742150
7.40,0.7305249941
09.07,0.7305925959
7.69,0.7306674914
7.39,0.7307308756
09.06,0.7307369710
0.87,0.7307512817
7.68,0.7308611656
09.05,0.7308817682
7.38,0.7309375046
09.04,0.7310267894
7.67,0.7310555350
7.37,0.7311445828
09.03,0.7311722352
7.66,0.7312503086
09.02,0.7313181033
7.36,0.7313523120
7.65,0.7314456825
09.01,0.7314641984
7.35,0.7315605955
9.00,0.7316107223
7.64,0.7316416615
8.99,0.7317575777
7.34,0.7317695333
7.63,0.7318381482
8.98,0.7319048650
0.82,0.7319125972
7.33,0.7319791290
7.62,0.7320351396
8.97,0.7320523742
7.32,0.7321892855
8.96,0.7322003225
7.61,0.7322327447
8.95,0.7323486000
7.31,0.7324000042
7.60,0.7324308604
8.94,0.7324972181
7.30,0.7326113884
7.59,0.7326295889
8.93,0.7326462708
8.92,0.7327956614
7.29,0.7328234397
7.58,0.7328289373
0.89,0.7329141756
8.91,0.7329453807
7.57,0.7330287004
7.28,0.7330360598
8.90,0.7330954479
7.56,0.7332290870
8.89,0.7332459509
7.27,0.7332492518
8.88,0.7333967992
7.55,0.7334299960
7.26,0.7334632158
8.87,0.7335479939
7.54,0.7336316283
7.25,0.7336776589
8.86,0.7336995245
7.53,0.7338336870
8.85,0.7338515018
7.24,0.7338928784
8.84,0.7340037293
7.52,0.7340363750
7.23,0.7341085799
8.83,0.7341563971
7.51,0.7342396940
8.82,0.7343095205
7.22,0.7343250647
7.50,0.7344435449
8.81,0.7344629900
7.21,0.7345420349
8.80,0.7346168144
7.49,0.7346479325
7.20,0.7347597925
8.79,0.7347709890
7.48,0.7348529539
8.78,0.7349256174
7.19,0.7349781405
7.47,0.7350586194
8.77,0.7350804939
7.18,0.7351971837
8.76,0.7352359376
7.46,0.7352648216
8.75,0.7353916309
7.17,0.7354168201
7.45,0.7354715706
8.74,0.7355477864
7.16,0.7356370546
7.44,0.7356788615
8.73,0.7357042970
7.15,0.7358580891
8.72,0.7358610711
7.43,0.7358869037
8.71,0.7360184083
7.14,0.7360796273
7.42,0.7360954926
8.70,0.7361760068
7.13,0.7363019703
7.41,0.7363046371
8.69,0.7363341712
8.68,0.7364926020
7.40,0.7365144352
7.12,0.7365249206
8.67,0.7366513976
7.39,0.7367247885
7.11,0.7367484822
8.66,0.7368106644
7.38,0.7369359018
8.65,0.7369704054
7.10,0.7369728548
8.64,0.7371304104
7.37,0.7371474764
07.09,0.7371977430
8.63,0.7372908888
7.36,0.7373597142
07.08,0.7374234501
8.62,0.7374517414
7.35,0.7375725173
8.61,0.7376129715
07.07,0.7376496754
8.60,0.7377798701
7.34,0.7377859868
07.06,0.7378767253
8.59,0.7379366485
7.33,0.7380001281
8.58,0.7380940223
07.05,0.7381043999
7.32,0.7382148411
8.57,0.7382516783
07.04,0.7383328018
8.56,0.7384098284
7.31,0.7384301287
0.88,0.7385289464
07.03,0.7385618355
8.55,0.7385683734
7.30,0.7386460940
8.54,0.7387273148
07.02,0.7387916027
7.29,0.7388627403
8.53,0.7388867487
07.01,0.7390220049
8.52,0.7390465779
7.28,0.7390799661
8.51,0.7392069119
7.00,0.7392532480
7.27,0.7392977765
8.50,0.7393675413
6.99,0.7394956728
7.26,0.7395163725
8.49,0.7395286737
8.48,0.7396902039
0.83,0.7397043184
7.25,0.7397354602
6.98,0.7397440238
8.47,0.7398522463
7.24,0.7399553353
6.97,0.7399929387
8.46,0.7400145897
7.23,0.7401757062
8.45,0.7401774376
6.96,0.7402424224
8.44,0.7403408023
7.22,0.7403968729
6.95,0.7404926763
8.43,0.7405045716
7.21,0.7406185386
8.42,0.7406687477
0.90,0.7406872730
6.94,0.7407434015
8.41,0.7408333453
7.20,0.7408410034
6.93,0.7409949023
8.40,0.7409984518
7.19,0.7410640719
8.39,0.7411639738
6.92,0.7412469808
7.18,0.7412878486
8.38,0.7413300143
8.37,0.7414963759
6.91,0.7414997373
7.17,0.7415122322
8.36,0.7416632487
7.16,0.7417376503
6.90,0.7417530760
8.35,0.7418306496
7.15,0.7419646940
8.34,0.7419983790
6.89,0.7420071002
8.33,0.7421666214
7.14,0.7421922539
6.88,0.7422618081
8.32,0.7423352959
7.13,0.7424206340
8.31,0.7425044976
6.87,0.7425172071
7.12,0.7426496327
8.30,0.7426741268
6.86,0.7427731973
8.29,0.7428441887
7.11,0.7428792579
8.28,0.7430147821
6.85,0.7430298802
7.10,0.7431097056
8.27,0.7431858056
6.84,0.7432871589
07.09,0.7433406830
8.26,0.7433572731
8.25,0.7435292682
6.83,0.7435451386
07.08,0.7435724931
8.24,0.7437017037
6.82,0.7438038172
07.07,0.7438048356
8.23,0.7438745830
07.06,0.7440380157
8.22,0.7440479953
6.81,0.7440630997
8.21,0.7442218563
07.05,0.7442718331
6.80,0.7443230884
8.20,0.7443961678
07.04,0.7445063931
8.19,0.7445710192
6.79,0.7445837859
07.03,0.7447415979
8.18,0.7447463122
6.78,0.7448450933
8.17,0.7449220650
07.02,0.7449775503
8.16,0.7450983640
6.77,0.7451071152
07.01,0.7452141518
8.15,0.7452751128
6.76,0.7453698519
7.00,0.7454516075
8.14,0.7454524183
8.13,0.7456301818
6.75,0.7456333079
6.99,0.7457002666
0.91,0.7457239465
8.12,0.7458084006
6.74,0.7458973866
6.98,0.7459548680
8.11,0.7459870813
6.73,0.7461621884
8.10,0.7461663234
6.97,0.7462100474
0.89,0.7463065617
08.09,0.7463461269
6.72,0.7464277158
6.96,0.7464658112
08.08,0.7465262881
6.71,0.7466938722
08.07,0.7467070245
6.95,0.7467223583
08.06,0.7468883259
6.70,0.7469607612
6.94,0.7469793909
08.05,0.7470699919
6.69,0.7472283823
6.93,0.7472372147
08.04,0.7472522300
08.03,0.7474350460
6.92,0.7474956291
0.84,0.7474959212
6.68,0.7474967439
08.02,0.7476183318
6.91,0.7477547359
6.67,0.7477657406
08.01,0.7478020986
8.00,0.7479864400
6.90,0.7480144407
6.66,0.7480354835
7.99,0.7481712598
6.89,0.7482748439
6.65,0.7483059690
7.98,0.7483565640
6.88,0.7485359479
7.97,0.7485424480
6.64,0.7485771042
7.96,0.7487288222
6.87,0.7487977559
6.63,0.7488490867
7.95,0.7489156799
6.86,0.7490601697
7.94,0.7491031228
6.62,0.7491217241
7.93,0.7492911595
6.85,0.7493232920
6.61,0.7493950160
7.92,0.7494795896
6.84,0.7495870245
7.91,0.7496687150
6.60,0.7496691670
6.83,0.7498514739
7.90,0.7498582324
6.59,0.7499439798
7.89,0.7500483502
6.82,0.7501166354
6.58,0.7502195580
7.88,0.7502390622
6.81,0.7503824179
7.87,0.7504301837
6.57,0.7504959002
7.86,0.7506219039
6.80,0.7506489213
6.56,0.7507730141
7.85,0.7508142316
6.79,0.7509161481
7.84,0.7510070655
6.55,0.7510507995
6.78,0.7511840005
7.83,0.7512004049
6.54,0.7513293620
7.82,0.7513943602
6.77,0.7514525820
7.81,0.7515888241
6.53,0.7516087003
6.76,0.7517218945
7.80,0.7517838036
6.52,0.7518888233
7.79,0.7519795004
6.75,0.7519919422
6.51,0.7521696275
7.78,0.7521756168
6.74,0.7522626284
7.77,0.7523723537
6.50,0.7524513176
6.73,0.7525340527
7.76,0.7525696138
6.49,0.7527337014
7.75,0.7527674979
6.72,0.7528062172
7.74,0.7529659093
6.48,0.7530168740
6.71,0.7530790282
7.73,0.7531649474
6.47,0.7533008463
6.70,0.7533525878
7.72,0.7533645115
7.71,0.7535646120
6.46,0.7535855158
6.69,0.7536268942
7.70,0.7537652455
6.45,0.7538710851
6.68,0.7539019574
7.69,0.7539666173
0.90,0.7540843971
6.44,0.7541573606
7.68,0.7541684325
6.67,0.7541776731
7.67,0.7543709800
6.43,0.7544444438
6.66,0.7544541500
7.66,0.7545739770
6.65,0.7547313854
6.42,0.7547323399
7.65,0.7547776119
7.64,0.7549818982
6.64,0.7550092871
6.41,0.7550210474
7.63,0.7551867367
0.85,0.7552876755
6.63,0.7552880534
6.40,0.7553105724
7.62,0.7553921175
6.62,0.7555674900
7.61,0.7555981583
6.39,0.7556008166
7.60,0.7558047510
6.61,0.7558475980
6.38,0.7558918855
7.59,0.7560119979
6.60,0.7561285806
6.37,0.7561837795
7.58,0.7562199110
6.59,0.7564102438
7.57,0.7564282764
6.36,0.7564766040
7.56,0.7566373154
6.58,0.7566926876
6.35,0.7567701607
7.55,0.7568469183
6.57,0.7569759130
7.54,0.7570572871
6.34,0.7570645526
6.56,0.7572599265
7.53,0.7572681240
6.33,0.7573596827
7.52,0.7574796361
6.55,0.7575446280
6.32,0.7576557570
7.51,0.7576918257
6.54,0.7578301246
7.50,0.7579045891
6.31,0.7579525749
6.53,0.7581164131
7.49,0.7581179352
6.30,0.7582503425
7.48,0.7583319536
6.52,0.7584035044
7.47,0.7585466702
6.29,0.7585488615
6.51,0.7586912945
7.46,0.7587619621
6.28,0.7588482352
7.45,0.7589778466
6.50,0.7589799873
6.27,0.7591484687
7.44,0.7591943154
6.49,0.7592693916
0.91,0.7593864444
7.43,0.7594115866
6.26,0.7594495632
6.48,0.7595596015
7.42,0.7596294425
6.25,0.7597515229
7.41,0.7598479051
6.47,0.7598506291
6.24,0.7600543518
7.40,0.7600670670
6.46,0.7601423715
7.39,0.7602868266
6.23,0.7603580509
6.45,0.7604350319
7.38,0.7605073939
6.22,0.7606626271
6.44,0.7607284151
7.37,0.7607284688
0.92,0.7608339668
7.36,0.7609502540
6.21,0.7609680798
6.43,0.7610226256
7.35,0.7611726468
6.20,0.7612743147
6.42,0.7613176669
7.34,0.7613957530
6.19,0.7615815360
6.41,0.7616135366
7.33,0.7616195821
7.32,0.7618440256
6.18,0.7618896484
6.40,0.7619102431
7.31,0.7620690910
6.17,0.7621985505
6.39,0.7622076857
7.30,0.7622948810
6.38,0.7625059724
6.16,0.7625084489
7.29,0.7625214035
7.28,0.7627485475
6.37,0.7628051024
6.15,0.7628191446
7.27,0.7629763247
0.86,0.7630793807
6.36,0.7631051814
6.14,0.7631308466
7.26,0.7632049375
6.35,0.7634060121
7.25,0.7634340904
6.13,0.7634433541
7.24,0.7636640734
6.34,0.7637076949
6.12,0.7637568734
7.23,0.7638946037
6.33,0.7640101353
6.11,0.7640712048
7.22,0.7641259775
6.32,0.7643135388
7.21,0.7643579009
6.10,0.7643865524
7.20,0.7645906683
6.31,0.7646177052
06.09,0.7647028236
7.19,0.7648240899
6.30,0.7649228412
06.08,0.7650199167
7.18,0.7650582684
6.29,0.7652287469
7.17,0.7652931046
06.07,0.7653380414
7.16,0.7655035303
6.28,0.7655355257
06.06,0.7656569964
7.15,0.7657091433
6.27,0.7658431844
7.14,0.7659153101
06.05,0.7659769886
7.13,0.7661223435
6.26,0.7661517238
06.04,0.7662979180
7.12,0.7663300292
6.25,0.7664611481
7.11,0.7665383870
06.03,0.7666197929
7.10,0.7667476021
6.24,0.7667714604
06.02,0.7669426131
07.09,0.7669573883
6.23,0.7670826627
07.08,0.7671680495
06.01,0.7672662862
07.07,0.7673792852
6.22,0.7673947620
07.06,0.7675913974
6.00,0.7676029274
6.21,0.7677077579
07.05,0.7678041847
5.99,0.7679508104
07.04,0.7680177606
6.20,0.7680215560
07.03,0.7682320207
5.98,0.7682994947
6.19,0.7683363604
07.02,0.7684470701
5.97,0.7686487925
6.18,0.7686520763
07.01,0.7686628111
7.00,0.7688794457
6.17,0.7689686029
5.96,0.7689988066
6.99,0.7691073493
6.16,0.7692861448
6.98,0.7693412433
5.95,0.7693496437
6.97,0.7695757580
6.15,0.7696045054
5.94,0.7697011137
6.96,0.7698109032
6.14,0.7699238926
6.95,0.7700468713
5.93,0.7700534243
6.13,0.7702441053
6.94,0.7702833673
5.92,0.7704064784
6.93,0.7705207016
6.12,0.7705653515
6.92,0.7707586649
5.91,0.7707602887
0.87,0.7708711370
6.11,0.7708874305
6.91,0.7709973639
5.90,0.7711148599
6.10,0.7712105466
6.90,0.7712367079
5.89,0.7714702988
6.89,0.7714767895
06.09,0.7715346072
6.88,0.7717176230
5.88,0.7718264138
06.08,0.7718595109
6.87,0.7719591994
5.87,0.7721833115
06.07,0.7721854672
6.86,0.7722014247
6.85,0.7724444065
06.06,0.7725122750
5.86,0.7725410995
6.84,0.7726880413
06.05,0.7728401434
5.85,0.7728996842
6.83,0.7729324409
06.04,0.7731689680
6.82,0.7731775920
5.84,0.7732590785
6.81,0.7734234154
06.03,0.7734987627
5.83,0.7736193811
6.80,0.7736700037
06.02,0.7738295220
6.79,0.7739173592
5.82,0.7739804074
06.01,0.7741611573
6.78,0.7741653873
5.81,0.7743423595
6.77,0.7744141887
6.00,0.7745057898
6.76,0.7746637691
5.80,0.7747051465
0.92,0.7747679787
5.99,0.7748616927
6.75,0.7749141325
5.79,0.7750687788
6.74,0.7751651822
5.98,0.7752184185
6.73,0.7754170145
5.78,0.7754333599
5.97,0.7755757810
6.72,0.7756696312
5.77,0.7757986997
6.71,0.7759229463
5.96,0.7759338804
5.76,0.7761650079
6.70,0.7761770583
5.95,0.7762928264
6.69,0.7764319611
5.75,0.7765321853
5.94,0.7766524282
6.68,0.7766876697
5.74,0.7769003491
6.67,0.7769440826
5.93,0.7770128927
6.66,0.7772013017
5.73,0.7772692986
5.92,0.7773741229
6.65,0.7774593275
5.72,0.7776392456
6.64,0.7777180689
5.91,0.7777361340
6.63,0.7779777271
5.71,0.7780101963
5.90,0.7780989268
6.62,0.7782381012
5.70,0.7783819588
5.89,0.7784626121
6.61,0.7784991978
0.88,0.7786630444
5.69,0.7787547444
6.60,0.7787612154
5.88,0.7788269957
6.59,0.7790239700
5.68,0.7791284539
5.87,0.7791921869
6.58,0.7792875508
5.67,0.7795032012
6.57,0.7795519658
5.86,0.7795582907
6.56,0.7798172182
5.66,0.7798788940
5.85,0.7799252147
6.55,0.7800832079
5.65,0.7802555374
5.84,0.7802929722
6.54,0.7803500468
6.53,0.7806177257
5.64,0.7806331406
5.83,0.7806616629
6.52,0.7808862619
5.63,0.7810118120
5.82,0.7810310998
6.51,0.7811555498
5.62,0.7813914590
5.81,0.7814014877
6.50,0.7814257904
6.49,0.7816967959
5.61,0.7817721889
5.80,0.7817727342
6.48,0.7819686574
5.79,0.7821448512
5.60,0.7821539138
6.47,0.7822413903
6.46,0.7825148912
5.78,0.7825179410
5.59,0.7825367328
6.45,0.7827893644
5.77,0.7828918146
5.58,0.7829204648
6.44,0.7830646104
5.76,0.7832666808
5.57,0.7833053116
6.43,0.7833407424
6.42,0.7836177590
5.75,0.7836424400
5.56,0.7836912856
6.41,0.7838956548
5.74,0.7840192124
5.55,0.7840782890
6.40,0.7841744451
5.73,0.7843967947
6.39,0.7844540222
5.54,0.7844664358
6.38,0.7847345015
5.72,0.7847753999
5.53,0.7848556310
6.37,0.7850158789
5.71,0.7851550356
5.52,0.7852458839
6.36,0.7852982606
5.70,0.7855355074
6.35,0.7855814524
5.51,0.7856373023
6.34,0.7858655470
5.69,0.7859170277
5.50,0.7860297966
6.33,0.7861504578
5.68,0.7862994977
5.49,0.7864234755
6.32,0.7864363878
0.89,0.7864549024
5.67,0.7866830326
6.31,0.7867231388
5.48,0.7868183434
6.30,0.7870109189
5.66,0.7870675384
5.47,0.7872143107
6.29,0.7872995237
5.65,0.7874530221
6.28,0.7875890568
5.46,0.7876113875
5.64,0.7878394911
6.27,0.7878795298
5.45,0.7880096812
6.26,0.7881709427
5.63,0.7882270545
5.44,0.7884091014
6.25,0.7884632996
5.62,0.7886156206
6.24,0.7887566010
5.43,0.7888097529
5.61,0.7890052968
6.23,0.7890508516
5.42,0.7892116485
6.22,0.7893460588
5.60,0.7893959953
5.41,0.7896146981
6.21,0.7896422228
5.59,0.7897878138
6.20,0.7899392492
5.40,0.7900190054
5.58,0.7901805729
6.19,0.7902373414
5.39,0.7904244811
6.18,0.7905364061
5.57,0.7905744740
5.38,0.7908312362
6.17,0.7908363448
5.56,0.7909695313
6.16,0.7911373555
5.37,0.7912392765
5.55,0.7913656453
6.15,0.7914392493
5.36,0.7916485145
6.14,0.7917422301
5.54,0.7917629291
6.13,0.7920460967
5.35,0.7920590554
5.53,0.7921612914
6.12,0.7923510622
5.34,0.7924708064
5.52,0.7925607379
6.11,0.7926569219
5.33,0.7928838838
5.51,0.7929613787
6.10,0.7929638816
06.09,0.7932718485
5.32,0.7932982929
5.50,0.7933631244
06.08,0.7935807221
5.31,0.7937139369
0.93,0.7937467741
5.49,0.7937660826
06.07,0.7938907110
5.30,0.7941310360
5.48,0.7941702590
06.06,0.7942016153
0.90,0.7942469809
06.05,0.7945136500
5.29,0.7945493917
5.47,0.7945755639
06.04,0.7948266982
5.28,0.7949690134
5.46,0.7949820075
06.03,0.7951407899
5.45,0.7953896973
5.27,0.7953901134
06.02,0.7954559041
06.01,0.7957719641
5.44,0.7957985432
5.26,0.7958124965
6.00,0.7961011083
5.43,0.7962086507
5.25,0.7962361777
5.99,0.7964416081
5.42,0.7966200305
5.24,0.7966613623
5.98,0.7967829962
5.41,0.7970325954
5.23,0.7970878601
5.97,0.7971250904
5.40,0.7974464485
5.96,0.7974679833
5.22,0.7975158844
5.95,0.7978117932
5.39,0.7978614982
5.21,0.7979452367
5.94,0.7981563278
5.38,0.7982778597
5.20,0.7983759319
5.93,0.7985017916
5.37,0.7986955361
5.19,0.7988081831
5.92,0.7988480876
5.36,0.7991144425
5.91,0.7991952382
5.18,0.7992417897
5.35,0.7995346815
5.90,0.7995432330
5.17,0.7996769715
5.89,0.7998921946
5.34,0.7999561619
5.16,0.8001135302
5.88,0.8002419213
5.33,0.8003789997
0.91,0.8005230252
5.15,0.8005515777
5.87,0.8005925298
5.32,0.8008032021
5.86,0.8009441181
5.14,0.8009911307
5.31,0.8012286690
5.85,0.8012965970
5.13,0.8014321885
5.84,0.8016499810
5.30,0.8016556239
5.12,0.8018747645
5.83,0.8020043729
5.29,0.8020838680
5.11,0.8023187707
5.82,0.8023595782
5.28,0.8025134092
5.81,0.8027158102
5.10,0.8027644169
5.27,0.8029444634
5.80,0.8030729719
05.09,0.8032116124
5.26,0.8033768306
5.79,0.8034310799
05.08,0.8036603642
5.78,0.8037902322
5.25,0.8038105302
05.07,0.8041105852
5.77,0.8041502438
5.24,0.8042457662
5.76,0.8045113203
05.06,0.8045624834
5.23,0.8046823485
5.75,0.8048733613
05.05,0.8050158732
5.22,0.8051204902
5.74,0.8052364960
05.04,0.8054709610
5.21,0.8055599945
5.73,0.8056151233
05.03,0.8059276543
5.20,0.8060008745
5.72,0.8060147402
05.02,0.8063859719
5.71,0.8064154680
5.19,0.8064433444
5.70,0.8068171046
05.01,0.8068459160
5.18,0.8068872039
5.69,0.8072198665
5.00,0.8072201838
5.17,0.8073326734
5.68,0.8076236545
4.99,0.8077142036
5.16,0.8077795557
0.93,0.8079631515
5.67,0.8080285893
4.98,0.8082092814
5.15,0.8082279590
5.66,0.8084345709
5.14,0.8086779041
4.97,0.8087055165
5.65,0.8088416121
5.13,0.8091293902
4.96,0.8092028251
5.64,0.8092497155
5.12,0.8095824279
5.63,0.8096589916
4.95,0.8097011044
5.11,0.8100369320
5.62,0.8100693515
4.94,0.8102006603
5.61,0.8104809028
5.10,0.8104931130
4.93,0.8107011001
5.60,0.8108935588
05.09,0.8109508781
4.92,0.8112028314
5.59,0.8113074121
05.08,0.8114102363
4.91,0.8117056626
5.58,0.8117222887
05.07,0.8118710999
5.57,0.8121383892
4.90,0.8122095874
05.06,0.8123336774
5.56,0.8125557323
4.89,0.8127146219
05.05,0.8127977832
5.55,0.8129742144
4.88,0.8132208724
05.04,0.8132636250
5.54,0.8133939453
4.87,0.8137281361
05.03,0.8137311091
5.53,0.8138148448
05.02,0.8142002547
4.86,0.8142366240
5.52,0.8142369080
5.51,0.8146602521
05.01,0.8146710647
4.85,0.8147463423
5.00,0.8150561835
5.50,0.8150847876
4.84,0.8152571935
5.49,0.8155106194
4.99,0.8155611646
4.83,0.8157692862
5.48,0.8159377573
4.98,0.8160672417
4.82,0.8162824224
5.47,0.8163661107
4.97,0.8165745145
5.46,0.8167956904
4.81,0.8167968122
0.92,0.8168970145
4.96,0.8170828990
5.45,0.8172266041
4.80,0.8173124567
4.95,0.8175922935
5.44,0.8176587620
4.79,0.8178292663
5.43,0.8180922731
4.94,0.8181030031
4.78,0.8183472404
5.42,0.8185271406
4.93,0.8186146359
4.77,0.8188665895
5.41,0.8189632868
4.92,0.8191276003
4.76,0.8193870160
5.40,0.8194008125
4.91,0.8196417057
5.39,0.8198396194
4.75,0.8199087314
4.90,0.8201569417
5.38,0.8202798352
4.74,0.8204317339
4.89,0.8206733302
5.37,0.8207214548
4.73,0.8209559289
5.36,0.8211644015
4.88,0.8211909733
4.72,0.8214814299
5.35,0.8216087696
4.87,0.8217096708
4.71,0.8220081340
5.34,0.8220544729
4.86,0.8222296353
5.33,0.8225016266
4.70,0.8225362530
4.85,0.8227508691
5.32,0.8229502432
4.69,0.8230654867
4.84,0.8232732788
5.31,0.8234002135
4.68,0.8235961436
4.83,0.8237969715
5.30,0.8238517703
4.67,0.8241280283
5.29,0.8243047140
4.82,0.8243217494
4.66,0.8246612497
5.28,0.8247590484
4.81,0.8248478240
4.65,0.8251958095
5.27,0.8252149994
4.80,0.8253751950
5.26,0.8256723530
4.64,0.8257316135
4.79,0.8259037745
5.25,0.8261311417
4.63,0.8262687660
4.78,0.8264335603
5.24,0.8265915662
4.62,0.8268072778
4.77,0.8269647658
5.23,0.8270534356
4.61,0.8273471496
4.76,0.8274970922
5.22,0.8275169638
4.60,0.8278883876
5.21,0.8279819579
4.75,0.8280307523
4.59,0.8284309940
5.20,0.8284484262
4.74,0.8285657415
5.19,0.8289165857
4.58,0.8289748823
4.73,0.8291019694
5.18,0.8293862373
4.57,0.8295202516
4.72,0.8296395473
5.17,0.8298576034
4.56,0.8300669121
4.71,0.8301783732
5.16,0.8303304904
4.55,0.8306149638
4.70,0.8307186606
5.15,0.8308049942
4.54,0.8311645135
4.69,0.8312601078
5.14,0.8312811488
4.53,0.8317153687
5.13,0.8317589530
4.68,0.8318030232
5.12,0.8322384090
4.52,0.8322677335
4.67,0.8323472134
5.11,0.8327194399
4.51,0.8328214140
4.66,0.8328927870
5.10,0.8332022580
4.50,0.8333766149
4.65,0.8334397458
05.09,0.8336867650
4.49,0.8339332427
4.64,0.8339879956
05.08,0.8341729753
4.48,0.8344912967
4.63,0.8345376408
05.07,0.8346607995
4.47,0.8350507871
4.62,0.8350886949
05.06,0.8351504473
4.46,0.8356117185
4.61,0.8356411551
05.05,0.8356417340
05.04,0.8361348702
4.45,0.8361742016
4.60,0.8361950310
05.03,0.8366297589
4.44,0.8367381321
4.59,0.8367503239
0.94,0.8369073582
05.02,0.8371264208
4.43,0.8373035230
4.58,0.8373069462
05.01,0.8376248609
4.57,0.8378651008
4.42,0.8378703765
5.00,0.8380375646
4.56,0.8384245954
4.41,0.8384387957
4.99,0.8385704616
4.55,0.8389855313
4.40,0.8390087832
4.98,0.8391045692
4.54,0.8395480155
4.39,0.8395801557
4.97,0.8396399867
4.53,0.8401118557
4.38,0.8401531073
4.96,0.8401766308
4.52,0.8406772572
4.95,0.8407144028
4.37,0.8407276494
4.51,0.8412440260
4.94,0.8412536054
4.36,0.8413036798
4.93,0.8417938490
4.50,0.8418123660
4.35,0.8418812164
4.92,0.8423355441
4.49,0.8423821848
4.34,0.8424604515
4.91,0.8428785035
4.48,0.8429534831
4.33,0.8430410912
4.90,0.8434227047
4.47,0.8435262699
4.32,0.8436234538
4.89,0.8439681862
4.46,0.8441005499
4.31,0.8442073208
4.88,0.8445150386
4.45,0.8446764353
4.30,0.8447927303
4.87,0.8450630685
4.44,0.8452538231
4.29,0.8453797542
4.86,0.8456124936
4.43,0.8458327251
4.28,0.8459684121
4.85,0.8461633050
4.42,0.8464131437
4.27,0.8465587087
4.84,0.8467154211
4.41,0.8469951830
4.26,0.8471506585
4.83,0.8472689444
4.40,0.8475788461
4.25,0.8477442436
4.82,0.8478236782
4.39,0.8481639495
4.24,0.8483393844
4.81,0.8483798377
4.38,0.8487506890
4.23,0.8489361845
4.80,0.8489374187
4.37,0.8493390746
4.79,0.8494963380
4.22,0.8495346531
4.36,0.8499290051
4.78,0.8500565891
4.21,0.8501348735
4.35,0.8505204993
4.77,0.8506183942
4.20,0.8507366798
4.34,0.8511137505
0.93,0.8511172634
4.76,0.8511814502
4.19,0.8513402565
0.94,0.8514123476
4.33,0.8517084630
4.75,0.8517459744
4.18,0.8519454164
4.32,0.8523049565
4.74,0.8523119535
4.17,0.8525522627
4.73,0.8528793098
4.31,0.8529030134
4.16,0.8531609035
4.72,0.8534481481
4.30,0.8535026748
4.15,0.8537712360
4.71,0.8540183689
4.29,0.8541040067
4.14,0.8543832690
4.70,0.8545901910
4.28,0.8547070348
4.13,0.8549969972
4.69,0.8551633077
4.27,0.8553117603
4.12,0.8556125488
4.68,0.8557380281
4.26,0.8559182013
4.11,0.8562298011
4.67,0.8563141638
4.25,0.8565263397
4.10,0.8568487872
4.66,0.8568918232
4.24,0.8571360922
04.09,0.8574696822
4.65,0.8574710078
4.23,0.8577475688
4.64,0.8580516238
04.08,0.8580922059
4.22,0.8583607763
4.63,0.8586337759
04.07,0.8587165612
4.21,0.8589757989
4.62,0.8592174854
04.06,0.8593426581
4.20,0.8595924708
4.61,0.8598027395
04.05,0.8599706941
4.19,0.8602109765
4.60,0.8603895573
04.04,0.8606003711
4.18,0.8608311301
4.59,0.8609779379
04.03,0.8612318875
4.17,0.8614530346
4.58,0.8615677901
04.02,0.8618653650
4.16,0.8620768009
4.57,0.8621593290
04.01,0.8625006031
4.15,0.8627023221
4.56,0.8627523533
4.00,0.8631375998
4.14,0.8633296120
4.55,0.8633469699
3.99,0.8637965299
4.54,0.8639432854
4.13,0.8639586631
3.98,0.8644572569
4.53,0.8645411079
4.12,0.8645896057
3.97,0.8651199814
4.52,0.8651406468
4.11,0.8652223161
4.51,0.8657417081
3.96,0.8657845150
4.10,0.8658568285
4.50,0.8663444925
3.95,0.8664510601
04.09,0.8664933181
4.49,0.8669489112
3.94,0.8671194180
04.08,0.8671315069
4.48,0.8675549695
04.07,0.8677715980
3.93,0.8677898063
4.47,0.8681626723
04.06,0.8684134963
3.92,0.8684621010
4.46,0.8687720251
04.05,0.8690574106
3.91,0.8691363269
4.45,0.8693831440
04.04,0.8697030352
3.90,0.8698124909
4.44,0.8699959303
04.03,0.8703505708
3.89,0.8704906919
4.43,0.8706103919
04.02,0.8710001383
3.88,0.8711709240
4.42,0.8712265320
04.01,0.8716515404
4.41,0.8718444576
3.87,0.8718530056
4.00,0.8723047777
4.40,0.8724641734
3.86,0.8725372343
3.99,0.8729800312
4.39,0.8730854956
3.85,0.8732233151
3.98,0.8736571556
4.38,0.8737086245
3.84,0.8739115484
4.37,0.8743335659
3.97,0.8743363542
3.83,0.8746017444
4.36,0.8749602222
3.96,0.8750174420
3.82,0.8752940027
4.35,0.8755886147
3.95,0.8757006105
3.81,0.8759882254
4.34,0.8762189394
3.94,0.8763856708
3.80,0.8766846281
4.33,0.8768508953
3.93,0.8770728391
3.79,0.8773829946
4.32,0.8774848065
3.92,0.8777619975
3.78,0.8780834481
4.31,0.8781204578
3.91,0.8784531564
4.30,0.8787578995
3.77,0.8787859794
3.90,0.8791463406
4.29,0.8793971800
3.76,0.8794906892
3.89,0.8798416394
4.28,0.8800383432
0.95,0.8800679423
3.75,0.8801974075
3.88,0.8805390495
4.27,0.8806813794
3.74,0.8809062987
3.87,0.8812383887
4.26,0.8813263179
3.73,0.8816172869
3.86,0.8819399601
4.25,0.8819731403
3.72,0.8823303834
4.24,0.8826217521
3.85,0.8826434621
3.71,0.8830456841
4.23,0.8832722818
3.84,0.8833492014
3.70,0.8837630837
4.22,0.8839247291
3.83,0.8840569881
3.69,0.8844826964
4.21,0.8845791819
3.82,0.8847669205
3.68,0.8852044123
4.20,0.8852354738
3.81,0.8854789031
4.19,0.8858937898
3.67,0.8859283474
3.80,0.8861931528
4.18,0.8865539474
3.66,0.8866544056
3.79,0.8869094519
4.17,0.8872160492
3.65,0.8873827753
3.78,0.8876279202
4.16,0.8878802146
3.64,0.8881132762
3.77,0.8883485616
4.15,0.8885463242
3.63,0.8888460019
3.76,0.8890714650
4.14,0.8892144077
3.62,0.8895809506
3.75,0.8897964695
4.13,0.8898844493
3.61,0.8903182429
3.74,0.8905237314
4.12,0.8905565871
3.60,0.8910576608
4.11,0.8912306938
3.73,0.8912531877
3.59,0.8917994124
4.10,0.8919068066
3.72,0.8919848417
3.58,0.8925434180
04.09,0.8925851015
3.71,0.8927187887
04.08,0.8932653071
3.57,0.8932896531
3.70,0.8934549321
04.07,0.8939476268
3.56,0.8940382316
3.69,0.8941933753
04.06,0.8946319507
3.55,0.8947890612
0.95,0.8948615437
3.68,0.8949340250
04.05,0.8953185205
3.54,0.8955422357
0.94,0.8956103130
3.67,0.8956769839
04.04,0.8960070085
3.53,0.8962977701
3.66,0.8964221608
04.03,0.8966976225
3.52,0.8970555468
3.65,0.8971697488
04.02,0.8973904804
3.51,0.8978156817
3.64,0.8979195652
04.01,0.8980853947
3.50,0.8985782809
3.63,0.8986717022
4.00,0.8987823740
3.49,0.8993431275
3.62,0.8994261652
3.99,0.8995016176
3.48,0.9001103349
3.61,0.9001830689
3.98,0.9002229542
3.47,0.9008800125
3.60,0.9009422011
3.97,0.9009465944
3.46,0.9016520569
3.96,0.9016723642
3.59,0.9017037674
3.95,0.9024004225
3.45,0.9024264534
3.58,0.9024676894
3.94,0.9031306088
3.44,0.9032033254
3.57,0.9032339433
3.93,0.9038631363
3.43,0.9039826650
3.56,0.9040026459
3.92,0.9045979047
3.42,0.9047643770
3.55,0.9047737069
3.91,0.9053348808
3.54,0.9055472142
3.41,0.9055485548
3.90,0.9060741442
3.53,0.9063231922
3.40,0.9063351116
3.89,0.9068157548
3.52,0.9071015158
3.39,0.9071242369
3.88,0.9075597165
3.51,0.9078823110
3.38,0.9079158422
3.87,0.9083058467
3.50,0.9086656797
3.37,0.9087099202
3.86,0.9090544637
3.49,0.9094514064
3.36,0.9095064745
3.85,0.9098052467
3.48,0.9102396041
3.35,0.9103056075
3.84,0.9105585212
3.47,0.9110303824
3.34,0.9111072203
3.83,0.9113140969
3.46,0.9118236462
3.33,0.9119112993
3.82,0.9120720686
3.45,0.9126193733
3.32,0.9127180759
3.81,0.9128323475
3.44,0.9134176897
3.31,0.9135273258
3.80,0.9135951548
3.43,0.9142185906
3.30,0.9143391513
3.79,0.9143602681
3.42,0.9150219797
3.78,0.9151277969
3.29,0.9151535693
3.41,0.9158279589
3.77,0.9158977846
3.28,0.9159705592
3.40,0.9166364299
3.76,0.9166702839
3.27,0.9167902294
3.75,0.9174451627
3.39,0.9174475936
3.26,0.9176124895
3.74,0.9182225519
3.38,0.9182613597
3.25,0.9184374336
3.73,0.9190024277
3.37,0.9190777221
3.24,0.9192649537
3.72,0.9197847688
3.36,0.9198966771
3.23,0.9200950604
3.71,0.9205696693
3.35,0.9207183438
3.22,0.9209279463
3.70,0.9213570586
3.34,0.9215426134
3.21,0.9217635116
3.69,0.9221470076
3.33,0.9223694759
3.20,0.9226017634
3.68,0.9229394724
3.32,0.9231991638
0.96,0.9232285264
3.19,0.9234426942
3.67,0.9237345166
3.31,0.9240314549
3.18,0.9242864135
3.66,0.9245320632
3.30,0.9248664488
3.17,0.9251328086
3.65,0.9253323194
3.29,0.9257041700
3.16,0.9259819762
3.64,0.9261350954
3.28,0.9265445948
3.15,0.9268339406
3.63,0.9269404790
3.27,0.9273878353
3.14,0.9276886736
3.62,0.9277484976
3.26,0.9282338009
3.13,0.9285460818
3.61,0.9285592479
3.25,0.9290825841
3.60,0.9293725352
3.12,0.9294063816
3.24,0.9299340842
3.59,0.9301885574
3.11,0.9302695519
3.23,0.9307883103
3.58,0.9310149317
3.10,0.9311355016
3.22,0.9316454547
3.57,0.9318559924
03.09,0.9320043217
3.21,0.9325054163
3.56,0.9326998168
03.08,0.9328760182
3.20,0.9333682080
3.55,0.9335463216
03.07,0.9337504972
3.19,0.9342338270
3.54,0.9343955764
03.06,0.9346279319
3.18,0.9351023764
3.53,0.9352476343
03.05,0.9355083633
3.17,0.9359737493
3.52,0.9361023475
03.04,0.9363915466
3.16,0.9368480470
3.51,0.9369598718
03.03,0.9372777999
3.15,0.9377252876
3.50,0.9378202975
03.02,0.9381669343
0.96,0.9383107398
3.14,0.9386054426
3.49,0.9386834121
03.01,0.9390591396
3.13,0.9394884302
3.48,0.9395493288
3.00,0.9400698937
0.95,0.9401033627
3.12,0.9403744633
3.47,0.9404181568
2.99,0.9412159598
3.11,0.9412635228
3.46,0.9412898259
3.10,0.9421555159
3.45,0.9421642918
2.98,0.9423655936
3.44,0.9430416878
03.09,0.9430505383
2.97,0.9435188787
3.43,0.9439220191
03.08,0.9439485969
2.96,0.9446758190
3.42,0.9448051858
03.07,0.9448495998
3.41,0.9456913147
03.06,0.9457537225
2.95,0.9458366980
3.40,0.9465802744
03.05,0.9466610031
2.94,0.9470014131
3.39,0.9474722983
03.04,0.9475711989
2.93,0.9481703576
3.38,0.9483672921
03.03,0.9484846348
3.37,0.9492652525
2.92,0.9493434360
03.02,0.9494011230
3.36,0.9501661538
03.01,0.9503208479
2.91,0.9505208199
3.35,0.9510701658
3.00,0.9513593672
2.90,0.9517027144
3.34,0.9519771497
2.99,0.9525334539
3.33,0.9528871062
2.89,0.9528891183
2.98,0.9537112817
3.32,0.9538002712
2.88,0.9540801169
3.31,0.9547164290
2.97,0.9548929388
2.87,0.9552759165
3.30,0.9556356709
2.96,0.9560784346
2.86,0.9564767092
3.29,0.9565580439
2.95,0.9572680426
3.28,0.9574835153
2.85,0.9576824628
3.27,0.9584122085
2.94,0.9584616780
2.84,0.9588932178
3.26,0.9593440317
2.93,0.9596597179
2.83,0.9601093314
3.25,0.9602790737
2.92,0.9608620833
3.24,0.9612172546
2.82,0.9613308257
2.91,0.9620689454
3.23,0.9621585791
2.81,0.9625577793
3.22,0.9631032393
2.90,0.9632805029
2.80,0.9637903933
3.21,0.9640511296
2.89,0.9644967673
3.20,0.9650022805
2.79,0.9650286666
2.88,0.9657178160
3.19,0.9659567032
2.78,0.9662727945
0.97,0.9663891105
3.18,0.9669144815
2.87,0.9669438625
2.77,0.9675229689
3.17,0.9678755264
2.86,0.9681744399
2.76,0.9687791866
3.16,0.9688399523
2.85,0.9694096012
3.15,0.9698077594
2.75,0.9700416489
2.84,0.9706499660
3.14,0.9707789176
2.74,0.9713104656
3.13,0.9717533806
2.83,0.9718958949
2.73,0.9725857212
3.12,0.9727313504
2.82,0.9731474103
3.11,0.9737128135
2.72,0.9738676048
2.81,0.9744045963
3.10,0.9746976728
2.71,0.9751562377
2.80,0.9756676474
03.09,0.9756860378
2.70,0.9764516965
03.08,0.9766779179
2.79,0.9769365763
03.07,0.9776732274
2.69,0.9777542096
2.78,0.9782115693
03.06,0.9786721483
2.68,0.9790637539
2.77,0.9794928247
03.05,0.9796747108
2.67,0.9803806407
03.04,0.9806806776
2.76,0.9807803471
03.03,0.9816903947
2.66,0.9817048627
0.97,0.9817599359
2.75,0.9820743322
03.02,0.9827036770
2.65,0.9830365322
2.74,0.9833748978
03.01,0.9837206933
2.64,0.9843759504
0.96,0.9845964123
2.73,0.9846821235
3.00,0.9848572407
2.63,0.9857232108
2.72,0.9859962065
2.99,0.9861301218
2.62,0.9870783301
2.71,0.9873172694
2.98,0.9874072637
2.61,0.9884415006
2.70,0.9886453905
2.97,0.9886887684
2.60,0.9898129425
2.96,0.9899746623
2.69,0.9899808021
2.59,0.9911926522
2.95,0.9912651880
2.68,0.9913234801
2.94,0.9925603148
2.58,0.9925809383
2.67,0.9926737411
2.93,0.9938603709
2.57,0.9939779136
2.66,0.9940315791
2.92,0.9951653270
2.56,0.9953835807
2.65,0.9953971079
2.91,0.9964753531
2.64,0.9967706360
2.55,0.9967982461
2.90,0.9977906281
2.63,0.9981522498
2.54,0.9982220272
2.89,0.9991112024
2.62,0.9995419759
2.53,0.9996549385
2.88,0.1000437129
2.61,0.1000940010
2.52,0.1001097385
2.87,0.1001768644
2.60,0.1002346568
2.51,0.1002549283
2.86,0.1003105959
2.59,0.1003761655
2.50,0.1004010954
2.85,0.1004449017
2.58,0.1005185581
2.49,0.1005482500
2.84,0.1005797884
2.57,0.1006618455
2.48,0.1006964059
2.83,0.1007152931
2.56,0.1008060294
2.47,0.1008455826
2.82,0.1008514181
2.55,0.1009511395
0.98,0.1009549695
2.81,0.1009881736
2.46,0.1009957945
2.54,0.1010971887
2.80,0.1011255769
2.45,0.1011470628
2.53,0.1012441782
2.79,0.1012636335
2.44,0.1012993994
2.52,0.1013921493
2.78,0.1014023593
2.43,0.1014528165
2.51,0.1015410934
2.77,0.1015417761
2.42,0.1016073481
2.76,0.1016818866
2.50,0.1016910428
2.41,0.1017630059
2.75,0.1018227088
2.49,0.1018420083
2.40,0.1019198040
2.74,0.1019642568
2.48,0.1019940041
2.39,0.1020777546
2.73,0.1021065371
2.47,0.1021470494
2.38,0.1022368924
2.72,0.1022495719
2.46,0.1023011592
2.71,0.1023933738
2.37,0.1023972285
2.45,0.1024563551
0.98,0.1025209132
2.70,0.1025379512
2.36,0.1025587802
2.44,0.1026126488
2.69,0.1026833284
2.35,0.1027215688
2.43,0.1027700533
2.68,0.1028295028
2.34,0.1028856292
0.97,0.1029089462
2.42,0.1029286028
2.67,0.1029765076
2.33,0.1030509473
2.41,0.1030883087
2.66,0.1031243426
2.32,0.1032175760
2.40,0.1032491863
2.65,0.1032730195
2.31,0.1033855323
2.39,0.1034112471
2.64,0.1034225715
2.30,0.1035548211
2.63,0.1035730051
2.38,0.1035745263
2.62,0.1037243259
2.29,0.1037254773
2.37,0.1037390356
2.61,0.1038765545
2.28,0.1038975269
2.36,0.1039047923
2.60,0.1040297110
2.27,0.1040709769
2.35,0.1040718184
2.59,0.1041837990
2.34,0.1042401483
2.26,0.1042458738
2.58,0.1043388493
2.33,0.1044097687
2.25,0.1044222248
2.57,0.1044948722
2.32,0.1045807322
2.24,0.1046000565
2.56,0.1046518735
2.31,0.1047530564
2.23,0.1047793983
2.55,0.1048098802
2.30,0.1049267465
2.22,0.1049602865
2.54,0.1049689081
2.29,0.1051018377
2.53,0.1051289581
2.21,0.1051427208
0.99,0.1052710279
2.28,0.1052783557
2.52,0.1052900745
2.20,0.1053267496
2.51,0.1054522468
2.27,0.1054563080
2.19,0.1055123935
2.50,0.1056155083
2.26,0.1056357414
2.18,0.1056996813
2.49,0.1057798720
2.25,0.1058166630
2.17,0.1058886440
2.48,0.1059453530
2.24,0.1059990997
2.16,0.1060793119
2.47,0.1061119689
2.23,0.1061830815
2.15,0.1062717083
2.46,0.1062797375
2.22,0.1063686439
2.45,0.1064486813
2.14,0.1064658745
2.21,0.1065557872
2.44,0.1066188116
2.13,0.1066618318
2.20,0.1067445601
2.43,0.1067901431
2.12,0.1068596244
0.99,0.1068658328
2.19,0.1069349833
2.42,0.1069627113
2.11,0.1070592778
2.18,0.1071270848
2.41,0.1071365261
2.10,0.1072608255
2.40,0.1073116069
2.17,0.1073208974
0.98,0.1073582512
02.09,0.1074643119
2.39,0.1074879629
2.16,0.1075164497
2.38,0.1076656313
02.08,0.1076697657
2.15,0.1077137660
2.37,0.1078446246
02.07,0.1078772303
2.14,0.1079128870
2.36,0.1080249605
02.06,0.1080867457
2.13,0.1081138339
2.35,0.1082066635
02.05,0.1082983304
2.12,0.1083166515
2.34,0.1083897662
02.04,0.1085120644
2.11,0.1085213650
2.33,0.1085742579
02.03,0.1087279562
2.10,0.1087280072
2.32,0.1087601901
02.09,0.1089366226
02.02,0.1089460586
2.31,0.1089475820
2.30,0.1091364400
02.08,0.1091467911
02.01,0.1091664232
2.29,0.1093268001
02.07,0.1093584782
2.00,0.1093882886
2.28,0.1095186871
02.06,0.1095722702
1.00,0.1095870863
1.99,0.1096302836
2.27,0.1097121102
02.05,0.1097881849
1.98,0.1098744954
2.26,0.1099071166
02.04,0.1100063039
2.25,0.1101037139
1.97,0.1101209778
02.03,0.1102266349
2.24,0.1103019293
1.96,0.1103697789
02.02,0.1104492322
2.23,0.1105017944
1.95,0.1106209448
02.01,0.1106741472
2.22,0.1107033428
1.94,0.1108745446
2.00,0.1109006179
2.21,0.1109065766
2.20,0.1111115447
1.93,0.1111306198
1.99,0.1111472856
1.00,0.1112107524
2.19,0.1113182691
1.92,0.1113892309
1.98,0.1113962262
2.18,0.1115267749
1.97,0.1116474940
1.91,0.1116504433
2.17,0.1117371001
0.99,0.1118075561
1.96,0.1119011364
1.90,0.1119143183
2.16,0.1119492685
1.95,0.1121572006
2.15,0.1121633072
1.89,0.1121808948
2.14,0.1123792555
1.94,0.1124157553
1.88,0.1124502716
2.13,0.1125971341
1.93,0.1126768420
1.87,0.1127225064
2.12,0.1128169894
1.92,0.1129405210
1.86,0.1129976533
2.11,0.1130388459
1.91,0.1132068573
2.10,0.1132627337
1.85,0.1132758059
1.90,0.1134759120
02.09,0.1134886985
1.84,0.1135570291
02.08,0.1137149749
1.89,0.1137477236
1.83,0.1138413915
01.01,0.1139031447
02.07,0.1139412942
1.88,0.1140223898
1.82,0.1141289848
02.06,0.1141698801
1.87,0.1142999684
02.05,0.1144007495
1.81,0.1144199009
1.86,0.1145805120
02.04,0.1146339877
1.80,0.1147100453
1.85,0.1148641138
02.03,0.1148696004
1.79,0.1150263672
02.02,0.1151076463
1.84,0.1151508370
02.01,0.1153481766
1.78,0.1153485462
1.83,0.1154407491
01.01,0.1155556720
2.00,0.1155904271
1.77,0.1156766886
1.82,0.1157339395
1.99,0.1158530766
1.76,0.1160108912
1.81,0.1160304995
1.98,0.1161181668
1.00,0.1162568611
1.80,0.1163263288
1.75,0.1163512629
1.97,0.1163857545
1.79,0.1166483911
1.96,0.1166558840
1.74,0.1166978901
1.95,0.1169286068
1.78,0.1169763508
1.73,0.1170509302
1.94,0.1172039889
1.77,0.1173103108
1.72,0.1174104544
1.93,0.1174820732
1.76,0.1176503648
1.92,0.1177629189
1.71,0.1177766195
1.75,0.1179966176
1.91,0.1180465894
1.70,0.1181495457
01.02,0.1182192031
1.90,0.1183331462
1.74,0.1183491510
1.69,0.1185293479
1.89,0.1186226252
1.73,0.1187081180
1.88,0.1189151223
1.68,0.1189161985
1.72,0.1190735836
1.87,0.1192106944
1.67,0.1193102102
1.71,0.1194456986
1.86,0.1195093901
1.66,0.1197115670
1.85,0.1198113015
1.70,0.1198245770
01.02,0.1199005916
1.84,0.1201164867
1.65,0.1201204038
1.69,0.1202103248
1.83,0.1204250099
1.64,0.1205368950
1.68,0.1206031062
01.01,0.1207061661
1.82,0.1207369534
1.63,0.1209612215
1.67,0.1210030244
1.81,0.1210524062
1.80,0.1213672518
1.62,0.1213935600
1.66,0.1214102531
1.79,0.1217084974
1.39,0.1217568265
1.38,0.1217586914
1.40,0.1217736246
1.37,0.1217793252
1.41,0.1218089521
1.36,0.1218188419
1.65,0.1218249142
1.61,0.1218340980
1.42,0.1218627139
1.35,0.1218774030
1.43,0.1219348389
1.34,0.1219551267
1.44,0.1220252194
1.33,0.1220521996
1.78,0.1220557602
1.45,0.1221337842
1.32,0.1221687687
1.64,0.1222471694
1.46,0.1222604729
1.60,0.1222830565
1.31,0.1223050532
1.47,0.1224051920
1.77,0.1224091344
1.30,0.1224612194
01.03,0.1225352615
1.48,0.1225678892
1.29,0.1226375018
1.63,0.1226771848
1.59,0.1227406220
1.49,0.1227485166
1.76,0.1227687042
1.28,0.1228341407
1.50,0.1229470177
1.27,0.1230514117
1.62,0.1231151698
1.75,0.1231345612
1.51,0.1231633320
1.58,0.1232070313
1.26,0.1232895752
1.52,0.1233974384
1.74,0.1235067749
1.39,0.1235202412
1.38,0.1235225429
1.40,0.1235365899
1.37,0.1235436006
1.25,0.1235489745
1.61,0.1235613407
1.41,0.1235714561
1.36,0.1235835275
1.42,0.1236247450
1.35,0.1236431112
1.53,0.1236492908
1.57,0.1236825122
1.43,0.1236963860
1.34,0.1237223667
1.44,0.1237862718
1.33,0.1238209672
1.24,0.1238299560
1.73,0.1238854836
1.45,0.1238943317
1.54,0.1239188533
1.32,0.1239390596
1.60,0.1240157899
1.46,0.1240205057
1.31,0.1240768634
1.23,0.1241329094
1.47,0.1241647007
1.56,0.1241673152
1.55,0.1242060851
1.30,0.1242345449
01.03,0.1242455112
1.72,0.1242707347
1.48,0.1243268647
1.29,0.1244123390
1.22,0.1244582934
1.59,0.1244786811
1.49,0.1245069502
1.28,0.1246104865
1.71,0.1246626608
1.50,0.1247049012
1.21,0.1248066025
1.27,0.1248292631
1.51,0.1249206575
1.58,0.1249502249
1.70,0.1250613567
1.26,0.1250689302
1.52,0.1251541982
01.02,0.1251554710
1.20,0.1251784443
1.25,0.1253298320
1.53,0.1254054777
1.57,0.1254306200
1.69,0.1254669027
1.19,0.1255745064
1.24,0.1256123158
1.54,0.1256744602
1.18,0.1258655171
1.68,0.1258794381
1.23,0.1259167733
1.56,0.1259200848
1.55,0.1259611053
1.17,0.1261316810
1.22,0.1262436646
1.67,0.1262990373
1.16,0.1264236653
1.21,0.1265934871
1.66,0.1267258433
1.15,0.1267421717
01.04,0.1268513199
1.20,0.1269668517
1.14,0.1270607880
1.65,0.1271599391
1.19,0.1273644500
1.13,0.1274148279
1.64,0.1276014482
1.18,0.1276569368
1.12,0.1278224632
1.17,0.1279245719
1.63,0.1280504926
1.16,0.1282180619
1.11,0.1282674245
1.62,0.1285073795
1.15,0.1285381200
01.04,0.1285904308
1.10,0.1287228160
1.14,0.1288583331
1.61,0.1289724114
1.39,0.1290745665
1.38,0.1290781773
1.40,0.1290895681
1.37,0.1291005058
1.41,0.1291230516
1.36,0.1291416626
1.42,0.1291749234
01.09,0.1291889413
1.35,0.1292043120
1.13,0.1292138366
1.43,0.1292451137
1.34,0.1292881598
1.44,0.1293322459
1.33,0.1293913396
1.45,0.1294368189
1.60,0.1294452954
1.32,0.1295139986
1.46,0.1295594771
01.03,0.1296047760
1.12,0.1296207737
1.31,0.1296563575
01.08,0.1296661323
1.47,0.1297001278
1.30,0.1298185821
1.48,0.1298587205
1.59,0.1299261275
1.29,0.1300009084
1.49,0.1300352089
1.11,0.1300650969
01.07,0.1301547019
1.28,0.1302035791
1.50,0.1302295381
1.58,0.1304150383
1.27,0.1304268697
1.51,0.1304416491
1.10,0.1305161940
01.06,0.1306550061
1.26,0.1306710453
1.52,0.1306715212
1.57,0.1309121403
1.53,0.1309191108
1.25,0.1309364522
01.09,0.1309775890
01.05,0.1311673783
1.54,0.1311843824
1.24,0.1312234410
1.56,0.1314175554
01.08,0.1314501832
1.55,0.1314672964
1.23,0.1315324085
1.22,0.1318638197
01.07,0.1319338306
1.21,0.1322181806
01.06,0.1324288114
1.20,0.1325961119
01.05,0.1329353505
1.19,0.1329983171
1.18,0.1332952302
1.17,0.1335672765
1.16,0.1338652816
01.04,0.1340540809
1.15,0.1341899929
1.14,0.1345149941
1.13,0.1348748865
1.12,0.1352797328
1.11,0.1357221457
1.10,0.1361603723
01.09,0.1366075901
01.08,0.1370664079
01.07,0.1375353034
01.06,0.1380143295