Mach, CD_Power_Off
0.01, 0.362428833942666
0.02, 0.368077152318005
0.03, 0.36006762123255
0.04, 0.351726685489246
0.05, 0.347857283288327
0.06, 0.346583841389049
0.07, 0.34502768693868
0.08, 0.343397090254426
0.09, 0.341782981625535
0.10, 0.340225622433069
0.11, 0.338741766999418
0.12, 0.337336846186926
0.13, 0.33600702900608
0.14, 0.334757050827016
0.15, 0.333579187041808
0.16, 0.332469082848379
0.17, 0.331422285798494
0.18, 0.330434571023301
0.19, 0.329501975456554
0.20, 0.328620838557687
0.21, 0.327787808074104
0.22, 0.326999863103247
0.23, 0.326254209438893
0.24, 0.325548371981314
0.25, 0.324880094762195
0.26, 0.324383796969388
0.27, 0.32392119052067
0.28, 0.323490581864556
0.29, 0.323090543773942
0.30, 0.322719673562444
0.31, 0.322376765871934
0.32, 0.3220607157621
0.33, 0.321770581017893
0.34, 0.321505458584039
0.35, 0.321264566939018
0.36, 0.321047202754216
0.37, 0.320852726095495
0.38, 0.320680641243583
0.39, 0.320530456379332
0.40, 0.320401781105811
0.41, 0.320294268715257
0.42, 0.320207612117726
0.43, 0.320141647240308
0.44, 0.320096196230152
0.45, 0.320071144545984
0.46, 0.320066467719642
0.47, 0.320082138367968
0.48, 0.320118282687131
0.49, 0.320174989989429
0.50, 0.320252440827164
0.51, 0.320350869052681
0.52, 0.320470609135434
0.53, 0.320612016637281
0.54, 0.32077552182847
0.55, 0.321253846882715
0.56, 0.321758090039293
0.57, 0.322279793877581
0.58, 0.322819937517816
0.59, 0.323379580700228
0.60, 0.323959913166439
0.61, 0.324809071705442
0.62, 0.325672744257347
0.63, 0.326561274707585
0.64, 0.327476343421845
0.65, 0.328419790148566
0.66, 0.329393664637526
0.67, 0.330400196639823
0.68, 0.331441895907876
0.69, 0.332521542195412
0.70, 0.333642245876047
0.71, 0.333786115468908
0.72, 0.333867311350185
0.73, 0.333948573278744
0.74, 0.334029911014716
0.75, 0.334111304319489
0.76, 0.334192772955694
0.77, 0.334274296687202
0.78, 0.334355895279114
0.79, 0.334437569116343
0.80, 0.334519286729238
0.81, 0.337093628505131
0.82, 0.339668034213959
0.83, 0.342242493626846
0.84, 0.344817036516096
0.85, 0.34739162265519
0.86, 0.34996627181877
0.87, 0.352541003782635
0.88, 0.355115778323736
0.89, 0.357690645838758
0.90, 0.360265554869738
0.91, 0.362715360642852
0.92, 0.370064777962195
0.93, 0.378543391544665
0.94, 0.38447649273059
0.95, 0.390409593916515
0.96, 0.39634269510244
0.97, 0.402275796288365
0.98, 0.40820889747429
0.99, 0.414141998660215
1.00, 0.42007509984614
1.01, 0.426008201032065
1.02, 0.43194130221799
1.03, 0.437874403403915
1.04, 0.44380750458984
1.05, 0.449740605775765
1.06, 0.448323255670827
1.07, 0.446916046253103
1.08, 0.445518976175433
1.09, 0.444132017148389
1.10, 0.442755180860295
1.11, 0.441388452901071
1.12, 0.440031801689673
1.13, 0.438685225404925
1.14, 0.437348716919571
1.15, 0.436022239737351
1.16, 0.434152454654807
1.17, 0.432274705436331
1.18, 0.430409343709816
1.19, 0.428556332432966
1.20, 0.426715655415971
1.21, 0.424887284529708
1.22, 0.423071189907972
1.23, 0.42126706780666
1.24, 0.419474371861875
1.25, 0.417693074085078
1.26, 0.415966939133785
1.27, 0.414342231191264
1.28, 0.412780879425024
1.29, 0.411272464255451
1.30, 0.409811707709999
1.31, 0.408395285231574
1.32, 0.407020915300018
1.33, 0.405686983930539
1.34, 0.404392137143603
1.35, 0.40313542001154
1.36, 0.401916017738151
1.37, 0.400733265676826
1.38, 0.399586620649469
1.39, 0.398475633304798
1.40, 0.397399907690746
1.41, 0.396359133966905
1.42, 0.39535305572498
1.43, 0.394381404789475
1.44, 0.39344401115937
1.45, 0.392540683185353
1.46, 0.391671287698754
1.47, 0.390835709855986
1.48, 0.390033848077689
1.49, 0.38926560818064
1.50, 0.388530931380759
1.51, 0.387829741593948
1.52, 0.387162033476753
1.53, 0.386527737932328
1.54, 0.385926841263705
1.55, 0.385359338731239
1.56, 0.38482522898015
1.57, 0.384324481296149
1.58, 0.383857126730472
1.59, 0.383423180769971
1.60, 0.383022633830207
1.61, 0.382655553554992
1.62, 0.382321940915219
1.63, 0.382021821836933
1.64, 0.381755246377512
1.65, 0.381522248933572
1.66, 0.381322877964794
1.67, 0.381157183254492
1.68, 0.381025199440111
1.69, 0.3809269848112
1.70, 0.380862607364772
1.71, 0.380832112404262
1.72, 0.380835562368364
1.73, 0.380873014944434
1.74, 0.380944541441186
1.75, 0.381050201907515
1.76, 0.38119007878061
1.77, 0.381364239278358
1.78, 0.381572719303347
1.79, 0.381815628353768
1.80, 0.382093044936588
1.81, 0.382470692250497
1.82, 0.382862252354052
1.83, 0.383281209354669
1.84, 0.383727630593992
1.85, 0.384201601085325
1.86, 0.38470319997081
1.87, 0.385232515453974
1.88, 0.385789618263518
1.89, 0.386374599103975
1.90, 0.386987549861096
1.91, 0.387628554065731
1.92, 0.38829769510404
1.93, 0.38899506842984
1.94, 0.389720759034978
1.95, 0.390474844665544
1.96, 0.391257430039828
1.97, 0.39206860332389
1.98, 0.39290845460064
1.99, 0.393777062100326
2.00, 0.394674555416315
2.01, 0.395008511911539
2.02, 0.393533068904405
2.03, 0.392070038481559
2.04, 0.39061923375187
2.05, 0.389180418295977
2.06, 0.387753420171748
2.07, 0.386338042703784
2.08, 0.384934107466871
2.09, 0.38354140214979
2.10, 0.382159782370507
2.11, 0.380789066173513
2.12, 0.379429072169401
2.13, 0.378079673287482
2.14, 0.376740690603354
2.15, 0.375411959872765
2.16, 0.374093361645171
2.17, 0.372784723589246
2.18, 0.371485921228182
2.19, 0.370196819586225
2.20, 0.368917268864238
2.21, 0.367647158896203
2.22, 0.366386330790126
2.23, 0.365134699815198
2.24, 0.363892122287555
2.25, 0.362658482171398
2.26, 0.361433662583165
2.27, 0.360217549959429
2.28, 0.359010046216549
2.29, 0.357811040781806
2.30, 0.356620418208653
2.31, 0.355438074263656
2.32, 0.354263927730381
2.33, 0.353097863965278
2.34, 0.351939801421681
2.35, 0.350789629985509
2.36, 0.349647265398418
2.37, 0.34851261186988
2.38, 0.34738559918324
2.39, 0.346266124382188
2.40, 0.345154104808715
2.41, 0.344049469951341
2.42, 0.342952126750058
2.43, 0.341862004210721
2.44, 0.340779021171694
2.45, 0.33970310696853
2.46, 0.33863417020394
2.47, 0.3375721551132
2.48, 0.336516979487833
2.49, 0.335468577070825
2.50, 0.334426884888325
2.51, 0.3333918353551
2.52, 0.332363350429927
2.53, 0.331341374129215
2.54, 0.330325829594327
2.55, 0.329316670693066
2.56, 0.328313832449137
2.57, 0.327317251309499
2.58, 0.326326858835754
2.59, 0.325342610732073
2.60, 0.324364432598099
2.61, 0.323392288487522
2.62, 0.32242610705731
2.63, 0.321465835201533
2.64, 0.320511431075537
2.65, 0.319562819645768
2.66, 0.318619971346033
2.67, 0.31768282650655
2.68, 0.316751327276021
2.69, 0.3158254387699
2.70, 0.314905093793195
2.71, 0.313990260548847
2.72, 0.313080878585513
2.73, 0.312176915847954
2.74, 0.311278304532691
2.75, 0.310385018612195
2.76, 0.309497006316095
2.77, 0.308614227369119
2.78, 0.307736637233613
2.79, 0.306864181349964
2.80, 0.305996826225135
2.81, 0.305134538659236
2.82, 0.304277250897358
2.83, 0.303424951240308
2.84, 0.302577592882616
2.85, 0.301735129321956
2.86, 0.300897530370635
2.87, 0.300064741259864
2.88, 0.299236737384713
2.89, 0.298413478993084
2.90, 0.297594932878482
2.91, 0.296781050190806
2.92, 0.2959718039719
2.93, 0.29516715645353
2.94, 0.294367079680932
2.95, 0.293571513801261
2.96, 0.292780460542602
2.97, 0.29199386136223
2.98, 0.291211688654705
2.99, 0.290433904329049
3.00, 0.289660491421811
3.01, 0.288956966593998
3.02, 0.288257085533397
3.03, 0.28756079646378
3.04, 0.28686808714627
3.05, 0.28617894263643
3.06, 0.285493332634691
3.07, 0.28481123467232
3.08, 0.284132609658509
3.09, 0.283457456735915
3.10, 0.282785741213393
3.11, 0.282117443589954
3.12, 0.281452553343355
3.13, 0.280791016664914
3.14, 0.280132848155633
3.15, 0.27947800604805
3.16, 0.278826456775028
3.17, 0.27817819334941
3.18, 0.277533209580311
3.19, 0.276891462283334
3.20, 0.27625293832868
3.21, 0.27561761871039
3.22, 0.274985471551673
3.23, 0.27435648978391
3.24, 0.273730659275328
3.25, 0.2731079342419
3.26, 0.272488310582705
3.27, 0.271871778744027
3.28, 0.271258304461056
3.29, 0.270647873060912
3.30, 0.270040463151488
3.31, 0.269436060062831
3.32, 0.26883464158624
3.33, 0.2682361786504
3.34, 0.267640680975317
3.35, 0.267048102850539
3.36, 0.266458438328623
3.37, 0.265871668056274
3.38, 0.265287769271332
3.39, 0.264706728558357
3.40, 0.264128533529791
3.41, 0.263553155348378
3.42, 0.262980573954436
3.43, 0.262410797311109
3.44, 0.261843778395046
3.45, 0.261279498458253
3.46, 0.260717972370188
3.47, 0.260159155419958
3.48, 0.259603037340695
3.49, 0.259049611891432
3.50, 0.258498856068644
3.51, 0.257950736305648
3.52, 0.257405267219679
3.53, 0.256862410894657
3.54, 0.256322147595934
3.55, 0.255784480275644
3.56, 0.255249387950877
3.57, 0.254716837363672
3.58, 0.254186831111383
3.59, 0.25365934604751
3.60, 0.253134371538724
3.61, 0.252611885543726
3.62, 0.252091872791882
3.63, 0.251574325214393
3.64, 0.251059221344118
3.65, 0.250546545979784
3.66, 0.250036283306744
3.67, 0.249528420119134
3.68, 0.249022951474739
3.69, 0.248519841819509
3.70, 0.248019090802592
3.71, 0.247520685537229
3.72, 0.247024600722968
3.73, 0.246530824522531
3.74, 0.2460393532941
3.75, 0.245550158139539
3.76, 0.245063223954142
3.77, 0.244578555623055
3.78, 0.244096128486124
3.79, 0.24361591283167
3.80, 0.243137923960758
3.81, 0.242662127540249
3.82, 0.24218850437856
3.83, 0.241717064312874
3.84, 0.241247776208275
3.85, 0.240780625160593
3.86, 0.240315606999656
3.87, 0.239852700500317
3.88, 0.239391898609358
3.89, 0.238933175184901
3.90, 0.238476540679947
3.91, 0.238021958989829
3.92, 0.237569423308946
3.93, 0.237118932710213
3.94, 0.236670453668975
3.95, 0.236223981649845
3.96, 0.235779508426872
3.97, 0.235337020388506
3.98, 0.234896498677005
3.99, 0.23445792985102
4.00, 0.234021303700005
4.01, 0.233588013945458
4.02, 0.233156644713733
4.03, 0.232727170225619
4.04, 0.232299592166916
4.05, 0.231873877097078
4.06, 0.231450029938104
4.07, 0.231028037347411
4.08, 0.230607878121066
4.09, 0.230189547577343
4.10, 0.229773027663539
4.11, 0.229358299883594
4.12, 0.228945379127625
4.13, 0.228534227397987
4.14, 0.228124832615133
4.15, 0.227717206030317
4.16, 0.227311307566056
4.17, 0.226907138014712
4.18, 0.226504695968356
4.19, 0.226103947157916
4.20, 0.225704891341081
4.21, 0.225307518412654
4.22, 0.224911815992211
4.23, 0.224517771535761
4.24, 0.224125375247414
4.25, 0.223734608462947
4.26, 0.223345463622501
4.27, 0.222957929939973
4.28, 0.222571999772628
4.29, 0.222187661288235
4.30, 0.221804891988757
4.31, 0.221423686116348
4.32, 0.221044043770391
4.33, 0.220665933172487
4.34, 0.22028936200218
4.35, 0.219914303344393
4.36, 0.219540752642009
4.37, 0.219168710474314
4.38, 0.218798144806677
4.39, 0.218429060249242
4.40, 0.218061433309385
4.41, 0.21769525972608
4.42, 0.217330540441961
4.43, 0.216967236039855
4.44, 0.216605358583246
4.45, 0.216244886251291
4.46, 0.215885818647415
4.47, 0.215528135460873
4.48, 0.215171827271128
4.49, 0.214816891506648
4.50, 0.21446330422956
4.51, 0.214111060001576
4.52, 0.213760156184682
4.53, 0.213410572340141
4.54, 0.213062300841362
4.55, 0.212715328960724
4.56, 0.212369644433731
4.57, 0.212025248238228
4.58, 0.211682112504308
4.59, 0.211340244894019
4.60, 0.210999627559532
4.61, 0.210660246033783
4.62, 0.210322101525137
4.63, 0.209985162755334
4.64, 0.209649434531214
4.65, 0.209314902147499
4.66, 0.208981564801194
4.67, 0.208649396037902
4.68, 0.208318393469643
4.69, 0.207988559884207
4.70, 0.207659861964195
4.71, 0.207332298828071
4.72, 0.207005864241987
4.73, 0.20668054495961
4.74, 0.206356335687944
4.75, 0.206033222305808
4.76, 0.205711183381874
4.77, 0.20539023434539
4.78, 0.205070343596919
4.79, 0.204751510539843
4.80, 0.204433724299863
4.81, 0.204116976536835
4.82, 0.20380124662061
4.83, 0.203486538666869
4.84, 0.203172837264977
4.85, 0.20286013657381
4.86, 0.202548415949611
4.87, 0.202237674869833
4.88, 0.201927907456982
4.89, 0.20161908569629
4.90, 0.201311219384679
4.91, 0.201004297772281
4.92, 0.200698292543059
4.93, 0.200393213432136
4.94, 0.200089040398078
4.95, 0.199785771996282
4.96, 0.199483396125303
4.97, 0.199181894276975
4.98, 0.198881271790501
4.99, 0.198581502671082
5.00, 0.198282594095415
5.01, 0.197984523510072
5.02, 0.197687280592697
5.03, 0.197390877119999
5.04, 0.197095278406424
5.05, 0.196800486397481
5.06, 0.196506497815322
5.07, 0.196213293538102
5.08, 0.195920860057685
5.09, 0.195629202503256
5.10, 0.195338298133862
5.11, 0.195048141692294
5.12, 0.194758743239193
5.13, 0.194470062652877
5.14, 0.194182102030109
5.15, 0.193894856691936
5.16, 0.193608316528383
5.17, 0.193322478584406
5.18, 0.193037320743894
5.19, 0.192752830573079
5.20, 0.19246902035753
5.21, 0.192185870236813
5.22, 0.191903357543343
5.23, 0.191621490043444
5.24, 0.191340255175688
5.25, 0.191059648496535
5.26, 0.190779654438285
5.27, 0.190500255933707
5.28, 0.190221468218612
5.29, 0.189943256449611
5.30, 0.189665620737364
5.31, 0.189388561286379
5.32, 0.18911205561283
5.33, 0.188836104384447
5.34, 0.188560697450347
5.35, 0.188285825047381
5.36, 0.188011475222967
5.37, 0.187737638371988
5.38, 0.18746431171408
5.39, 0.187191481156877
5.40, 0.186919151718906
5.41, 0.186647291367254
5.42, 0.186375912981383
5.43, 0.186104989283769
5.44, 0.185834533155434
5.45, 0.185564510333526
5.46, 0.185294935896944
5.47, 0.185025780563488
5.48, 0.184757049293469
5.49, 0.184488728125846
5.50, 0.184220819851416
5.51, 0.183953299645503
5.52, 0.183686165925691
5.53, 0.183419411423062
5.54, 0.183153026803614
5.55, 0.182887002762347
5.56, 0.182621334581864
5.57, 0.182356008209732
5.58, 0.182091011166947
5.59, 0.181826349609854
5.60, 0.181562003480807
5.61, 0.181297964277941
5.62, 0.181034229533077
5.63, 0.180770790009858
5.64, 0.180507636568589
5.65, 0.180244752038206
5.66, 0.179982137607106
5.67, 0.179719793553182
5.68, 0.179457695665389
5.69, 0.179195834378152
5.70, 0.17893420646674
5.71, 0.17867282134292
5.72, 0.178411635626579
5.73, 0.17815067018646
5.74, 0.177889912638951
5.75, 0.177629337140027
5.76, 0.177368955813362
5.77, 0.177108748486069
5.78, 0.176848707057507
5.79, 0.176588828181167
5.80, 0.176329105017964
5.81, 0.176069520939971
5.82, 0.17581007653475
5.83, 0.175550761032512
5.84, 0.175291561788105
5.85, 0.175032483558232
5.86, 0.174773498114941
5.87, 0.174514609845822
5.88, 0.174255822199258
5.89, 0.173997108534257
5.90, 0.173738459808382
5.91, 0.173479869501688
5.92, 0.173221346180661
5.93, 0.172962867709814
5.94, 0.172704431078208
5.95, 0.172446019553694
5.96, 0.172187638299341
5.97, 0.171929264675181
5.98, 0.171670901659141
5.99, 0.171412534724603
6.00, 0.171154173313389
6.01, 0.170915115645171
6.02, 0.170698369769997
6.03, 0.170482091627806
6.04, 0.170266265575678
6.05, 0.170050903523021
6.06, 0.16983598997179
6.07, 0.169621524212971
6.08, 0.169407515516902
6.09, 0.169193963368178
6.10, 0.168980852357037
6.11, 0.168768194273715
6.12, 0.168555973651869
6.13, 0.16834419055244
6.14, 0.168132853204061
6.15, 0.167921959844444
6.16, 0.167711500525095
6.17, 0.167501469786167
6.18, 0.167291877803088
6.19, 0.167082710962484
6.20, 0.166873971326274
6.21, 0.166665675092709
6.22, 0.16645779066155
6.23, 0.166250334677828
6.24, 0.166043298791116
6.25, 0.165836678005963
6.26, 0.165630482219734
6.27, 0.165424699974868
6.28, 0.165219339422204
6.29, 0.165014389020939
6.30, 0.164809857038569
6.31, 0.164605720133046
6.32, 0.164402000229508
6.33, 0.164198691133982
6.34, 0.163995776777594
6.35, 0.163793271204718
6.36, 0.163591174438271
6.37, 0.163389463217668
6.38, 0.163188159250004
6.39, 0.162987257811064
6.40, 0.162786740502011
6.41, 0.162586622535783
6.42, 0.162386893949641
6.43, 0.162187561661838
6.44, 0.161988607361668
6.45, 0.161790056335135
6.46, 0.161591880265676
6.47, 0.161394084475294
6.48, 0.161196677288225
6.49, 0.160999650579098
6.50, 0.16080299846714
6.51, 0.160606735033186
6.52, 0.160410834531535
6.53, 0.160215325222709
6.54, 0.160020179166831
6.55, 0.159825401526059
6.56, 0.159631002568472
6.57, 0.159436960767971
6.58, 0.159243304705509
6.59, 0.159050001497487
6.60, 0.158857061220149
6.61, 0.158664492475296
6.62, 0.158472283971622
6.63, 0.158280422572456
6.64, 0.158088940209374
6.65, 0.157897800669132
6.66, 0.157707017329846
6.67, 0.157516594597353
6.68, 0.157326526503962
6.69, 0.157136805863779
6.70, 0.156947436024716
6.71, 0.156758412612492
6.72, 0.156569735726265
6.73, 0.156381414047798
6.74, 0.156193434764452
6.75, 0.156005788180746
6.76, 0.155818492897575
6.77, 0.15563153772216
6.78, 0.155444919685227
6.79, 0.15525864909825
6.80, 0.155072704687152
6.81, 0.154887093714579
6.82, 0.154701826397051
6.83, 0.15451688147888
6.84, 0.154332274998135
6.85, 0.154147999688256
6.86, 0.153964052855631
6.87, 0.153780422125273
6.88, 0.153597127423412
6.89, 0.153414157730212
6.90, 0.153231510301152
6.91, 0.153049185467129
6.92, 0.152867191925783
6.93, 0.152685497062593
6.94, 0.152504141213005
6.95, 0.152323092991842
6.96, 0.152142359914124
6.97, 0.151961952319726
6.98, 0.151781848840367
6.99, 0.151602057020162
7.00, 0.151432051170062
7.01, 0.151282006023677
7.02, 0.151132418358769
7.03, 0.150983293666582
7.04, 0.150834610494726
7.05, 0.150686388038296
7.06, 0.1505386028607
7.07, 0.150391264593477
7.08, 0.150244380223739
7.09, 0.1500979284454
7.10, 0.149951917104166
7.11, 0.149806355001766
7.12, 0.149661220003352
7.13, 0.149516519758466
7.14, 0.149372253106176
7.15, 0.149228417998502
7.16, 0.149085013362774
7.17, 0.14894203680863
7.18, 0.148799497447746
7.19, 0.148657360595233
7.20, 0.148515658733134
7.21, 0.14837437744569
7.22, 0.148233515541919
7.23, 0.148093062039359
7.24, 0.147953033552075
7.25, 0.147813410355861
7.26, 0.147674210037658
7.27, 0.147535410563477
7.28, 0.147397020919287
7.29, 0.147259037761056
7.30, 0.147121471250894
7.31, 0.14698428915912
7.32, 0.146847520690392
7.33, 0.146711152333444
7.34, 0.146575185429739
7.35, 0.146439605729707
7.36, 0.146304432058262
7.37, 0.146169643453314
7.38, 0.14603524789235
7.39, 0.145901244324067
7.40, 0.145767631868206
7.41, 0.145634407105134
7.42, 0.145501569259928
7.43, 0.145369107386608
7.44, 0.145237029216803
7.45, 0.14510534514669
7.46, 0.1449740295552
7.47, 0.14484309610833
7.48, 0.144712528044166
7.49, 0.14458234807449
7.50, 0.144452542820394
7.51, 0.144323101527411
7.52, 0.144194031987497
7.53, 0.144065333347898
7.54, 0.143936993515291
7.55, 0.1438090317386
7.56, 0.143681435839084
7.57, 0.143554184967312
7.58, 0.143427318240045
7.59, 0.143300802422276
7.60, 0.14317463902594
7.61, 0.143048844827101
7.62, 0.14292339655583
7.63, 0.142798307035423
7.64, 0.14267357057609
7.65, 0.142549188846638
7.66, 0.142425149639176
7.67, 0.14230145990296
7.68, 0.142178122158963
7.69, 0.142055132216886
7.70, 0.141932488078188
7.71, 0.141810181122036
7.72, 0.141688218325465
7.73, 0.141566597595008
7.74, 0.141445319389084
7.75, 0.141324370486631
7.76, 0.141203762364181
7.77, 0.141083490975985
7.78, 0.140963556343884
7.79, 0.140843946647201
7.80, 0.140724682309058
7.81, 0.140605739009734
7.82, 0.1404871193856
7.83, 0.140368838073769
7.84, 0.140250876555835
7.85, 0.140133243049624
7.86, 0.140015935428872
7.87, 0.139898943064939
7.88, 0.139782275050486
7.89, 0.139665930658025
7.90, 0.139549906880639
7.91, 0.139434194047968
7.92, 0.139318800321401
7.93, 0.139203724875678
7.94, 0.139088954709681
7.95, 0.138974512407372
7.96, 0.138860365076963
7.97, 0.138746539572813
7.98, 0.13863301526449
7.99, 0.138519804702923
8.00, 0.138406901560732
8.01, 0.138294298492544
8.02, 0.13818200246359
8.03, 0.138070013909685
8.04, 0.13795832980771
8.05, 0.137846940594424
8.06, 0.137735854414251
8.07, 0.137625060448874
8.08, 0.137514574979736
8.09, 0.137404383334067
8.10, 0.137294477639601
8.11, 0.13718486928075
8.12, 0.137075568268214
8.13, 0.136966543209971
8.14, 0.13685781216899
8.15, 0.136749373311179
8.16, 0.136641229150697
8.17, 0.136533364659865
8.18, 0.136425788202135
8.19, 0.136318495480822
8.20, 0.136211497050638
8.21, 0.136104775730126
8.22, 0.13599833160873
8.23, 0.135892173174224
8.24, 0.135786297362432
8.25, 0.135680703623971
8.26, 0.135575384451901
8.27, 0.135470342918194
8.28, 0.135365573500261
8.29, 0.135261082320147
8.30, 0.135156867586281
8.31, 0.135052923137318
8.32, 0.13494925075129
8.33, 0.134845844971004
8.34, 0.134742723112187
8.35, 0.134639854652734
8.36, 0.134537266561187
8.37, 0.134434941407828
8.38, 0.134332876537978
8.39, 0.134231089028076
8.40, 0.134129550681144
8.41, 0.134028288578787
8.42, 0.133927281917169
8.43, 0.133826543354339
8.44, 0.133726058067072
8.45, 0.133625833364988
8.46, 0.133525865693049
8.47, 0.133426157521469
8.48, 0.133326708999782
8.49, 0.133227512673938
8.50, 0.133128573563102
8.51, 0.133029883598031
8.52, 0.132931459687924
8.53, 0.132833271456404
8.54, 0.132735340083446
8.55, 0.132637663134758
8.56, 0.132540236940045
8.57, 0.132443055983255
8.58, 0.132346117274916
8.59, 0.132249427631749
8.60, 0.132152989206679
8.61, 0.132056788738427
8.62, 0.131960837211301
8.63, 0.131865124256804
8.64, 0.131769656156547
8.65, 0.131674436380874
8.66, 0.131579448354818
8.67, 0.13148470639952
8.68, 0.131390197011247
8.69, 0.131295920706962
8.70, 0.131201894737857
8.71, 0.13110810150666
8.72, 0.131014536814206
8.73, 0.13092121147684
8.74, 0.130828115497278
8.75, 0.130735255937734
8.76, 0.130642632274584
8.77, 0.130550235242355
8.78, 0.130458074918378
8.79, 0.130366136598101
8.80, 0.130286076038144
8.81, 0.130213184213516
8.82, 0.130140478097759
8.83, 0.13006795255736
8.84, 0.129995615201802
8.85, 0.129923452963973
8.86, 0.129851487991372
8.87, 0.129779686841687
8.88, 0.129708073893801
8.89, 0.129636633957569
8.90, 0.129565376201425
8.91, 0.129494304330386
8.92, 0.129423403936414
8.93, 0.12935267612064
8.94, 0.129282127828341
8.95, 0.129211761519347
8.96, 0.129141565492224
8.97, 0.129071550080871
8.98, 0.129001702335911
8.99, 0.1289320232665
9.00, 0.128862533310501
9.01, 0.128793198644488
9.02, 0.128724041259544
9.03, 0.128655061197449
9.04, 0.128586244360672
9.05, 0.128517593700175
9.06, 0.128449127827599
9.07, 0.128380816789862
9.08, 0.128312677072546
9.09, 0.12824471308231
9.10, 0.128176909856658
9.11, 0.128109268420156
9.12, 0.128041806997413
9.13, 0.127974494108882
9.14, 0.127907356296068
9.15, 0.127840384345474
9.16, 0.127773561994459
9.17, 0.12770691776839
9.18, 0.127640430577248
9.19, 0.127574103006034
9.20, 0.127507943189142
9.21, 0.127441945599561
9.22, 0.127376096010496
9.23, 0.12731041285992
9.24, 0.127244892352993
9.25, 0.127179526309261
9.26, 0.127114322392234
9.27, 0.1270492745524
9.28, 0.126984386970999
9.29, 0.126919652628234
9.30, 0.126855068036257
9.31, 0.126790647050179
9.32, 0.126726383083231
9.33, 0.126662273672012
9.34, 0.12659831010342
9.35, 0.126534507687708
9.36, 0.126470850620629
9.37, 0.126407356243281
9.38, 0.126344005947041
9.39, 0.126280814568625
9.40, 0.126217758714828
9.41, 0.126154867038756
9.42, 0.126092123407811
9.43, 0.126029525982676
9.44, 0.125967080613116
9.45, 0.125904780397182
9.46, 0.125842632242793
9.47, 0.125780629444749
9.48, 0.125718768240499
9.49, 0.125657059320364
9.50, 0.125595502781119
9.51, 0.125534085735983
9.52, 0.125472810034431
9.53, 0.125411685498376
9.54, 0.125350701072769
9.55, 0.125289856681593
9.56, 0.125229159143256
9.57, 0.125168613219002
9.58, 0.125108190894074
9.59, 0.125047929638356
9.60, 0.12498779298972
9.61, 0.124927806291463
9.62, 0.124867961532862
9.63, 0.124808257638421
9.64, 0.124748685248804
9.65, 0.12468925835529
9.66, 0.124629968243537
9.67, 0.124570820392373
9.68, 0.124511805016807
9.69, 0.124452927284638
9.70, 0.124394186091794
9.71, 0.124335581821213
9.72, 0.124277115899351
9.73, 0.124218782225247
9.74, 0.124160583542891
9.75, 0.124102521659594
9.76, 0.124044588648632
9.77, 0.123986797734823
9.78, 0.12392913663611
9.79, 0.123871602971363
9.80, 0.123814210068196
9.81, 0.123756944096725
9.82, 0.1236998157798
9.83, 0.123642813217979
9.84, 0.12358593994254
9.85, 0.123529201349254
9.86, 0.123472586714005
9.87, 0.123416103233384
9.88, 0.123359750514654
9.89, 0.123303533149591
9.90, 0.123247432924258
9.91, 0.123191463311182
9.92, 0.123135629199398
9.93, 0.1230799187984
9.94, 0.123024329840556
9.95, 0.122968875766913
9.96, 0.12291353188297
9.97, 0.122858328252294
9.98, 0.122803236467914
9.99, 0.122748289596321
10.00, 0.122693447916623
10.01, 0.122679582793844
10.02, 0.122663411911114
10.03, 0.122647295567571
10.04, 0.122631214192797
10.05, 0.122615172522002
10.06, 0.12259918220579
10.07, 0.122583228886952
10.08, 0.122567313143488
10.09, 0.122551445948003
10.10, 0.122535620007101
10.11, 0.122519840585574
10.12, 0.122504099712025
10.13, 0.122488397386456
10.14, 0.122472731002261
10.15, 0.12245711471665
10.16, 0.122441546879018
10.17, 0.122426004404761
10.18, 0.122410419900483
10.19, 0.122393502888185
10.20, 0.122376643745866
10.21, 0.122359829288923
10.22, 0.12234305174596
10.23, 0.122326332172975
10.24, 0.122309658735972
10.25, 0.122293032212947
10.26, 0.122276450375299
10.27, 0.122259916902235
10.28, 0.122243428114547
10.29, 0.122226984984839
10.30, 0.122210598091111
10.31, 0.122194245304759
10.32, 0.122177940304993
10.33, 0.122161691541206
10.34, 0.122145473500191
10.35, 0.122129305474366
10.36, 0.122113188271313
10.37, 0.122097110983449
10.38, 0.122081083840357
10.39, 0.122065094583851
10.40, 0.122049157600721
10.41, 0.122033253090968
10.42, 0.122017407240405
10.43, 0.122001592212614
10.44, 0.121985833237409
10.45, 0.121970108764185
10.46, 0.121954433857734
10.47, 0.121938797132473
10.48, 0.121923200173985
10.49, 0.121907661296687
10.50, 0.121892151408162
10.51, 0.121876697094223
10.52, 0.121861274475662
10.53, 0.121845896753687
10.54, 0.121830568120485
10.55, 0.121815276990473
10.56, 0.121800024371235
10.57, 0.121784814619979
10.58, 0.121769651693914
10.59, 0.121754524572019
10.60, 0.121739442346709
10.61, 0.121724402311383
10.62, 0.121709394944038
10.63, 0.121694439188676
10.64, 0.121679513494692
10.65, 0.121664639312691
10.66, 0.121649799449277
10.67, 0.121635011097845
10.68, 0.121620250101188
10.69, 0.121605532267118
10.70, 0.121590855945031
10.71, 0.121576221234926
10.72, 0.121561620494993
10.73, 0.121547059881459
10.74, 0.121532545944699
10.75, 0.121518062463923
10.76, 0.121503617310526
10.77, 0.121489225219716
10.78, 0.12147486348489
10.79, 0.121460530077443
10.80, 0.121446246447979
10.81, 0.121432005403104
10.82, 0.121417790557003
10.83, 0.121403629068094
10.84, 0.121389493777961
10.85, 0.121375398365811
10.86, 0.121361344282249
10.87, 0.121347319498672
10.88, 0.12133334013587
10.89, 0.12131939443026
10.90, 0.12130549569603
10.91, 0.12129162413318
10.92, 0.121277783420918
10.93, 0.121263989680036
10.94, 0.121250234761139
10.95, 0.12123651107083
10.96, 0.121222823295901
10.97, 0.121209174342957
10.98, 0.121195553333997
10.99, 0.121181978918417
11.00, 0.121168433024822
11.01, 0.121154926925816
11.02, 0.121141458770794
11.03, 0.121128024502549
11.04, 0.121114622535497
11.05, 0.121101263777221
11.06, 0.121087935291535
11.07, 0.121074634171833
11.08, 0.121061380040117
11.09, 0.121048151823781
11.10, 0.121034962724034
11.11, 0.121021806155065
11.12, 0.121008689280684
11.13, 0.120995599294289
11.14, 0.120982546773879
11.15, 0.12096952843485
11.16, 0.120956550763016
11.17, 0.120943594071354
11.18, 0.12093068959749
11.19, 0.120917795525799
11.20, 0.120904952699302
11.21, 0.120892131347582
11.22, 0.120879350563056
11.23, 0.120866599224703
11.24, 0.120853888353545
11.25, 0.120841203792372
11.26, 0.120828550127977
11.27, 0.120815939259381
11.28, 0.120803347736957
11.29, 0.120790795525729
11.30, 0.120778277017882
11.31, 0.120765791435417
11.32, 0.120753333813542
11.33, 0.120740911345653
11.34, 0.120728521803147
11.35, 0.120716157514627
11.36, 0.120703828380093
11.37, 0.120691534299545
11.38, 0.120679264316984
11.39, 0.120667039966409
11.40, 0.120654829713821
11.41, 0.12064266393722
11.42, 0.120630521286001
11.43, 0.120618412532768
11.44, 0.120606330484126
11.45, 0.120594288176263
11.46, 0.120582262572991
11.47, 0.12057028309631
11.48, 0.120558323360407
11.49, 0.120546401879699
11.50, 0.12053451013977
11.51, 0.120522643848433
11.52, 0.120510810004478
11.53, 0.12049899910251
11.54, 0.120487232098529
11.55, 0.120475478514536
11.56, 0.120463758250529
11.57, 0.120452079377906
11.58, 0.120440428082478
11.59, 0.12042879537183
11.60, 0.120417198209773
11.61, 0.120405634467703
11.62, 0.120394092989621
11.63, 0.120382580574317
11.64, 0.120371093129606
11.65, 0.120359640077486
11.66, 0.120348216188146
11.67, 0.120336826591397
11.68, 0.120325459358637
11.69, 0.120314114867863
11.70, 0.120302810990473
11.71, 0.120291518899072
11.72, 0.120280271100262
11.73, 0.120269044014836
11.74, 0.120257850644002
11.75, 0.120246674701948
11.76, 0.120235531601881
11.77, 0.120224415995616
11.78, 0.120213336167526
11.79, 0.120202268025423
11.80, 0.120191234275913
11.81, 0.120180231534392
11.82, 0.120169258350254
11.83, 0.12015830830271
11.84, 0.120147385783944
11.85, 0.120136489008376
11.86, 0.120125611312192
11.87, 0.120114774623996
11.88, 0.120103957493184
11.89, 0.120093162920966
11.90, 0.120082397328131
11.91, 0.120071662743285
11.92, 0.120060951395032
11.93, 0.120050270576768
11.94, 0.120039606509283
11.95, 0.120028977228996
11.96, 0.120018376250094
11.97, 0.120007794250575
11.98, 0.119997234331651
11.99, 0.119986716971319
12.00, 0.119976203655163
12.01, 0.119965725126205
12.02, 0.119955276549235
12.03, 0.119944846273651
12.04, 0.119934445850055
12.05, 0.119924075378449
12.06, 0.119913727565435
12.07, 0.119903396897807
12.08, 0.119893096182168
12.09, 0.119882825318519
12.10, 0.119872572178254
12.11, 0.119862351118582
12.12, 0.119852146726296
12.13, 0.119841964892603
12.14, 0.1198318117549
12.15, 0.119821684311977
12.16, 0.119811580400253
12.17, 0.119801503733913
12.18, 0.119791455663564
12.19, 0.119781419773807
12.20, 0.119771406194228
12.21, 0.119761427696451
12.22, 0.119751474893455
12.23, 0.11974153020845
12.24, 0.119731626926037
12.25, 0.119721742439615
12.26, 0.119711876649182
12.27, 0.119702035397531
12.28, 0.119692216521078
12.29, 0.11968242479001
12.30, 0.119672661276933
12.31, 0.119662906459845
12.32, 0.119653189760748
12.33, 0.11964349185764
12.34, 0.119633809943918
12.35, 0.11962415827679
12.36, 0.119614523277048
12.37, 0.119604917945901
12.38, 0.119595328604139
12.39, 0.119585767480367
12.40, 0.119576224474586
12.41, 0.119566711137399
12.42, 0.119557213789598
12.43, 0.119547744081788
12.44, 0.119538292491968
12.45, 0.119528868442138
12.46, 0.119519462032298
12.47, 0.119510071033845
12.48, 0.119500709703986
12.49, 0.119491373785513
12.50, 0.119482047635636
12.51, 0.119472756219144
12.52, 0.119463484571247
12.53, 0.119454226306133
12.54, 0.119444999160217
12.55, 0.119435784819084
12.56, 0.119426600046545
12.57, 0.119417432435997
12.58, 0.11940828168744
12.59, 0.119399157900873
12.60, 0.119390061176298
12.61, 0.119380978707109
12.62, 0.11937191377791
12.63, 0.119362877361307
12.64, 0.119353855200091
12.65, 0.119344862807469
12.66, 0.119335883992234
12.67, 0.11932693223899
12.68, 0.119317996869738
12.69, 0.119309077884476
12.70, 0.119300185383205
12.71, 0.119291309454925
12.72, 0.119282459621637
12.73, 0.119273624143735
12.74, 0.119264816889429
12.75, 0.119256023601509
12.76, 0.119247258826185
12.77, 0.119238498017248
12.78, 0.119229775142907
12.79, 0.119221056234952
12.80, 0.119212363132989
12.81, 0.119203698354622
12.82, 0.119195047153641
12.83, 0.119186411858652
12.84, 0.119177812369654
12.85, 0.119169218297648
12.86, 0.119160638003029
12.87, 0.119152085354005
12.88, 0.119143556382369
12.89, 0.119135034767329
12.90, 0.119126546829676
12.91, 0.119118068377223
12.92, 0.119109608766949
12.93, 0.11910117709127
12.94, 0.119092762483188
12.95, 0.119084360974493
12.96, 0.11907598498279
12.97, 0.119067623930079
12.98, 0.119059275976755
12.99, 0.119050959348235
13.00, 0.119042651561895
13.01, 0.119034370843151
13.02, 0.119026105063398
13.03, 0.119017852094033
13.04, 0.119009626192264
13.05, 0.119001422811883
13.06, 0.118993226499098
13.07, 0.118985052707701
13.08, 0.118976893566296
13.09, 0.118968761203487
13.10, 0.118960641262066
13.11, 0.118952533942033
13.12, 0.1189444555292
13.13, 0.118936387120151
13.14, 0.118928347429302
13.15, 0.118920317742238
13.16, 0.118912307062373
13.17, 0.118904316097293
13.18, 0.118896341621809
13.19, 0.118888389378713
13.20, 0.118880443336213
13.21, 0.118872529526102
13.22, 0.118864621627587
13.23, 0.118856737990064
13.24, 0.118848863978325
13.25, 0.118841016356183
13.26, 0.118833184745638
13.27, 0.11882536468948
13.28, 0.118817568705315
13.29, 0.118809786504143
13.30, 0.118802027985963
13.31, 0.118794273350775
13.32, 0.11878654249858
13.33, 0.118778833200774
13.34, 0.118771139525564
13.35, 0.118763459633347
13.36, 0.118755791106518
13.37, 0.118748148202286
13.38, 0.118740516563442
13.39, 0.118732910547195
13.40, 0.118725315996337
13.41, 0.118717734550471
13.42, 0.118710178627203
13.43, 0.118702633880323
13.44, 0.118695102527435
13.45, 0.118687594090541
13.46, 0.118680097019035
13.47, 0.118672615281126
13.48, 0.11866515645921
13.49, 0.118657700742287
13.50, 0.118650280069961
13.51, 0.118642868345419
13.52, 0.118635461665475
13.53, 0.118628085672919
13.54, 0.118620714724961
13.55, 0.118613364564391
13.56, 0.118606037319814
13.57, 0.118598712602231
13.58, 0.118591413029244
13.59, 0.118584123754647
13.60, 0.118576859624646
13.61, 0.118569605993035
13.62, 0.118562364599417
13.63, 0.118555143993187
13.64, 0.118547927753555
13.65, 0.118540746369521
13.66, 0.118533563255271
13.67, 0.118526406636223
13.68, 0.11851925819796
13.69, 0.11851213199769
13.70, 0.118505010553017
13.71, 0.118497911057338
13.72, 0.118490832160048
13.73, 0.118483767340355
13.74, 0.118476702341052
13.75, 0.118469672197346
13.76, 0.118462641485029
13.77, 0.118455633210706
13.78, 0.11844864911398
13.79, 0.118441662709039
13.80, 0.118434702510301
13.81, 0.118427749914347
13.82, 0.118420813813595
13.83, 0.118413897244233
13.84, 0.118406992534864
13.85, 0.118400107645884
13.86, 0.118393226545502
13.87, 0.118386367205114
13.88, 0.118379519913719
13.89, 0.118372691964714
13.90, 0.118365877804307
13.91, 0.118359075114893
13.92, 0.118352282245869
13.93, 0.118345512687443
13.94, 0.118338753049406
13.95, 0.118332004493363
13.96, 0.118325277408313
13.97, 0.118318564111862
13.98, 0.1183118601578
13.99, 0.118305179514336
14.00, 0.118298495984658
14.01, 0.118291836054577
14.02, 0.118285197206491
14.03, 0.118278559829398
14.04, 0.118271943634299
14.05, 0.118265338521194
14.06, 0.118258744879083
14.07, 0.118252169901362
14.08, 0.118245608234239
14.09, 0.11823905803811
14.10, 0.11823252621737
14.11, 0.118225997896229
14.12, 0.118219498339478
14.13, 0.118213001804324
14.14, 0.118206514222561
14.15, 0.118200057244792
14.16, 0.118193603477621
14.17, 0.11818715847484
14.18, 0.118180736393657
14.19, 0.118174323076864
14.20, 0.118167918235461
14.21, 0.11816153844426
14.22, 0.118155154899846
14.23, 0.118148798634238
14.24, 0.118142456586812
14.25, 0.11813611504338
14.26, 0.11812979855015
14.27, 0.118123490243311
14.28, 0.118117200411862
14.29, 0.118110911373406
14.30, 0.118104646907154
14.31, 0.118098386170083
14.32, 0.118092140394216
14.33, 0.118085915122342
14.34, 0.118079700065463
14.35, 0.118073495323578
14.36, 0.118067308768083
14.37, 0.118061132427583
14.38, 0.118054958719681
14.39, 0.118048810780566
14.40, 0.118042665285048
14.41, 0.11803654203313
14.42, 0.118030428907206
14.43, 0.118024321639068
14.44, 0.118018226525529
14.45, 0.11801214959838
14.46, 0.118006088983039
14.47, 0.118000032007879
14.48, 0.117993997087318
14.49, 0.117987972092752
14.50, 0.11798194712418
14.51, 0.117975949952998
14.52, 0.117969952518812
14.53, 0.117963977139224
14.54, 0.117958013814235
14.55, 0.117952055969032
14.56, 0.117946109989428
14.57, 0.117940181807214
14.58, 0.117934263261995
14.59, 0.117928354353771
14.60, 0.117922455182542
14.61, 0.117916575459307
14.62, 0.117910699919276
14.63, 0.117904849759031
14.64, 0.11789899894678
14.65, 0.117893157582525
14.66, 0.117887336244264
14.67, 0.117881526093602
14.68, 0.117875721322727
14.69, 0.117869940157055
14.70, 0.117864164471169
14.71, 0.117858389972883
14.72, 0.117852644922591
14.73, 0.117846901637899
14.74, 0.117841173254993
14.75, 0.117835454120082
14.76, 0.11782974627277
14.77, 0.117824047873453
14.78, 0.117818364564922
14.79, 0.1178126867012
14.80, 0.117807023639263
14.81, 0.117801380025322
14.82, 0.117795739827584
14.83, 0.117790104331633
14.84, 0.117784487994677
14.85, 0.11777888255632
14.86, 0.117773294437354
14.87, 0.117767707505987
14.88, 0.117762137216012
14.89, 0.117756578213635
14.90, 0.117751023724045
14.91, 0.117745480422055
14.92, 0.11773995589006
14.93, 0.117734440228059
14.94, 0.117728933625054
14.95, 0.117723438020649
14.96, 0.11771795682903
14.97, 0.117712476736011
14.98, 0.117707015312986
14.99, 0.117701570342353
15.00, 0.117696126559319
15.01, 0.117690691257281
15.02, 0.117685276853842
15.03, 0.11767986677419
15.04, 0.117674463335929
15.05, 0.117669074864476
15.06, 0.117663702645414
15.07, 0.117658335039139
15.08, 0.117652982399672
15.09, 0.117647633883991
15.10, 0.117642303949307
15.11, 0.117636974624221
15.12, 0.117631661651527
15.13, 0.117626357259828
15.14, 0.117621061060125
15.15, 0.117615785470022
15.16, 0.117610506232309
15.17, 0.117605245286592
15.18, 0.117599992532871
15.19, 0.117594758260145
15.20, 0.117589522179414
15.21, 0.117584306808283
15.22, 0.11757908537194
15.23, 0.117573883967196
15.24, 0.117568698914843
15.25, 0.117563516411694
15.26, 0.117558349582937
15.27, 0.117553191046175
15.28, 0.117548041090408
15.29, 0.117542898648638
15.30, 0.117537762659258
15.31, 0.117532644572874
15.32, 0.117527536518091
15.33, 0.117522436655302
15.34, 0.117517342666905
15.35, 0.117512258710108
15.36, 0.117507192656307
15.37, 0.117502132665897
15.38, 0.117497082707087
15.39, 0.117492038333669
15.40, 0.117487002052246
15.41, 0.117481973484819
15.42, 0.117476972920387
15.43, 0.117471962287556
15.44, 0.117466965400511
15.45, 0.117461990284671
15.46, 0.117457011043223
15.47, 0.117452051544375
15.48, 0.117447097630918
15.49, 0.117442149391852
15.50, 0.117437210995387
15.51, 0.117432282530522
15.52, 0.117427369362048
15.53, 0.117422452067966
15.54, 0.117417566256088
15.55, 0.117412675929602
15.56, 0.117407791477508
15.57, 0.117402916479013
15.58, 0.117398059094515
15.59, 0.117393206906408
15.60, 0.117388364460902
15.61, 0.117383529629391
15.62, 0.117378702222876
15.63, 0.117373890301753
15.64, 0.11736908773423
15.65, 0.117364280463099
15.66, 0.117359500905964
15.67, 0.117354720413429
15.68, 0.117349945406285
15.69, 0.117345189952742
15.70, 0.117340431724195
15.71, 0.117335686663436
15.72, 0.117330963184881
15.73, 0.117326234613718
15.74, 0.117321515785154
15.75, 0.117316809835379
15.76, 0.117312115078808
15.77, 0.117307425807629
15.78, 0.117302745512051
15.79, 0.117298070701864
15.80, 0.117293410510069
15.81, 0.117288749671875
15.82, 0.11728410819828
15.83, 0.117279471821078
15.84, 0.117274840062268
15.85, 0.117270229885662
15.86, 0.117265612587844
15.87, 0.117261014354626
15.88, 0.117256422968405
15.89, 0.117251836778575
15.90, 0.11724726159295
15.91, 0.117242691314717
15.92, 0.117238125843876
15.93, 0.117233577509031
15.94, 0.117229038149787
15.95, 0.117224505437539
15.96, 0.117219977632683
15.97, 0.117215456963823
15.98, 0.117210957199168
15.99, 0.117206460024301
16.00, 0.117201961625034
16.01, 0.11719747823316
16.02, 0.117193003616886
16.03, 0.117188533719004
16.04, 0.117184080568118
16.05, 0.117179623875229
16.06, 0.11717518634694
16.07, 0.117170753437043
16.08, 0.117166329113747
16.09, 0.117161907280239
16.10, 0.117157494322331
16.11, 0.11715309821142
16.12, 0.11714871058711
16.13, 0.117144317581191
16.14, 0.117139943261873
16.15, 0.117135581043344
16.16, 0.11713121557181
16.17, 0.117126861204482
16.18, 0.117122520777545
16.19, 0.117118187197606
16.20, 0.117113849975662
16.21, 0.117109539311715
16.22, 0.117105225005765
16.23, 0.117100917257811
16.24, 0.117096624128249
16.25, 0.117092329196288
16.26, 0.11708804840472
16.27, 0.117083776488752
16.28, 0.11707951093078
16.29, 0.117075249513201
16.30, 0.117071006682223
16.31, 0.117066760020241
16.32, 0.117062529716256
16.33, 0.117058303552663
16.34, 0.117054085975671
16.35, 0.117049872728071
16.36, 0.117045667389072
16.37, 0.117041466479466
16.38, 0.11703728386746
16.39, 0.117033105484847
16.40, 0.117028925210834
16.41, 0.117024759266214
16.42, 0.117020609490591
16.43, 0.117016455494964
16.44, 0.117012308057334
16.45, 0.1170081767887
16.46, 0.117004043428668
16.47, 0.116999924209028
16.48, 0.116995813286988
16.49, 0.116991706305341
16.50, 0.116987615303691
16.51, 0.116983520371038
16.52, 0.116979441707381
16.53, 0.116975358823721
16.54, 0.116971291820058
16.55, 0.116967231085392
16.56, 0.116963176419722
16.57, 0.116959127445049
16.58, 0.116955094539373
16.59, 0.116951057513694
16.60, 0.116947034528407
16.61, 0.116943019262721
16.62, 0.116939002294636
16.63, 0.116935004631735
16.64, 0.11693100729504
16.65, 0.116927017966945
16.66, 0.116923039872639
16.67, 0.116919059886934
16.68, 0.116915086070226
16.69, 0.11691113571591
16.70, 0.116907180852592
16.71, 0.116903236515478
16.72, 0.116899291383549
16.73, 0.116895355999825
16.74, 0.116891438624702
16.75, 0.116887510843764
16.76, 0.116883602811031
16.77, 0.11687969852969
16.78, 0.116875799839346
16.79, 0.116871908868604
16.80, 0.116868021360254
16.81, 0.116864151860505
16.82, 0.116860275823149
16.83, 0.11685641537679
16.84, 0.116852562550032
16.85, 0.116848713285667
16.86, 0.116844869801299
16.87, 0.116841033847532
16.88, 0.116837199127554
16.89, 0.116833382127176
16.90, 0.1168295728464
16.91, 0.116825757028017
16.92, 0.116821958640235
16.93, 0.116818161586242
16.94, 0.116814370023245
16.95, 0.116810588408454
16.96, 0.116806819967056
16.97, 0.116803046727655
16.98, 0.116799279079251
16.99, 0.116795527021844
17.00, 0.116791780366434
17.01, 0.116788038813021
17.02, 0.116784302950605
17.03, 0.116780570261582
17.04, 0.116776847131764
17.05, 0.116773135235736
17.06, 0.116769420870308
17.07, 0.116765719289273
17.08, 0.11676202542784
17.09, 0.116758338997008
17.10, 0.116754653610965
17.11, 0.116750973426919
17.12, 0.116747300773474
17.13, 0.116743633422026
17.14, 0.116739979143971
17.15, 0.116736329878914
17.16, 0.116732680173062
17.17, 0.116729041511999
17.18, 0.116725408152933
17.19, 0.116721779806864
17.20, 0.11671816092
17.21, 0.116714552888926
17.22, 0.116710940059849
17.23, 0.116707344661373
17.24, 0.11670374214729
17.25, 0.116700154646204
17.26, 0.116696572447116
17.27, 0.116692997289629
17.28, 0.116689425116535
17.29, 0.116685860274042
17.30, 0.116682308315943
17.31, 0.11667875137084
17.32, 0.11667521156734
17.33, 0.116671664837232
17.34, 0.116668130802517
17.35, 0.116664605938008
17.36, 0.116661082118288
17.37, 0.11665756515117
17.38, 0.116654053486048
17.39, 0.116650558573528
17.40, 0.116647056645402
17.41, 0.116643569630272
17.42, 0.116640089467745
17.43, 0.116636600350006
17.44, 0.116633128084868
17.45, 0.116629670443728
17.46, 0.116626196075981
17.47, 0.11662275058944
17.48, 0.116619297698292
17.49, 0.116615857691537
17.50, 0.116612414726384
17.51, 0.116608986585228
17.52, 0.116605563068069
17.53, 0.116602132435304
17.54, 0.11659872865514
17.55, 0.116595319598974
17.56, 0.116591913327201
17.57, 0.116588516136633
17.58, 0.116585119312855
17.59, 0.116581739341678
17.60, 0.116578361965895
17.61, 0.116574981631713
17.62, 0.116571613603924
17.63, 0.116568252528737
17.64, 0.116564896366548
17.65, 0.116561544539356
17.66, 0.116558205696557
17.67, 0.116554861188755
17.68, 0.116551523533556
17.69, 0.116548198473749
17.70, 0.11654487784894
17.71, 0.116541554265733
17.72, 0.116538253088919
17.73, 0.116534938375707
17.74, 0.116531646446888
17.75, 0.116528351181671
17.76, 0.116525058122847
17.77, 0.11652176988802
17.78, 0.116518496277191
17.79, 0.116515219129964
17.80, 0.11651195467813
17.81, 0.116508694272294
17.82, 0.116505441008059
17.83, 0.116502187632614
17.84, 0.116498943238374
17.85, 0.116495701050528
17.86, 0.11649246358668
17.87, 0.116489240268829
17.88, 0.116486011674975
17.89, 0.11648279741612
17.90, 0.116479589720866
17.91, 0.116476372203401
17.92, 0.116473171249538
17.93, 0.116469974919672
17.94, 0.116466782835804
17.95, 0.116463597215538
17.96, 0.116460421673061
17.97, 0.116457242794186
17.98, 0.116454077961309
17.99, 0.116450905723825
18.00, 0.116447749760943
18.01, 0.116444590261663
18.02, 0.116441443168776
18.03, 0.116438298282283
18.04, 0.116435159570391
18.05, 0.116432025393497
18.06, 0.116428903133997
18.07, 0.116425777438099
18.08, 0.116422655888198
18.09, 0.116419548673295
18.10, 0.116416433764785
18.11, 0.116413335130877
18.12, 0.116410240642967
18.13, 0.116407148361451
18.14, 0.116404062354536
18.15, 0.116400978365015
18.16, 0.116397900939096
18.17, 0.116394827559174
18.18, 0.116391756196646
18.19, 0.11638870110872
18.20, 0.116385638227188
18.21, 0.116382591720257
18.22, 0.11637954684172
18.23, 0.116376498426785
18.24, 0.116373464257848
18.25, 0.116370432006304
18.26, 0.116367403800758
18.27, 0.116364381969814
18.28, 0.116361371911764
18.29, 0.116358356144211
18.30, 0.11635535650676
18.31, 0.116352350915307
18.32, 0.116349345068144
18.33, 0.116346357624186
18.34, 0.116343370069018
18.35, 0.116340390672557
18.36, 0.116337413148989
18.37, 0.116334439771418
18.38, 0.116331470295346
18.39, 0.116328506949376
18.40, 0.116325545620799
18.41, 0.11632259804922
18.42, 0.116319644623639
18.43, 0.116316705199555
18.44, 0.116313761761074
18.45, 0.116310830239987
18.46, 0.116307902575897
18.47, 0.116304978913305
18.48, 0.116302061280815
18.49, 0.116299141119511
18.50, 0.116296231490017
18.51, 0.116293323344416
18.52, 0.116290419200314
18.53, 0.116287529057709
18.54, 0.116284630543498
18.55, 0.116281750243494
18.56, 0.116278861616383
18.57, 0.116275984673166
18.58, 0.116273115888655
18.59, 0.116270246703933
18.60, 0.116267385677918
18.61, 0.116264524207193
18.62, 0.116261668622069
18.63, 0.116258816793944
18.64, 0.116255978922816
18.65, 0.116253132435582
18.66, 0.116250302178451
18.67, 0.116247465533817
18.68, 0.116244640473077
18.69, 0.116241811542439
18.70, 0.116238996224299
18.71, 0.116236184618657
18.72, 0.116233376725514
18.73, 0.116230570605263
18.74, 0.116227768053011
18.75, 0.116224981486361
18.76, 0.116222188387709
18.77, 0.116219397161951
18.78, 0.116216611532795
18.79, 0.116213839716137
18.80, 0.116211059383373
18.81, 0.116208292663106
18.82, 0.116205531883943
18.83, 0.116202772488672
18.84, 0.116200019034504
18.85, 0.11619726706423
18.86, 0.116194520790558
18.87, 0.116191778229384
18.88, 0.116189037007604
18.89, 0.116186299498322
18.90, 0.116183575457038
18.91, 0.116180847256857
18.92, 0.116178132769173
18.93, 0.116175409476383
18.94, 0.116172700040591
18.95, 0.116169994028298
18.96, 0.116167281484002
18.97, 0.116164584780809
18.98, 0.116161891645613
18.99, 0.116159199705312
19.00, 0.116156519348904
19.01, 0.116153834589099
19.02, 0.116151155525896
19.03, 0.116148477757587
19.04, 0.11614581568588
19.05, 0.116143145098067
19.06, 0.116140487689253
19.07, 0.116137834092936
19.08, 0.116135171691513
19.09, 0.116132527015297
19.10, 0.116129883633975
19.11, 0.116127245804755
19.12, 0.116124609559429
19.13, 0.116121976493101
19.14, 0.116119346894771
19.15, 0.116116720819939
19.16, 0.116114108068606
19.17, 0.116111488785271
19.18, 0.116108880796829
19.19, 0.11610626836049
19.20, 0.116103659203149
19.21, 0.116101065642411
19.22, 0.116098471147962
19.23, 0.116095882305615
19.24, 0.116093296686767
19.25, 0.116090716575521
19.26, 0.116088135530565
19.27, 0.116085560037712
19.28, 0.11608298999696
19.29, 0.116080418977999
19.30, 0.11607785351114
19.31, 0.116075301367779
19.32, 0.116072740374812
19.33, 0.116070194689447
19.34, 0.116067642427581
19.35, 0.116065103344713
19.36, 0.116062565656739
19.37, 0.116060021047763
19.38, 0.116057494074994
19.39, 0.116054968152619
19.40, 0.116052445409242
19.41, 0.116049923960759
19.42, 0.116047417919878
19.43, 0.116044902884892
19.44, 0.116042393302008
19.45, 0.116039884625018
19.46, 0.11603739150013
19.47, 0.116034889381137
19.48, 0.116032402569746
19.49, 0.116029906908749
19.50, 0.116027426655354
19.51, 0.116024947307854
19.52, 0.116022463367956
19.53, 0.116019992462557
19.54, 0.116017524836155
19.55, 0.116015058260148
19.56, 0.116012592690035
19.57, 0.116010144511628
19.58, 0.116007687383616
19.59, 0.116005235518706
19.60, 0.11600278455969
19.61, 0.116000349008277
19.62, 0.115997906591362
19.63, 0.115995475080341
19.64, 0.115993036603818
19.65, 0.115990611361794
19.66, 0.115988191182872
19.67, 0.115985762254344
19.68, 0.115983348344419
19.69, 0.115980935340388
19.70, 0.11597852769946
19.71, 0.115976118735821
19.72, 0.115973717119389
19.73, 0.115971326453352
19.74, 0.115968928877312
19.75, 0.115966536464376
19.76, 0.115964144812833
19.77, 0.115961768424393
19.78, 0.115959380913243
19.79, 0.115957008420695
19.80, 0.115954631046751
19.81, 0.1159522645787
19.82, 0.115949899116543
19.83, 0.115947540901593
19.84, 0.115945183448037
19.85, 0.115942831013084
19.86, 0.115940467410921
19.87, 0.115938131000465
19.88, 0.115935783422799
19.89, 0.115933442892339
19.90, 0.115931103323274
19.91, 0.115928764515603
19.92, 0.115926440871034
19.93, 0.115924112200568
19.94, 0.115921794391496
19.95, 0.115919467343819
19.96, 0.115917157398848
19.97, 0.115914838359772
19.98, 0.115912532166194
19.99, 0.11591022673401
20.00, 0.115907928549033
20.01, 0.11590562112545
20.02, 0.115903324418761
20.03, 0.115901032686175
20.04, 0.115898745972192
20.05, 0.115896457990999
20.06, 0.115894182755304
20.07, 0.115891904666816
20.08, 0.115889625266618
20.09, 0.115887360640523
20.10, 0.115885089104426
20.11, 0.115882830169328
20.12, 0.115880562140124
20.13, 0.115878308940522
20.14, 0.11587604848642
20.15, 0.115873801022315
20.16, 0.115871556403709
20.17, 0.115869312401997
20.18, 0.115867073129888
20.19, 0.115864834819174
20.20, 0.115862601282562
20.21, 0.115860370591448
20.22, 0.115858142601333
20.23, 0.115855917501216
20.24, 0.115853695102098
20.25, 0.115851473319875
20.26, 0.115849264238649
20.27, 0.115847050276027
20.28, 0.115844846685798
20.29, 0.115842640298277
20.30, 0.115840440125942
20.31, 0.115838236956313
20.32, 0.115836046487683
20.33, 0.115833856735947
20.34, 0.115831673842419
20.35, 0.115829477308576
20.36, 0.11582729773294
20.37, 0.115825120858303
20.38, 0.11582294460056
20.39, 0.115820770943815
20.40, 0.115818602116673
20.41, 0.11581644613503
20.42, 0.115814280625781
20.43, 0.115812119801635
20.44, 0.115809959594384
20.45, 0.11580781208813
20.46, 0.11580565931148
20.47, 0.115803517107224
20.48, 0.115801369632571
20.49, 0.115799232630312
20.50, 0.115797098429051
20.51, 0.11579495658429
20.52, 0.115792827585026
20.53, 0.115790703270866
20.54, 0.115788581557704
20.55, 0.115786460416937
20.56, 0.115784341732668
20.57, 0.115782225893897
20.58, 0.115780112367126
20.59, 0.115778003814457
20.60, 0.115775895589682
20.61, 0.115773789921406
20.62, 0.115771698982733
20.63, 0.115769598471955
20.64, 0.115767500562174
20.65, 0.115765415353393
20.66, 0.11576333245661
20.67, 0.11576124438943
20.68, 0.115759156650144
20.69, 0.115757081611857
20.70, 0.115755009030069
20.71, 0.115752929004779
20.72, 0.115750871435988
20.73, 0.1157487985523
20.74, 0.115746736141006
20.75, 0.115744674013106
20.76, 0.115742618743414
20.77, 0.115740561528512
20.78, 0.115738521371817
20.79, 0.115736461298516
20.80, 0.115734423926214
20.81, 0.115732381094515
20.82, 0.115730336462106
20.83, 0.1157283064148
20.84, 0.115726268923992
20.85, 0.115724243989684
20.86, 0.115722211367373
20.87, 0.115720191201562
20.88, 0.115718163592249
20.89, 0.115716148394935
20.90, 0.11571412565412
20.91, 0.115712113096699
20.92, 0.115710107352985
20.93, 0.115708099808561
20.94, 0.115706098933345
20.95, 0.115704096257419
20.96, 0.1157021001062
20.97, 0.115700102398771
20.98, 0.115698108887445
20.99, 0.115696117932618
21.00, 0.115694129534289
21.01, 0.115692143303459
21.02, 0.115690169629128
21.03, 0.115688188266796
21.04, 0.115686207232358
21.05, 0.115684242822627
21.06, 0.115682264383582
21.07, 0.115680302469244
21.08, 0.115678333011406
21.09, 0.11567637809417
21.10, 0.11567441905862
21.11, 0.115672456636777
21.12, 0.115670504598329
21.13, 0.115668558984588
21.14, 0.115666613698741
21.15, 0.115664670580393
21.16, 0.11566272784544
21.17, 0.115660787322486
21.18, 0.115658853468738
21.19, 0.115656917769781
21.20, 0.115654986366927
21.21, 0.115653057276072
21.22, 0.115651126195507
21.23, 0.115649213957253
21.24, 0.11564728958479
21.25, 0.115645367668825
21.26, 0.115643462277568
21.27, 0.115641544796601
21.28, 0.115639639727632
21.29, 0.115637729099267
21.30, 0.115635830593901
21.31, 0.115633924545033
21.32, 0.115632030519164
21.33, 0.115630134648085
21.34, 0.115628245346214
21.35, 0.115626348167341
21.36, 0.115624461171863
21.37, 0.115622578572488
21.38, 0.115620696012007
21.39, 0.115618815863526
21.40, 0.115616937882543
21.41, 0.115615064053163
21.42, 0.115613192635782
21.43, 0.115611321257295
21.44, 0.115609464274911
21.45, 0.115607597331422
21.46, 0.115605734784037
21.47, 0.115603872275545
21.48, 0.115602022034553
21.49, 0.115600166089663
21.50, 0.115598320183668
21.51, 0.115596466400672
21.52, 0.115594627058279
21.53, 0.11559277771028
21.54, 0.115590942658385
21.55, 0.115589107745384
21.56, 0.115587264855382
21.57, 0.115585434232879
21.58, 0.115583605677874
21.59, 0.115581781618973
21.60, 0.115579959583071
21.61, 0.115578139570167
21.62, 0.115576317712054
21.63, 0.115574500005543
21.64, 0.115572684322032
21.65, 0.11557087090602
21.66, 0.11556906174161
21.67, 0.1155672546447
21.68, 0.115565445513579
21.69, 0.115563652562666
21.70, 0.115561849850648
21.71, 0.115560049061629
21.72, 0.115558260540108
21.73, 0.115556464041586
21.74, 0.115554671794668
21.75, 0.115552889542144
21.76, 0.115551109357119
21.77, 0.115549323279197
21.78, 0.115547547340169
21.79, 0.115545771295537
21.80, 0.115543989402507
21.81, 0.115542219632476
21.82, 0.115540452029944
21.83, 0.115538688534515
21.84, 0.115536924913481
21.85, 0.115535163385446
21.86, 0.11553339405491
21.87, 0.115531636662872
21.88, 0.115529891333834
21.89, 0.115528140186398
21.90, 0.115526378828857
21.91, 0.115524639678815
21.92, 0.115522890473168
21.93, 0.115521145314624
21.94, 0.115519412229079
21.95, 0.115517671042033
21.96, 0.115515932092485
21.97, 0.115514205041437
21.98, 0.115512470063387
21.99, 0.115510736993836
22.00, 0.115509018125889
22.01, 0.115507289192336
22.02, 0.115505570048678
22.03, 0.115503855096623
22.04, 0.115502132063067
22.05, 0.115500418973905
22.06, 0.115498712060451
22.07, 0.115497005071392
22.08, 0.115495290000832
22.09, 0.115493584730166
22.10, 0.115491883651103
22.11, 0.11549018448054
22.12, 0.115488485254371
22.13, 0.115486794332514
22.14, 0.115485098943343
22.15, 0.11548340561717
22.16, 0.115481718312206
22.17, 0.115480028823032
22.18, 0.115478353380961
22.19, 0.115476669847389
22.20, 0.115474988386815
22.21, 0.115473316571637
22.22, 0.115471638958062
22.23, 0.115469963242986
22.24, 0.115468299311908
22.25, 0.115466625305226
22.26, 0.115464965355646
22.27, 0.11546329944317
22.28, 0.11546163907338
22.29, 0.115459974734798
22.30, 0.115458322459214
22.31, 0.11545667194763
22.32, 0.11545501138044
22.33, 0.115453364705853
22.34, 0.115451719949766
22.35, 0.115450077112177
22.36, 0.115448436193087
22.37, 0.115446784919392
22.38, 0.115445147692801
22.39, 0.115443512384708
22.40, 0.11544187685651
22.41, 0.115440245240915
22.42, 0.115438613405215
22.43, 0.115436985472118
22.44, 0.115435369612021
22.45, 0.115433745361422
22.46, 0.115432118936614
22.47, 0.115430498533013
22.48, 0.115428889893411
22.49, 0.115427273172308
22.50, 0.115425658225204
22.51, 0.115424053067995
22.52, 0.11542244181339
22.53, 0.115420840348679
22.54, 0.115419228529362
22.55, 0.115417632741254
22.56, 0.115416028861644
22.57, 0.115414436756033
22.58, 0.115412834430317
22.59, 0.115411245872705
22.60, 0.115409657094987
22.61, 0.115408060235768
22.62, 0.115406477134652
22.63, 0.115404895952036
22.64, 0.115403314414814
22.65, 0.115401736770195
22.66, 0.115400158770972
22.67, 0.115398582545747
22.68, 0.115397000213126
22.69, 0.115395427670399
22.70, 0.115393856757171
22.71, 0.115392299901047
22.72, 0.115390732525817
22.73, 0.115389169197691
22.74, 0.11538760537046
22.75, 0.115386045580332
22.76, 0.115384485291098
22.77, 0.115382936930364
22.78, 0.115381382307733
22.79, 0.115379837330497
22.80, 0.11537828413726
22.81, 0.115376734836626
22.82, 0.115375187155491
22.83, 0.115373649264251
22.84, 0.11537211300251
22.85, 0.115370568504768
22.86, 0.11536903790963
22.87, 0.115367496815386
22.88, 0.115365967495141
22.89, 0.1153644420675
22.90, 0.115362906130753
22.91, 0.115361381978006
22.92, 0.115359861717862
22.93, 0.115358328820008
22.94, 0.115356809824758
22.95, 0.115355294587611
22.96, 0.115353778995859
22.97, 0.115352265168106
22.98, 0.115350755098456
22.99, 0.115349244519702
23.00, 0.115347735714946
23.01, 0.115346230658293
23.02, 0.115344723118432
23.03, 0.115343221465277
23.04, 0.115341719437518
23.05, 0.115340229059258
23.06, 0.115338732419101
23.07, 0.115337233151234
23.08, 0.115335737785971
23.09, 0.115334256168812
23.10, 0.115332764187047
23.11, 0.115331273834781
23.12, 0.115329794967515
23.13, 0.115328310137351
23.14, 0.115326834663583
23.15, 0.115325348680709
23.16, 0.115323878729043
23.17, 0.115322398268272
23.18, 0.115320929427
23.19, 0.115319462225227
23.20, 0.115317986632954
23.21, 0.115316524808783
23.22, 0.115315050346904
23.23, 0.115313589633127
23.24, 0.11531213054885
23.25, 0.115310673218572
23.26, 0.115309217383293
23.27, 0.115307753167513
23.28, 0.115306300581232
23.29, 0.115304849614451
23.30, 0.115303400277168
23.31, 0.115301952414885
23.32, 0.1153005063266
23.33, 0.11529906397642
23.34, 0.115297618854029
23.35, 0.115296177489743
23.36, 0.115294737744955
23.37, 0.115293299485166
23.38, 0.115291872989377
23.39, 0.115290440107191
23.40, 0.115289004587296
23.41, 0.115287572671004
23.42, 0.115286144502815
23.43, 0.115284723706917
23.44, 0.115283306669122
23.45, 0.115281881096327
23.46, 0.115280457173031
23.47, 0.11527903256613
23.48, 0.115277623865936
23.49, 0.115276202518033
23.50, 0.115274794783733
23.51, 0.115273388514433
23.52, 0.115271973884632
23.53, 0.115270570874329
23.54, 0.115269159339026
23.55, 0.115267757160118
23.56, 0.115266358729314
23.57, 0.115264964046613
23.58, 0.115263556437202
23.59, 0.115262162730395
23.60, 0.115260770354087
23.61, 0.115259369607278
23.62, 0.115257988206864
23.63, 0.115256590554554
23.64, 0.115255204232743
23.65, 0.115253819684931
23.66, 0.115252436467618
23.67, 0.1152510527512
23.68, 0.115249682483885
23.69, 0.115248301717466
23.70, 0.115246926827754
23.71, 0.115245551149937
23.72, 0.115244177091619
23.73, 0.115242802379696
23.74, 0.115241431126877
23.75, 0.115240061503557
23.76, 0.115238701361131
23.77, 0.115237334697809
23.78, 0.115235967370883
23.79, 0.115234605786163
23.80, 0.115233251563735
23.81, 0.11523189080041
23.82, 0.115230541512084
23.83, 0.115229181714653
23.84, 0.115227825386326
23.85, 0.115226478404393
23.86, 0.115225135170564
23.87, 0.115223783267235
23.88, 0.1152224407303
23.89, 0.115221093905573
23.90, 0.115219754318636
23.91, 0.115218408170803
23.92, 0.115217071533865
23.93, 0.115215738356031
23.94, 0.115214404514591
23.95, 0.115213066415359
23.96, 0.115211735543918
23.97, 0.115210406002976
23.98, 0.115209080055638
23.99, 0.115207755583299
24.00, 0.115206430467354
24.01, 0.115205108810514
24.02, 0.115203776510068
24.03, 0.115202457803226
24.04, 0.115201148298278
24.05, 0.115199832406934
24.06, 0.11519851798059
24.07, 0.11519720277614
24.08, 0.115195891155294
24.09, 0.115194578746343
24.10, 0.115193269940995
24.11, 0.115191960492042
24.12, 0.115190654502193
24.13, 0.115189357714239
24.14, 0.115188054519888
24.15, 0.115186750681933
24.16, 0.11518546030308
24.17, 0.115184159126123
24.18, 0.115182859424165
24.19, 0.115181565309915
24.20, 0.115180276284851
24.21, 0.115178982857495
24.22, 0.115177698622034
24.23, 0.115176408000177
24.24, 0.115175128708818
24.25, 0.115173838753855
24.26, 0.115172562267996
24.27, 0.115171274974031
24.28, 0.115169999030565
24.29, 0.115168726670703
24.30, 0.115167443522736
24.31, 0.115166173833873
24.32, 0.115164903356905
24.33, 0.11516362646354
24.34, 0.11516235864757
24.35, 0.115161092296599
24.36, 0.115159827266128
24.37, 0.11515855585926
24.38, 0.115157293499787
24.39, 0.115156034743918
24.40, 0.115154775055444
24.41, 0.115153516821969
24.42, 0.115152259938993
24.43, 0.115151006505121
24.44, 0.115149752273144
24.45, 0.11514850135577
24.46, 0.115147249794792
24.47, 0.115146001682916
24.48, 0.115144750644332
24.49, 0.115143505193456
24.50, 0.115142258944474
24.51, 0.115141016154596
24.52, 0.115139772566613
24.53, 0.115138542437734
24.54, 0.115137299237645
24.55, 0.115136061769765
24.56, 0.115134833359279
24.57, 0.115133596423792
24.58, 0.115132362802909
24.59, 0.115131138373922
24.60, 0.115129905285433
24.61, 0.115128673372944
24.62, 0.115127455064058
24.63, 0.115126225832567
24.64, 0.11512500004018
24.65, 0.115123781321084
24.66, 0.115122568045195
24.67, 0.115121343971202
24.68, 0.115120131227708
24.69, 0.115118909814713
24.70, 0.115117701716322
24.71, 0.115116492819825
24.72, 0.115115273115224
24.73, 0.115114068863831
24.74, 0.115112853804332
24.75, 0.115111649930833
24.76, 0.115110449516438
24.77, 0.115109248303938
24.78, 0.115108048277437
24.79, 0.115106839581435
24.80, 0.115105644344537
24.81, 0.115104446026429
24.82, 0.11510325316153
24.83, 0.115102059478525
24.84, 0.115100864872916
24.85, 0.115099665835014
24.86, 0.115098476009008
24.87, 0.115097287359001
24.88, 0.115096099904993
24.89, 0.115094923771484
24.90, 0.115093738833975
24.91, 0.115092555206965
24.92, 0.115091372775954
24.93, 0.115090193659548
24.94, 0.115089013735036
24.95, 0.115087837125127
24.96, 0.11508665745401
24.97, 0.1150854833506
24.98, 0.115084316185982
24.99, 0.115083142325966
25.00, 0.115081971935055
0.01, 0.377068981627231
0.02, 0.382720742902834
0.03, 0.374706329653371
0.04, 0.366360309740237
0.05, 0.362488548967267
0.06, 0.361214330848739
0.07, 0.359657227853296
0.08, 0.35802563724813
0.09, 0.356410544748526
0.10, 0.354852236276644
0.11, 0.353367476367373
0.12, 0.351961699193409
0.13, 0.350631071430082
0.14, 0.349380331333945
0.15, 0.348201749588582
0.16, 0.347090968737471
0.17, 0.346043533618413
0.18, 0.345055216787309
0.19, 0.344122052762251
0.20, 0.343240378771411
0.21, 0.342406840518847
0.22, 0.341618415260625
0.23, 0.34087230708733
0.24, 0.340166039390553
0.25, 0.339497354826866
0.26, 0.339000754518568
0.27, 0.338537866090726
0.28, 0.338106994959562
0.29, 0.33770671302801
0.30, 0.337335616754689
0.31, 0.336992500046751
0.32, 0.336676257290374
0.33, 0.336385945696188
0.34, 0.336120661658466
0.35, 0.335879623179317
0.36, 0.335662126501415
0.37, 0.335467531300555
0.38, 0.335295341555303
0.39, 0.335145065146724
0.40, 0.335016311439924
0.41, 0.334908733515805
0.42, 0.334822024097239
0.43, 0.334756019011306
0.44, 0.334710540296746
0.45, 0.334685473342467
0.46, 0.334680793665393
0.47, 0.334696473865673
0.48, 0.334732640216399
0.49, 0.33478938208431
0.50, 0.334866880131762
0.51, 0.334965368353642
0.52, 0.33508518142328
0.53, 0.335226675119263
0.54, 0.33539027997411
0.55, 0.335868896588665
0.56, 0.336373447103783
0.57, 0.336895468943672
0.58, 0.337435941825383
0.59, 0.337995926135106
0.60, 0.338576612339664
0.61, 0.339426288478413
0.62, 0.340290487476998
0.63, 0.341179559525906
0.64, 0.342095186015084
0.65, 0.343039207814379
0.66, 0.344013675922981
0.67, 0.345020821451122
0.68, 0.346063155681025
0.69, 0.3471434600608
0.70, 0.348264846859975
0.71, 0.348408804147726
0.72, 0.348490049521488
0.73, 0.348571360982793
0.74, 0.348652748297719
0.75, 0.348734191215316
0.76, 0.348815709510264
0.77, 0.348897282934098
0.78, 0.348978931263966
0.79, 0.349060654885017
0.80, 0.349142422308418
0.81, 0.351718333259663
0.82, 0.354294308182814
0.83, 0.356870336842758
0.84, 0.359446449029948
0.85, 0.362022604493346
0.86, 0.364598823019645
0.87, 0.367175124396699
0.88, 0.369751468376942
0.89, 0.372327905387779
0.90, 0.374904383939879
0.91, 0.37716757550865
0.92, 0.384333365153935
0.93, 0.392629039357491
0.94, 0.398377649561933
0.95, 0.404126259766375
0.96, 0.409874869970817
0.97, 0.415623480175259
0.98, 0.421372090379702
0.99, 0.427120700584144
1.00, 0.432869310788586
1.01, 0.438617920993029
1.02, 0.444366531197472
1.03, 0.450115141401914
1.04, 0.455863751606356
1.05, 0.461612361810798
1.06, 0.460236501713769
1.07, 0.458867573311606
1.08, 0.457499546859533
1.09, 0.456137769065201
1.10, 0.454784817976601
1.11, 0.453440877658933
1.12, 0.452106069342603
1.13, 0.450780512141174
1.14, 0.449464296729185
1.15, 0.44815746675373
1.16, 0.446306415538067
1.17, 0.444446865080835
1.18, 0.44259923353745
1.19, 0.440763522494463
1.20, 0.438939750191988
1.21, 0.43712792398727
1.22, 0.435322976801698
1.23, 0.433501985126385
1.24, 0.431692643863679
1.25, 0.429894914055259
1.26, 0.428152571840931
1.27, 0.426511893862347
1.28, 0.424934775920822
1.29, 0.423410784013531
1.30, 0.421934626021316
1.31, 0.420502966603492
1.32, 0.419113513773908
1.33, 0.417764648093255
1.34, 0.416455004055789
1.35, 0.415183623661566
1.36, 0.413950089655552
1.37, 0.412754768715723
1.38, 0.411595749732052
1.39, 0.410472570310952
1.40, 0.409384821518135
1.41, 0.408332184732015
1.42, 0.407314391767594
1.43, 0.406331166487473
1.44, 0.405382331542781
1.45, 0.404467685377153
1.46, 0.403587088011147
1.47, 0.402740419532486
1.48, 0.401927569211327
1.49, 0.401148438157903
1.50, 0.400402961799461
1.51, 0.399691059579207
1.52, 0.399012723038284
1.53, 0.398367875589271
1.54, 0.397756501823603
1.55, 0.397178589734429
1.56, 0.396634137935212
1.57, 0.3961231109717
1.58, 0.395645536614556
1.59, 0.395201428163421
1.60, 0.394790772938277
1.61, 0.394413634159504
1.62, 0.394070014773296
1.63, 0.393759933949306
1.64, 0.393483442643138
1.65, 0.393240572362644
1.66, 0.39303136875399
1.67, 0.392855880277828
1.68, 0.392714139966187
1.69, 0.392606205924949
1.70, 0.392532143600363
1.71, 0.392491995811134
1.72, 0.392485826066168
1.73, 0.392513690755237
1.74, 0.392575656345429
1.75, 0.392671786649736
1.76, 0.392802160232572
1.77, 0.392966843312819
1.78, 0.393165873116581
1.79, 0.393399356602369
1.80, 0.393667371355766
1.81, 0.394035680590548
1.82, 0.39441791151852
1.83, 0.394827558918658
1.84, 0.395264685377262
1.85, 0.395729378530979
1.86, 0.3962217153744
1.87, 0.396741786600582
1.88, 0.397289656996773
1.89, 0.3978654201368
1.90, 0.398469169097413
1.91, 0.39910098402992
1.92, 0.399760948596422
1.93, 0.400449157215051
1.94, 0.401165697483745
1.95, 0.401910643747744
1.96, 0.402684102188862
1.97, 0.403486159983816
1.98, 0.404316907446151
1.99, 0.405176421906474
2.00, 0.406064831745047
2.01, 0.406387337492322
2.02, 0.404893532200403
2.03, 0.403411563412194
2.04, 0.401941280980193
2.05, 0.400482492398883
2.06, 0.399035063458233
2.07, 0.39759883050823
2.08, 0.396173651777101
2.09, 0.39475933806038
2.10, 0.393355786616422
2.11, 0.391962832438016
2.12, 0.390580318715895
2.13, 0.389208152519117
2.14, 0.387846172103244
2.15, 0.386494231491345
2.16, 0.385152238209284
2.17, 0.383820038337413
2.18, 0.382497517062668
2.19, 0.381184563924659
2.20, 0.379881046366351
2.21, 0.378586863874868
2.22, 0.377301872462795
2.23, 0.376026002013136
2.24, 0.374759121145362
2.25, 0.37350112603804
2.26, 0.372251910913248
2.27, 0.371011372034802
2.28, 0.369779421118861
2.29, 0.368555953814352
2.30, 0.36734086695833
2.31, 0.366134064917415
2.32, 0.364935472688758
2.33, 0.363744981732066
2.34, 0.362562516753838
2.35, 0.361387979806878
2.36, 0.360221286876111
2.37, 0.35906234713631
2.38, 0.357911097544869
2.39, 0.356767442844576
2.40, 0.355631297778864
2.41, 0.354502604217834
2.42, 0.353381266721838
2.43, 0.352267222944729
2.44, 0.351160391770354
2.45, 0.350060709939502
2.46, 0.348968082523425
2.47, 0.34788245994634
2.48, 0.346803766037129
2.49, 0.345731931104038
2.50, 0.344666897082612
2.51, 0.343608601294436
2.52, 0.342556963453343
2.53, 0.341511931202436
2.54, 0.34047342780472
2.55, 0.339441410871377
2.56, 0.338415816718412
2.57, 0.337396580597168
2.58, 0.336383633070133
2.59, 0.335376938256278
2.60, 0.334376419523974
2.61, 0.333382040923989
2.62, 0.332393731200269
2.63, 0.331411444722665
2.64, 0.330435128576357
2.65, 0.329464715310528
2.66, 0.328500169228984
2.67, 0.327541444070398
2.68, 0.326588469984536
2.69, 0.325641220634983
2.70, 0.324699622806615
2.71, 0.323763647202687
2.72, 0.322833235907201
2.73, 0.321908348279542
2.74, 0.320988928984368
2.75, 0.320074945739142
2.76, 0.319166342055789
2.77, 0.318263086276405
2.78, 0.317365125388914
2.79, 0.316472412144728
2.80, 0.315584909534409
2.81, 0.314702579528005
2.82, 0.313825360455088
2.83, 0.31295323956246
2.84, 0.31208616875218
2.85, 0.311224100487751
2.86, 0.310367002067288
2.87, 0.309514183640578
2.88, 0.308665509590811
2.89, 0.307821690102319
2.90, 0.306982690849355
2.91, 0.306148455721803
2.92, 0.305318963940838
2.93, 0.304494176581716
2.94, 0.303674062006359
2.95, 0.302858560473352
2.96, 0.302047673693223
2.97, 0.301241579046958
2.98, 0.30044468099553
2.99, 0.299652269396539
3.00, 0.298864328192121
3.01, 0.298146411644165
3.02, 0.297432239116325
3.03, 0.296721748983411
3.04, 0.296014933647126
3.05, 0.295311781090169
3.06, 0.294612257403666
3.07, 0.293916333839954
3.08, 0.293223984949819
3.09, 0.292535193939162
3.10, 0.291849932555214
3.11, 0.291168176343353
3.12, 0.290489923352489
3.13, 0.289815108795168
3.14, 0.289143753593919
3.15, 0.288475812225679
3.16, 0.287811252740541
3.17, 0.287150062882154
3.18, 0.286492244074915
3.19, 0.285837742189459
3.20, 0.285186550392055
3.21, 0.284538648119748
3.22, 0.283894001508775
3.23, 0.283252599823741
3.24, 0.282614438737536
3.25, 0.281979458912573
3.26, 0.281347663746316
3.27, 0.2807190401394
3.28, 0.280093554817899
3.29, 0.279471191314868
3.30, 0.278851930308961
3.31, 0.278235752089642
3.32, 0.27762263373722
3.33, 0.277012550910104
3.34, 0.276405503565744
3.35, 0.275801458376558
3.36, 0.275200398365111
3.37, 0.274602303134153
3.38, 0.274007160824818
3.39, 0.273414944671432
3.40, 0.272825648368517
3.41, 0.272239238494617
3.42, 0.271655695822637
3.43, 0.271075031162315
3.44, 0.270497196294351
3.45, 0.269922166244298
3.46, 0.269349960936879
3.47, 0.268780529440469
3.48, 0.268213866705243
3.49, 0.267649963742289
3.50, 0.267088799021964
3.51, 0.266530334278728
3.52, 0.265974586217269
3.53, 0.265421517292975
3.54, 0.264871103990504
3.55, 0.26432335055652
3.56, 0.263778232419178
3.57, 0.263235723628449
3.58, 0.26269581835644
3.59, 0.262158494705385
3.60, 0.261623745440994
3.61, 0.261091544129441
3.62, 0.26056187659262
3.63, 0.260034735805412
3.64, 0.259510093254304
3.65, 0.258987941184478
3.66, 0.258468258720675
3.67, 0.257951036246605
3.68, 0.257436261892214
3.69, 0.256923903474873
3.70, 0.2564139595967
3.71, 0.255906416260192
3.72, 0.255401250499096
3.73, 0.254898443299539
3.74, 0.254398001862767
3.75, 0.253899888790941
3.76, 0.253404086917252
3.77, 0.252910603206867
3.78, 0.252419416747649
3.79, 0.251930489561613
3.80, 0.251443843973239
3.81, 0.250959439945736
3.82, 0.250477259157699
3.83, 0.249997309381322
3.84, 0.249519564035571
3.85, 0.249044006110342
3.86, 0.248570629951001
3.87, 0.248099412214003
3.88, 0.247630348125283
3.89, 0.247163404404694
3.90, 0.246698601183358
3.91, 0.246235899831012
3.92, 0.245775286475203
3.93, 0.245316766156388
3.94, 0.244860301643954
3.95, 0.244405891231698
3.96, 0.243953519066453
3.97, 0.243503183739409
3.98, 0.243054854492466
3.99, 0.242608521139805
4.00, 0.242164174114965
4.01, 0.241723206164501
4.02, 0.241284202070641
4.03, 0.24084713383331
4.04, 0.240412004163139
4.05, 0.239978779354392
4.06, 0.239547462540588
4.07, 0.239118041258846
4.08, 0.238690491786067
4.09, 0.238264813389774
4.10, 0.237840984211
4.11, 0.237418985931037
4.12, 0.236998833160111
4.13, 0.236580486991178
4.14, 0.236163936409801
4.15, 0.235749191652031
4.16, 0.235336213519586
4.17, 0.234925000877308
4.18, 0.23451555066438
4.19, 0.234107831329238
4.20, 0.233701841416223
4.21, 0.233297569643743
4.22, 0.232895004715753
4.23, 0.232494133021992
4.24, 0.232094942199008
4.25, 0.231697417224069
4.26, 0.231301547228537
4.27, 0.230907323680095
4.28, 0.2305147353263
4.29, 0.230123775099597
4.30, 0.229734413295114
4.31, 0.229346649213051
4.32, 0.228960481294232
4.33, 0.228575876784432
4.34, 0.228192843017014
4.35, 0.227811354767573
4.36, 0.227431404818971
4.37, 0.227052994030285
4.38, 0.226676090811522
4.39, 0.226300698678483
4.40, 0.225926795752962
4.41, 0.225554374663866
4.42, 0.225183438040192
4.43, 0.22481394594135
4.44, 0.224445909456962
4.45, 0.224079306422413
4.46, 0.223714137949391
4.47, 0.223350380762662
4.48, 0.222988028129264
4.49, 0.222627074718495
4.50, 0.222267496853209
4.51, 0.221909290165564
4.52, 0.221552450599215
4.53, 0.221196957702121
4.54, 0.220842805205591
4.55, 0.220489977552705
4.56, 0.220138462556085
4.57, 0.219788262381897
4.58, 0.219439348924732
4.59, 0.219094156409959
4.60, 0.21874864485848
4.61, 0.218404404286753
4.62, 0.218061434136884
4.63, 0.217719706337673
4.64, 0.217379220993043
4.65, 0.217039967769316
4.66, 0.216701941949706
4.67, 0.216365119123268
4.68, 0.216029494677396
4.69, 0.215695073913061
4.70, 0.215361820697403
4.71, 0.215029735721138
4.72, 0.214698810850406
4.73, 0.214369034626229
4.74, 0.214040401381623
4.75, 0.213712894455224
4.76, 0.213386493958713
4.77, 0.213061215927438
4.78, 0.212737026547151
4.79, 0.212413925182705
4.80, 0.212091903429165
4.81, 0.211770948907929
4.82, 0.211451043789751
4.83, 0.211132190520202
4.84, 0.210814375256983
4.85, 0.210497589480213
4.86, 0.210181813527084
4.87, 0.209867047005128
4.88, 0.209553282805998
4.89, 0.209240493943913
4.90, 0.208928690258754
4.91, 0.208617859972815
4.92, 0.208307974169681
4.93, 0.207999042930436
4.94, 0.207691045764515
4.95, 0.207383981898312
4.96, 0.207077838472056
4.97, 0.206772597474946
4.98, 0.206468262434341
4.99, 0.206164807773843
5.00, 0.205862241648645
5.01, 0.205560541354828
5.02, 0.205259694147723
5.03, 0.204959714539913
5.04, 0.20466056591245
5.05, 0.204362249617972
5.06, 0.204064763054315
5.07, 0.203768088507268
5.08, 0.203472208876077
5.09, 0.203177132460274
5.10, 0.202882833487725
5.11, 0.202589308357544
5.12, 0.202296566587409
5.13, 0.202004568440913
5.14, 0.201713314190921
5.15, 0.201422801463536
5.16, 0.201133017206269
5.17, 0.200843961448756
5.18, 0.200555608114253
5.19, 0.200267948223274
5.20, 0.199980991893938
5.21, 0.199694719978557
5.22, 0.199409109161875
5.23, 0.199124167003882
5.24, 0.198839881700304
5.25, 0.198556246526408
5.26, 0.198273248643252
5.27, 0.197990869361557
5.28, 0.197709122867216
5.29, 0.19742797656116
5.30, 0.197147428151501
5.31, 0.196867477904158
5.32, 0.196588105526291
5.33, 0.196309309384359
5.34, 0.196031079260855
5.35, 0.195753405112725
5.36, 0.195476276253832
5.37, 0.195199682428576
5.38, 0.194923620105193
5.39, 0.194648076460287
5.40, 0.194373054365474
5.41, 0.194098522857232
5.42, 0.193824494469831
5.43, 0.19355094222935
5.44, 0.193277877435841
5.45, 0.193005267556246
5.46, 0.19273312593552
5.47, 0.192461424698344
5.48, 0.192190168616376
5.49, 0.191919342604224
5.50, 0.191648949424916
5.51, 0.191378964218245
5.52, 0.191109385189251
5.53, 0.190840206521822
5.54, 0.190571416075122
5.55, 0.190303007351551
5.56, 0.190034972870248
5.57, 0.189767299881089
5.58, 0.189499974558236
5.59, 0.189233005631497
5.60, 0.188966370327042
5.61, 0.18870006062966
5.62, 0.188434074540199
5.63, 0.188168403389794
5.64, 0.187903036567134
5.65, 0.187637956451993
5.66, 0.187373165015252
5.67, 0.187108663009022
5.68, 0.18684442551331
5.69, 0.186575787031711
5.70, 0.186306155084542
5.71, 0.186036780002494
5.72, 0.185767617183686
5.73, 0.185498689917741
5.74, 0.185229983164883
5.75, 0.184961472863537
5.76, 0.18469316950008
5.77, 0.184425054374967
5.78, 0.184157119401761
5.79, 0.18388936009718
5.80, 0.183621770729352
5.81, 0.18335433375747
5.82, 0.183087049573493
5.83, 0.182819907300103
5.84, 0.18255289605198
5.85, 0.182286018918723
5.86, 0.182019247849166
5.87, 0.181752587537957
5.88, 0.181486041279096
5.89, 0.18121958211567
5.90, 0.180953201562162
5.91, 0.180686892915329
5.92, 0.180420663458844
5.93, 0.180154493866588
5.94, 0.179888378222789
5.95, 0.179622300202927
5.96, 0.179356267231461
5.97, 0.179090254487181
5.98, 0.178824264612699
5.99, 0.178558284809569
6.00, 0.178292323029096
6.01, 0.17804569065066
6.02, 0.177821394862956
6.03, 0.177597580962005
6.04, 0.177374233233898
6.05, 0.177151361522346
6.06, 0.176928952441981
6.07, 0.176707002908275
6.08, 0.17648552472501
6.09, 0.17626451639446
6.10, 0.176043960725797
6.11, 0.175823872818727
6.12, 0.175604233914897
6.13, 0.175385047132697
6.14, 0.175166316716489
6.15, 0.174948044992179
6.16, 0.174730219194128
6.17, 0.174512836784841
6.18, 0.174295903650761
6.19, 0.174079409096436
6.20, 0.173863355014881
6.21, 0.173647756804515
6.22, 0.173432583517707
6.23, 0.173217849656638
6.24, 0.173003550717186
6.25, 0.172789677792179
6.26, 0.172576243393353
6.27, 0.172363234794713
6.28, 0.1721506600919
6.29, 0.171938508106551
6.30, 0.171726788096825
6.31, 0.171515475344361
6.32, 0.171304590987628
6.33, 0.171094130736179
6.34, 0.170884076758814
6.35, 0.170674443781131
6.36, 0.170465233370379
6.37, 0.170256419614907
6.38, 0.170048024476943
6.39, 0.169840045659117
6.40, 0.169632462201001
6.41, 0.169425291764235
6.42, 0.169218520905918
6.43, 0.169012160140182
6.44, 0.168806187401334
6.45, 0.168600631741667
6.46, 0.168395462456318
6.47, 0.168190684911821
6.48, 0.167986308448526
6.49, 0.167782324015253
6.50, 0.167578725554611
6.51, 0.167375529747571
6.52, 0.167172707003821
6.53, 0.166970286972972
6.54, 0.16676824284829
6.55, 0.166566578713814
6.56, 0.166365304631879
6.57, 0.166164399305958
6.58, 0.165963891311533
6.59, 0.165763747617643
6.60, 0.165563978357701
6.61, 0.165364593475623
6.62, 0.165165579283947
6.63, 0.164966923705668
6.64, 0.164768658796081
6.65, 0.164570748201081
6.66, 0.164373205587191
6.67, 0.164176035127445
6.68, 0.163979229641273
6.69, 0.163782783208194
6.70, 0.16358669933156
6.71, 0.163390973476465
6.72, 0.163195604470099
6.73, 0.163000602503441
6.74, 0.162805953429627
6.75, 0.162611648471085
6.76, 0.162417706744093
6.77, 0.16222411443245
6.78, 0.16203087200997
6.79, 0.161837987675519
6.80, 0.161645439884352
6.81, 0.161453237225697
6.82, 0.1612613887048
6.83, 0.161069873410991
6.84, 0.160878707973488
6.85, 0.16068788432199
6.86, 0.160497399720886
6.87, 0.160307241647125
6.88, 0.160117431576338
6.89, 0.159927956923287
6.90, 0.159738813679856
6.91, 0.159550005054734
6.92, 0.159361539609775
6.93, 0.159173381963253
6.94, 0.158985573897812
6.95, 0.158798084103723
6.96, 0.158610920218759
6.97, 0.158424092262018
6.98, 0.158237578887812
6.99, 0.158051387820578
7.00, 0.157874999163333
7.01, 0.157718593764392
7.02, 0.157562655270182
7.03, 0.157407190428022
7.04, 0.157252177743691
7.05, 0.157097636642898
7.06, 0.156943543505149
7.07, 0.156789906639583
7.08, 0.15663673321417
7.09, 0.156484004232868
7.10, 0.156331725330918
7.11, 0.156179906361937
7.12, 0.156028523822901
7.13, 0.155877587009387
7.14, 0.155727093042444
7.15, 0.155577041490599
7.16, 0.155427429845982
7.17, 0.155279165941127
7.18, 0.155131823958142
7.19, 0.154984892423921
7.20, 0.15483840690745
7.21, 0.154692351383407
7.22, 0.154546726027587
7.23, 0.154401518584916
7.24, 0.15425674691938
7.25, 0.154112388630988
7.26, 0.153968464081515
7.27, 0.153824949893714
7.28, 0.153681855001462
7.29, 0.153539177288439
7.30, 0.153396924550258
7.31, 0.15325506676068
7.32, 0.153113632505252
7.33, 0.152972607482577
7.34, 0.152831993750616
7.35, 0.152691776492859
7.36, 0.152551974867479
7.37, 0.152412569191969
7.38, 0.152273564595507
7.39, 0.152134961457694
7.40, 0.151996759172563
7.41, 0.151858953971312
7.42, 0.151721545110198
7.43, 0.151584521838601
7.44, 0.151447891616146
7.45, 0.151311663833108
7.46, 0.151175815466848
7.47, 0.151040357348236
7.48, 0.15090527401489
7.49, 0.150770588373046
7.50, 0.150636286978121
7.51, 0.150502357804204
7.52, 0.150368809850239
7.53, 0.150235640826921
7.54, 0.150102841569173
7.55, 0.149970428571503
7.56, 0.149838391009277
7.57, 0.149706706605028
7.58, 0.149575416106473
7.59, 0.149444485606319
7.60, 0.149313916191446
7.61, 0.149183723903466
7.62, 0.149053886933988
7.63, 0.148924418605072
7.64, 0.148795311222944
7.65, 0.148666568165949
7.66, 0.148538175891031
7.67, 0.148410141208251
7.68, 0.148282468129631
7.69, 0.148155152037706
7.70, 0.148028190250459
7.71, 0.147901573919802
7.72, 0.147775309851572
7.73, 0.147649397435862
7.74, 0.147523835451176
7.75, 0.147398611190998
7.76, 0.147273737121181
7.77, 0.147149207913821
7.78, 0.147025025149103
7.79, 0.14690117404618
7.80, 0.146777677816897
7.81, 0.146654509464864
7.82, 0.146531675737969
7.83, 0.146409186994199
7.84, 0.146287026547931
7.85, 0.146165203442782
7.86, 0.146043714305669
7.87, 0.145922547182598
7.88, 0.145801714162801
7.89, 0.145681212779627
7.90, 0.145561040237791
7.91, 0.145441186734769
7.92, 0.145321660554607
7.93, 0.145202460933825
7.94, 0.145083575734098
7.95, 0.144965025603537
7.96, 0.144846778399759
7.97, 0.144728861177669
7.98, 0.144611253277874
7.99, 0.144493966272055
8.00, 0.1443769958686
8.01, 0.14426033362105
8.02, 0.144143985438939
8.03, 0.144027954048392
8.04, 0.143912233925411
8.05, 0.143796817092948
8.06, 0.143681711139181
8.07, 0.143566904382791
8.08, 0.143452415262512
8.09, 0.143338227178223
8.10, 0.143224333006938
8.11, 0.143110744096115
8.12, 0.142997469608342
8.13, 0.14288448051299
8.14, 0.14277179210844
8.15, 0.142659402575278
8.16, 0.142547316091715
8.17, 0.142435517462803
8.18, 0.142324014511363
8.19, 0.142212802464384
8.20, 0.142101892743394
8.21, 0.141991266813828
8.22, 0.141880926215225
8.23, 0.141770879341475
8.24, 0.141661122084272
8.25, 0.141551654641134
8.26, 0.141442470199105
8.27, 0.141333568621102
8.28, 0.141224948636441
8.29, 0.141116613599286
8.30, 0.141008561712896
8.31, 0.140900788413721
8.32, 0.140793293729849
8.33, 0.140686073622713
8.34, 0.140579144468715
8.35, 0.140472476393613
8.36, 0.140366094526077
8.37, 0.140259984729054
8.38, 0.140154141969586
8.39, 0.140048583327221
8.40, 0.139943281851048
8.41, 0.139838263291773
8.42, 0.139733506873632
8.43, 0.13962902545138
8.44, 0.139524805143605
8.45, 0.139420852060477
8.46, 0.139317164281726
8.47, 0.139213742446899
8.48, 0.139110587170765
8.49, 0.139007690857723
8.50, 0.138905059567123
8.51, 0.138802684247204
8.52, 0.138700581368811
8.53, 0.138598721021536
8.54, 0.138497124489234
8.55, 0.138395789920344
8.56, 0.138294713027514
8.57, 0.138193887908206
8.58, 0.138093311963726
8.59, 0.137992991687501
8.60, 0.137892930316545
8.61, 0.137793112343538
8.62, 0.137693551372686
8.63, 0.137594235611808
8.64, 0.137495171152635
8.65, 0.137396361896817
8.66, 0.137297790871573
8.67, 0.137199472733725
8.68, 0.137101393744291
8.69, 0.137003554336725
8.70, 0.136905971892789
8.71, 0.136808628930015
8.72, 0.136711521053179
8.73, 0.136614660397757
8.74, 0.136518034444152
8.75, 0.136421651488109
8.76, 0.136325511027133
8.77, 0.136229603780121
8.78, 0.136133939954072
8.79, 0.136038504541364
8.80, 0.135954960720571
8.81, 0.135878596170623
8.82, 0.135802422855857
8.83, 0.135726437875372
8.84, 0.135650646609914
8.85, 0.135575036563345
8.86, 0.13549963167486
8.87, 0.135424395942122
8.88, 0.135349355029837
8.89, 0.13527449225528
8.90, 0.135199819392245
8.91, 0.135125337793997
8.92, 0.135051034199701
8.93, 0.13497690947486
8.94, 0.134902970816933
8.95, 0.134829219344826
8.96, 0.134755646032187
8.97, 0.134682258615494
8.98, 0.134609044070335
8.99, 0.134536005572956
9.00, 0.134463161680672
9.01, 0.134390479693749
9.02, 0.134317981147828
9.03, 0.13424566543849
9.04, 0.134173519030055
9.05, 0.134101545476742
9.06, 0.134029763119279
9.07, 0.133958140825299
9.08, 0.133886694855937
9.09, 0.133815432299289
9.10, 0.133744335756406
9.11, 0.133673406263903
9.12, 0.13360266441549
9.13, 0.133532076222091
9.14, 0.133461668304994
9.15, 0.133391432661499
9.16, 0.13332135290922
9.17, 0.133251456378192
9.18, 0.133181723542777
9.19, 0.133112155096406
9.20, 0.133042761082077
9.21, 0.132973535533512
9.22, 0.132904463001482
9.23, 0.132835562292084
9.24, 0.13276683170856
9.25, 0.132698259303496
9.26, 0.132629855520003
9.27, 0.132561614001524
9.28, 0.132493537922235
9.29, 0.132425620290748
9.30, 0.132357858716066
9.31, 0.132290266837163
9.32, 0.132222837427366
9.33, 0.132155567489751
9.34, 0.132088449712093
9.35, 0.132021498007697
9.36, 0.131954698132593
9.37, 0.131888065860521
9.38, 0.131821583934476
9.39, 0.131755266117395
9.40, 0.131689088848151
9.41, 0.131623080867887
9.42, 0.131557228308239
9.43, 0.131491525719204
9.44, 0.131425981370865
9.45, 0.131360587526824
9.46, 0.131295350383344
9.47, 0.131230265391134
9.48, 0.131165326672913
9.49, 0.131100546107407
9.50, 0.131035923428689
9.51, 0.130971445152196
9.52, 0.130907113149319
9.53, 0.130842938471153
9.54, 0.130778909057544
9.55, 0.13071502464009
9.56, 0.130651291793389
9.57, 0.130587716972714
9.58, 0.130524270612257
9.59, 0.13046099150914
9.60, 0.130397840903092
9.61, 0.130334846331639
9.62, 0.130271998710572
9.63, 0.130209296728741
9.64, 0.130146732588744
9.65, 0.130084317640014
9.66, 0.130022045603698
9.67, 0.129959920853709
9.68, 0.129897934489303
9.69, 0.129836089614981
9.70, 0.129774386088965
9.71, 0.129712825874402
9.72, 0.129651408739462
9.73, 0.129590128698148
9.74, 0.129528988604734
9.75, 0.129467991267017
9.76, 0.129407126681478
9.77, 0.129346410288714
9.78, 0.129285828576858
9.79, 0.129225379180125
9.80, 0.129165074110972
9.81, 0.129104903292666
9.82, 0.129044873453227
9.83, 0.12898497464745
9.84, 0.128925210885824
9.85, 0.128865585396239
9.86, 0.128806089896072
9.87, 0.128746730106739
9.88, 0.128687506159842
9.89, 0.128628422025844
9.90, 0.128569460584872
9.91, 0.128510633875811
9.92, 0.12845194824554
9.93, 0.128393390574673
9.94, 0.1283349594378
9.95, 0.128276668432494
9.96, 0.128218491866986
9.97, 0.128160460326428
9.98, 0.128102545748919
9.99, 0.128044780382637
10.00, 0.127987125323637
10.01, 0.127970476637658
10.02, 0.127951525258402
10.03, 0.127932632803841
10.04, 0.127913780301687
10.05, 0.127894972136445
10.06, 0.127876219616235
10.07, 0.127857509344633
10.08, 0.127838840684325
10.09, 0.127820225848485
10.10, 0.127801656321854
10.11, 0.127783138237983
10.12, 0.127764662875838
10.13, 0.127746230757713
10.14, 0.127727839256415
10.15, 0.127709502678633
10.16, 0.127691218521693
10.17, 0.127672964544697
10.18, 0.127654672845171
10.19, 0.127635052382626
10.20, 0.1276154945255
10.21, 0.127595985364854
10.22, 0.127576518332041
10.23, 0.127557113157276
10.24, 0.127537758266929
10.25, 0.127518455166432
10.26, 0.127499201147979
10.27, 0.127479999765677
10.28, 0.12746084771008
10.29, 0.127441745860716
10.30, 0.127422704294598
10.31, 0.127403701373869
10.32, 0.127384750789346
10.33, 0.12736586014606
10.34, 0.127347005136088
10.35, 0.127328204224423
10.36, 0.127309458223712
10.37, 0.127290757072204
10.38, 0.127272109797066
10.39, 0.127253505336068
10.40, 0.127234956783373
10.41, 0.127216445174064
10.42, 0.127197996940165
10.43, 0.127179583393487
10.44, 0.127161230151832
10.45, 0.127142915539211
10.46, 0.127124654609465
10.47, 0.127106436739182
10.48, 0.127088262288176
10.49, 0.12707015042258
10.50, 0.127052071202536
10.51, 0.127034052213418
10.52, 0.127016069076659
10.53, 0.126998134505108
10.54, 0.126980253557052
10.55, 0.126962414287729
10.56, 0.1269446174483
10.57, 0.126926867667298
10.58, 0.126909169149187
10.59, 0.126891510010239
10.60, 0.126873900083449
10.61, 0.126856336421017
10.62, 0.126838809752224
10.63, 0.126821338297604
10.64, 0.126803900982664
10.65, 0.126786519773992
10.66, 0.126769176487509
10.67, 0.12675188833166
10.68, 0.126734632496009
10.69, 0.126717422957977
10.70, 0.126700259164261
10.71, 0.126683141098903
10.72, 0.126666061381774
10.73, 0.126649024938362
10.74, 0.126632039302786
10.75, 0.126615088380357
10.76, 0.126598179673924
10.77, 0.126581328196051
10.78, 0.126564510592373
10.79, 0.126547725352894
10.80, 0.126530993438074
10.81, 0.126514308394294
10.82, 0.126497653222252
10.83, 0.126481055575698
10.84, 0.126464487574935
10.85, 0.126447964107155
10.86, 0.126431485044952
10.87, 0.126415038985944
10.88, 0.126398642784667
10.89, 0.126382283677661
10.90, 0.126365975389428
10.91, 0.126349698100047
10.92, 0.126333455738239
10.93, 0.126317263829134
10.94, 0.126301114343625
10.95, 0.126285000174596
10.96, 0.126268925640719
10.97, 0.12625289367176
10.98, 0.126236893366873
10.99, 0.126220943413558
11.00, 0.126205025353316
11.01, 0.126189151070252
11.02, 0.12617331922365
11.03, 0.126157523675042
11.04, 0.126141764913167
11.05, 0.126126052879051
11.06, 0.126110374390362
11.07, 0.126094727393768
11.08, 0.12607913093962
11.09, 0.126063563779566
11.10, 0.126048039892426
11.11, 0.126032551579323
11.12, 0.126017106991901
11.13, 0.126001692604916
11.14, 0.125986319695953
11.15, 0.125970983918857
11.16, 0.125955693214346
11.17, 0.1259404265609
11.18, 0.125925215813053
11.19, 0.125910018889028
11.20, 0.125894877040219
11.21, 0.125879759979033
11.22, 0.12586468717796
11.23, 0.125849647407085
11.24, 0.125834651446235
11.25, 0.125819685547055
11.26, 0.125804753711507
11.27, 0.125789868307345
11.28, 0.125775006025627
11.29, 0.125760186348862
11.30, 0.125745403977103
11.31, 0.125730657694333
11.32, 0.125715943165767
11.33, 0.12570126696935
11.34, 0.12568662699268
11.35, 0.125672016324969
11.36, 0.12565744354856
11.37, 0.125642909590687
11.38, 0.125628403339608
11.39, 0.12561394555134
11.40, 0.125599506099602
11.41, 0.125585113652277
11.42, 0.125570748019294
11.43, 0.125556420167533
11.44, 0.125542121673407
11.45, 0.125527866511122
11.46, 0.12551363181285
11.47, 0.125501504595628
11.48, 0.125489759158257
11.49, 0.125478055333664
11.50, 0.125466384420466
11.51, 0.125454742474713
11.52, 0.125443136222615
11.53, 0.125431556255321
11.54, 0.125420023444817
11.55, 0.125408507396566
11.56, 0.125397027603438
11.57, 0.125385592948348
11.58, 0.125374189124082
11.59, 0.125362806812559
11.60, 0.125351463435216
11.61, 0.125340156732557
11.62, 0.125328875861912
11.63, 0.125317626755129
11.64, 0.125306406311856
11.65, 0.125295222974343
11.66, 0.125284071942877
11.67, 0.125272959042767
11.68, 0.125261871523353
11.69, 0.125250809652801
11.70, 0.125239791870128
11.71, 0.125228788769336
11.72, 0.125217833306639
11.73, 0.125206901550521
11.74, 0.125196006738566
11.75, 0.125185132873647
11.76, 0.125174294416617
11.77, 0.125163487059655
11.78, 0.125152718278998
11.79, 0.125141964423166
11.80, 0.125131247780078
11.81, 0.125120565693879
11.82, 0.125109916048735
11.83, 0.125099293019576
11.84, 0.125088700284466
11.85, 0.125078136057821
11.86, 0.12506759446661
11.87, 0.125057096591956
11.88, 0.125046622089803
11.89, 0.125036172056858
11.90, 0.125025754808925
11.91, 0.125015371432065
11.92, 0.125005014775374
11.93, 0.124994690846485
11.94, 0.124984387334747
11.95, 0.124974120815251
11.96, 0.124963886224279
11.97, 0.124953673889715
11.98, 0.124943486196052
11.99, 0.124933343840607
12.00, 0.124923209190019
12.01, 0.124913111374836
12.02, 0.124903047182187
12.03, 0.124893004216388
12.04, 0.124882994148646
12.05, 0.12487301659391
12.06, 0.124863064937882
12.07, 0.124853133177029
12.08, 0.124843234474293
12.09, 0.124833368325373
12.10, 0.124823522891317
12.11, 0.124813712428275
12.12, 0.124803921688321
12.13, 0.124794156080566
12.14, 0.124784422490647
12.15, 0.124774717235845
12.16, 0.124765038591507
12.17, 0.12475538988899
12.18, 0.12474577249304
12.19, 0.124736170487577
12.20, 0.124726593441843
12.21, 0.124717054553606
12.22, 0.124707543903397
12.23, 0.124698044252239
12.24, 0.1246885891706
12.25, 0.124679155431414
12.26, 0.124669743158618
12.27, 0.124660358383861
12.28, 0.124650998853303
12.29, 0.124641669383246
12.30, 0.124632370305886
12.31, 0.124623083329026
12.32, 0.124613836971386
12.33, 0.124604612082139
12.34, 0.124595406333538
12.35, 0.124586233526112
12.36, 0.124577079940976
12.37, 0.124567958702536
12.38, 0.124558856571383
12.39, 0.124549784911812
12.40, 0.124540734554302
12.41, 0.124531716306137
12.42, 0.124522716990279
12.43, 0.12451374762532
12.44, 0.124504799752374
12.45, 0.124495881572376
12.46, 0.124486984096132
12.47, 0.124478104727445
12.48, 0.124469257480786
12.49, 0.124460438475931
12.50, 0.124451631744057
12.51, 0.124442862473956
12.52, 0.124434116157938
12.53, 0.124425385199362
12.54, 0.124416688457152
12.55, 0.124408006659665
12.56, 0.124399357760602
12.57, 0.124390728192748
12.58, 0.124382117950172
12.59, 0.124373537943862
12.60, 0.124364987249778
12.61, 0.124356453682603
12.62, 0.124347940038192
12.63, 0.124339457444547
12.64, 0.12433099162782
12.65, 0.124322558765179
12.66, 0.124314141701742
12.67, 0.124305754122396
12.68, 0.12429738567164
12.69, 0.124289036393204
12.70, 0.124280715549507
12.71, 0.124272414421598
12.72, 0.124264141732044
12.73, 0.124255885666479
12.74, 0.124247660721966
12.75, 0.124239452781063
12.76, 0.124231275060389
12.77, 0.124223104413134
12.78, 0.124214974148006
12.79, 0.124206850034027
12.80, 0.124198754423412
12.81, 0.124190689767037
12.82, 0.124182641259351
12.83, 0.12417461078313
12.84, 0.12416661919214
12.85, 0.124158634794928
12.86, 0.12415066710782
12.87, 0.124142729219702
12.88, 0.124134817702995
12.89, 0.124126916247404
12.90, 0.124119050674585
12.91, 0.124111197111462
12.92, 0.124103364858787
12.93, 0.12409556311247
12.94, 0.124087780602061
12.95, 0.124080013893588
12.96, 0.124072275229073
12.97, 0.124064554025517
12.98, 0.124056847727172
12.99, 0.124049175702492
13.00, 0.124041514496506
13.01, 0.124033883269266
13.02, 0.124026269086068
13.03, 0.12401867048639
13.04, 0.124011100762988
13.05, 0.124003556284988
13.06, 0.123996021340976
13.07, 0.123988511449045
13.08, 0.123981018527487
13.09, 0.123973554379893
13.10, 0.12396610518333
13.11, 0.123958670830828
13.12, 0.123951268329613
13.13, 0.12394387805687
13.14, 0.1239365181403
13.15, 0.123929171212448
13.16, 0.123921845393802
13.17, 0.123914541927863
13.18, 0.123907257065179
13.19, 0.123899996918826
13.20, 0.123892745289347
13.21, 0.123885527717639
13.22, 0.12387831880009
13.23, 0.123871136210438
13.24, 0.123863965861811
13.25, 0.123856824105965
13.26, 0.123849700804356
13.27, 0.123842591125774
13.28, 0.123835507640341
13.29, 0.123828440589674
13.30, 0.123821399169644
13.31, 0.123814364318177
13.32, 0.123807355274282
13.33, 0.123800370043976
13.34, 0.123793402823921
13.35, 0.123786451522074
13.36, 0.123779513804787
13.37, 0.123772604155838
13.38, 0.123765707796953
13.39, 0.123758839330042
13.40, 0.123751984732503
13.41, 0.123745145493094
13.42, 0.123738333704095
13.43, 0.12373153536686
13.44, 0.123724752748767
13.45, 0.123717995321248
13.46, 0.12371125159589
13.47, 0.123704524932489
13.48, 0.12369782378473
13.49, 0.123691127934664
13.50, 0.123684469016068
13.51, 0.123677821676566
13.52, 0.123671180933518
13.53, 0.123664573898739
13.54, 0.123657973566407
13.55, 0.123651396139094
13.56, 0.123644844040225
13.57, 0.123638296136853
13.58, 0.12363177641139
13.59, 0.123625268285715
13.60, 0.123618787900454
13.61, 0.123612319823309
13.62, 0.123605866706038
13.63, 0.123599436230781
13.64, 0.123593012318049
13.65, 0.123586625173063
13.66, 0.123580238660812
13.67, 0.123573880384657
13.68, 0.123567532528322
13.69, 0.123561208839743
13.70, 0.123554892454531
13.71, 0.12354860019378
13.72, 0.123542330472318
13.73, 0.123536076523818
13.74, 0.12352982499149
13.75, 0.123523610335025
13.76, 0.123517397032888
13.77, 0.123511208340645
13.78, 0.123505045918634
13.79, 0.123498883103792
13.80, 0.12349274857099
13.81, 0.123486623960128
13.82, 0.12348051746501
13.83, 0.123474433251966
13.84, 0.123468362660376
13.85, 0.123462313713102
13.86, 0.123456270547256
13.87, 0.123450251278231
13.88, 0.123444246199997
13.89, 0.123438262413826
13.90, 0.12343229443947
13.91, 0.123426340050835
13.92, 0.123420397429567
13.93, 0.123414480151098
13.94, 0.123408574985818
13.95, 0.123402682843636
13.96, 0.123396813907277
13.97, 0.12339096106915
13.98, 0.12338511970431
13.99, 0.123379303145807
14.00, 0.123373485749795
14.01, 0.123367693918009
14.02, 0.123361925330978
14.03, 0.123356160223568
14.04, 0.12335041845263
14.05, 0.123344689582062
14.06, 0.123338973978041
14.07, 0.123333279260204
14.08, 0.123327599665114
14.09, 0.123321933461451
14.10, 0.123316287603704
14.11, 0.123310647385674
14.12, 0.123305037966046
14.13, 0.123299432923614
14.14, 0.123293839102681
14.15, 0.123288277736348
14.16, 0.123282721812282
14.17, 0.123277176547584
14.18, 0.123271655743549
14.19, 0.123266145611161
14.20, 0.123260646547922
14.21, 0.123255174155342
14.22, 0.123249699469268
14.23, 0.123244254172382
14.24, 0.123238825141212
14.25, 0.123233398501613
14.26, 0.123227998845756
14.27, 0.123222609168815
14.28, 0.123217239823551
14.29, 0.123211873314648
14.30, 0.123206532940196
14.31, 0.123201198365952
14.32, 0.123195880631648
14.33, 0.123190064685724
14.34, 0.123182628610217
14.35, 0.123175205479282
14.36, 0.123167802270933
14.37, 0.123160412142656
14.38, 0.123153026519718
14.39, 0.12314566898742
14.40, 0.123138315740172
14.41, 0.123130987146048
14.42, 0.123123671069938
14.43, 0.123116362775498
14.44, 0.123109069030701
14.45, 0.123101795693699
14.46, 0.123094540469138
14.47, 0.123087290844907
14.48, 0.123080066245004
14.49, 0.123072853357925
14.50, 0.123065642646042
14.51, 0.123058461842035
14.52, 0.123051283058024
14.53, 0.1230441282612
14.54, 0.123036987655758
14.55, 0.12302985507323
14.56, 0.123022736274794
14.57, 0.123015637382577
14.58, 0.123008550233148
14.59, 0.123001475015154
14.60, 0.122994411742626
14.61, 0.122987369842189
14.62, 0.122980334131853
14.63, 0.122973326075787
14.64, 0.122966319592804
14.65, 0.122959324492795
14.66, 0.122952351770068
14.67, 0.122945392036894
14.68, 0.122938440095324
14.69, 0.122931513516136
14.70, 0.122924594884163
14.71, 0.122917679306713
14.72, 0.122910795305846
14.73, 0.122903915172653
14.74, 0.122897052106453
14.75, 0.122890200230717
14.76, 0.1228833615739
14.77, 0.122876534464519
14.78, 0.122869724824525
14.79, 0.122862922616517
14.80, 0.122856137448148
14.81, 0.122849373180007
14.82, 0.122842615169074
14.83, 0.122835863051114
14.84, 0.122829133033378
14.85, 0.122822415221577
14.86, 0.122815717592682
14.87, 0.12280902247513
14.88, 0.122802346287094
14.89, 0.122795683220164
14.90, 0.122789026968587
14.91, 0.122782383958934
14.92, 0.122775761924622
14.93, 0.122769150058285
14.94, 0.122762550061505
14.95, 0.122755962832838
14.96, 0.122749392119258
14.97, 0.122742824026084
14.98, 0.122736277153604
14.99, 0.12272974850929
15.00, 0.12272322291636
15.01, 0.122716707932336
15.02, 0.122710216003497
15.03, 0.12270373036769
15.04, 0.12269725340078
15.05, 0.122690793090904
15.06, 0.122684350989624
15.07, 0.122677915805972
15.08, 0.122671497413681
15.09, 0.122665085529804
15.10, 0.122658694055611
15.11, 0.122652304940111
15.12, 0.122645933962102
15.13, 0.122639573919565
15.14, 0.12263322385107
15.15, 0.122626896156124
15.16, 0.122620567198422
15.17, 0.12261425803308
15.18, 0.122607959516497
15.19, 0.122601681071513
15.20, 0.122595403207812
15.21, 0.122589147255446
15.22, 0.122582887493667
15.23, 0.12257665003005
15.24, 0.122570430379731
15.25, 0.122564215604901
15.26, 0.122558018229824
15.27, 0.122551831388858
15.28, 0.122545654597651
15.29, 0.122539487572792
15.30, 0.122533328680984
15.31, 0.122527189688148
15.32, 0.122521062871804
15.33, 0.122514945798472
15.34, 0.122508836774862
15.35, 0.12250273937938
15.36, 0.122496662018236
15.37, 0.122490592892415
15.38, 0.122484535126205
15.39, 0.122478485160842
15.40, 0.12247244525105
15.41, 0.122466414749105
15.42, 0.122460414184689
15.43, 0.122454405803273
15.44, 0.122448412945919
15.45, 0.122442443156719
15.46, 0.122436471366004
15.47, 0.122430521303415
15.48, 0.122424579159281
15.49, 0.122418643909556
15.50, 0.122412720404246
15.51, 0.122406808792198
15.52, 0.122400914646939
15.53, 0.122395017651654
15.54, 0.122389154734786
15.55, 0.122383288642421
15.56, 0.122377430518985
15.57, 0.122371583309307
15.58, 0.12236575558332
15.59, 0.122359935445395
15.60, 0.122354126268467
15.61, 0.12234832693642
15.62, 0.12234253680462
15.63, 0.122336764001349
15.64, 0.122331002541794
15.65, 0.122325238158668
15.66, 0.122319502844106
15.67, 0.122313768813014
15.68, 0.12230804174216
15.69, 0.122302336387485
15.70, 0.122296629920068
15.71, 0.122290938658462
15.72, 0.122285270535506
15.73, 0.122279599389781
15.74, 0.122273939415177
15.75, 0.122268294603127
15.76, 0.122262662303444
15.77, 0.122257037567626
15.78, 0.122251423349123
15.79, 0.122245816827802
15.80, 0.122240226328518
15.81, 0.122234637047303
15.82, 0.122229069137495
15.83, 0.12222350768982
15.84, 0.122217953139098
15.85, 0.122212421902913
15.86, 0.122206884849093
15.87, 0.122201369078583
15.88, 0.122195861543373
15.89, 0.122190361467807
15.90, 0.122184873510632
15.91, 0.122179392951262
15.92, 0.122173918235154
15.93, 0.122168462951786
15.94, 0.122163018214982
15.95, 0.122157582092537
15.96, 0.122152152159044
15.97, 0.122146731374581
15.98, 0.12214133322785
15.99, 0.122135939281951
16.00, 0.122130546522799
16.01, 0.122125169898618
16.02, 0.122119803905252
16.03, 0.122114444366487
16.04, 0.122109103019565
16.05, 0.122103760076578
16.06, 0.122098438313476
16.07, 0.122093122293047
16.08, 0.122087817204637
16.09, 0.122082516054373
16.10, 0.122077225319857
16.11, 0.122071953621412
16.12, 0.122066691696358
16.13, 0.122061426454852
16.14, 0.122056180828439
16.15, 0.122050949739904
16.16, 0.12204571713145
16.17, 0.122040496923172
16.18, 0.122035292846172
16.19, 0.122030096915702
16.20, 0.12202489911368
16.21, 0.122019729592899
16.22, 0.122014558125027
16.23, 0.122009395247326
16.24, 0.122004248004943
16.25, 0.121999101191001
16.26, 0.121993969697646
16.27, 0.121988849227068
16.28, 0.121983736787815
16.29, 0.121978629913311
16.30, 0.121973543058999
16.31, 0.12196845443842
16.32, 0.12196338388354
16.33, 0.121958318945524
16.34, 0.121953264261859
16.35, 0.121948215862653
16.36, 0.121943176508027
16.37, 0.121938143873346
16.38, 0.121933130602637
16.39, 0.121928123595164
16.40, 0.121923116329242
16.41, 0.121918124788165
16.42, 0.121913151372142
16.43, 0.12190817517134
16.44, 0.121903207398329
16.45, 0.121898256668936
16.46, 0.121893306459334
16.47, 0.121888371494581
16.48, 0.121883446556504
16.49, 0.121878527429279
16.50, 0.121873625732648
16.51, 0.121868721809455
16.52, 0.12186383544387
16.53, 0.121858946766831
16.54, 0.121854075873285
16.55, 0.121849212225095
16.56, 0.121844356503969
16.57, 0.121839508308751
16.58, 0.121834677803882
16.59, 0.121829844434711
16.60, 0.121825027052169
16.61, 0.121820218901899
16.62, 0.121815410855248
16.63, 0.121810623368448
16.64, 0.121805837920881
16.65, 0.121801061532142
16.66, 0.121796298950514
16.67, 0.121791535636359
16.68, 0.121786780023547
16.69, 0.121782049358876
16.70, 0.121777316154652
16.71, 0.121772594938051
16.72, 0.121767874073419
16.73, 0.121763165256653
16.74, 0.121758475749545
16.75, 0.121753776990842
16.76, 0.121749099882706
16.77, 0.121744428214483
16.78, 0.121739763670872
16.79, 0.121735108140656
16.80, 0.121730458287422
16.81, 0.121725827212059
16.82, 0.121721191775861
16.83, 0.121716573101804
16.84, 0.121711963791232
16.85, 0.121707359291587
16.86, 0.121702762348165
16.87, 0.121698174635419
16.88, 0.121693589974919
16.89, 0.121689024126783
16.90, 0.121684467826674
16.91, 0.121679906107329
16.92, 0.121675363648483
16.93, 0.12167082430435
16.94, 0.121666291466663
16.95, 0.121661770438028
16.96, 0.121657263884848
16.97, 0.121652754513317
16.98, 0.121648251710273
16.99, 0.121643766568182
17.00, 0.121639287967518
17.01, 0.121634816006458
17.02, 0.121630351647096
17.03, 0.121625891759918
17.04, 0.121621442813816
17.05, 0.12161700669424
17.06, 0.121612569679617
17.07, 0.121608146839531
17.08, 0.121603733344877
17.09, 0.121599328706424
17.10, 0.121594926618661
17.11, 0.121590531552944
17.12, 0.121586145289268
17.13, 0.121581765797918
17.14, 0.121577400767588
17.15, 0.121573042459587
17.16, 0.121568684974281
17.17, 0.121564340569305
17.18, 0.121560002407039
17.19, 0.121555671256562
17.20, 0.121550240765818
17.21, 0.121545567494966
17.22, 0.121540890045028
17.23, 0.121536231603674
17.24, 0.121531566918306
17.25, 0.121526918238271
17.26, 0.121522276398023
17.27, 0.121517642558692
17.28, 0.121513012782408
17.29, 0.121508391613648
17.30, 0.121503784258745
17.31, 0.121499173074849
17.32, 0.121494580238649
17.33, 0.121489981560216
17.34, 0.121485396571334
17.35, 0.1214808219693
17.36, 0.121476249292952
17.37, 0.121471684992195
17.38, 0.12146712667736
17.39, 0.121462586694269
17.40, 0.121458040815723
17.41, 0.121453510619469
17.42, 0.121448988313194
17.43, 0.121444458221127
17.44, 0.121439946064985
17.45, 0.121435449921773
17.46, 0.121430938281236
17.47, 0.121426455652782
17.48, 0.121421967796518
17.49, 0.12141749355554
17.50, 0.121413017151771
17.51, 0.12140855687518
17.52, 0.121404102106711
17.53, 0.121399641752209
17.54, 0.121395208996479
17.55, 0.12139077220411
17.56, 0.121386339171896
17.57, 0.121381916104212
17.58, 0.121377495099375
17.59, 0.121373091290008
17.60, 0.121368691438497
17.61, 0.121364289485779
17.62, 0.121359901252139
17.63, 0.121355521113793
17.64, 0.12135114641385
17.65, 0.121346777995243
17.66, 0.121342422688748
17.67, 0.121338063173286
17.68, 0.121333711766741
17.69, 0.121329373771366
17.70, 0.121325041636433
17.71, 0.12132070682206
17.72, 0.121316396013597
17.73, 0.121312072746536
17.74, 0.12130777309784
17.75, 0.12130347136717
17.76, 0.121299172817136
17.77, 0.121294879942832
17.78, 0.12129060301005
17.79, 0.121286323382865
17.80, 0.121282057650794
17.81, 0.121277796891019
17.82, 0.121273544216362
17.83, 0.121269292651634
17.84, 0.121265050886315
17.85, 0.121260812877919
17.86, 0.121256580171323
17.87, 0.121252362513666
17.88, 0.121248140634967
17.89, 0.121243934368743
17.90, 0.121239735522676
17.91, 0.121235527823053
17.92, 0.121231338253624
17.93, 0.12122715363917
17.94, 0.121222974497659
17.95, 0.121218803132231
17.96, 0.121214642788909
17.97, 0.121210479761126
17.98, 0.121206331815813
17.99, 0.121202177687149
18.00, 0.121198040703572
18.01, 0.121193901491749
18.02, 0.121189775511998
18.03, 0.121185652395536
18.04, 0.121181537096313
18.05, 0.121177426869104
18.06, 0.121173329596931
18.07, 0.121169230030151
18.08, 0.121165135558768
18.09, 0.121161056256478
18.10, 0.121156970400546
18.11, 0.121152901898687
18.12, 0.121148838811376
18.13, 0.121144778112511
18.14, 0.121140725043767
18.15, 0.121136675429825
18.16, 0.121132632639329
18.17, 0.121128595127976
18.18, 0.121124560988008
18.19, 0.121120543431293
18.20, 0.121116519471714
18.21, 0.121112513096161
18.22, 0.121108508883373
18.23, 0.1211045022102
18.24, 0.121100511225792
18.25, 0.121096522666482
18.26, 0.1210925390659
18.27, 0.121088562917875
18.28, 0.121084599370795
18.29, 0.121080631270036
18.30, 0.12107668026751
18.31, 0.121072723969996
18.32, 0.121068768810331
18.33, 0.121064832986953
18.34, 0.121060897678342
18.35, 0.121056971965307
18.36, 0.121053048317955
18.37, 0.12104913017687
18.38, 0.121045217335099
18.39, 0.121041310856809
18.40, 0.121037407718413
18.41, 0.121033519175024
18.42, 0.121029625851924
18.43, 0.121025747013382
18.44, 0.121021865592317
18.45, 0.121017996893638
18.46, 0.121014133255938
18.47, 0.121010274415166
18.48, 0.121006422036459
18.49, 0.121002568774768
18.50, 0.12099872636293
18.51, 0.120994886877275
18.52, 0.12099105207312
18.53, 0.120987232238827
18.54, 0.120983405103142
18.55, 0.120979597116081
18.56, 0.120975781019839
18.57, 0.120971978513059
18.58, 0.120968184520435
18.59, 0.120964391327164
18.60, 0.120960607188902
18.61, 0.120956823228619
18.62, 0.120953046123175
18.63, 0.120949274062765
18.64, 0.120945516282743
18.65, 0.120941751490277
18.66, 0.120938003374949
18.67, 0.12093424982644
18.68, 0.120930508995922
18.69, 0.120926764852807
18.70, 0.120923035569922
18.71, 0.120919310652142
18.72, 0.120915590694255
18.73, 0.120911873182831
18.74, 0.120908160252887
18.75, 0.120904464076835
18.76, 0.120900762006446
18.77, 0.120897063224299
18.78, 0.120893370314121
18.79, 0.120889692678082
18.80, 0.120886007039591
18.81, 0.120882336439454
18.82, 0.120878672580358
18.83, 0.120875010308515
18.84, 0.120871355436363
18.85, 0.12086770272416
18.86, 0.120864056604871
18.87, 0.120860415409673
18.88, 0.120856775909002
18.89, 0.120853141382094
18.90, 0.120849521134655
18.91, 0.120845897412115
18.92, 0.120842288745524
18.93, 0.120838671585081
18.94, 0.120835069586691
18.95, 0.120831471861904
18.96, 0.120827868244831
18.97, 0.120824281291074
18.98, 0.120820698834292
18.99, 0.120817118743777
19.00, 0.120813550647744
19.01, 0.120809979241153
19.02, 0.120806414262993
19.03, 0.12080285171566
19.04, 0.120799305478632
19.05, 0.120795751936169
19.06, 0.12079221202714
19.07, 0.120788677105255
19.08, 0.120785134148885
19.09, 0.120781609735799
19.10, 0.120778087223174
19.11, 0.120774571245353
19.12, 0.120771057740667
19.13, 0.120767548479086
19.14, 0.120764043490706
19.15, 0.12076054244003
19.16, 0.120757056016974
19.17, 0.12075356375023
19.18, 0.120750083923693
19.19, 0.120746600217433
19.20, 0.12074312047986
19.21, 0.120739657370857
19.22, 0.120736193893856
19.23, 0.120732737333737
19.24, 0.120729284728862
19.25, 0.120725838292791
19.26, 0.120722391818952
19.27, 0.120718951752763
19.28, 0.120715517795277
19.29, 0.120712084162803
19.30, 0.120708656495882
19.31, 0.120705243221164
19.32, 0.120701821903364
19.33, 0.120698416800972
19.34, 0.120695005245325
19.35, 0.1206916082624
19.36, 0.120688213371312
19.37, 0.120684812855187
19.38, 0.120681430200415
19.39, 0.120678049531772
19.40, 0.120674673187151
19.41, 0.12067129867289
19.42, 0.120667940557103
19.43, 0.120664574260993
19.44, 0.120661213747265
19.45, 0.120657855411134
19.46, 0.120654513248566
19.47, 0.120651163073825
19.48, 0.120647828949724
19.49, 0.120644486791042
19.50, 0.120641160631528
19.51, 0.120637836676124
19.52, 0.120634508423993
19.53, 0.120631194557997
19.54, 0.12062788427661
19.55, 0.12062457614191
19.56, 0.120621269429595
19.57, 0.12061798131174
19.58, 0.120614684568448
19.59, 0.120611394198232
19.60, 0.120608105719448
19.61, 0.120604833317825
19.62, 0.120601554828586
19.63, 0.120598287958328
19.64, 0.1205950149316
19.65, 0.120591755853786
19.66, 0.120588502701275
19.67, 0.120585241663667
19.68, 0.120581996193279
19.69, 0.120578752534611
19.70, 0.120575515427367
19.71, 0.120572277216776
19.72, 0.120569047786935
19.73, 0.120565829453506
19.74, 0.120562605025705
19.75, 0.120559386914698
19.76, 0.120556169949051
19.77, 0.120552968959586
19.78, 0.120549758230196
19.79, 0.12054656315622
19.80, 0.120543363531964
19.81, 0.120540175930301
19.82, 0.120536989720785
19.83, 0.120533811908602
19.84, 0.120530635690334
19.85, 0.120527464823489
19.86, 0.120524283985278
19.87, 0.120521131056146
19.88, 0.120517967338484
19.89, 0.12051481182032
19.90, 0.120511658015426
19.91, 0.120508505389837
19.92, 0.120505368972255
19.93, 0.120502228430804
19.94, 0.120499098900196
19.95, 0.120495961639936
19.96, 0.120492841798135
19.97, 0.120489713971041
19.98, 0.120486599175878
19.99, 0.120483486332738
20.00, 0.120480381093564
20.01, 0.120477267917282
20.02, 0.120474165934175
20.03, 0.120471069838462
20.04, 0.120467979067622
20.05, 0.120464888142756
20.06, 0.120461810518393
20.07, 0.120458731077379
20.08, 0.120455650988056
20.09, 0.120452586152783
20.10, 0.120449515553014
20.11, 0.120446457744589
20.12, 0.12044339219565
20.13, 0.120440341718092
20.14, 0.120437284687035
20.15, 0.120434241809539
20.16, 0.120431202206473
20.17, 0.120428164053211
20.18, 0.120425131544867
20.19, 0.120422100553269
20.20, 0.120419074957704
20.21, 0.120416052848949
20.22, 0.120413034480218
20.23, 0.120410019511331
20.24, 0.120407008566064
20.25, 0.120403997933263
20.26, 0.120401001290923
20.27, 0.120398000638359
20.28, 0.120395010878127
20.29, 0.120392019357504
20.30, 0.120389034559789
20.31, 0.120386047033801
20.32, 0.120383073456491
20.33, 0.1203801010267
20.34, 0.120377136461536
20.35, 0.120374158630588
20.36, 0.120371198969278
20.37, 0.120368242199963
20.38, 0.120365286844421
20.39, 0.12036233541487
20.40, 0.12035938900284
20.41, 0.120356456367789
20.42, 0.12035351454056
20.43, 0.120350578198635
20.44, 0.120347643443129
20.45, 0.120344722146157
20.46, 0.120341795721604
20.47, 0.120338881200549
20.48, 0.120335961474905
20.49, 0.120333053635518
20.50, 0.120330148745454
20.51, 0.120327237450381
20.52, 0.12032433936471
20.53, 0.120321446596121
20.54, 0.120318557186406
20.55, 0.120315669076647
20.56, 0.120312784093655
20.57, 0.120309902762805
20.58, 0.120307023927514
20.59, 0.120304151483314
20.60, 0.120301280042126
20.61, 0.120298411267597
20.62, 0.120295558116114
20.63, 0.120292696504514
20.64, 0.120289837853415
20.65, 0.120286992547088
20.66, 0.12028415031216
20.67, 0.120281303632732
20.68, 0.120278458034468
20.69, 0.120275625416065
20.70, 0.120272796379669
20.71, 0.120269960254207
20.72, 0.120267147357764
20.73, 0.120264320139698
20.74, 0.120261503794038
20.75, 0.120258688456984
20.76, 0.1202558807417
20.77, 0.120253071352246
20.78, 0.120250280156512
20.79, 0.12024746979181
20.80, 0.12024468238564
20.81, 0.120241890149778
20.82, 0.120239097481415
20.83, 0.120236319198003
20.84, 0.120233534470654
20.85, 0.120230763272404
20.86, 0.120227984903774
20.87, 0.120225219428694
20.88, 0.12022244755911
20.89, 0.120219688514816
20.90, 0.120216922590697
20.91, 0.120214167500961
20.92, 0.120211420078433
20.93, 0.12020867137213
20.94, 0.12020593013488
20.95, 0.120203187458307
20.96, 0.120200452038907
20.97, 0.120197716101774
20.98, 0.120194984853261
20.99, 0.120192256598942
21.00, 0.120189531294587
21.01, 0.120186809502187
21.02, 0.120184100339755
21.03, 0.120181384784132
21.04, 0.120178669783195
21.05, 0.12017597202986
21.06, 0.120173260880216
21.07, 0.120170567277711
21.08, 0.120167866271581
21.09, 0.12016518083237
21.10, 0.120162491670759
21.11, 0.120159799768195
21.12, 0.12015711922453
21.13, 0.12015444554692
21.14, 0.120151772601548
21.15, 0.120149102745087
21.16, 0.120146433842762
21.17, 0.120143767840537
21.18, 0.120141109032849
21.19, 0.120138449149072
21.20, 0.120135794324336
21.21, 0.120133142095853
21.22, 0.12013048901254
21.23, 0.120127855061277
21.24, 0.12012520960741
21.25, 0.120122567021923
21.26, 0.120119941897789
21.27, 0.120117305647789
21.28, 0.120114681979265
21.29, 0.120112053431228
21.30, 0.120109437741558
21.31, 0.120106814704852
21.32, 0.120104204957626
21.33, 0.120101593599952
21.34, 0.120098989421108
21.35, 0.120096378581236
21.36, 0.120093777718692
21.37, 0.12009118251956
21.38, 0.120088587556341
21.39, 0.120085996217845
21.40, 0.120083407133631
21.41, 0.120080823088276
21.42, 0.120078241625223
21.43, 0.120075661334562
21.44, 0.120073095851796
21.45, 0.12007052084291
21.46, 0.120067951211756
21.47, 0.120065382221232
21.48, 0.120062825636981
21.49, 0.120060264104018
21.50, 0.120057713522018
21.51, 0.120055155490215
21.52, 0.120052612808785
21.53, 0.120050060359371
21.54, 0.120047523187857
21.55, 0.120044986637724
21.56, 0.120042442680229
21.57, 0.12003991127523
21.58, 0.12003738308432
21.59, 0.120034859670017
21.60, 0.120032338976699
21.61, 0.120029820829242
21.62, 0.12002730125032
21.63, 0.120024786956515
21.64, 0.120022275013446
21.65, 0.120019765866563
21.66, 0.120017261422402
21.67, 0.120014760023426
21.68, 0.120012257037752
21.69, 0.120009770648092
21.70, 0.120007275427621
21.71, 0.120004782382525
21.72, 0.120002302665483
21.73, 0.119999815251164
21.74, 0.119997332695346
21.75, 0.119994860602248
21.76, 0.119992391504716
21.77, 0.119989916843772
21.78, 0.119987452973304
21.79, 0.119984989812522
21.80, 0.119982520930274
21.81, 0.119980064872168
21.82, 0.119977612149057
21.83, 0.119975163432857
21.84, 0.119972715556478
21.85, 0.119970270276154
21.86, 0.11996781808341
21.87, 0.119965377711032
21.88, 0.119962950548018
21.89, 0.119960517859191
21.90, 0.119958075605996
21.91, 0.119955656263727
21.92, 0.119953227427549
21.93, 0.11995080302187
21.94, 0.119948391386745
21.95, 0.119945972335136
21.96, 0.119943556180208
21.97, 0.119941152217965
21.98, 0.119938741024569
21.99, 0.119936332388569
22.00, 0.119933938658823
22.01, 0.119931535027762
22.02, 0.11992914200048
22.03, 0.119926753830824
22.04, 0.11992435786244
22.05, 0.119921972789531
22.06, 0.119919594333725
22.07, 0.119917216344343
22.08, 0.11991483056187
22.09, 0.119912455398436
22.10, 0.119910084877596
22.11, 0.11990771713645
22.12, 0.119905349460132
22.13, 0.119902991356739
22.14, 0.119900628379055
22.15, 0.119898268701593
22.16, 0.119895915774044
22.17, 0.119893560599876
22.18, 0.119891220285627
22.19, 0.119888872783768
22.20, 0.11988652764558
22.21, 0.119884192528758
22.22, 0.119881852387211
22.23, 0.11987951456207
22.24, 0.119877189586683
22.25, 0.119874854708074
22.26, 0.11987253421776
22.27, 0.119870208464401
22.28, 0.119867888823859
22.29, 0.119865565962387
22.30, 0.119863255780872
22.31, 0.119860947744267
22.32, 0.11985863013388
22.33, 0.119856326757932
22.34, 0.119854026413067
22.35, 0.119851728105394
22.36, 0.119849432262509
22.37, 0.119847126964198
22.38, 0.119844836050505
22.39, 0.119842547629164
22.40, 0.119840259160301
22.41, 0.119837975795748
22.42, 0.119835692540267
22.43, 0.119833413320226
22.44, 0.119831147290888
22.45, 0.119828873240234
22.46, 0.119826597587369
22.47, 0.119824328217257
22.48, 0.119822071313639
22.49, 0.119819806941916
22.50, 0.119817545085513
22.51, 0.119815293116667
22.52, 0.119813035869113
22.53, 0.119810788837533
22.54, 0.119808532019079
22.55, 0.119806291738676
22.56, 0.11980404406309
22.57, 0.119801808417085
22.58, 0.119799563251381
22.59, 0.11979733247623
22.60, 0.119795101983588
22.61, 0.119792863984396
22.62, 0.11979064024942
22.63, 0.119788418643488
22.64, 0.119786197307677
22.65, 0.119783980685506
22.66, 0.119781764161793
22.67, 0.11977954967291
22.68, 0.119777329936655
22.69, 0.11977512057684
22.70, 0.11977291310234
22.71, 0.119770720396086
22.72, 0.119768517739942
22.73, 0.119766319271847
22.74, 0.119764121123789
22.75, 0.119761927636038
22.76, 0.119759733864595
22.77, 0.119757552732009
22.78, 0.119755366034351
22.79, 0.119753189124322
22.80, 0.119751004614481
22.81, 0.119748824819665
22.82, 0.11974664673974
22.83, 0.119744479204175
22.84, 0.119742313875761
22.85, 0.119740140639422
22.86, 0.119737981824489
22.87, 0.119735813319402
22.88, 0.119733656690404
22.89, 0.119731504827237
22.90, 0.119729343065738
22.91, 0.119727193028759
22.92, 0.119725047834759
22.93, 0.119719844389714
22.94, 0.119717508196868
22.95, 0.119715176755953
22.96, 0.119712845737444
22.97, 0.119710516784662
22.98, 0.119708192533362
22.99, 0.119705868388306
23.00, 0.119703546522582
23.01, 0.119701229306321
23.02, 0.119698909942785
23.03, 0.119696597130191
23.04, 0.119694285014168
23.05, 0.119691985207165
23.06, 0.119689679633493
23.07, 0.119687372096385
23.08, 0.119685068913083
23.09, 0.119682780364292
23.10, 0.119680482091744
23.11, 0.11967818595394
23.12, 0.119675902167435
23.13, 0.119673613157083
23.14, 0.119671333965993
23.15, 0.119669044916922
23.16, 0.119666772818381
23.17, 0.119664490536489
23.18, 0.119662220298238
23.19, 0.119659952970588
23.20, 0.119657677706222
23.21, 0.119655416839203
23.22, 0.119653143653686
23.23, 0.119650885341278
23.24, 0.119648629316798
23.25, 0.119646375374279
23.26, 0.119644123598805
23.27, 0.119641864093516
23.28, 0.119639617414591
23.29, 0.119637372119016
23.30, 0.119635129851081
23.31, 0.119632889512655
23.32, 0.119630651204661
23.33, 0.119628417821844
23.34, 0.119626181762151
23.35, 0.119623950525544
23.36, 0.119621721363261
23.37, 0.119619494514855
23.38, 0.119617279729409
23.39, 0.119615059296278
23.40, 0.119612837173641
23.41, 0.119610619065169
23.42, 0.119608405449679
23.43, 0.11960620012083
23.44, 0.119603998717049
23.45, 0.11960178931197
23.46, 0.119599582665706
23.47, 0.119597375306805
23.48, 0.119595184967125
23.49, 0.119592982516407
23.50, 0.119590794506495
23.51, 0.119588608294343
23.52, 0.119586414671647
23.53, 0.119584233205546
23.54, 0.11958204374841
23.55, 0.119579864305173
23.56, 0.119577689161625
23.57, 0.119575518506029
23.58, 0.11957333561284
23.59, 0.119571167053261
23.60, 0.119569000603749
23.61, 0.119566826150428
23.62, 0.119564671843282
23.63, 0.119562502214917
23.64, 0.119560344174177
23.65, 0.119558188615845
23.66, 0.119556035288202
23.67, 0.119553881919607
23.68, 0.119551742101546
23.69, 0.119549592799169
23.70, 0.119547450155671
23.71, 0.119545307389714
23.72, 0.119543166697424
23.73, 0.1195410257684
23.74, 0.119538888957289
23.75, 0.119536754686424
23.76, 0.119534630675511
23.77, 0.119532500399981
23.78, 0.119530369872473
23.79, 0.119528245990929
23.80, 0.119526130264066
23.81, 0.119524008161604
23.82, 0.119521898562253
23.83, 0.119519779032663
23.84, 0.119517663346145
23.85, 0.119515557546393
23.86, 0.11951345656869
23.87, 0.119511347329024
23.88, 0.119509247711448
23.89, 0.119507144748907
23.90, 0.119505049765819
23.91, 0.119502948437519
23.92, 0.119500857159679
23.93, 0.119498770532335
23.94, 0.119496683648453
23.95, 0.119494592850097
23.96, 0.119492510016647
23.97, 0.119490429175259
23.98, 0.119488352469297
23.99, 0.119486277894764
24.00, 0.119484203094
24.01, 0.119482132653609
24.02, 0.119480052188583
24.03, 0.119477985205224
24.04, 0.119475928866439
24.05, 0.119473866265945
24.06, 0.119471806030457
24.07, 0.11946974531219
24.08, 0.119467688962196
24.09, 0.119465632687421
24.10, 0.119463580385336
24.11, 0.119461527617804
24.12, 0.11945947957134
24.13, 0.11945744078909
24.14, 0.119455396780261
24.15, 0.119453352463341
24.16, 0.11945132186857
24.17, 0.119449281287313
24.18, 0.119447242959594
24.19, 0.119445210518075
24.20, 0.119443183580976
24.21, 0.11944115314829
24.22, 0.119439132609389
24.23, 0.119437105848619
24.24, 0.119435091410907
24.25, 0.119433067044843
24.26, 0.119431056446266
24.27, 0.119429035404285
24.28, 0.119427026953928
24.29, 0.11942502184142
24.30, 0.119423006970544
24.31, 0.119421006181611
24.32, 0.1194190049756
24.33, 0.1194169981315
24.34, 0.119415001188202
24.35, 0.119413005884141
24.36, 0.119411012439927
24.37, 0.119409013433245
24.38, 0.119407024180653
24.39, 0.119405038772926
24.40, 0.119403053270165
24.41, 0.119401069502931
24.42, 0.119399087914903
24.43, 0.119397110154318
24.44, 0.11939513228578
24.45, 0.119393158556721
24.46, 0.119391184113092
24.47, 0.119389214384795
24.48, 0.119387241946896
24.49, 0.119385275947999
24.50, 0.119383309450431
24.51, 0.11938134710977
24.52, 0.119379384473397
24.53, 0.119377435548204
24.54, 0.119375474767419
24.55, 0.119373520103338
24.56, 0.119371574664813
24.57, 0.119369621686166
24.58, 0.119367672313527
24.59, 0.119365732707102
24.60, 0.119363785425914
24.61, 0.119361839534835
24.62, 0.119359907539721
24.63, 0.119357965478505
24.64, 0.119356027680923
24.65, 0.119354097336553
24.66, 0.119352173215405
24.67, 0.119350238451679
24.68, 0.11934831577181
24.69, 0.119346384868796
24.70, 0.119344467907658
24.71, 0.119342550680843
24.72, 0.11934062333455
24.73, 0.119338711745068
24.74, 0.119336790122538
24.75, 0.119334880103806
24.76, 0.119332974119584
24.77, 0.119331068280719
24.78, 0.119329163836359
24.79, 0.119327251133055
24.80, 0.11932535263285
24.81, 0.119323451871588
24.82, 0.119321556774545
24.83, 0.119319661315413
24.84, 0.119317765628042
24.85, 0.119315866281835
24.86, 0.119313976370909
24.87, 0.119312088570208
24.88, 0.119310202173769
24.89, 0.119308327485061
24.90, 0.119306445128468
24.91, 0.119304564046987
24.92, 0.119302685344248
24.93, 0.119300809932314
24.94, 0.119298934192788
24.95, 0.119297062683405
24.96, 0.119295188516109
24.97, 0.119293320614507
24.98, 0.119291460112056
24.99, 0.119289593488056
25.00, 0.119287730786146
0.01, 0.423949495578999
0.02, 0.429611606572141
0.03, 0.421582517028098
0.04, 0.413221213569807
0.05, 0.409342362683078
0.06, 0.408065811168469
0.07, 0.406505856747534
0.08, 0.404871278312365
0.09, 0.40325322819471
0.10, 0.401692066089821
0.11, 0.400204587232434
0.12, 0.398796235746505
0.13, 0.397463171287638
0.14, 0.396210140789257
0.15, 0.395029400780731
0.16, 0.393916585826003
0.17, 0.39286723260441
0.18, 0.391877105930403
0.19, 0.39094223306033
0.20, 0.390058944514961
0.21, 0.389223879855839
0.22, 0.38843401080367
0.23, 0.387686536329063
0.24, 0.386978975288351
0.25, 0.386309066204374
0.26, 0.385811556502938
0.27, 0.385347820416421
0.28, 0.384916160257856
0.29, 0.384515145314995
0.30, 0.384143369476239
0.31, 0.383799624440098
0.32, 0.383482802568108
0.33, 0.383191959344426
0.34, 0.382926189508609
0.35, 0.382684709630742
0.36, 0.382466814664754
0.37, 0.382271863113854
0.38, 0.382099358048272
0.39, 0.381948806447889
0.40, 0.381819816962465
0.41, 0.38171204203761
0.42, 0.381625173833499
0.43, 0.381559047876574
0.44, 0.381513485879684
0.45, 0.381488373021857
0.46, 0.381483684775181
0.47, 0.381499393689633
0.48, 0.38153562626954
0.49, 0.38159247204529
0.50, 0.381670112010078
0.51, 0.38176878058729
0.52, 0.381888813063121
0.53, 0.382030565867675
0.54, 0.382194470321878
0.55, 0.382673963397154
0.56, 0.383179437864128
0.57, 0.383702415650018
0.58, 0.384243878265972
0.59, 0.384804888039997
0.60, 0.385386637618944
0.61, 0.386237869716554
0.62, 0.387103651268806
0.63, 0.387994351419846
0.64, 0.388911654638643
0.65, 0.389857405166116
0.66, 0.390833657757321
0.67, 0.391842647608184
0.68, 0.392886890599681
0.69, 0.393969173273414
0.70, 0.395092613598217
0.71, 0.395236834505961
0.72, 0.395318228659304
0.73, 0.39539968902121
0.74, 0.395481225375645
0.75, 0.395562817434572
0.76, 0.395644485008883
0.77, 0.395726207813035
0.78, 0.395808005660392
0.79, 0.395889878936807
0.80, 0.395971796095785
0.81, 0.39855242415192
0.82, 0.401133116297109
0.83, 0.403713862277495
0.84, 0.406294691938087
0.85, 0.408875564954135
0.86, 0.411456501148566
0.87, 0.414037520345474
0.88, 0.416618582223586
0.89, 0.419199737302652
0.90, 0.421780933999054
0.91, 0.423484750430197
0.92, 0.430100142759601
0.93, 0.43784748873432
0.94, 0.443043106430659
0.95, 0.448238724126997
0.96, 0.453434341823336
0.97, 0.458629959519674
0.98, 0.463825577216013
0.99, 0.46902119491235
1.00, 0.474216812608689
1.01, 0.479412430305027
1.02, 0.484608048001366
1.03, 0.489803665697704
1.04, 0.494999283394043
1.05, 0.500194901090381
1.06, 0.498943402539764
1.07, 0.49768921657909
1.08, 0.496408242960073
1.09, 0.495121940284243
1.10, 0.493840579425224
1.11, 0.492564939390361
1.12, 0.49129559947189
1.13, 0.490033041292901
1.14, 0.488777648694967
1.15, 0.487529705559764
1.16, 0.485734800561689
1.17, 0.483929792267554
1.18, 0.482135298359195
1.19, 0.48035143621539
1.20, 0.47857832728204
1.21, 0.476816085288878
1.22, 0.475044543794051
1.23, 0.47317297511015
1.24, 0.471313729120137
1.25, 0.46946673398293
1.26, 0.467675800485072
1.27, 0.465987242853872
1.28, 0.464362856675158
1.29, 0.462792164657379
1.30, 0.461269832248525
1.31, 0.459792491766115
1.32, 0.458357819839636
1.33, 0.456964180671115
1.34, 0.455610174197231
1.35, 0.454294833203713
1.36, 0.4530189320861
1.37, 0.451785928979652
1.38, 0.450589812308942
1.39, 0.449430080582917
1.40, 0.448306285950187
1.41, 0.447218083465427
1.42, 0.446165169640884
1.43, 0.445147244471458
1.44, 0.444149891841545
1.45, 0.44317924274002
1.46, 0.442242991267964
1.47, 0.441341002318791
1.48, 0.440473137732977
1.49, 0.439639284512098
1.50, 0.438839360731177
1.51, 0.438073272425849
1.52, 0.43734100179859
1.53, 0.436642449808169
1.54, 0.435977595915315
1.55, 0.435346406329245
1.56, 0.434748879568225
1.57, 0.434184965969497
1.58, 0.433654683470175
1.59, 0.433158038813658
1.60, 0.432695010040694
1.61, 0.432265647112499
1.62, 0.431869958896353
1.63, 0.431507944309351
1.64, 0.43117965699982
1.65, 0.430885119816562
1.66, 0.430624369972294
1.67, 0.43039745196316
1.68, 0.430204394009041
1.69, 0.430045253665569
1.70, 0.42992008873327
1.71, 0.429828934582948
1.72, 0.429771857931855
1.73, 0.429748911280486
1.74, 0.429760146583217
1.75, 0.429805638936465
1.76, 0.429885455296193
1.77, 0.429999658887042
1.78, 0.430148290902638
1.79, 0.4303314506892
1.80, 0.430549213070815
1.81, 0.430867461551183
1.82, 0.431199658486108
1.83, 0.431559330713455
1.84, 0.431946526565408
1.85, 0.432361341542714
1.86, 0.43280384620294
1.87, 0.433274138702139
1.88, 0.433772266018038
1.89, 0.43429833032582
1.90, 0.434852428272827
1.91, 0.435434629880402
1.92, 0.436045019638221
1.93, 0.436683688860399
1.94, 0.437350732957229
1.95, 0.438046216080087
1.96, 0.438770248798349
1.97, 0.439522915323564
1.98, 0.440304306661097
1.99, 0.441114497445232
2.00, 0.441953612420535
2.01, 0.442219724327396
2.02, 0.440648798005816
2.03, 0.439087981414572
2.04, 0.437537234546523
2.05, 0.435996496529477
2.06, 0.434465746256846
2.07, 0.43294491907328
2.08, 0.431433983077105
2.09, 0.429932818326684
2.10, 0.428441446899336
2.11, 0.426959754590498
2.12, 0.425487658270473
2.13, 0.424025167343724
2.14, 0.422572171562902
2.15, 0.421128579707674
2.16, 0.419694380166774
2.17, 0.418269474209831
2.18, 0.416853775990813
2.19, 0.415447248534985
2.20, 0.414049810968824
2.21, 0.412661391714779
2.22, 0.411281891462036
2.23, 0.409911283898978
2.24, 0.408549474524364
2.25, 0.407196396129486
2.26, 0.405851976225683
2.27, 0.404516140533939
2.28, 0.403188830145445
2.29, 0.401869959358321
2.30, 0.400559461829899
2.31, 0.399257267705457
2.32, 0.397963320607343
2.33, 0.396677530289569
2.34, 0.395399840202465
2.35, 0.39413018886926
2.36, 0.392868493003672
2.37, 0.391614676663764
2.38, 0.390368698311238
2.39, 0.389130485766883
2.40, 0.387899945984349
2.41, 0.38667705794795
2.42, 0.385461719084433
2.43, 0.3842538929702
2.44, 0.383053498625012
2.45, 0.381860494986955
2.46, 0.38067477654104
2.47, 0.379496312262927
2.48, 0.37832504407844
2.49, 0.377160891999631
2.50, 0.376003812677938
2.51, 0.374853758143091
2.52, 0.373710641379159
2.53, 0.372574420900202
2.54, 0.371445020333446
2.55, 0.370322408510853
2.56, 0.36920652562184
2.57, 0.368097303333483
2.58, 0.366994669213013
2.59, 0.365898612603056
2.60, 0.36480905018322
2.61, 0.363725945995333
2.62, 0.362649229043683
2.63, 0.361578876106979
2.64, 0.36051480108665
2.65, 0.359456959261232
2.66, 0.35840529655931
2.67, 0.357359806911936
2.68, 0.356320384501001
2.69, 0.35528702861348
2.70, 0.354259647988167
2.71, 0.353238220823007
2.72, 0.352222696801533
2.73, 0.351213009547773
2.74, 0.350209141100039
2.75, 0.349211040425896
2.76, 0.348218636895372
2.77, 0.347231924681467
2.78, 0.346250825369252
2.79, 0.345275313625109
2.80, 0.344305341898799
2.81, 0.343340857681785
2.82, 0.342381817541894
2.83, 0.341428205566426
2.84, 0.340479969782927
2.85, 0.339537059554672
2.86, 0.338599434643163
2.87, 0.33766706045991
2.88, 0.336739878610764
2.89, 0.33581787831507
2.90, 0.334901021891876
2.91, 0.333989231468463
2.92, 0.333082504788791
2.93, 0.332180799461221
2.94, 0.331284072806549
2.95, 0.33039226541708
2.96, 0.329505378950718
2.97, 0.328624297984393
2.98, 0.327766712378612
2.99, 0.326913907220847
3.00, 0.326065869167704
3.01, 0.325288265533182
3.02, 0.324514706452178
3.03, 0.323745100776338
3.04, 0.322979454817738
3.05, 0.322217765333264
3.06, 0.321459987594786
3.07, 0.320706074033012
3.08, 0.319956040090073
3.09, 0.319209821200431
3.10, 0.318467408410576
3.11, 0.317728762416968
3.12, 0.316993906961016
3.13, 0.31626274434543
3.14, 0.31553531444199
3.15, 0.314811560469772
3.16, 0.314091455326432
3.17, 0.313374970960854
3.18, 0.312662131624686
3.19, 0.311952850380095
3.20, 0.311247139266154
3.21, 0.310544973052614
3.22, 0.309846311919471
3.23, 0.309151134139896
3.24, 0.308459464776807
3.25, 0.307771203864729
3.26, 0.307086377277979
3.27, 0.306404961288839
3.28, 0.305726925593444
3.29, 0.30505224834695
3.30, 0.304380916435134
3.31, 0.303712895037915
3.32, 0.303048159104254
3.33, 0.302386698470054
3.34, 0.301728483828934
3.35, 0.301073518971509
3.36, 0.30042175385722
3.37, 0.299773164959392
3.38, 0.299127773102354
3.39, 0.298485511502187
3.40, 0.29784639208478
3.41, 0.297210367687087
3.42, 0.29657742157764
3.43, 0.29594757309907
3.44, 0.295320770446896
3.45, 0.294696969982383
3.46, 0.294076206783821
3.47, 0.293458411272297
3.48, 0.292843594036364
3.49, 0.292231737849929
3.50, 0.291622825601284
3.51, 0.291016804939599
3.52, 0.290413698826912
3.53, 0.289813470831902
3.54, 0.289216086106267
3.55, 0.288621552777113
3.56, 0.288029835514425
3.57, 0.287440930273991
3.58, 0.28685480597273
3.59, 0.286284915069259
3.60, 0.285726390528506
3.61, 0.285170592125861
3.62, 0.284617508958061
3.63, 0.284067137128442
3.64, 0.283519427001436
3.65, 0.282974393143365
3.66, 0.282431999509379
3.67, 0.281892247243097
3.68, 0.281355103707808
3.69, 0.280820546826731
3.70, 0.280288572063458
3.71, 0.279759162090888
3.72, 0.279232300939547
3.73, 0.278707948083199
3.74, 0.278186143225848
3.75, 0.277666823491105
3.76, 0.277149965530796
3.77, 0.276635582545102
3.78, 0.276123664856688
3.79, 0.275614149708629
3.80, 0.275107080478623
3.81, 0.274602400032642
3.82, 0.274100092657588
3.83, 0.273600159935778
3.84, 0.273102588936558
3.85, 0.272607356337083
3.86, 0.272114452032925
3.87, 0.271623846330399
3.88, 0.271135541287303
3.89, 0.270649482225947
3.90, 0.270165718288284
3.91, 0.269684203273231
3.92, 0.269204902124965
3.93, 0.268727837772014
3.94, 0.26825296187476
3.95, 0.267780281207628
3.96, 0.267309757054342
3.97, 0.266841424584514
3.98, 0.266375217367862
3.99, 0.265911134977158
4.00, 0.265449169776575
4.01, 0.264990711597473
4.02, 0.264534347180724
4.03, 0.264080041868938
4.04, 0.263627801444764
4.05, 0.263177591407357
4.06, 0.262729409529183
4.07, 0.262283245984249
4.08, 0.26183906949799
4.09, 0.261396891176037
4.10, 0.260956677749793
4.11, 0.260518411432091
4.12, 0.260082105994245
4.13, 0.259647719803024
4.14, 0.259215245036663
4.15, 0.258784688888144
4.16, 0.258356014794433
4.17, 0.25792921584251
4.18, 0.25750428401692
4.19, 0.257081195911815
4.20, 0.256659946434454
4.21, 0.256240520776876
4.22, 0.255822910893454
4.23, 0.255407099977663
4.24, 0.254993067969565
4.25, 0.254580810761932
4.26, 0.254170307567808
4.27, 0.253761556610687
4.28, 0.25335453581777
4.29, 0.252949252403839
4.30, 0.252545655060971
4.31, 0.252143758251151
4.32, 0.251743555443564
4.33, 0.251345010958721
4.34, 0.250948131092325
4.35, 0.250552895687729
4.36, 0.250159289554188
4.37, 0.249767314389467
4.38, 0.249376939936247
4.39, 0.248988166429989
4.40, 0.248600976831683
4.41, 0.24821535444759
4.42, 0.247831306961692
4.43, 0.247448792864222
4.44, 0.247067820325642
4.45, 0.246688366150754
4.46, 0.246310435972354
4.47, 0.245933997628862
4.48, 0.24555905244344
4.49, 0.24518558681459
4.50, 0.244813577846578
4.51, 0.24444302438028
4.52, 0.244073918107784
4.53, 0.243706238537065
4.54, 0.243339983469795
4.55, 0.24297512886797
4.56, 0.242611662775324
4.57, 0.242249590920096
4.58, 0.24188888449079
4.59, 0.241539251490005
4.60, 0.241184595345424
4.61, 0.240831315614376
4.62, 0.240479406444494
4.63, 0.240128849377773
4.64, 0.239779630420881
4.65, 0.239431752344208
4.66, 0.239085198699128
4.67, 0.238739951199934
4.68, 0.23839599856555
4.69, 0.23805335363038
4.70, 0.237711971821868
4.71, 0.237371858543654
4.72, 0.237032999966431
4.73, 0.236695389988871
4.74, 0.236359021822903
4.75, 0.236023871192736
4.76, 0.235689922835205
4.77, 0.235357194602554
4.78, 0.235025646041348
4.79, 0.234695276400933
4.80, 0.234366084678396
4.81, 0.234038046389553
4.82, 0.233711152100944
4.83, 0.233385399251894
4.84, 0.233060778701216
4.85, 0.232737273899248
4.86, 0.232414868123535
4.87, 0.232093561371525
4.88, 0.231773342845284
4.89, 0.231454188643335
4.90, 0.231136108734377
4.91, 0.230819088259658
4.92, 0.230503096502925
4.93, 0.23018814458236
4.94, 0.229874210660994
4.95, 0.22956129597657
4.96, 0.229249385396124
4.97, 0.228938462399639
4.98, 0.22862852508339
4.99, 0.228319549125025
5.00, 0.228011545612874
5.01, 0.2277044913918
5.02, 0.22739836645604
5.03, 0.227093193519197
5.04, 0.226788930166672
5.05, 0.226485575973938
5.06, 0.226183130364225
5.07, 0.225881579842693
5.08, 0.22558089653942
5.09, 0.225281098257274
5.10, 0.224982150137852
5.11, 0.224684053545173
5.12, 0.224386816369403
5.13, 0.22409040002881
5.14, 0.223794799329014
5.15, 0.223500018805661
5.16, 0.223206036585817
5.17, 0.222912861645886
5.18, 0.222620456036757
5.19, 0.222328821133299
5.20, 0.222037960556635
5.21, 0.221747857295478
5.22, 0.221458486093012
5.23, 0.221169853890768
5.24, 0.220881951154031
5.25, 0.220594764320019
5.26, 0.220308288729333
5.27, 0.220022500830415
5.28, 0.219737411662042
5.29, 0.219452995352454
5.30, 0.219169242407977
5.31, 0.218886153278611
5.32, 0.218603714239015
5.33, 0.218321916757456
5.34, 0.218040750416657
5.35, 0.217760204334481
5.36, 0.217480271620982
5.37, 0.217200940070634
5.38, 0.216922203899307
5.39, 0.216644054087334
5.40, 0.216366487070867
5.41, 0.216089475091783
5.42, 0.215813029649672
5.43, 0.215537124680557
5.44, 0.215261766745486
5.45, 0.214986928496398
5.46, 0.214712618080717
5.47, 0.214438811840185
5.48, 0.214165513980983
5.49, 0.213892706047346
5.50, 0.213620390719058
5.51, 0.213348543029296
5.52, 0.21307716054597
5.53, 0.212806241807801
5.54, 0.212535766260253
5.55, 0.212265735821029
5.56, 0.211996134725587
5.57, 0.211726954127482
5.58, 0.211458176163599
5.59, 0.211189817277882
5.60, 0.210921846554476
5.61, 0.210654257436898
5.62, 0.210387049331919
5.63, 0.210120215271727
5.64, 0.209853740233687
5.65, 0.209587605251103
5.66, 0.209321814640405
5.67, 0.209056370575202
5.68, 0.20879124601026
5.69, 0.20850781900171
5.70, 0.208219720994051
5.71, 0.207931922051052
5.72, 0.207644373908297
5.73, 0.207357107112252
5.74, 0.207092339724044
5.75, 0.20684414909823
5.76, 0.206596203677102
5.77, 0.206348489177447
5.78, 0.206100997555357
5.79, 0.205853720919984
5.80, 0.205606656858368
5.81, 0.205359785093193
5.82, 0.205113105430093
5.83, 0.204866606669368
5.84, 0.20462028320084
5.85, 0.204374133116884
5.86, 0.204128128896111
5.87, 0.20388227615362
5.88, 0.203636577720654
5.89, 0.203391005693169
5.90, 0.203145553255009
5.91, 0.202900213153444
5.92, 0.202654988826875
5.93, 0.202409869370337
5.94, 0.202164840160616
5.95, 0.201919886094992
5.96, 0.20167502137662
5.97, 0.201430214645755
5.98, 0.201185467539901
5.99, 0.200940772440841
6.00, 0.200696132832011
6.01, 0.20047089964031
6.02, 0.200268077488142
6.03, 0.200065779651983
6.04, 0.199863990205048
6.05, 0.199662712799059
6.06, 0.199461940381442
6.07, 0.199261662746915
6.08, 0.199061899293468
6.09, 0.198862645578802
6.10, 0.198663879073145
6.11, 0.198465624796621
6.12, 0.198267854122778
6.13, 0.198070579334913
6.14, 0.197873792734317
6.15, 0.197677508901516
6.16, 0.197481706626244
6.17, 0.197286392130912
6.18, 0.197091558445508
6.19, 0.196897203621172
6.20, 0.196703329044631
6.21, 0.196509947716835
6.22, 0.196317030646228
6.23, 0.196124585911738
6.24, 0.195932620538756
6.25, 0.195741113894446
6.26, 0.195550086327342
6.27, 0.195359521309171
6.28, 0.19516942677016
6.29, 0.194979792618326
6.30, 0.194790631081439
6.31, 0.194601913315444
6.32, 0.194413658100824
6.33, 0.194225866853034
6.34, 0.194038516458125
6.35, 0.193851623683765
6.36, 0.193665194726429
6.37, 0.19347919572763
6.38, 0.193293649414476
6.39, 0.193108560764182
6.40, 0.19292390113771
6.41, 0.192739695536915
6.42, 0.192555920086831
6.43, 0.192372596080504
6.44, 0.192189690196333
6.45, 0.192007242776439
6.46, 0.191825215956726
6.47, 0.191643615237241
6.48, 0.19146245300424
6.49, 0.191281717431334
6.50, 0.191101401931682
6.51, 0.190921530980392
6.52, 0.190742063462554
6.53, 0.190563033191811
6.54, 0.190384416757954
6.55, 0.190206215013316
6.56, 0.190028437403551
6.57, 0.189851063320184
6.58, 0.189674121322444
6.59, 0.189497577937467
6.60, 0.189321443470092
6.61, 0.18914573188735
6.62, 0.188970422319094
6.63, 0.188795505864664
6.64, 0.188621014950381
6.65, 0.188446912799706
6.66, 0.188273213943758
6.67, 0.188099921857742
6.68, 0.187927025725383
6.69, 0.187754523419314
6.70, 0.187582418908846
6.71, 0.187410707177569
6.72, 0.187239383239866
6.73, 0.18706846181074
6.74, 0.186897924743822
6.75, 0.186727766012991
6.76, 0.186558006279512
6.77, 0.186388623863252
6.78, 0.186219629558884
6.79, 0.18605102523265
6.80, 0.185882788528353
6.81, 0.185714932011766
6.82, 0.185547461057326
6.83, 0.185380355788462
6.84, 0.185213634606477
6.85, 0.185047287031776
6.86, 0.184881310202836
6.87, 0.184715691152705
6.88, 0.184550456001556
6.89, 0.184385587471692
6.90, 0.184221077767291
6.91, 0.184056938723388
6.92, 0.183893178494863
6.93, 0.183729753404953
6.94, 0.183566709574579
6.95, 0.183404015920003
6.96, 0.183241680446998
6.97, 0.183079712213174
6.98, 0.182918089940447
6.99, 0.182756821893825
7.00, 0.18260540558773
7.01, 0.182474040252667
7.02, 0.182343170071517
7.03, 0.182212805556792
7.04, 0.18208292508877
7.05, 0.181953548784536
7.06, 0.181824652472219
7.07, 0.181696240497029
7.08, 0.181568320569109
7.09, 0.181440880616804
7.10, 0.181313919649389
7.11, 0.181187450673632
7.12, 0.181061446085195
7.13, 0.180935920113789
7.14, 0.18081086473059
7.15, 0.18068628434969
7.16, 0.180562172161113
7.17, 0.180432198435893
7.18, 0.180274684398116
7.19, 0.180117615829498
7.20, 0.179961037552514
7.21, 0.179804928716991
7.22, 0.179649293595724
7.23, 0.179494116118836
7.24, 0.179339417897136
7.25, 0.179185168509679
7.26, 0.179031396636086
7.27, 0.17887807487248
7.28, 0.17872521199664
7.29, 0.178572809572384
7.30, 0.178420868301637
7.31, 0.178269364762957
7.32, 0.178118325686223
7.33, 0.177967734401492
7.34, 0.177817595114485
7.35, 0.177667891309176
7.36, 0.177518643142805
7.37, 0.177369834768382
7.38, 0.177221462777143
7.39, 0.177073531837902
7.40, 0.176926042166916
7.41, 0.176778988948682
7.42, 0.176632371532934
7.43, 0.176486179754595
7.44, 0.176340420257979
7.45, 0.176195099418163
7.46, 0.176050202001331
7.47, 0.175905730339948
7.48, 0.175761672866985
7.49, 0.175618053071676
7.50, 0.175474857312503
7.51, 0.175332069752267
7.52, 0.175189703007976
7.53, 0.175047750484172
7.54, 0.174906211793308
7.55, 0.174765095173463
7.56, 0.174624393858962
7.57, 0.174484081291597
7.58, 0.174344203108182
7.59, 0.174204723386035
7.60, 0.174065641937913
7.61, 0.173926972603947
7.62, 0.173788697956682
7.63, 0.173650832813317
7.64, 0.173513363472984
7.65, 0.17337629843848
7.66, 0.173239620164449
7.67, 0.173103335043731
7.68, 0.172967451557893
7.69, 0.172831963808975
7.70, 0.172696867066198
7.71, 0.172562151800212
7.72, 0.172427824303712
7.73, 0.172293888413854
7.74, 0.172160337873486
7.75, 0.172027161518405
7.76, 0.171894374780077
7.77, 0.171761968487238
7.78, 0.171629948891317
7.79, 0.171498292338094
7.80, 0.171367030398894
7.81, 0.17123612805373
7.82, 0.171105604375022
7.83, 0.170975456893896
7.84, 0.170845674418499
7.85, 0.170716268467865
7.86, 0.170587231931474
7.87, 0.170458548882446
7.88, 0.170330240392475
7.89, 0.170202298781645
7.90, 0.17007472188905
7.91, 0.169947499515936
7.92, 0.169820640314058
7.93, 0.169694143705142
7.94, 0.169568000137049
7.95, 0.169442224455187
7.96, 0.16931678676338
7.97, 0.169191714717833
7.98, 0.169066987572224
7.99, 0.168942613962949
8.00, 0.168818595700701
8.01, 0.168694921038405
8.02, 0.16857159272112
8.03, 0.168448620340322
8.04, 0.168325990875449
8.05, 0.16820370110412
8.06, 0.168081756947175
8.07, 0.167960144136328
8.08, 0.167838887577025
8.09, 0.167717964891703
8.10, 0.167597371203353
8.11, 0.167477117748717
8.12, 0.167357211148172
8.13, 0.167237629449349
8.14, 0.167118379663689
8.15, 0.166999460015776
8.16, 0.166880879671926
8.17, 0.166762622935716
8.18, 0.166644696009443
8.19, 0.166527092692249
8.20, 0.166409827004049
8.21, 0.166292876354171
8.22, 0.166176246628902
8.23, 0.166059945940752
8.24, 0.165943967051549
8.25, 0.165828312397699
8.26, 0.16571297724647
8.27, 0.165597951841436
8.28, 0.165483247657248
8.29, 0.165368859751208
8.30, 0.16525478631106
8.31, 0.165141027562717
8.32, 0.165027578288709
8.33, 0.164914438702853
8.34, 0.164801622365969
8.35, 0.164689101345653
8.36, 0.164576895255596
8.37, 0.164464999828619
8.38, 0.164353402902709
8.39, 0.164242121566816
8.40, 0.164131132605059
8.41, 0.164020457778822
8.42, 0.163910076396387
8.43, 0.163800001902209
8.44, 0.163690223237939
8.45, 0.163580742918363
8.46, 0.163471563923523
8.47, 0.163362681405416
8.48, 0.163254097373399
8.49, 0.16314580380752
8.50, 0.163037809885182
8.51, 0.162930103609408
8.52, 0.162822700137148
8.53, 0.162715570954605
8.54, 0.162608737657133
8.55, 0.16250220013993
8.56, 0.162395952265951
8.57, 0.162289986974122
8.58, 0.162184302837112
8.59, 0.162078905379294
8.60, 0.161973801087305
8.61, 0.161857331910196
8.62, 0.161746950903729
8.63, 0.161636835004336
8.64, 0.161526989734615
8.65, 0.161417420289091
8.66, 0.161308108502423
8.67, 0.16119907003774
8.68, 0.16109029045081
8.69, 0.160981769924768
8.70, 0.160873526232862
8.71, 0.160765542236656
8.72, 0.160657812953211
8.73, 0.160550354472235
8.74, 0.160443146713289
8.75, 0.160336201669739
8.76, 0.160229518902422
8.77, 0.160123089083342
8.78, 0.160016922808231
8.79, 0.15991100416092
8.80, 0.159817018628442
8.81, 0.159730243985013
8.82, 0.159643677143196
8.83, 0.159557321894461
8.84, 0.159471176938823
8.85, 0.159385231491592
8.86, 0.159299514862806
8.87, 0.159213983376123
8.88, 0.159128666550707
8.89, 0.159043543229651
8.90, 0.158958632996525
8.91, 0.158873930155094
8.92, 0.158789424883262
8.93, 0.158705117340218
8.94, 0.158621015479399
8.95, 0.158537116400214
8.96, 0.158453419094982
8.97, 0.158369923514295
8.98, 0.15828661640875
8.99, 0.158203507450601
9.00, 0.158120609560193
9.01, 0.158037893405966
9.02, 0.157955379158448
9.03, 0.157873064276202
9.04, 0.157790936907666
9.05, 0.157709002415361
9.06, 0.157627278328049
9.07, 0.157545729978215
9.08, 0.157464372954282
9.09, 0.157383222382159
9.10, 0.157302253559388
9.11, 0.157221467558709
9.12, 0.157140892075461
9.13, 0.157060485597925
9.14, 0.156980274986684
9.15, 0.156900255868432
9.16, 0.156820411501757
9.17, 0.156740765633756
9.18, 0.156661303428016
9.19, 0.156582019907877
9.20, 0.156502930837541
9.21, 0.15642402893397
9.22, 0.156345295083545
9.23, 0.156266749195923
9.24, 0.156188395863461
9.25, 0.156110211847013
9.26, 0.156032215921748
9.27, 0.155954400810694
9.28, 0.155876766669316
9.29, 0.155799306591341
9.30, 0.155722021473631
9.31, 0.155644924307357
9.32, 0.155568005947655
9.33, 0.155491261798316
9.34, 0.155414688746293
9.35, 0.155338296517523
9.36, 0.15526207554499
9.37, 0.155186036904271
9.38, 0.155110167389815
9.39, 0.155034477545924
9.40, 0.154958943307987
9.41, 0.154883593681198
9.42, 0.154808421584288
9.43, 0.154733410743989
9.44, 0.154658576685468
9.45, 0.15458390917098
9.46, 0.15450941226359
9.47, 0.154435087876445
9.48, 0.154360923793203
9.49, 0.154286935454965
9.50, 0.154213121508598
9.51, 0.154139466677566
9.52, 0.15406597289897
9.53, 0.153992654908501
9.54, 0.153919497633085
9.55, 0.153846500227642
9.56, 0.15377366853596
9.57, 0.153701014091302
9.58, 0.153628502678329
9.59, 0.153556177072851
9.60, 0.153483991625572
9.61, 0.153411980451488
9.62, 0.153340131248512
9.63, 0.153268441999103
9.64, 0.153196909587793
9.65, 0.153125537444997
9.66, 0.153054326592352
9.67, 0.152983278091742
9.68, 0.152912385692956
9.69, 0.152841646315658
9.70, 0.152771062702605
9.71, 0.152700641553719
9.72, 0.15263037766636
9.73, 0.152560265399109
9.74, 0.152490307936842
9.75, 0.152420511086381
9.76, 0.152350858618847
9.77, 0.152281372616843
9.78, 0.152212035882
9.79, 0.152142846094521
9.80, 0.152073811324664
9.81, 0.152004932745934
9.82, 0.15193620511165
9.83, 0.151867624334495
9.84, 0.15179919586144
9.85, 0.151730916422045
9.86, 0.151662785052161
9.87, 0.151594803051309
9.88, 0.151526972122825
9.89, 0.15145929437478
9.90, 0.151391755966726
9.91, 0.151324364640186
9.92, 0.151257131112045
9.93, 0.15119003827945
9.94, 0.151123087241603
9.95, 0.151056292065334
9.96, 0.150989624069373
9.97, 0.150923115402521
9.98, 0.150856739037078
9.99, 0.150790524768475
10.00, 0.15072443614139
10.01, 0.150699443476315
10.02, 0.150672157298504
10.03, 0.150644943191519
10.04, 0.15061778397588
10.05, 0.150590682984879
10.06, 0.150563650500066
10.07, 0.150536676004965
10.08, 0.150509755219272
10.09, 0.150482904074912
10.10, 0.150456110393976
10.11, 0.150429382914199
10.12, 0.150402710667422
10.13, 0.150376095741545
10.14, 0.150349535447647
10.15, 0.150323044540565
10.16, 0.150296617963484
10.17, 0.150270236004452
10.18, 0.15024382923465
10.19, 0.150216104920766
10.20, 0.150188457407384
10.21, 0.150160870614251
10.22, 0.150133341578
10.23, 0.150105886054832
10.24, 0.150078493251526
10.25, 0.150051166854046
10.26, 0.150023902718133
10.27, 0.149996704022915
10.28, 0.149969568567312
10.29, 0.149942496951855
10.30, 0.149915497751869
10.31, 0.149888550800434
10.32, 0.149861669823237
10.33, 0.149834859894301
10.34, 0.149808100318504
10.35, 0.149781407080683
10.36, 0.149754781008657
10.37, 0.149728214576064
10.38, 0.1497017132058
10.39, 0.149675269420534
10.40, 0.149648892439762
10.41, 0.149622565801682
10.42, 0.149596316676485
10.43, 0.1495701138226
10.44, 0.149543984020983
10.45, 0.149517905219677
10.46, 0.14949189243978
10.47, 0.149465937342481
10.48, 0.149440036613276
10.49, 0.149414211971469
10.50, 0.149388430936791
10.51, 0.149362724091
10.52, 0.149337065558546
10.53, 0.149311466588469
10.54, 0.14928593483525
10.55, 0.149260457277417
10.56, 0.149235033897484
10.57, 0.149209670137331
10.58, 0.149184370942602
10.59, 0.149159121843484
10.60, 0.149133934892959
10.61, 0.149108806420216
10.62, 0.14908372790771
10.63, 0.149058715407437
10.64, 0.149033749271972
10.65, 0.149008853014698
10.66, 0.14898400548182
10.67, 0.148959223926984
10.68, 0.148934489576654
10.69, 0.148909810921628
10.70, 0.14888519069782
10.71, 0.148860628541682
10.72, 0.148836117857458
10.73, 0.148811659881443
10.74, 0.148787265096625
10.75, 0.148762917786231
10.76, 0.148738624348404
10.77, 0.148714400627183
10.78, 0.148690221326374
10.79, 0.148666086490537
10.80, 0.148642015611002
10.81, 0.14861800445164
10.82, 0.148594034174093
10.83, 0.148570133917045
10.84, 0.148546273638568
10.85, 0.148522471846937
10.86, 0.148498723684567
10.87, 0.148475019626156
10.88, 0.148451378725766
10.89, 0.148427785222683
10.90, 0.148404254071423
10.91, 0.148380765392246
10.92, 0.148357323861825
10.93, 0.148333943219832
10.94, 0.148310615797697
10.95, 0.148287335945922
10.96, 0.148264106879736
10.97, 0.14824093159835
10.98, 0.148217799132379
10.99, 0.148194728283642
11.00, 0.148171699433177
11.01, 0.148148726298161
11.02, 0.148125809066291
11.03, 0.148102935360366
11.04, 0.148080111887027
11.05, 0.148057345690051
11.06, 0.148034622849203
11.07, 0.14801194386886
11.08, 0.147989326085935
11.09, 0.147966747725141
11.10, 0.147944225096314
11.11, 0.147921747164057
11.12, 0.147899325041144
11.13, 0.14787694304809
11.14, 0.147854614559584
11.15, 0.147832332047391
11.16, 0.147810107813434
11.17, 0.14778791683585
11.18, 0.14776579281855
11.19, 0.147743692881737
11.20, 0.147721659501139
11.21, 0.147699660838742
11.22, 0.147677717506425
11.23, 0.147655817947804
11.24, 0.147633972219765
11.25, 0.14761216779944
11.26, 0.147590406935761
11.27, 0.147568703401589
11.28, 0.147547034309575
11.29, 0.147525417695969
11.30, 0.147503849183636
11.31, 0.147482326243578
11.32, 0.147460846429473
11.33, 0.14743941447444
11.34, 0.14741802861439
11.35, 0.147396684218472
11.36, 0.147375385919315
11.37, 0.147354137723352
11.38, 0.147332928051934
11.39, 0.147311775329143
11.40, 0.147290653648259
11.41, 0.147269586551139
11.42, 0.147248557326368
11.43, 0.147227577523239
11.44, 0.147206635030557
11.45, 0.147185746634355
11.46, 0.147164889971363
11.47, 0.147120378362908
11.48, 0.147096533183347
11.49, 0.147072744780823
11.50, 0.147049003888233
11.51, 0.147025307600252
11.52, 0.147001661820818
11.53, 0.146978057425206
11.54, 0.146954515028442
11.55, 0.1469310044808
11.56, 0.146907544049628
11.57, 0.146884145045237
11.58, 0.146860791677239
11.59, 0.146837473646085
11.60, 0.14681420973983
11.61, 0.146790997301385
11.62, 0.146767826422028
11.63, 0.146744700429694
11.64, 0.146721619191878
11.65, 0.146698588208789
11.66, 0.146675603964719
11.67, 0.146652674364567
11.68, 0.146629784188219
11.69, 0.146606933369397
11.70, 0.146584142043458
11.71, 0.146561379064628
11.72, 0.146538678731806
11.73, 0.14651601605206
11.74, 0.146493404966377
11.75, 0.14647083033766
11.76, 0.146448303766883
11.77, 0.146425824059528
11.78, 0.146403396264218
11.79, 0.146380998045158
11.80, 0.146358650430136
11.81, 0.146336352942514
11.82, 0.14631410146717
11.83, 0.146291891959486
11.84, 0.146269725951686
11.85, 0.146247601652957
11.86, 0.146225515555428
11.87, 0.146203486194727
11.88, 0.146181496538416
11.89, 0.14615954196912
11.90, 0.146137636477881
11.91, 0.146115778320207
11.92, 0.146093962199902
11.93, 0.146072190265239
11.94, 0.146050454602384
11.95, 0.146028767400867
11.96, 0.146007127854529
11.97, 0.145985525236498
11.98, 0.145963959777651
11.99, 0.145942452827603
12.00, 0.14592096938859
12.01, 0.145899533752606
12.02, 0.145878147564589
12.03, 0.14585679619014
12.04, 0.145835491656823
12.05, 0.145814232120392
12.06, 0.145793012996921
12.07, 0.145771826807845
12.08, 0.145750687779095
12.09, 0.145729594189227
12.10, 0.145708535062253
12.11, 0.145687524346238
12.12, 0.1456665472834
12.13, 0.14564560783254
12.14, 0.145624715116996
12.15, 0.145603863405952
12.16, 0.145583052285223
12.17, 0.145562283933407
12.18, 0.145541559752426
12.19, 0.145520865317627
12.20, 0.145500208513407
12.21, 0.145479603809779
12.22, 0.14545903968595
12.23, 0.145438499910244
12.24, 0.14541801890497
12.25, 0.145397571577856
12.26, 0.145377158718873
12.27, 0.145356786920584
12.28, 0.145336453653368
12.29, 0.145316163866561
12.30, 0.145295915667712
12.31, 0.145275694445719
12.32, 0.145255526006585
12.33, 0.14523539170726
12.34, 0.14521529065016
12.35, 0.145195235261747
12.36, 0.14517521139914
12.37, 0.145155232550889
12.38, 0.145135286790609
12.39, 0.145115382886619
12.40, 0.145095514453292
12.41, 0.145075690064587
12.42, 0.145055898043466
12.43, 0.145036147508861
12.44, 0.145016433183356
12.45, 0.144996759602498
12.46, 0.144977120502015
12.47, 0.144957512178587
12.48, 0.144937947913918
12.49, 0.144918424952567
12.50, 0.144898926343108
12.51, 0.144879477940692
12.52, 0.144860066602523
12.53, 0.144840681097157
12.54, 0.144821343643182
12.55, 0.144802032094281
12.56, 0.144782767965792
12.57, 0.1447635342062
12.58, 0.144744331685838
12.59, 0.144725173741511
12.60, 0.144706056374328
12.61, 0.144686969256034
12.62, 0.144667913712217
12.63, 0.144648901331526
12.64, 0.144629917784932
12.65, 0.144610981234726
12.66, 0.144592071632039
12.67, 0.144573203256968
12.68, 0.144554366715444
12.69, 0.144535562177053
12.70, 0.144516796388334
12.71, 0.144498064198316
12.72, 0.144479371928026
12.73, 0.14446070753372
12.74, 0.14444208739233
12.75, 0.144423497800086
12.76, 0.144404947982915
12.77, 0.144386418983446
12.78, 0.14436794212845
12.79, 0.144349482393871
12.80, 0.144331063663406
12.81, 0.144312688182687
12.82, 0.144294340962988
12.83, 0.144276022545463
12.84, 0.14425775663774
12.85, 0.144239507638796
12.86, 0.144221288524748
12.87, 0.144203110043262
12.88, 0.14418497038208
12.89, 0.14416685325707
12.90, 0.144148782988605
12.91, 0.144130736654813
12.92, 0.14411272338273
12.93, 0.144094752673316
12.94, 0.14407681204147
12.95, 0.144058899649384
12.96, 0.144041027207601
12.97, 0.144023184112854
12.98, 0.144005365657486
12.99, 0.14398759463113
13.00, 0.143969844658818
13.01, 0.143952137697099
13.02, 0.143934458389637
13.03, 0.143916807273306
13.04, 0.143899194744695
13.05, 0.14388161991146
13.06, 0.143864066284634
13.07, 0.143846549569922
13.08, 0.143829061049925
13.09, 0.14381161154882
13.10, 0.1437941888399
13.11, 0.143776791890818
13.12, 0.143759439866135
13.13, 0.143742110981266
13.14, 0.143724821600075
13.15, 0.143707558387389
13.16, 0.143690326811879
13.17, 0.14367312971827
13.18, 0.143655961780361
13.19, 0.143638830215979
13.20, 0.143621718317767
13.21, 0.143604650150054
13.22, 0.143587603053164
13.23, 0.143570592670376
13.24, 0.1435536065532
13.25, 0.143536659813082
13.26, 0.143519743023988
13.27, 0.14350285022836
13.28, 0.143485994148593
13.29, 0.143469166611577
13.30, 0.143452374697344
13.31, 0.143435601550473
13.32, 0.143418864423483
13.33, 0.143402162020454
13.34, 0.143385488917835
13.35, 0.143368842261647
13.36, 0.143352219964674
13.37, 0.143335637184698
13.38, 0.143319077875971
13.39, 0.143302557368763
13.40, 0.143286062038672
13.41, 0.143269592917059
13.42, 0.143253161115872
13.43, 0.143236753673
13.44, 0.143220372999809
13.45, 0.143204028410977
13.46, 0.143187708599228
13.47, 0.143171415095399
13.48, 0.143155158959733
13.49, 0.143138918749102
13.50, 0.143122725175485
13.51, 0.143106555112638
13.52, 0.143090400336953
13.53, 0.143074292358645
13.54, 0.143058200080759
13.55, 0.143042141078953
13.56, 0.143026118655176
13.57, 0.143010109441123
13.58, 0.142994141505197
13.59, 0.142978193072457
13.60, 0.142962284158483
13.61, 0.142946396969323
13.62, 0.142930536885752
13.63, 0.142914708985085
13.64, 0.142898898205592
13.65, 0.142883133896782
13.66, 0.142867381269538
13.67, 0.142851666057492
13.68, 0.142835971932256
13.69, 0.142820311709551
13.70, 0.142804670372186
13.71, 0.142789063620123
13.72, 0.14277348915982
13.73, 0.142757939483698
13.74, 0.142742403928711
13.75, 0.142726915224374
13.76, 0.142711437551987
13.77, 0.142695994908302
13.78, 0.14268058871083
13.79, 0.142665191759823
13.80, 0.142649833206053
13.81, 0.142634495413452
13.82, 0.142619184476509
13.83, 0.142603907944026
13.84, 0.14258865418485
13.85, 0.142573431403907
13.86, 0.142558224239303
13.87, 0.142543051232932
13.88, 0.142527902688399
13.89, 0.142512785125879
13.90, 0.142497693280321
13.91, 0.142482625194706
13.92, 0.142467578542603
13.93, 0.142452567149755
13.94, 0.142437578262658
13.95, 0.142422612031533
13.96, 0.142407678015612
13.97, 0.142392770825053
13.98, 0.142377885293886
13.99, 0.142363032846085
14.00, 0.142348189489998
14.01, 0.142333381370232
14.02, 0.142318606756016
14.03, 0.142303845414844
14.04, 0.142289117635649
14.05, 0.14227441196957
14.06, 0.142259728709142
14.07, 0.142245076746501
14.08, 0.142230449085019
14.09, 0.142215844312732
14.10, 0.142201269529094
14.11, 0.142186710530978
14.12, 0.142172192153902
14.13, 0.142157685937718
14.14, 0.142143201456849
14.15, 0.142128758687784
14.16, 0.142114331755087
14.17, 0.142099924861411
14.18, 0.14208555073603
14.19, 0.142071196688308
14.20, 0.142056865168352
14.21, 0.142042568854998
14.22, 0.142028278296899
14.23, 0.14201402712208
14.24, 0.141999802013377
14.25, 0.141985588611877
14.26, 0.141971411642426
14.27, 0.141957253672187
14.28, 0.141943125239878
14.29, 0.141929009405651
14.30, 0.141914928020312
14.31, 0.14190086226938
14.32, 0.141886822611019
14.33, 0.141872815482854
14.34, 0.141858827696775
14.35, 0.141844862937419
14.36, 0.141830925499634
14.37, 0.141817011919549
14.38, 0.141803110642565
14.39, 0.141789246595128
14.40, 0.141775394526262
14.41, 0.141761576501762
14.42, 0.141747780328752
14.43, 0.141733999862378
14.44, 0.141720243277752
14.45, 0.141706515907335
14.46, 0.141692814189251
14.47, 0.141679126084261
14.48, 0.141665474037507
14.49, 0.141651841186388
14.50, 0.141638219074228
14.51, 0.141624635312578
14.52, 0.141611062525305
14.53, 0.141597521624116
14.54, 0.141584003420017
14.55, 0.141570502957316
14.56, 0.141557024119622
14.57, 0.141543573594418
14.58, 0.141530143203899
14.59, 0.141516733696969
14.60, 0.141503344824739
14.61, 0.141489985156224
14.62, 0.141476639752344
14.63, 0.141463330874245
14.64, 0.141450032287326
14.65, 0.141436752926677
14.66, 0.141423505029352
14.67, 0.14141027755569
14.68, 0.141397067130587
14.69, 0.141383889357372
14.70, 0.141370728944577
14.71, 0.141357579194217
14.72, 0.141344469407624
14.73, 0.141331371791053
14.74, 0.141318299727893
14.75, 0.141305246668711
14.76, 0.141292214603313
14.77, 0.141279202358939
14.78, 0.14126621668914
14.79, 0.141253246377938
14.80, 0.14124030177921
14.81, 0.14122738439341
14.82, 0.141214483735136
14.83, 0.141201594489496
14.84, 0.14118873810446
14.85, 0.141175899782773
14.86, 0.141163092160964
14.87, 0.141150292946594
14.88, 0.141137521443488
14.89, 0.141124770475236
14.90, 0.141112035136861
14.91, 0.141099321105621
14.92, 0.141086636562453
14.93, 0.141073967974816
14.94, 0.141061321573136
14.95, 0.141048695130144
14.96, 0.141036093385158
14.97, 0.141023500698129
14.98, 0.141010938748396
14.99, 0.140998402215299
15.00, 0.140985876180568
15.01, 0.140973368988281
15.02, 0.140960893165499
15.03, 0.140948431383205
15.04, 0.140935986186688
15.05, 0.140923564547884
15.06, 0.140911168810428
15.07, 0.140898788723121
15.08, 0.140886432714842
15.09, 0.140874092176207
15.10, 0.140861779336882
15.11, 0.140849475901969
15.12, 0.140837197753056
15.13, 0.140824939389594
15.14, 0.140812698129036
15.15, 0.140800486311482
15.16, 0.140788282156469
15.17, 0.140776104062699
15.18, 0.140763945748154
15.19, 0.14075181403414
15.20, 0.140739691819113
15.21, 0.140727596868257
15.22, 0.140715506615082
15.23, 0.14070344719434
15.24, 0.14069141170091
15.25, 0.140679389785726
15.26, 0.140667392166579
15.27, 0.140655413521571
15.28, 0.140643451042952
15.29, 0.140631506790946
15.30, 0.140619577413334
15.31, 0.140607675616053
15.32, 0.140595794117745
15.33, 0.140583928699514
15.34, 0.140572079534261
15.35, 0.140560248460181
15.36, 0.140548445481447
15.37, 0.140536658915422
15.38, 0.140524889351494
15.39, 0.140513135885811
15.40, 0.140501400012862
15.41, 0.140489680271183
15.42, 0.140477997906801
15.43, 0.140466316109586
15.44, 0.140454656797276
15.45, 0.140443026065986
15.46, 0.140431401320091
15.47, 0.140419805868774
15.48, 0.140408226938833
15.49, 0.140396660164572
15.50, 0.140385112434517
15.51, 0.140373584071694
15.52, 0.140362081270128
15.53, 0.140350581025412
15.54, 0.140339124219632
15.55, 0.140327669825208
15.56, 0.140316231245839
15.57, 0.140304809519561
15.58, 0.140293414438728
15.59, 0.14028203566708
15.60, 0.140270673055392
15.61, 0.14025932851731
15.62, 0.140248000037179
15.63, 0.140236695941588
15.64, 0.140225410681051
15.65, 0.140214129353264
15.66, 0.140202882669927
15.67, 0.140191645431374
15.68, 0.14018042107892
15.69, 0.140169226424885
15.70, 0.140158037135266
15.71, 0.140146870649856
15.72, 0.14013573345274
15.73, 0.140124600916074
15.74, 0.140113485306205
15.75, 0.140102393173006
15.76, 0.140091318969603
15.77, 0.140080260018321
15.78, 0.140069217658426
15.79, 0.140058191073153
15.80, 0.140047186159695
15.81, 0.140036189490142
15.82, 0.140025221639369
15.83, 0.140014265771181
15.84, 0.140003325051389
15.85, 0.139992414255104
15.86, 0.139981502959544
15.87, 0.139970621003743
15.88, 0.139959752845204
15.89, 0.139948900325753
15.90, 0.139938064654544
15.91, 0.139927245231059
15.92, 0.139916436135451
15.93, 0.139905654731581
15.94, 0.139894889952433
15.95, 0.139884141048801
15.96, 0.13987340353431
15.97, 0.139862682556457
15.98, 0.139851990760954
15.99, 0.139841309338431
16.00, 0.139830637667917
16.01, 0.139819986844921
16.02, 0.139809353541163
16.03, 0.139798733218458
16.04, 0.139788136735506
16.05, 0.139777545801124
16.06, 0.139766983394027
16.07, 0.139756431400859
16.08, 0.139745898666201
16.09, 0.139735375501931
16.10, 0.139724868655605
16.11, 0.139714388687553
16.12, 0.139703923625188
16.13, 0.139693462706556
16.14, 0.139683025450891
16.15, 0.139672611297829
16.16, 0.139662202073971
16.17, 0.13965181038399
16.18, 0.139641442636338
16.19, 0.139631088169121
16.20, 0.139620738370587
16.21, 0.139610423246948
16.22, 0.139600112479576
16.23, 0.139589817611513
16.24, 0.139579542639457
16.25, 0.139569275990003
16.26, 0.13955902940078
16.27, 0.139548801467325
16.28, 0.139538587772542
16.29, 0.139528385098321
16.30, 0.139518207922633
16.31, 0.139508036345575
16.32, 0.139497889123765
16.33, 0.139487753109952
16.34, 0.139477633509781
16.35, 0.139467527209374
16.36, 0.13945743450837
16.37, 0.139447356537811
16.38, 0.139437302266996
16.39, 0.139427261489957
16.40, 0.13941722647805
16.41, 0.139407212497514
16.42, 0.139397223623794
16.43, 0.139387237380488
16.44, 0.139377266277659
16.45, 0.139367315942861
16.46, 0.139357375052417
16.47, 0.139347453809724
16.48, 0.139337548863686
16.49, 0.139327656417032
16.50, 0.139317786825786
16.51, 0.139307921188381
16.52, 0.13929807803738
16.53, 0.1392882393567
16.54, 0.139278425221023
16.55, 0.139268622307779
16.56, 0.139258833936432
16.57, 0.139249059631185
16.58, 0.13923930891115
16.59, 0.139229560120284
16.60, 0.139219834174315
16.61, 0.139210123013989
16.62, 0.139200418384703
16.63, 0.139190739084863
16.64, 0.139181067962494
16.65, 0.139171410045217
16.66, 0.139161774641692
16.67, 0.139152142967072
16.68, 0.139142524569561
16.69, 0.139132936551139
16.70, 0.139123352868677
16.71, 0.139113786521335
16.72, 0.139104224925055
16.73, 0.139094683226371
16.74, 0.139085165688524
16.75, 0.139075643304733
16.76, 0.139066149214691
16.77, 0.139056666561437
16.78, 0.139047196560121
16.79, 0.13903774037542
16.80, 0.139028297425826
16.81, 0.139018876474638
16.82, 0.139009458596886
16.83, 0.139000061895989
16.84, 0.138990680684856
16.85, 0.138981308920832
16.86, 0.138971950925805
16.87, 0.138962608140732
16.88, 0.138953274736794
16.89, 0.138943964293649
16.90, 0.138934669746879
16.91, 0.13892537399549
16.92, 0.138916103846961
16.93, 0.138906843003397
16.94, 0.138897592556777
16.95, 0.138888360338624
16.96, 0.138879147335154
16.97, 0.138869938278352
16.98, 0.138860739545843
16.99, 0.138851565499662
17.00, 0.138842402225685
17.01, 0.138833251010436
17.02, 0.138824113929149
17.03, 0.138814986012836
17.04, 0.138805873974238
17.05, 0.138796780325672
17.06, 0.138787691285162
17.07, 0.138778621364969
17.08, 0.138769566437221
17.09, 0.138760525407257
17.10, 0.138751492205019
17.11, 0.138742472238334
17.12, 0.138733465637495
17.13, 0.138724470963741
17.14, 0.138715495652664
17.15, 0.138706532924646
17.16, 0.138697575538355
17.17, 0.138688638060545
17.18, 0.138679710366509
17.19, 0.138670796391772
17.20, 0.13866189605028
17.21, 0.138653015587434
17.22, 0.138644134906499
17.23, 0.138635280064894
17.24, 0.138626423687231
17.25, 0.138617588379667
17.26, 0.138608766606426
17.27, 0.138599957789405
17.28, 0.13859115834321
17.29, 0.138582373401448
17.30, 0.138573607123716
17.31, 0.138564842546932
17.32, 0.138556101986811
17.33, 0.138547360883211
17.34, 0.138538638492367
17.35, 0.138529932173237
17.36, 0.138521232452979
17.37, 0.138512547701019
17.38, 0.138503873007303
17.39, 0.138495223395956
17.40, 0.138486573258587
17.41, 0.138477943116106
17.42, 0.138469325974528
17.43, 0.138460706548588
17.44, 0.138452110296834
17.45, 0.138443536207106
17.46, 0.138434952285209
17.47, 0.138426399743022
17.48, 0.138417850468014
17.49, 0.138409318963973
17.50, 0.138400789641497
17.51, 0.138392282306917
17.52, 0.138383785079737
17.53, 0.138375288795298
17.54, 0.138366824285059
17.55, 0.138358361386587
17.56, 0.138349907101341
17.57, 0.138341467351413
17.58, 0.138333036666068
17.59, 0.138324626116517
17.60, 0.138316225516145
17.61, 0.138307827286063
17.62, 0.138299448906527
17.63, 0.138291083939185
17.64, 0.138282727871558
17.65, 0.138274385800682
17.66, 0.138266059100726
17.67, 0.138257734427008
17.68, 0.13824942349357
17.69, 0.138241130276935
17.70, 0.138232849048628
17.71, 0.13822456782683
17.72, 0.138216317250263
17.73, 0.138208059285124
17.74, 0.138199829272454
17.75, 0.138191602766883
17.76, 0.138183384185963
17.77, 0.138175175652351
17.78, 0.138166988822898
17.79, 0.138158803630936
17.80, 0.138150637733144
17.81, 0.138142481381834
17.82, 0.138134337736232
17.83, 0.138126200648084
17.84, 0.138118077593856
17.85, 0.138109964721008
17.86, 0.138101860653386
17.87, 0.138093776107583
17.88, 0.138085692263974
17.89, 0.138077629617962
17.90, 0.138069578710227
17.91, 0.138061523597774
17.92, 0.138053493051611
17.93, 0.138045470187413
17.94, 0.138037458203631
17.95, 0.138029459654593
17.96, 0.138021476677521
17.97, 0.138013494684127
17.98, 0.138005532588876
17.99, 0.13799756967451
18.00, 0.137989628212913
18.01, 0.137981690137356
18.02, 0.137973769456767
18.03, 0.13796585529115
18.04, 0.137957955544075
18.05, 0.137950064150916
18.06, 0.137942190490162
18.07, 0.137934319619067
18.08, 0.137926458345739
18.09, 0.137918616393066
18.10, 0.137910772949841
18.11, 0.137902951737351
18.12, 0.137895141377548
18.13, 0.137887335582257
18.14, 0.137879543105492
18.15, 0.13787176001215
18.16, 0.137863986135854
18.17, 0.137856222844597
18.18, 0.137848468587623
18.19, 0.137840733438182
18.20, 0.137832997648437
18.21, 0.137825284656678
18.22, 0.137817577012823
18.23, 0.137809871712067
18.24, 0.137802187997817
18.25, 0.137794509798184
18.26, 0.13778684085569
18.27, 0.137779184154226
18.28, 0.13777154408787
18.29, 0.137763904479201
18.30, 0.137756286412409
18.31, 0.13774866656233
18.32, 0.137741053558453
18.33, 0.137733464213775
18.34, 0.137725878780894
18.35, 0.137718308766133
18.36, 0.137710742905145
18.37, 0.137703188132881
18.38, 0.137695644349721
18.39, 0.137688109124137
18.40, 0.137680582692011
18.41, 0.137673074851005
18.42, 0.137665566929334
18.43, 0.137658076413902
18.44, 0.137650589076437
18.45, 0.137643118337588
18.46, 0.13763565772667
18.47, 0.13762820574976
18.48, 0.137620762977258
18.49, 0.137613325697495
18.50, 0.137605901658028
18.51, 0.137598486299899
18.52, 0.137591079088221
18.53, 0.137583691170569
18.54, 0.137576300575644
18.55, 0.137568933341318
18.56, 0.1375615600567
18.57, 0.137554207474119
18.58, 0.13754686586645
18.59, 0.137539530043905
18.60, 0.137532207347919
18.61, 0.13752488807602
18.62, 0.137517579938672
18.63, 0.137510282076455
18.64, 0.137503000827963
18.65, 0.137495718732725
18.66, 0.137488456008158
18.67, 0.137481192059225
18.68, 0.137473945570858
18.69, 0.137466698778183
18.70, 0.137459471918494
18.71, 0.137452252707477
18.72, 0.137445043517601
18.73, 0.137437840110127
18.74, 0.137430645633768
18.75, 0.13742347152079
18.76, 0.137416294726072
18.77, 0.137409126758168
18.78, 0.13740196677843
18.79, 0.137394827739776
18.80, 0.137387683518628
18.81, 0.137380559885065
18.82, 0.137373446660278
18.83, 0.137366336896952
18.84, 0.137359240164953
18.85, 0.137352148873592
18.86, 0.137345068110872
18.87, 0.137337997147802
18.88, 0.137330930182297
18.89, 0.137323873204562
18.90, 0.137316834166843
18.91, 0.137309794926549
18.92, 0.137302775986945
18.93, 0.13729575069882
18.94, 0.137288745691949
18.95, 0.137281748708863
18.96, 0.137274748947742
18.97, 0.137267769506125
18.98, 0.13726079853242
18.99, 0.137253834617273
19.00, 0.137246885103226
19.01, 0.137239936725033
19.02, 0.137232998134349
19.03, 0.137226066539656
19.04, 0.137219154249859
19.05, 0.137212239433318
19.06, 0.137205340756933
19.07, 0.137198451728012
19.08, 0.137191558108547
19.09, 0.137184686613468
19.10, 0.13717781995764
19.11, 0.137170963900675
19.12, 0.137164114095515
19.13, 0.137157272831084
19.14, 0.137150439356167
19.15, 0.137143612158008
19.16, 0.137136804588935
19.17, 0.13712999432638
19.18, 0.137123201018993
19.19, 0.137116406611527
19.20, 0.137109619311456
19.21, 0.137102852799512
19.22, 0.137096088676171
19.23, 0.137089336316633
19.24, 0.137082591156214
19.25, 0.137075855191806
19.26, 0.137069122915223
19.27, 0.137062400645615
19.28, 0.137055687482442
19.29, 0.137048979575053
19.30, 0.137042279891649
19.31, 0.137035598817859
19.32, 0.13702891312716
19.33, 0.137022247376539
19.34, 0.137015576540229
19.35, 0.137008925447413
19.36, 0.137002279523289
19.37, 0.136995632841316
19.38, 0.136989005672935
19.39, 0.136982384267656
19.40, 0.136975771585504
19.41, 0.136969163300401
19.42, 0.136962575340416
19.43, 0.136955982590568
19.44, 0.136949397559076
19.45, 0.136942819457888
19.46, 0.136936260328672
19.47, 0.136929697060887
19.48, 0.136923152996134
19.49, 0.136916604259636
19.50, 0.136910074210206
19.51, 0.136903551165714
19.52, 0.136897025614883
19.53, 0.136890519400762
19.54, 0.136884018581027
19.55, 0.136877524082631
19.56, 0.136871033138303
19.57, 0.136864565271843
19.58, 0.136858090624394
19.59, 0.136851626544804
19.60, 0.136845168173181
19.61, 0.136838728742941
19.62, 0.13683228640868
19.63, 0.136825858677631
19.64, 0.136819428056613
19.65, 0.136813014362285
19.66, 0.136806610008761
19.67, 0.13680020118726
19.68, 0.136793810398094
19.69, 0.136787424951221
19.70, 0.136781050427949
19.71, 0.136774676263723
19.72, 0.136768315977042
19.73, 0.136761968018934
19.74, 0.136755617200486
19.75, 0.136749276941081
19.76, 0.136742939756728
19.77, 0.136736621459636
19.78, 0.13673029833582
19.79, 0.136723993539433
19.80, 0.136717685943115
19.81, 0.136711394469425
19.82, 0.136705106293082
19.83, 0.136698830703843
19.84, 0.13669255994098
19.85, 0.136686296258925
19.86, 0.136680026916535
19.87, 0.136673788354998
19.88, 0.136667540856021
19.89, 0.136661305721445
19.90, 0.136655075259525
19.91, 0.136648847929978
19.92, 0.136642640635823
19.93, 0.136636432611567
19.94, 0.136630236730872
19.95, 0.136624038323122
19.96, 0.136617858954637
19.97, 0.136611675593559
19.98, 0.136605506487111
19.99, 0.136599343560226
20.00, 0.136593189960092
20.01, 0.136587032972238
20.02, 0.136580889248176
20.03, 0.136574754786845
20.04, 0.136568627200916
20.05, 0.136562503425005
20.06, 0.13655639523531
20.07, 0.136550288951617
20.08, 0.136544184619733
20.09, 0.136538097586956
20.10, 0.136532008824469
20.11, 0.136525934019819
20.12, 0.136519856122733
20.13, 0.136513794607258
20.14, 0.136507729219743
20.15, 0.136501682048671
20.16, 0.136495640007534
20.17, 0.136489602477424
20.18, 0.136483573895258
20.19, 0.136477549048614
20.20, 0.136471532011145
20.21, 0.136465520926491
20.22, 0.136459517234817
20.23, 0.136453519004458
20.24, 0.136447529290323
20.25, 0.136441539498833
20.26, 0.13643556808061
20.27, 0.136429595775807
20.28, 0.136423636428974
20.29, 0.13641767893174
20.30, 0.136411730175973
20.31, 0.136405779989693
20.32, 0.136399847978303
20.33, 0.136393918886182
20.34, 0.136388001151229
20.35, 0.136382071743577
20.36, 0.136376164602232
20.37, 0.136370261385448
20.38, 0.136364362425934
20.39, 0.136358471813749
20.40, 0.136352587226755
20.41, 0.136346719648103
20.42, 0.13634084431659
20.43, 0.13633497729774
20.44, 0.13632911519497
20.45, 0.13632326923979
20.46, 0.136317418998102
20.47, 0.136311585057818
20.48, 0.136305746512727
20.49, 0.136299924489422
20.50, 0.136294106252168
20.51, 0.136288285709206
20.52, 0.136282479848189
20.53, 0.13627668157511
20.54, 0.136270889303902
20.55, 0.136265100879546
20.56, 0.136259317951895
20.57, 0.136253541449897
20.58, 0.136247768344009
20.59, 0.136242006221837
20.60, 0.13623624746624
20.61, 0.136230492042164
20.62, 0.13622475524877
20.63, 0.13621901365265
20.64, 0.13621327641363
20.65, 0.136207554762942
20.66, 0.136201838768519
20.67, 0.136196120808778
20.68, 0.136190406486233
20.69, 0.136184706272364
20.70, 0.136179013301908
20.71, 0.136173314587177
20.72, 0.136167641694422
20.73, 0.1361619577293
20.74, 0.136156286102418
20.75, 0.136150617919493
20.76, 0.136144959903469
20.77, 0.136139301276765
20.78, 0.136133664493448
20.79, 0.136128011022744
20.80, 0.13612238151803
20.81, 0.136116749301314
20.82, 0.136111120978295
20.83, 0.136105506660028
20.84, 0.136099889108511
20.85, 0.136094288210829
20.86, 0.136088681898345
20.87, 0.136083089988361
20.88, 0.136077495021837
20.89, 0.136071914307877
20.90, 0.136066328886585
20.91, 0.136060756429
20.92, 0.136055194369754
20.93, 0.13604963274371
20.94, 0.136044081146566
20.95, 0.136038529350358
20.96, 0.136032987158748
20.97, 0.136027447708841
20.98, 0.136021914565247
20.99, 0.13601638586398
21.00, 0.136010861422996
21.01, 0.136005344649723
21.02, 0.135999840847131
21.03, 0.135994334647784
21.04, 0.135988829792923
21.05, 0.135983344157669
21.06, 0.135977847123024
21.07, 0.135972370794709
21.08, 0.135966887571096
21.09, 0.135961423074776
21.10, 0.135955956121434
21.11, 0.135950488434974
21.12, 0.13594503509978
21.13, 0.135939590016594
21.14, 0.135934146935419
21.15, 0.135928709757661
21.16, 0.135923275292157
21.17, 0.135917845831442
21.18, 0.13591242517684
21.19, 0.135907005783232
21.20, 0.135901593762021
21.21, 0.1358961852103
21.22, 0.135890779221544
21.23, 0.135885393244154
21.24, 0.135879997662851
21.25, 0.135874606184841
21.26, 0.135869234970958
21.27, 0.135863855510137
21.28, 0.135858489123453
21.29, 0.135853119874587
21.30, 0.135847765662592
21.31, 0.13584240466135
21.32, 0.135837060709694
21.33, 0.135831715809754
21.34, 0.135826379869296
21.35, 0.135821040860739
21.36, 0.135815711154645
21.37, 0.135810390848393
21.38, 0.135805071300961
21.39, 0.135799758940596
21.40, 0.13579444901655
21.41, 0.135789146707651
21.42, 0.135783847403005
21.43, 0.135778552574691
21.44, 0.135773273689706
21.45, 0.135767986478217
21.46, 0.135762707477514
21.47, 0.135757430806493
21.48, 0.135752166837891
21.49, 0.13574690005912
21.50, 0.135741646834993
21.51, 0.135736387305991
21.52, 0.135731145713722
21.53, 0.135725894919671
21.54, 0.135720662195337
21.55, 0.135715431382184
21.56, 0.135710194707451
21.57, 0.135704971272641
21.58, 0.135699754316756
21.59, 0.135694542800947
21.60, 0.135689335915786
21.61, 0.135684132955983
21.62, 0.135678929611872
21.63, 0.135673734752404
21.64, 0.135668543022591
21.65, 0.13566335546502
21.66, 0.135658173748502
21.67, 0.135652997788672
21.68, 0.135647821359177
21.69, 0.135642662542566
21.70, 0.135637497448851
21.71, 0.135632335046963
21.72, 0.135627188906974
21.73, 0.135622035657629
21.74, 0.135616888830276
21.75, 0.135611753608557
21.76, 0.135606623898154
21.77, 0.135601489340532
21.78, 0.135596367249951
21.79, 0.135591248031067
21.80, 0.135586123184076
21.81, 0.13558101297069
21.82, 0.135575909294405
21.83, 0.135570809021949
21.84, 0.135565712175243
21.85, 0.135560619119324
21.86, 0.135555521500576
21.87, 0.135550435024472
21.88, 0.135545364865205
21.89, 0.135540289723015
21.90, 0.135535206612701
21.91, 0.135530148177425
21.92, 0.135525081582114
21.93, 0.135520020211563
21.94, 0.135514973342348
21.95, 0.135509920744519
21.96, 0.135504872648638
21.97, 0.135499837251429
21.98, 0.135494796327727
21.99, 0.135489759520183
22.00, 0.135484739339606
22.01, 0.135479709353318
22.02, 0.1354746920085
22.03, 0.135469681110504
22.04, 0.135464662848879
22.05, 0.135459657915995
22.06, 0.13545466050042
22.07, 0.135449664747867
22.08, 0.135444661633328
22.09, 0.135439671154703
22.10, 0.13543468622673
22.11, 0.135429706240862
22.12, 0.135424726226541
22.13, 0.135419759128432
22.14, 0.135414785471331
22.15, 0.135409818353157
22.16, 0.135404859694087
22.17, 0.1353998981209
22.18, 0.135394953358542
22.19, 0.13539000362714
22.20, 0.135385056634647
22.21, 0.135380120289258
22.22, 0.135375180731718
22.23, 0.135370244231536
22.24, 0.135365323258861
22.25, 0.135360392377434
22.26, 0.135355476349711
22.27, 0.135350556624108
22.28, 0.13534564418248
22.29, 0.135340730218558
22.30, 0.135335830235698
22.31, 0.135330932986007
22.32, 0.135326027048004
22.33, 0.135321135805177
22.34, 0.135316250359262
22.35, 0.135311366731889
22.36, 0.135306486627168
22.37, 0.135301599177413
22.38, 0.135296726533951
22.39, 0.135291857507658
22.40, 0.1352869883506
22.41, 0.135282127264283
22.42, 0.135277266662745
22.43, 0.135272409878606
22.44, 0.135267569014144
22.45, 0.135262720608285
22.46, 0.135257871682881
22.47, 0.135253029187115
22.48, 0.135248200621304
22.49, 0.135243365778437
22.50, 0.135238535020246
22.51, 0.135233713784358
22.52, 0.135228889060535
22.53, 0.135224075161436
22.54, 0.135219252503505
22.55, 0.135214447224054
22.56, 0.135209635952473
22.57, 0.135204836787258
22.58, 0.13520002950719
22.59, 0.135195237783733
22.60, 0.135190447144339
22.61, 0.135185650011507
22.62, 0.13518086794455
22.63, 0.135176087917033
22.64, 0.135171309306326
22.65, 0.135166537139196
22.66, 0.135161765692192
22.67, 0.135156996320242
22.68, 0.135152223532007
22.69, 0.13514746212638
22.70, 0.135142702615585
22.71, 0.135137959242268
22.72, 0.135133206857499
22.73, 0.135128458310312
22.74, 0.135123711760372
22.75, 0.135118970955419
22.76, 0.135114229723823
22.77, 0.135109502466608
22.78, 0.135104770933947
22.79, 0.135100048810989
22.80, 0.135095320125682
22.81, 0.135090597805895
22.82, 0.135085876666945
22.83, 0.135081167508726
22.84, 0.135076461458758
22.85, 0.135071747648566
22.86, 0.135067048974094
22.87, 0.135062342188156
22.88, 0.135057646733035
22.89, 0.135052957804742
22.90, 0.135048259947087
22.91, 0.135043572768686
22.92, 0.135038892409845
22.93, 0.13503420099286
22.94, 0.135046092628544
22.95, 0.135042085356175
22.96, 0.135038080196482
22.97, 0.135034077368446
22.98, 0.135030081431544
22.99, 0.135026086807547
23.00, 0.135022095340111
23.01, 0.135018110586814
23.02, 0.13501412405632
23.03, 0.135010145431311
23.04, 0.135006170077551
23.05, 0.135002208373917
23.06, 0.134998241752467
23.07, 0.13499427452351
23.08, 0.134990312365963
23.09, 0.134986366865447
23.10, 0.134982412927836
23.11, 0.134978462005533
23.12, 0.134974525397757
23.13, 0.134970585148155
23.14, 0.134966655472372
23.15, 0.134962717257701
23.16, 0.134958798117062
23.17, 0.134954869137502
23.18, 0.134950952841377
23.19, 0.134947042634745
23.20, 0.134943125220602
23.21, 0.1349392234594
23.22, 0.134935309706148
23.23, 0.134931413568332
23.24, 0.134927521062446
23.25, 0.134923630992254
23.26, 0.134919744474578
23.27, 0.13491585154881
23.28, 0.134911974408764
23.29, 0.134908097316148
23.30, 0.134904226814475
23.31, 0.134900358977345
23.32, 0.134896493312256
23.33, 0.134892635503948
23.34, 0.134888774678107
23.35, 0.134884921241636
23.36, 0.134881070617102
23.37, 0.134877224165634
23.38, 0.134873390048239
23.39, 0.134869551872685
23.40, 0.134865714225454
23.41, 0.134861881198975
23.42, 0.134858054274521
23.43, 0.134854237754102
23.44, 0.134850425036124
23.45, 0.134846605293788
23.46, 0.134842791013044
23.47, 0.134838975310477
23.48, 0.134835179340212
23.49, 0.134831372246044
23.50, 0.134827581451176
23.51, 0.134823792830701
23.52, 0.134819999026669
23.53, 0.134816218369088
23.54, 0.134812430701152
23.55, 0.134808654398541
23.56, 0.13480488342984
23.57, 0.134801118547976
23.58, 0.134797342875562
23.59, 0.134793582210577
23.60, 0.134789825374567
23.61, 0.134786061016317
23.62, 0.13478231858449
23.63, 0.134778563004208
23.64, 0.134774819165771
23.65, 0.134771079316995
23.66, 0.134767343781355
23.67, 0.134763608962495
23.68, 0.134759887383008
23.69, 0.134756158746089
23.70, 0.134752438498067
23.71, 0.134748719508598
23.72, 0.134745003340236
23.73, 0.13474128757109
23.74, 0.134737577281389
23.75, 0.134733871648977
23.76, 0.13473017799918
23.77, 0.134726478240612
23.78, 0.134722778851942
23.79, 0.134719088206655
23.80, 0.134715407479981
23.81, 0.134711720262141
23.82, 0.134708048018607
23.83, 0.134704366969606
23.84, 0.134700690274647
23.85, 0.134697024476588
23.86, 0.13469336611044
23.87, 0.134689700094845
23.88, 0.134686043859122
23.89, 0.134682386496193
23.90, 0.134678738727864
23.91, 0.134675084653074
23.92, 0.13467144163875
23.93, 0.134667806239129
23.94, 0.134664171196412
23.95, 0.134660532661886
23.96, 0.134656903695736
23.97, 0.134653278098961
23.98, 0.13464965765632
23.99, 0.134646040707677
24.00, 0.134642424179115
24.01, 0.134638814108079
24.02, 0.134635195263618
24.03, 0.134631588961541
24.04, 0.134627997025119
24.05, 0.134624398597554
24.06, 0.134620804630001
24.07, 0.134617210462416
24.08, 0.134613622413036
24.09, 0.134610036424898
24.10, 0.134606454914301
24.11, 0.134602872871104
24.12, 0.134599298730936
24.13, 0.134595733441303
24.14, 0.134592165861421
24.15, 0.134588598379286
24.16, 0.134585044808308
24.17, 0.134581483084434
24.18, 0.134577925348924
24.19, 0.134574373795821
24.20, 0.134570828393606
24.21, 0.134567281615767
24.22, 0.134563746238131
24.23, 0.134560204534505
24.24, 0.134556677532318
24.25, 0.134553142209085
24.26, 0.134549620951551
24.27, 0.134546089747814
24.28, 0.134542574260486
24.29, 0.13453906077906
24.30, 0.134535540030943
24.31, 0.134532034637193
24.32, 0.134528529344218
24.33, 0.134525020152162
24.34, 0.13452152273551
24.35, 0.134518026887056
24.36, 0.134514533922173
24.37, 0.134511037241917
24.38, 0.13450755184181
24.39, 0.134504070417761
24.40, 0.134500590817647
24.41, 0.134497113202599
24.42, 0.134493639659822
24.43, 0.134490170487892
24.44, 0.134486702686392
24.45, 0.134483240906943
24.46, 0.134479777610474
24.47, 0.134476322235546
24.48, 0.134472864212718
24.49, 0.134469414591984
24.50, 0.134465964781721
24.51, 0.134462520632004
24.52, 0.134459077104761
24.53, 0.134455647456938
24.54, 0.134452209010241
24.55, 0.134448777246041
24.56, 0.134445354625069
24.57, 0.134441926830034
24.58, 0.134438502928726
24.59, 0.134435089929764
24.60, 0.134431671622665
24.61, 0.134428254762673
24.62, 0.13442485209059
24.63, 0.134421441335614
24.64, 0.134418036732035
24.65, 0.134414640137036
24.66, 0.134411251520247
24.67, 0.134407852144175
24.68, 0.134404466527724
24.69, 0.134401073443873
24.70, 0.134397695600386
24.71, 0.134394318505656
24.72, 0.134390932774382
24.73, 0.13438756312918
24.74, 0.1343841851936
24.75, 0.134380819534019
24.76, 0.134377459053878
24.77, 0.134374100967601
24.78, 0.134370744321597
24.79, 0.134367380068345
24.80, 0.134364031669844
24.81, 0.134360682890462
24.82, 0.134357339829906
24.83, 0.134353997196583
24.84, 0.134350655839134
24.85, 0.134347312564351
24.86, 0.134343978817884
24.87, 0.134340649405748
24.88, 0.134337321446185
24.89, 0.134334005779514
24.90, 0.134330685275171
24.91, 0.134327365364884
24.92, 0.134324050804024
24.93, 0.134320738888315
24.94, 0.134317427511364
24.95, 0.134314122535284
24.96, 0.134310815536821
24.97, 0.134307516323313
24.98, 0.134304225316251
24.99, 0.134300929335378
