Mach, CD_Power_On
0.01, 0.350134796485521
0.02, 0.35578311486086
0.03, 0.347773583775406
0.04, 0.339432648032102
0.05, 0.335563245831183
0.06, 0.334289803931905
0.07, 0.332733649481536
0.08, 0.331103052797281
0.09, 0.32948894416839
0.10, 0.327931584975925
0.11, 0.326447729542274
0.12, 0.325042808729782
0.13, 0.323712991548935
0.14, 0.322463013369872
0.15, 0.321285149584663
0.16, 0.320175045391234
0.17, 0.31912824834135
0.18, 0.318140533566157
0.19, 0.317207937999409
0.20, 0.316326801100543
0.21, 0.31549377061696
0.22, 0.314705825646103
0.23, 0.313960171981748
0.24, 0.313254334524169
0.25, 0.312586057305051
0.26, 0.312089759512243
0.27, 0.311627153063525
0.28, 0.311196544407412
0.29, 0.310796506316797
0.30, 0.3104256361053
0.31, 0.310082728414789
0.32, 0.309766678304956
0.33, 0.309476543560749
0.34, 0.309211421126894
0.35, 0.308970529481874
0.36, 0.308753165297072
0.37, 0.30855868863835
0.38, 0.308386603786439
0.39, 0.308236418922187
0.40, 0.308107743648667
0.41, 0.308000231258113
0.42, 0.307913574660581
0.43, 0.307847609783163
0.44, 0.307802158773007
0.45, 0.30777710708884
0.46, 0.307772430262498
0.47, 0.307788100910824
0.48, 0.307824245229986
0.49, 0.307880952532285
0.50, 0.30795840337002
0.51, 0.308056831595536
0.52, 0.30817657167829
0.53, 0.308317979180136
0.54, 0.308481484371326
0.55, 0.308959809425571
0.56, 0.309464052582149
0.57, 0.309985756420437
0.58, 0.310525900060671
0.59, 0.310835382397844
0.60, 0.311165554018818
0.61, 0.311764551712582
0.62, 0.312378063419248
0.63, 0.313016433024247
0.64, 0.313681340893269
0.65, 0.314374626774752
0.66, 0.315098340418473
0.67, 0.315854711575531
0.68, 0.316646249998346
0.69, 0.317475735440643
0.70, 0.31834627827604
0.71, 0.318239987023662
0.72, 0.3180710220597
0.73, 0.31790212314302
0.74, 0.317733300033755
0.75, 0.317564532493289
0.76, 0.317395840284255
0.77, 0.317227203170525
0.78, 0.317058640917198
0.79, 0.316890153909189
0.80, 0.316721710676845
0.81, 0.3190458916075
0.82, 0.321370136471089
0.83, 0.323694435038737
0.84, 0.326018817082749
0.85, 0.328343242376604
0.86, 0.330667730694945
0.87, 0.332992301813572
0.88, 0.335316915509434
0.89, 0.337641622179218
0.90, 0.339966370364959
0.91, 0.342278141683441
0.92, 0.349213455638886
0.93, 0.356813216910343
0.94, 0.36160976852009
0.95, 0.366406320129836
0.96, 0.371202871739582
0.97, 0.375999423349329
0.98, 0.380795974959075
0.99, 0.385592526568822
1.00, 0.390389078178568
1.01, 0.395185629788314
1.02, 0.399982181398061
1.03, 0.404778733007807
1.04, 0.409575284617554
1.05, 0.4143718362273
1.06, 0.413104322045806
1.07, 0.411846948551526
1.08, 0.410599714397301
1.09, 0.409362591293701
1.10, 0.408135590929052
1.11, 0.406918698893272
1.12, 0.405711883605318
1.13, 0.404515143244015
1.14, 0.403328470682105
1.15, 0.40215182942333
1.16, 0.40043188026423
1.17, 0.398703966969198
1.18, 0.396988441166128
1.19, 0.395285265812722
1.20, 0.393497031354437
1.21, 0.391668660468174
1.22, 0.389852565846438
1.23, 0.388048443745126
1.24, 0.38625574780034
1.25, 0.384474450023543
1.26, 0.38274831507225
1.27, 0.381123607129729
1.28, 0.37956225536349
1.29, 0.378053840193916
1.30, 0.376593083648465
1.31, 0.37517666117004
1.32, 0.373802291238483
1.33, 0.372468359869005
1.34, 0.371173513082068
1.35, 0.369916795950005
1.36, 0.368697393676616
1.37, 0.367514641615291
1.38, 0.366367996587934
1.39, 0.365257009243263
1.40, 0.364181283629212
1.41, 0.36314050990537
1.42, 0.362134431663446
1.43, 0.36116278072794
1.44, 0.360225387097836
1.45, 0.359322059123818
1.46, 0.35845266363722
1.47, 0.357617085794451
1.48, 0.356815224016154
1.49, 0.356046984119105
1.50, 0.355312307319224
1.51, 0.354611117532413
1.52, 0.353943409415219
1.53, 0.353309113870794
1.54, 0.352708217202171
1.55, 0.352140714669704
1.56, 0.351606604918616
1.57, 0.351105857234615
1.58, 0.350638502668937
1.59, 0.350204556708436
1.60, 0.349804009768673
1.61, 0.349436929493457
1.62, 0.349103316853685
1.63, 0.348803197775398
1.64, 0.348536622315977
1.65, 0.348303624872037
1.66, 0.348104253903259
1.67, 0.347938559192957
1.68, 0.347806575378576
1.69, 0.347708360749666
1.70, 0.347643983303237
1.71, 0.347613488342727
1.72, 0.347616938306829
1.73, 0.3476543908829
1.74, 0.347725917379651
1.75, 0.34783157784598
1.76, 0.347971454719076
1.77, 0.348145615216823
1.78, 0.348354095241813
1.79, 0.348597004292234
1.80, 0.348874420875054
1.81, 0.349252068188962
1.82, 0.349643628292518
1.83, 0.350062585293134
1.84, 0.350509006532457
1.85, 0.350982977023791
1.86, 0.351484575909275
1.87, 0.352013891392439
1.88, 0.352570994201983
1.89, 0.353155975042441
1.90, 0.353768925799561
1.91, 0.354409930004197
1.92, 0.355079071042506
1.93, 0.355776444368306
1.94, 0.356502134973443
1.95, 0.357256220604009
1.96, 0.358038805978293
1.97, 0.358849979262356
1.98, 0.359604611357324
1.99, 0.360387999675227
2.00, 0.361200273809434
2.01, 0.361449011122876
2.02, 0.35988834893396
2.03, 0.358340099329331
2.04, 0.356804075417861
2.05, 0.355280040780186
2.06, 0.353767823474175
2.07, 0.352267226824429
2.08, 0.350778072405734
2.09, 0.34930014790687
2.10, 0.347833308945806
2.11, 0.346377373567029
2.12, 0.344932160381135
2.13, 0.343497542317433
2.14, 0.342073340451524
2.15, 0.340659390539152
2.16, 0.339255573129777
2.17, 0.33786171589207
2.18, 0.336477694349223
2.19, 0.335103373525484
2.20, 0.333738603621716
2.21, 0.332383274471898
2.22, 0.331037227184039
2.23, 0.329700377027329
2.24, 0.328372580317904
2.25, 0.327053721019965
2.26, 0.325743682249949
2.27, 0.324442350444431
2.28, 0.323149627519769
2.29, 0.321865402903244
2.30, 0.320589561148309
2.31, 0.31932199802153
2.32, 0.318062632306473
2.33, 0.316811349359588
2.34, 0.315568067634208
2.35, 0.314332677016255
2.36, 0.313105093247381
2.37, 0.311885220537061
2.38, 0.31067298866864
2.39, 0.309468294685805
2.40, 0.30827105593055
2.41, 0.307081201891394
2.42, 0.305898639508328
2.43, 0.30472329778721
2.44, 0.303555095566401
2.45, 0.302393962217416
2.46, 0.301498290265047
2.47, 0.300609539986528
2.48, 0.299727629173383
2.49, 0.298852491568596
2.50, 0.297984064198317
2.51, 0.297122279477314
2.52, 0.296267059364363
2.53, 0.295418347875872
2.54, 0.294576068153206
2.55, 0.293740174064166
2.56, 0.292910600632459
2.57, 0.292087284305042
2.58, 0.291270156643518
2.59, 0.290459173352059
2.60, 0.289654260030306
2.61, 0.28885538073195
2.62, 0.28806246411396
2.63, 0.287275457070404
2.64, 0.28649431775663
2.65, 0.285718971139082
2.66, 0.284949387651569
2.67, 0.284185507624307
2.68, 0.283427273206
2.69, 0.2826746495121
2.70, 0.281927569347616
2.71, 0.28118600091549
2.72, 0.280449883764378
2.73, 0.27971918583904
2.74, 0.278993839335999
2.75, 0.278273818227724
2.76, 0.277559070743845
2.77, 0.27684955660909
2.78, 0.276145231285806
2.79, 0.275446040214379
2.80, 0.274751949901771
2.81, 0.274062927148093
2.82, 0.273378904198437
2.83, 0.272699869353608
2.84, 0.272025775808137
2.85, 0.271356577059699
2.86, 0.270692242920599
2.87, 0.27003271862205
2.88, 0.269377979559121
2.89, 0.268727985979712
2.90, 0.268082704677332
2.91, 0.267442086801877
2.92, 0.266806105395194
2.93, 0.266174722689044
2.94, 0.265547910728668
2.95, 0.264925609661219
2.96, 0.264307821214781
2.97, 0.263694486846631
2.98, 0.263085578951327
2.99, 0.262481059437892
3.00, 0.261880911354114
3.01, 0.26126623041511
3.02, 0.260655193243318
3.03, 0.260047748062511
3.04, 0.259443882633809
3.05, 0.25884358201278
3.06, 0.25824681589985
3.07, 0.257653561826288
3.08, 0.257063780701286
3.09, 0.256477471667501
3.10, 0.255894600033789
3.11, 0.255315146299159
3.12, 0.25473909994137
3.13, 0.254166407151737
3.14, 0.253597082531266
3.15, 0.253031084312492
3.16, 0.25246837892828
3.17, 0.251908959391471
3.18, 0.251352819511181
3.19, 0.250799916103013
3.20, 0.250250236037169
3.21, 0.249703760307688
3.22, 0.24916045703778
3.23, 0.248620319158826
3.24, 0.248083332539054
3.25, 0.247549451394435
3.26, 0.24701867162405
3.27, 0.246490983674181
3.28, 0.245966353280019
3.29, 0.245444765768684
3.30, 0.24492619974807
3.31, 0.244410640548222
3.32, 0.243898065960441
3.33, 0.243388446913409
3.34, 0.242881793127136
3.35, 0.242378058891167
3.36, 0.241877238258061
3.37, 0.241379311874521
3.38, 0.240884256978388
3.39, 0.240392060154223
3.40, 0.239902709014466
3.41, 0.239416174721862
3.42, 0.238932437216729
3.43, 0.238451504462212
3.44, 0.237973329434958
3.45, 0.237497893386975
3.46, 0.237025211187718
3.47, 0.236555238126298
3.48, 0.236087963935845
3.49, 0.235623382375391
3.50, 0.235161470441412
3.51, 0.234702194567226
3.52, 0.234245569370065
3.53, 0.233791556933852
3.54, 0.233340137523939
3.55, 0.232891314092458
3.56, 0.232445065656501
3.57, 0.232001358958105
3.58, 0.231560196594625
3.59, 0.231121555419561
3.60, 0.230685424799585
3.61, 0.230251782693396
3.62, 0.229820613830362
3.63, 0.229391910141682
3.64, 0.228965650160216
3.65, 0.228541818684691
3.66, 0.228120399900461
3.67, 0.22770138060166
3.68, 0.227284755846074
3.69, 0.226870490079654
3.70, 0.226458582951546
3.71, 0.226049021574992
3.72, 0.22564178064954
3.73, 0.225236848337913
3.74, 0.224834220998291
3.75, 0.224433869732539
3.76, 0.224035779435952
3.77, 0.223639954993674
3.78, 0.223246371745552
3.79, 0.222854999979908
3.80, 0.222465854997805
3.81, 0.222078902466106
3.82, 0.221694123193225
3.83, 0.221311527016348
3.84, 0.22093108280056
3.85, 0.220552775596735
3.86, 0.220145096880439
3.87, 0.219739529825742
3.88, 0.219336067379424
3.89, 0.218934683399607
3.90, 0.218535388339294
3.91, 0.218138146093818
3.92, 0.217742949857576
3.93, 0.217349798703484
3.94, 0.216958659106887
3.95, 0.216569526532399
3.96, 0.216182392754067
3.97, 0.215797244160341
3.98, 0.215414061893481
3.99, 0.215032832512137
4.00, 0.214653545805764
4.01, 0.214277595495858
4.02, 0.213903565708773
4.03, 0.213531430665301
4.04, 0.213161192051239
4.05, 0.212792816426042
4.06, 0.212426308711709
4.07, 0.212061655565657
4.08, 0.211698835783953
4.09, 0.211337844684871
4.10, 0.210978664215708
4.11, 0.210621275880404
4.12, 0.210265694569076
4.13, 0.209911882284079
4.14, 0.209559826945866
4.15, 0.209209539805691
4.16, 0.208860980786071
4.17, 0.208514150679368
4.18, 0.208169048077653
4.19, 0.207825638711854
4.20, 0.20748392233966
4.21, 0.207143888855874
4.22, 0.206805525880073
4.23, 0.206468820868264
4.24, 0.206133764024558
4.25, 0.205800336684732
4.26, 0.205468531288927
4.27, 0.20513833705104
4.28, 0.204809746328336
4.29, 0.204482747288584
4.30, 0.204157317433747
4.31, 0.203833451005979
4.32, 0.203511148104663
4.33, 0.2031903769514
4.34, 0.202871145225734
4.35, 0.202553426012588
4.36, 0.202237214754845
4.37, 0.201922512031791
4.38, 0.201609285808796
4.39, 0.201305145092861
4.40, 0.201019887126423
4.41, 0.200735579436488
4.42, 0.200452226854717
4.43, 0.200169793816824
4.44, 0.199888296203428
4.45, 0.199607715975448
4.46, 0.199328056483072
4.47, 0.1990493011277
4.48, 0.198771444166683
4.49, 0.198494486672484
4.50, 0.198218408317696
4.51, 0.197943207241319
4.52, 0.197668884349799
4.53, 0.197395422716386
4.54, 0.197122818194336
4.55, 0.196851061504081
4.56, 0.196580143797714
4.57, 0.196310069438541
4.58, 0.196040813911312
4.59, 0.19577238820225
4.60, 0.195504777757545
4.61, 0.195237971374303
4.62, 0.194971973495531
4.63, 0.194706756048388
4.64, 0.194442327016209
4.65, 0.194178674841601
4.66, 0.193915801841132
4.67, 0.193653684651944
4.68, 0.193392323949864
4.69, 0.193131725559042
4.70, 0.19287185917128
4.71, 0.192612726887364
4.72, 0.192354325429166
4.73, 0.192096644479743
4.74, 0.191839681649438
4.75, 0.19158342569462
4.76, 0.191327858035991
4.77, 0.191072996929569
4.78, 0.190818813577687
4.79, 0.190565310160753
4.80, 0.190312478557006
4.81, 0.190060313154597
4.82, 0.189808796027684
4.83, 0.189557933972505
4.84, 0.189307714235479
4.85, 0.189058133609267
4.86, 0.188809174060871
4.87, 0.188560837655704
4.88, 0.18831312108167
4.89, 0.188065998867063
4.90, 0.187819483329758
4.91, 0.187573566218947
4.92, 0.187328221695997
4.93, 0.18708346195198
4.94, 0.186839269380182
4.95, 0.186595644949703
4.96, 0.186352578951993
4.97, 0.186110055251181
4.98, 0.185868081538375
4.99, 0.185626634150491
5.00, 0.185385722575956
5.01, 0.185145326553285
5.02, 0.184905438032472
5.03, 0.184666071043184
5.04, 0.184427193133622
5.05, 0.184188808464038
5.06, 0.183950915952505
5.07, 0.18371349865446
5.08, 0.183476545220598
5.09, 0.183240062920664
5.10, 0.183004031136174
5.11, 0.182768446714481
5.12, 0.182533321803045
5.13, 0.182298618349448
5.14, 0.182064340502324
5.15, 0.181830485617374
5.16, 0.181597045602227
5.17, 0.18136401950256
5.18, 0.181131387186263
5.19, 0.180899138187015
5.20, 0.180667286741436
5.21, 0.18043581492391
5.22, 0.180204701985592
5.23, 0.179973957595625
5.24, 0.179743571079632
5.25, 0.179513539865513
5.26, 0.17928385024154
5.27, 0.179054486981144
5.28, 0.178825467145627
5.29, 0.178596757702074
5.30, 0.178368360556742
5.31, 0.178140277695003
5.32, 0.1779124883993
5.33, 0.177684995089184
5.34, 0.177457789351276
5.35, 0.177230863145755
5.36, 0.177004206229323
5.37, 0.176777810692243
5.38, 0.176551675435749
5.39, 0.176325788035435
5.40, 0.176100155164265
5.41, 0.175874746430381
5.42, 0.175649576341039
5.43, 0.175424619233369
5.44, 0.175199889590043
5.45, 0.174975354736964
5.46, 0.174751031329024
5.47, 0.174526891647364
5.48, 0.174302942203112
5.49, 0.174079170573629
5.50, 0.173855581075825
5.51, 0.173632150398951
5.52, 0.17340887846246
5.53, 0.173185759487344
5.54, 0.17296278561767
5.55, 0.172739949014781
5.56, 0.172517246415995
5.57, 0.17229466521208
5.58, 0.17207219435583
5.59, 0.171849841424083
5.60, 0.171627587768488
5.61, 0.171405426285382
5.62, 0.171183355893798
5.63, 0.170961368733698
5.64, 0.170739457030917
5.65, 0.170517604969233
5.66, 0.170295815081288
5.67, 0.170074088978726
5.68, 0.169852403773854
5.69, 0.169630751214144
5.70, 0.169409129377702
5.71, 0.169187548969015
5.72, 0.168965967890664
5.73, 0.168744408284152
5.74, 0.168522859028785
5.75, 0.1683012955337
5.76, 0.168079731166068
5.77, 0.16785814698692
5.78, 0.167636536120043
5.79, 0.167414896433946
5.80, 0.167193222295245
5.81, 0.166971498272472
5.82, 0.166749726140498
5.83, 0.166527896307767
5.84, 0.166305997298373
5.85, 0.166084035029352
5.86, 0.165861982424255
5.87, 0.165639845013424
5.88, 0.16541762737932
5.89, 0.165195304006434
5.90, 0.16497286696929
5.91, 0.164750310856461
5.92, 0.164527645334582
5.93, 0.164304849360021
5.94, 0.164081921005474
5.95, 0.163858844614274
5.96, 0.163635626416899
5.97, 0.163412244832783
5.98, 0.163188703891321
5.99, 0.162964990109498
6.00, 0.162741113964942
6.01, 0.162536374705406
6.02, 0.162353781401357
6.03, 0.162171491005561
6.04, 0.161989488880398
6.05, 0.161807787933117
6.06, 0.161626373656118
6.07, 0.161445246323502
6.08, 0.161264416181452
6.09, 0.161083883683207
6.10, 0.160903634380506
6.11, 0.160723681018005
6.12, 0.160544009076766
6.13, 0.160364619558174
6.14, 0.160185521624412
6.15, 0.160006714439898
6.16, 0.159828188976073
6.17, 0.159649940686298
6.18, 0.159471980652547
6.19, 0.159294296161388
6.20, 0.15911689016813
6.21, 0.158939779757923
6.22, 0.158762934210987
6.23, 0.158586371046433
6.24, 0.158410082781582
6.25, 0.158234065282457
6.26, 0.158058329301677
6.27, 0.157882864230767
6.28, 0.157707679063536
6.29, 0.157532763096086
6.30, 0.157358125426806
6.31, 0.157183743538578
6.32, 0.157009640175562
6.33, 0.156835809956941
6.34, 0.156662237621185
6.35, 0.156488938014253
6.36, 0.156315911954929
6.37, 0.156143136972826
6.38, 0.155970635559619
6.39, 0.155798403770104
6.40, 0.155626423978924
6.41, 0.15545471216702
6.42, 0.15528325913422
6.43, 0.155112072555958
6.44, 0.154941134873364
6.45, 0.154770472118976
6.46, 0.154600056717513
6.47, 0.154429894727045
6.48, 0.154259995202709
6.49, 0.154090350744907
6.50, 0.153920956193555
6.51, 0.153751826345136
6.52, 0.153582936164596
6.53, 0.153414314618145
6.54, 0.153245934466678
6.55, 0.153077801568242
6.56, 0.152909926881973
6.57, 0.152742289568024
6.58, 0.152574918888846
6.59, 0.152407782637616
6.60, 0.152240891562671
6.61, 0.152074254933263
6.62, 0.15190786212093
6.63, 0.151741700647278
6.64, 0.151575803097628
6.65, 0.151410133907984
6.66, 0.151244707101258
6.67, 0.151079527723653
6.68, 0.150914590443464
6.69, 0.150749888706429
6.70, 0.150585426487777
6.71, 0.150421200036263
6.72, 0.150257210069833
6.73, 0.150093465884825
6.74, 0.149929955279002
6.75, 0.14976666916313
6.76, 0.149603626740247
6.77, 0.149440817415634
6.78, 0.149278238814032
6.79, 0.149115901836913
6.80, 0.148953785796217
6.81, 0.148791898536658
6.82, 0.148630250852901
6.83, 0.148468822063517
6.84, 0.148307628776978
6.85, 0.148146664293296
6.86, 0.147985926481638
6.87, 0.147825403526027
6.88, 0.147665115907969
6.89, 0.147505053159191
6.90, 0.147345213083061
6.91, 0.147185596554717
6.92, 0.147026212812417
6.93, 0.146867029778663
6.94, 0.146708088322364
6.95, 0.146549357588267
6.96, 0.146390845617811
6.97, 0.146232563273803
6.98, 0.146074489707446
6.99, 0.145916632978907
7.00, 0.14576846791179
7.01, 0.145640169748986
7.02, 0.145512235774185
7.03, 0.145384671981243
7.04, 0.14525745741708
7.05, 0.145130611772836
7.06, 0.145004112104713
7.07, 0.144877968533827
7.08, 0.14475218853367
7.09, 0.144626751281366
7.10, 0.144501665102682
7.11, 0.144376939276287
7.12, 0.144252552141177
7.13, 0.144128511817656
7.14, 0.144004817612511
7.15, 0.143881467942447
7.16, 0.143758462196478
7.17, 0.143635798442941
7.18, 0.143513486249254
7.19, 0.143391491383333
7.20, 0.14326984677711
7.21, 0.143148538461824
7.22, 0.143027565690622
7.23, 0.14290691792232
7.24, 0.142786612209433
7.25, 0.142666629263405
7.26, 0.142546987104035
7.27, 0.142427664127435
7.28, 0.142308669746929
7.29, 0.142190001043117
7.30, 0.142071668600042
7.31, 0.141953640607275
7.32, 0.14183594668606
7.33, 0.141718573739082
7.34, 0.141601523519129
7.35, 0.141484782185356
7.36, 0.14136836896882
7.37, 0.141252263311009
7.38, 0.141136473590444
7.39, 0.141020999154333
7.40, 0.140905839518417
7.41, 0.14079099165658
7.42, 0.140676455184944
7.43, 0.140562219546124
7.44, 0.140448292857909
7.45, 0.140334685900222
7.46, 0.140221373433344
7.47, 0.14010836950224
7.48, 0.139995657721604
7.49, 0.139883261177481
7.50, 0.139771166862897
7.51, 0.139653100367328
7.52, 0.139535364279605
7.53, 0.139417957946458
7.54, 0.139300869472853
7.55, 0.139184118304814
7.56, 0.139067692459521
7.57, 0.138951571282294
7.58, 0.138835794083482
7.59, 0.138720327820513
7.60, 0.138605174196609
7.61, 0.138490350177985
7.62, 0.138375832683733
7.63, 0.138261634725048
7.64, 0.138147750798925
7.65, 0.13803418275985
7.66, 0.137920918584514
7.67, 0.137807965405664
7.68, 0.13769532592668
7.69, 0.137582996138599
7.70, 0.137470974223142
7.71, 0.137359251738684
7.72, 0.137247835840412
7.73, 0.137136724611967
7.74, 0.137025918687838
7.75, 0.136915405022003
7.76, 0.136805195265009
7.77, 0.136695285544106
7.78, 0.136585676053126
7.79, 0.136476355142378
7.80, 0.13636734340498
7.81, 0.136258616690212
7.82, 0.13615017780247
7.83, 0.136042041545913
7.84, 0.135934189568218
7.85, 0.135826630252326
7.86, 0.13571936163614
7.87, 0.135612373254235
7.88, 0.135505674361546
7.89, 0.135399264391926
7.90, 0.135293140498867
7.91, 0.135187293171497
7.92, 0.135081730729781
7.93, 0.134976452506118
7.94, 0.134871445656152
7.95, 0.134766732919706
7.96, 0.134662281559964
7.97, 0.134558118585369
7.98, 0.134454223518697
7.99, 0.134350609063212
8.00, 0.134247269043
8.01, 0.134144196263292
8.02, 0.134041397839072
8.03, 0.133938874355053
8.04, 0.133836622936173
8.05, 0.13373463416641
8.06, 0.133632916336575
8.07, 0.133531458773908
8.08, 0.133430277904592
8.09, 0.133329359199778
8.10, 0.133228694930312
8.11, 0.133128296622913
8.12, 0.133028174429787
8.13, 0.132928297099629
8.14, 0.132828682835329
8.15, 0.132729329941938
8.16, 0.132630241071979
8.17, 0.132531401335361
8.18, 0.132432819232357
8.19, 0.132334490602345
8.20, 0.132236426135335
8.21, 0.13213860878442
8.22, 0.132041038772845
8.23, 0.131943724721443
8.24, 0.131846663698358
8.25, 0.131749855285795
8.26, 0.131653292107673
8.27, 0.1315569773661
8.28, 0.131460905667906
8.29, 0.131365083263838
8.30, 0.131269508490323
8.31, 0.131174175313304
8.32, 0.131079085637405
8.33, 0.130984234131328
8.34, 0.130889638236005
8.35, 0.130795267553851
8.36, 0.130701149177243
8.37, 0.130607265799624
8.38, 0.130513614888804
8.39, 0.130420213643038
8.40, 0.130327033986506
8.41, 0.130234103121306
8.42, 0.130141400363443
8.43, 0.130048938490154
8.44, 0.129956702796756
8.45, 0.129864700710769
8.46, 0.129772928794413
8.47, 0.129681389634531
8.48, 0.129590083496652
8.49, 0.129499003042095
8.50, 0.129408153404771
8.51, 0.129317526629568
8.52, 0.1292271397392
8.53, 0.129136962470192
8.54, 0.129047016114819
8.55, 0.128957298350485
8.56, 0.12886780561799
8.57, 0.128778532511785
8.58, 0.12868947615231
8.59, 0.128600643465608
8.60, 0.128512036713346
8.61, 0.128423642742406
8.62, 0.12833547264468
8.63, 0.128247516158683
8.64, 0.128159779672468
8.65, 0.128072266762259
8.66, 0.127984960958406
8.67, 0.127897876686807
8.68, 0.127811000547935
8.69, 0.127724333162405
8.70, 0.127637891884515
8.71, 0.127551659219554
8.72, 0.127465631070379
8.73, 0.127379818354818
8.74, 0.127294211176537
8.75, 0.127208816698169
8.76, 0.127123634495984
8.77, 0.127038655403876
8.78, 0.126953889598024
8.79, 0.126869322472207
8.80, 0.126796609880862
8.81, 0.126731042896301
8.82, 0.126665638588868
8.83, 0.12660039192134
8.84, 0.126535310598992
8.85, 0.126470381650008
8.86, 0.126405627316686
8.87, 0.126341014251017
8.88, 0.126276566925706
8.89, 0.126212270243935
8.90, 0.12614813346699
8.91, 0.126084160392255
8.92, 0.126020336703582
8.93, 0.125956663593522
8.94, 0.125893148098297
8.95, 0.125829792768215
8.96, 0.125766585991855
8.97, 0.125703538192664
8.98, 0.125640636510358
8.99, 0.125577882042724
9.00, 0.125515295315806
9.01, 0.125452842593904
9.02, 0.125390545955382
9.03, 0.125328405528853
9.04, 0.125266407303177
9.05, 0.125204554315265
9.06, 0.125142865262273
9.07, 0.125081310276193
9.08, 0.125019905927255
9.09, 0.124958656706332
9.10, 0.124897547734716
9.11, 0.124836580120337
9.12, 0.124775772170746
9.13, 0.124715092488917
9.14, 0.12465456769846
9.15, 0.124594188667571
9.16, 0.124533939214886
9.17, 0.124473847946643
9.18, 0.124413893853283
9.19, 0.124354079599868
9.20, 0.124294413400446
9.21, 0.124234889807264
9.22, 0.124175494672384
9.23, 0.124116246512246
9.24, 0.12405714161008
9.25, 0.123998171863114
9.26, 0.12393934501215
9.27, 0.123880655084588
9.28, 0.123822106338189
9.29, 0.123763691829302
9.30, 0.123705408145845
9.31, 0.123647269218316
9.32, 0.123589268534963
9.33, 0.123531403707026
9.34, 0.123473666095676
9.35, 0.123416071085073
9.36, 0.123358602944509
9.37, 0.123301279088258
9.38, 0.123244080980514
9.39, 0.12318702353045
9.40, 0.12313008341696
9.41, 0.123073289364894
9.42, 0.12301662531305
9.43, 0.122960089493149
9.44, 0.122903687825652
9.45, 0.122847413478955
9.46, 0.122791273430981
9.47, 0.12273526104619
9.48, 0.122679372631349
9.49, 0.122623618945762
9.50, 0.122568000154846
9.51, 0.122512503440132
9.52, 0.122457130719072
9.53, 0.122401891881227
9.54, 0.122346775938864
9.55, 0.122291782882959
9.56, 0.122236919598587
9.57, 0.122182190913334
9.58, 0.122127568878466
9.59, 0.12207309102957
9.60, 0.122018720969904
9.61, 0.121964484107834
9.62, 0.121910372497395
9.63, 0.121856385127533
9.64, 0.121802512703049
9.65, 0.121748769279044
9.66, 0.121695146204698
9.67, 0.121641649022052
9.68, 0.121588268009027
9.69, 0.12153500839603
9.70, 0.121481869141301
9.71, 0.121428850689788
9.72, 0.121375954529665
9.73, 0.121323174621392
9.74, 0.121270513770088
9.75, 0.121217973843899
9.76, 0.121165546976651
9.77, 0.121113246453422
9.78, 0.121061060052128
9.79, 0.121008985451328
9.80, 0.120957036038042
9.81, 0.120905198041512
9.82, 0.120853482243433
9.83, 0.120801876802927
9.84, 0.120750385309564
9.85, 0.120699013217131
9.86, 0.120647749859251
9.87, 0.120596602489987
9.88, 0.120545570773799
9.89, 0.120494659359395
9.90, 0.120443850089498
9.91, 0.120393156493034
9.92, 0.120342583515171
9.93, 0.12029211942127
9.94, 0.120241761999308
9.95, 0.12019152474568
9.96, 0.120141383020974
9.97, 0.12009136694359
9.98, 0.120041448161134
9.99, 0.119991659794417
10.00, 0.119941962176619
10.01, 0.119933226726582
10.02, 0.119922171181002
10.03, 0.119911155892338
10.04, 0.119900161343245
10.05, 0.119889192321757
10.06, 0.119878260531062
10.07, 0.119867351666288
10.08, 0.119856466357534
10.09, 0.119845615629259
10.10, 0.119834792239685
10.11, 0.119824001504983
10.12, 0.1198132355049
10.13, 0.119802494290344
10.14, 0.119791775305385
10.15, 0.119781092757672
10.16, 0.11977044504681
10.17, 0.119759809138175
10.18, 0.119749117688122
10.19, 0.119737080268174
10.20, 0.119725087305629
10.21, 0.119713125664953
10.22, 0.1197011876236
10.23, 0.119689294286193
10.24, 0.119677433867138
10.25, 0.119665607192617
10.26, 0.119653812081991
10.27, 0.119642052262216
10.28, 0.119630324101613
10.29, 0.119618628620101
10.30, 0.11960697644278
10.31, 0.119595345487934
10.32, 0.119583749481445
10.33, 0.119572196919174
10.34, 0.119560662334168
10.35, 0.119549165064889
10.36, 0.119537705964759
10.37, 0.119526274171827
10.38, 0.119514879961104
10.39, 0.119503511119625
10.40, 0.119492182079201
10.41, 0.119480873084652
10.42, 0.119469610366405
10.43, 0.119458366132463
10.44, 0.119447165656856
10.45, 0.119435987433002
10.46, 0.119424846569516
10.47, 0.119413731724444
10.48, 0.119402644526804
10.49, 0.119391603334255
10.50, 0.119380579097427
10.51, 0.119369598444991
10.52, 0.119358637540405
10.53, 0.119347709627355
10.54, 0.119336818940318
10.55, 0.119325953935812
10.56, 0.119315115663337
10.57, 0.11930430852183
10.58, 0.119293536510045
10.59, 0.119282788648326
10.60, 0.119272074070266
10.61, 0.119261390110262
10.62, 0.11925072728713
10.63, 0.11924010458551
10.64, 0.119229500495256
10.65, 0.119218936507255
10.66, 0.119208395468216
10.67, 0.119197894611464
10.68, 0.119187409819545
10.69, 0.119176956939853
10.70, 0.119166534361191
10.71, 0.119156142222793
10.72, 0.119145772921912
10.73, 0.11913543265367
10.74, 0.119125128007166
10.75, 0.119114842800164
10.76, 0.119104584942448
10.77, 0.119094369207446
10.78, 0.11908417292661
10.79, 0.119073994109225
10.80, 0.119063854243622
10.81, 0.119053746173965
10.82, 0.119043653551843
10.83, 0.11903360357291
10.84, 0.119023569115826
10.85, 0.119013563896716
10.86, 0.119003589402942
10.87, 0.1189936336425
10.88, 0.118983712772623
10.89, 0.118973815066012
10.90, 0.118963953872983
10.91, 0.118954109429511
10.92, 0.118944285450624
10.93, 0.118934498092778
10.94, 0.118924739242091
10.95, 0.118915001340529
10.96, 0.118905289110092
10.97, 0.118895605492444
10.98, 0.118885939644496
10.99, 0.118876310250403
11.00, 0.118866699273382
11.01, 0.118857118020503
11.02, 0.118847564675481
11.03, 0.118838035215279
11.04, 0.118828528088341
11.05, 0.118819054236135
11.06, 0.118809600756212
11.07, 0.118800164775564
11.08, 0.118790765949646
11.09, 0.118781383239165
11.10, 0.118772029878503
11.11, 0.118762699314879
11.12, 0.118753398744997
11.13, 0.118744115395008
11.14, 0.118734859875526
11.15, 0.118725628934427
11.16, 0.118716429089865
11.17, 0.118707240687025
11.18, 0.118698094995603
11.19, 0.11868895023191
11.20, 0.118679847270769
11.21, 0.118670756373434
11.22, 0.118661696663857
11.23, 0.118652657052423
11.24, 0.118643648591426
11.25, 0.118634657154801
11.26, 0.118625687360353
11.27, 0.118616751137987
11.28, 0.118607825068832
11.29, 0.118598929148539
11.30, 0.118590057799794
11.31, 0.118581210274971
11.32, 0.118572381639525
11.33, 0.118563579116975
11.34, 0.118554800508713
11.35, 0.118546038173217
11.36, 0.118537302040236
11.37, 0.118528592039396
11.38, 0.118519897244203
11.39, 0.118511239218038
11.40, 0.118502586456162
11.41, 0.118493969365718
11.42, 0.118485366625119
11.43, 0.118476789035874
11.44, 0.118468229433368
11.45, 0.118459700882454
11.46, 0.11845118037549
11.47, 0.118442697362907
11.48, 0.118434225487206
11.49, 0.118425783291001
11.50, 0.118417362287957
11.51, 0.118408958213855
11.52, 0.118400578095338
11.53, 0.118392212454753
11.54, 0.118383882275723
11.55, 0.118375557107765
11.56, 0.11836725687828
11.57, 0.118358989685954
11.58, 0.118350741743779
11.59, 0.11834250408641
11.60, 0.118334293704616
11.61, 0.118326108496646
11.62, 0.11831793733324
11.63, 0.118309787039824
11.64, 0.118301653550735
11.65, 0.118293546314392
11.66, 0.118285460127295
11.67, 0.118277400145462
11.68, 0.118269354466389
11.69, 0.11826132349407
11.70, 0.118253325125792
11.71, 0.118245330559946
11.72, 0.118237372328818
11.73, 0.118229426878779
11.74, 0.118221507236516
11.75, 0.11821359714159
11.76, 0.118205712032482
11.77, 0.118197846586178
11.78, 0.118190009112123
11.79, 0.118182175543103
11.80, 0.118174368610591
11.81, 0.118166584954757
11.82, 0.11815882314967
11.83, 0.118151076799113
11.84, 0.118143350319753
11.85, 0.118135641950384
11.86, 0.11812794505148
11.87, 0.118120281575829
11.88, 0.11811263009692
11.89, 0.118104993639956
11.90, 0.118097378649629
11.91, 0.11808978717835
11.92, 0.118082211478433
11.93, 0.118074658866894
11.94, 0.118067115588048
11.95, 0.118059599701743
11.96, 0.118052104745508
11.97, 0.118044621420589
11.98, 0.118037152851351
11.99, 0.11802971953886
12.00, 0.118022282991672
12.01, 0.118014873975693
12.02, 0.118007487678509
12.03, 0.11800011247222
12.04, 0.117992759930047
12.05, 0.117985430174518
12.06, 0.117978115934676
12.07, 0.117970811719664
12.08, 0.117963530358351
12.09, 0.117956271772914
12.10, 0.117949023856841
12.11, 0.117941800989344
12.12, 0.117934587779135
12.13, 0.117927390139255
12.14, 0.11792021422885
12.15, 0.117913057068376
12.16, 0.117905916515831
12.17, 0.117898796306898
12.18, 0.117891697813595
12.19, 0.117884604641857
12.20, 0.117877526942516
12.21, 0.117870477508362
12.22, 0.117863446973458
12.23, 0.117856417782016
12.24, 0.117849423239562
12.25, 0.117842440760332
12.26, 0.117835470265087
12.27, 0.1178285176173
12.28, 0.117821580673989
12.29, 0.117814664225862
12.30, 0.117807769365969
12.31, 0.117800876592674
12.32, 0.117794015348263
12.33, 0.117787166330946
12.34, 0.117780326754251
12.35, 0.117773510895439
12.36, 0.117766705195282
12.37, 0.117759922674889
12.38, 0.117753149674878
12.39, 0.117746398443602
12.40, 0.117739658900738
12.41, 0.117732942616488
12.42, 0.117726235931171
12.43, 0.117719550514841
12.44, 0.117712876864876
12.45, 0.117706224422579
12.46, 0.117699583307182
12.47, 0.117692951309236
12.48, 0.117686342705036
12.49, 0.117679753256386
12.50, 0.117673167339436
12.51, 0.117666609937845
12.52, 0.117660066105621
12.53, 0.117653529475678
12.54, 0.117647017803089
12.55, 0.117640512792023
12.56, 0.11763403122481
12.57, 0.117627560713291
12.58, 0.117621100975844
12.59, 0.117614662130776
12.60, 0.117608244296328
12.61, 0.117601834684066
12.62, 0.117595436596696
12.63, 0.117589061024858
12.64, 0.117582693729312
12.65, 0.117576350241165
12.66, 0.117570014387043
12.67, 0.117563699669317
12.68, 0.117557395427687
12.69, 0.117551101679789
12.70, 0.11754482854319
12.71, 0.117538566124394
12.72, 0.117532323962839
12.73, 0.117526090336295
12.74, 0.117519879130278
12.75, 0.117513676104826
12.76, 0.117507495823326
12.77, 0.117501313756688
12.78, 0.117495163890174
12.79, 0.117489012272565
12.80, 0.117482880760393
12.81, 0.117476771888128
12.82, 0.117470670926363
12.83, 0.117464580220444
12.84, 0.117458519687049
12.85, 0.117452458953797
12.86, 0.117446406397638
12.87, 0.117440375903278
12.88, 0.117434363518942
12.89, 0.117428352940212
12.90, 0.117422370504196
12.91, 0.117416392034959
12.92, 0.117410426905675
12.93, 0.117404484224897
12.94, 0.117398553141701
12.95, 0.117392629703896
12.96, 0.117386726345045
12.97, 0.117380832503049
12.98, 0.117374946354146
12.99, 0.117369086139538
13.00, 0.117363229392327
13.01, 0.1173573943536
13.02, 0.117351568910365
13.03, 0.117345750949574
13.04, 0.117339954743936
13.05, 0.117334175762685
13.06, 0.117328398567418
13.07, 0.117322638627256
13.08, 0.117316888086081
13.09, 0.117311159087717
13.10, 0.11730543729012
13.11, 0.117299722908403
13.12, 0.117294032243433
13.13, 0.117288346406795
13.14, 0.117282684127853
13.15, 0.117277026707086
13.16, 0.117271383162748
13.17, 0.11726575421721
13.18, 0.117260136660018
13.19, 0.117254536248644
13.20, 0.117248936965924
13.21, 0.117243364858224
13.22, 0.117237793619277
13.23, 0.117232241612947
13.24, 0.117226694218446
13.25, 0.117221168213954
13.26, 0.117215653235786
13.27, 0.117210144840999
13.28, 0.11720465556141
13.29, 0.117199175122183
13.30, 0.11719371343743
13.31, 0.117188250721213
13.32, 0.117182806887544
13.33, 0.117177379721781
13.34, 0.117171963306045
13.35, 0.117166555814595
13.36, 0.11716115484364
13.37, 0.117155774664153
13.38, 0.117150400932643
13.39, 0.117145048019984
13.40, 0.117139701782587
13.41, 0.117134363873627
13.42, 0.117129046724231
13.43, 0.117123736001665
13.44, 0.117118433936961
13.45, 0.117113150065498
13.46, 0.117107872850005
13.47, 0.117102606271976
13.48, 0.117097357927046
13.49, 0.117092108017407
13.50, 0.117086888495809
13.51, 0.117081673278538
13.52, 0.117076458475462
13.53, 0.11707126974238
13.54, 0.117066081449462
13.55, 0.117060909352416
13.56, 0.117055755592718
13.57, 0.117050599794195
13.58, 0.117045464587232
13.59, 0.117040335138359
13.60, 0.117035226306475
13.61, 0.11703012345802
13.62, 0.117025028345203
13.63, 0.117019949529979
13.64, 0.117014870604073
13.65, 0.117009822068958
13.66, 0.117004767351251
13.67, 0.116999734688753
13.68, 0.116994705779393
13.69, 0.116989694692678
13.70, 0.11698468395847
13.71, 0.11697969078238
13.72, 0.116974713825976
13.73, 0.116969746580598
13.74, 0.116964774801126
13.75, 0.116959833534815
13.76, 0.116954887369462
13.77, 0.116949959323634
13.78, 0.11694505114886
13.79, 0.116940136371206
13.80, 0.116935243516932
13.81, 0.11693035399442
13.82, 0.116925476707844
13.83, 0.116920614705113
13.84, 0.116915760326508
13.85, 0.116910921544064
13.86, 0.116906082337587
13.87, 0.116901260690031
13.88, 0.116896446901917
13.89, 0.116891648278118
13.90, 0.116886859276285
13.91, 0.116882077590213
13.92, 0.116877301580661
13.93, 0.116872544749162
13.94, 0.11686779371679
13.95, 0.116863049656397
13.96, 0.11685832296819
13.97, 0.116853605980945
13.98, 0.116848894259583
13.99, 0.116844201783408
14.00, 0.116839502366663
14.01, 0.116834822506179
14.02, 0.116830159695334
14.03, 0.116825494334071
14.04, 0.116820846144298
14.05, 0.116816205036884
14.06, 0.116811571411663
14.07, 0.116806952472827
14.08, 0.116802342877345
14.09, 0.116797740796336
14.10, 0.116793153144884
14.11, 0.116788565057848
14.12, 0.116784001810635
14.13, 0.116779437671035
14.14, 0.116774878581382
14.15, 0.116770346202789
14.16, 0.116765813152335
14.17, 0.116761284994248
14.18, 0.116756775896141
14.19, 0.116752271711173
14.20, 0.116747772160679
14.21, 0.116743293829768
14.22, 0.116738807925289
14.23, 0.116734345489493
14.24, 0.116729893471951
14.25, 0.116725438168636
14.26, 0.116721004135886
14.27, 0.11671657451998
14.28, 0.116712159619981
14.29, 0.116707741763518
14.30, 0.116703344739794
14.31, 0.116698947715747
14.32, 0.116694561933327
14.33, 0.116690192945217
14.34, 0.11668583047228
14.35, 0.116681474624343
14.36, 0.116677133282599
14.37, 0.116672798485415
14.38, 0.116668462660126
14.39, 0.116664148952619
14.40, 0.116659834047371
14.41, 0.116655537754019
14.42, 0.116651247964561
14.43, 0.116646960420359
14.44, 0.116642681427766
14.45, 0.116638417028082
14.46, 0.116634165356199
14.47, 0.116629913749939
14.48, 0.116625680633132
14.49, 0.116621453886558
14.50, 0.11661722361957
14.51, 0.116613017612884
14.52, 0.116608807815398
14.53, 0.116604616553975
14.54, 0.116600433837846
14.55, 0.116596253101399
14.56, 0.116592080739617
14.57, 0.11658792269343
14.58, 0.116583770811554
14.59, 0.11657962510307
14.60, 0.116575485677027
14.61, 0.116571362253447
14.62, 0.11656723957653
14.63, 0.116563138851822
14.64, 0.116559034056465
14.65, 0.116554935299363
14.66, 0.116550853167391
14.67, 0.116546778831
14.68, 0.116542706491194
14.69, 0.116538654382181
14.70, 0.116534604387302
14.71, 0.116530552223104
14.72, 0.116526526158685
14.73, 0.116522498520326
14.74, 0.116518482452861
14.75, 0.116514472311119
14.76, 0.116510470143296
14.77, 0.11650647411835
14.78, 0.116502489887611
14.79, 0.116498507813608
14.80, 0.116494537261801
14.81, 0.116490582886852
14.82, 0.116486628665398
14.83, 0.116482675891421
14.84, 0.116478739030501
14.85, 0.11647480983059
14.86, 0.116470894720797
14.87, 0.116466977577623
14.88, 0.116463073863126
14.89, 0.116459178231753
14.90, 0.116455283916905
14.91, 0.116451397601579
14.92, 0.116447526876334
14.93, 0.116443661849302
14.94, 0.116439802717593
14.95, 0.116435951428892
14.96, 0.116432111405443
14.97, 0.116428269341091
14.98, 0.116424442815236
14.99, 0.116420629618254
15.00, 0.116416814493307
15.01, 0.116413004741721
15.02, 0.116409212789003
15.03, 0.11640542206822
15.04, 0.11640163490483
15.05, 0.116397859632078
15.06, 0.116394097543351
15.07, 0.116390337006825
15.08, 0.116386588384276
15.09, 0.116382840840412
15.10, 0.116379108840147
15.11, 0.116375374419767
15.12, 0.116371653329721
15.13, 0.116367937806245
15.14, 0.116364227467949
15.15, 0.116360534740022
15.16, 0.116356835372815
15.17, 0.11635315131347
15.18, 0.116349472469502
15.19, 0.116345809137398
15.20, 0.116342141035626
15.21, 0.116338490689233
15.22, 0.116334831330825
15.23, 0.116331189064611
15.24, 0.116327560218755
15.25, 0.116323930997421
15.26, 0.116320314533122
15.27, 0.116316703450766
15.28, 0.116313098046634
15.29, 0.116309497260985
15.30, 0.11630590003945
15.31, 0.116302317839846
15.32, 0.116298742797969
15.33, 0.116295173081381
15.34, 0.116291606379625
15.35, 0.116288046857032
15.36, 0.1162845023921
15.37, 0.116280961152303
15.38, 0.116277427112908
15.39, 0.116273895834742
15.40, 0.116270369831421
15.41, 0.116266848731938
15.42, 0.116263352832263
15.43, 0.116259844067949
15.44, 0.116256346260109
15.45, 0.116252867441068
15.46, 0.116249381720895
15.47, 0.116245912974662
15.48, 0.116242447052003
15.49, 0.116238984048738
15.50, 0.116235528139875
15.51, 0.116232079421193
15.52, 0.11622864326424
15.53, 0.116225200253755
15.54, 0.116221786004266
15.55, 0.116218364525655
15.56, 0.116214946213597
15.57, 0.116211534653956
15.58, 0.116208138013761
15.59, 0.116204743882022
15.60, 0.11620135681154
15.61, 0.116197974680285
15.62, 0.116194597305809
15.63, 0.116191232755041
15.64, 0.116187874902702
15.65, 0.116184509698078
15.66, 0.116181169565246
15.67, 0.116177825861263
15.68, 0.116174485013354
15.69, 0.116171161096144
15.70, 0.116167831787421
15.71, 0.116164513036352
15.72, 0.116161213263711
15.73, 0.116157905801021
15.74, 0.116154605489808
15.75, 0.116151315472556
15.76, 0.116148034069962
15.77, 0.116144755580473
15.78, 0.116141483500538
15.79, 0.11613821434617
15.80, 0.116134957256573
15.81, 0.116131696973139
15.82, 0.116128453513034
15.83, 0.116125212614196
15.84, 0.116121973804754
15.85, 0.11611875405463
15.86, 0.116115524666499
15.87, 0.116112311832246
15.88, 0.116109103340322
15.89, 0.11610589754616
15.90, 0.116102700263589
15.91, 0.116099505401798
15.92, 0.116096312866769
15.93, 0.11609313499307
15.94, 0.116089963626251
15.95, 0.116086796443638
15.96, 0.116083631711536
15.97, 0.116080471664442
15.98, 0.116077330076441
15.99, 0.116074188638972
16.00, 0.116071043543689
16.01, 0.116067911028206
16.02, 0.116064784866537
16.03, 0.116061661007261
16.04, 0.116058551484752
16.05, 0.116055436015766
16.06, 0.116052337312641
16.07, 0.116049240834888
16.08, 0.116046150556419
16.09, 0.116043060386105
16.10, 0.116039976715428
16.11, 0.116036907521434
16.12, 0.116033844449363
16.13, 0.116030773636624
16.14, 0.116027719157026
16.15, 0.116024674430342
16.16, 0.116021624108348
16.17, 0.116018582553803
16.18, 0.116015552608431
16.19, 0.116012527184354
16.20, 0.116009495798075
16.21, 0.116006488655079
16.22, 0.116003475560838
16.23, 0.116000466720803
16.24, 0.115997470200809
16.25, 0.115994469585486
16.26, 0.115991480823032
16.27, 0.115988498654044
16.28, 0.115985520566291
16.29, 0.115982544347529
16.30, 0.115979584449307
16.31, 0.115976618459348
16.32, 0.115973666571964
16.33, 0.115970716574844
16.34, 0.115967772919478
16.35, 0.115964831353921
16.36, 0.115961895462631
16.37, 0.115958961771632
16.38, 0.115956044154353
16.39, 0.115953128547786
16.40, 0.11595020883633
16.41, 0.115947301245946
16.42, 0.115944407621398
16.43, 0.115941507578828
16.44, 0.115938611901364
16.45, 0.115935730205117
16.46, 0.11593284423479
16.47, 0.115929970227257
16.48, 0.115927102344796
16.49, 0.115924236235249
16.50, 0.115921383943261
16.51, 0.115918525562856
16.52, 0.115915681299042
16.53, 0.115912830667815
16.54, 0.115909993774155
16.55, 0.115907161012028
16.56, 0.115904332186385
16.57, 0.115901506924164
16.58, 0.115898695608289
16.59, 0.115895878054666
16.60, 0.115893072428588
16.61, 0.115890272414142
16.62, 0.115887468594195
16.63, 0.115884681981183
16.64, 0.115881893600965
16.65, 0.11587911114076
16.66, 0.115876337830568
16.67, 0.115873560549997
16.68, 0.115870787364225
16.69, 0.115868035571418
16.70, 0.115865277204936
16.71, 0.115862527304728
16.72, 0.115859774554501
16.73, 0.115857029501992
16.74, 0.115854300412296
16.75, 0.115851558875686
16.76, 0.115848835050855
16.77, 0.115846112945653
16.78, 0.11584339440433
16.79, 0.115840681560126
16.80, 0.115837970160453
16.81, 0.115835274756127
16.82, 0.115832570805534
16.83, 0.115829880441861
16.84, 0.115827195698278
16.85, 0.115824512522135
16.86, 0.115821833135577
16.87, 0.115819159293738
16.88, 0.115816484704323
16.89, 0.115813825857647
16.90, 0.115811172758203
16.91, 0.115808511153259
16.92, 0.11580586501549
16.93, 0.115803218252536
16.94, 0.115800575026045
16.95, 0.115797939797655
16.96, 0.115795315796968
16.97, 0.11579268505699
16.98, 0.115790057971112
16.99, 0.115787444543712
17.00, 0.115784834590155
17.01, 0.115782227814794
17.02, 0.115779624810971
17.03, 0.11577702306541
17.04, 0.115774428968241
17.05, 0.115771844198349
17.06, 0.115769255056841
17.07, 0.115766676801788
17.08, 0.115764104372667
17.09, 0.115761537484734
17.10, 0.115758969756419
17.11, 0.115756405349165
17.12, 0.115753846595796
17.13, 0.115751291271915
17.14, 0.115748747153116
17.15, 0.115746206183187
17.16, 0.115743662912511
17.17, 0.115741128830833
17.18, 0.115738598199509
17.19, 0.11573607073368
17.20, 0.115733550883681
17.21, 0.115731040050209
17.22, 0.115728522583577
17.23, 0.115726020716481
17.24, 0.115723509906795
17.25, 0.115721012287192
17.26, 0.11571851815073
17.27, 0.115716029241061
17.28, 0.115713541505012
17.29, 0.115711059292816
17.30, 0.115708588162278
17.31, 0.115706110246004
17.32, 0.11570364767659
17.33, 0.115701176389807
17.34, 0.115698716011625
17.35, 0.115696263020813
17.36, 0.115693809295903
17.37, 0.115691360648644
17.38, 0.115688915532355
17.39, 0.115686485401557
17.40, 0.115684046491943
17.41, 0.115681620736012
17.42, 0.115679200077249
17.43, 0.115676768711714
17.44, 0.115674352451079
17.45, 0.115671949070592
17.46, 0.115669527223486
17.47, 0.115667132521403
17.48, 0.11566472868235
17.49, 0.115662335999135
17.50, 0.115659938632762
17.51, 0.115657554369416
17.52, 0.115655173012873
17.53, 0.115652782827294
17.54, 0.115650417784645
17.55, 0.115648045760066
17.56, 0.115645674817689
17.57, 0.115643311258053
17.58, 0.115640946370454
17.59, 0.115638596644411
17.60, 0.11563624782641
17.61, 0.115633894366344
17.62, 0.11563155153268
17.63, 0.11562921397529
17.64, 0.115626879658224
17.65, 0.115624548007128
17.66, 0.115622227675032
17.67, 0.115619900016164
17.68, 0.115617577551746
17.69, 0.115615266028172
17.70, 0.115612957288642
17.71, 0.115610643943347
17.72, 0.115608351360654
17.73, 0.115606043601337
17.74, 0.115603756989745
17.75, 0.115601465408633
17.76, 0.115599174404329
17.77, 0.115596886597966
17.78, 0.115594611793062
17.79, 0.11559233183273
17.80, 0.11559006295226
17.81, 0.115587796505746
17.82, 0.115585535592273
17.83, 0.115583272962499
17.84, 0.115581017712303
17.85, 0.115578763070324
17.86, 0.115576511557609
17.87, 0.115574272599593
17.88, 0.115572026777698
17.89, 0.115569793706341
17.90, 0.115567565617532
17.91, 0.115565326128855
17.92, 0.115563101629511
17.93, 0.115560880183273
17.94, 0.115558661415513
17.95, 0.115556447547193
17.96, 0.115554242195854
17.97, 0.11555203195065
17.98, 0.115549834197312
17.99, 0.115547627488559
18.00, 0.115545435506916
18.01, 0.11554323844469
18.02, 0.11554105224797
18.03, 0.115538866720047
18.04, 0.115536685832408
18.05, 0.115534507948722
18.06, 0.115532340454648
18.07, 0.115530167999648
18.08, 0.115527998169364
18.09, 0.115525841156034
18.10, 0.115523674934281
18.11, 0.115521523475533
18.12, 0.115519374654399
18.13, 0.115517226534477
18.14, 0.115515083187169
18.15, 0.115512940358453
18.16, 0.115510802597715
18.17, 0.11550866739052
18.18, 0.115506532711424
18.19, 0.115504412820788
18.20, 0.115502283653548
18.21, 0.115500169381047
18.22, 0.115498055260204
18.23, 0.115495936129348
18.24, 0.115493829773984
18.25, 0.115491723868612
18.26, 0.115489620544929
18.27, 0.115487522134626
18.28, 0.115485434039074
18.29, 0.115483338778946
18.30, 0.115481258196909
18.31, 0.115479170211913
18.32, 0.115477080525294
18.33, 0.115475007799008
18.34, 0.115472933521668
18.35, 0.115470865966213
18.36, 0.115468798849844
18.37, 0.115466734448672
18.38, 0.115464672521195
18.39, 0.115462615299007
18.40, 0.115460558672383
18.41, 0.115458514383902
18.42, 0.115456462825531
18.43, 0.115454423855729
18.44, 0.115452379461553
18.45, 0.115450345577736
18.46, 0.115448314146821
18.47, 0.115446285316235
18.48, 0.115444261117503
18.49, 0.115442232994623
18.50, 0.115440214011124
18.51, 0.115438195121989
18.52, 0.115436178847712
18.53, 0.115434175191176
18.54, 0.115432161782153
18.55, 0.115430165209322
18.56, 0.115428158934234
18.57, 0.11542616297074
18.58, 0.115424173796499
18.59, 0.115422182855433
18.60, 0.11542019870929
18.61, 0.115418212757476
18.62, 0.115416231333122
18.63, 0.115414252310431
18.64, 0.115412285892207
18.65, 0.115410309508139
18.66, 0.115408348007223
18.67, 0.115406378774636
18.68, 0.115404419784546
18.69, 0.115402455585928
18.70, 0.115400503663937
18.71, 0.115398554121324
18.72, 0.115396606960833
18.73, 0.115394660245599
18.74, 0.115392715773457
18.75, 0.115390785964733
18.76, 0.115388848304541
18.77, 0.115386911200485
18.78, 0.115384978378977
18.79, 0.115383058058608
18.80, 0.115381127913463
18.81, 0.115379210074828
18.82, 0.115377296873982
18.83, 0.115375383756385
18.84, 0.115373475281907
18.85, 0.115371566995994
18.86, 0.115369663114001
18.87, 0.115367761654467
18.88, 0.115365860246921
18.89, 0.115363961267094
18.90, 0.115362074473108
18.91, 0.115360182240681
18.92, 0.115358302443816
18.93, 0.11535641256751
18.94, 0.115354535276461
18.95, 0.115352660139758
18.96, 0.11535077720448
18.97, 0.115348908846307
18.98, 0.115347042794703
18.99, 0.115345176679124
19.00, 0.115343320891126
19.01, 0.115341459445966
19.02, 0.115339602446186
19.03, 0.115337745492612
19.04, 0.115335902989483
19.05, 0.115334050726612
19.06, 0.11533221040162
19.07, 0.115330372650518
19.08, 0.115328524858204
19.09, 0.115326693557489
19.10, 0.115324862320551
19.11, 0.115323035407084
19.12, 0.115321208851356
19.13, 0.115319384250946
19.14, 0.115317561897318
19.15, 0.115315741848432
19.16, 0.115313933906743
19.17, 0.115312118219197
19.18, 0.115310312615132
19.19, 0.115308501354191
19.20, 0.115306692165699
19.21, 0.115304897369682
19.22, 0.115303100438247
19.23, 0.115301307959615
19.24, 0.115299517507587
19.25, 0.115297731368666
19.26, 0.115295943103932
19.27, 0.115294159201585
19.28, 0.115292379564006
19.29, 0.115290597763256
19.30, 0.115288820332016
19.31, 0.115287055044046
19.32, 0.115285279728599
19.33, 0.115283518545234
19.34, 0.115281749612192
19.35, 0.115279992687313
19.36, 0.115278235988825
19.37, 0.115276471203161
19.38, 0.115274722889852
19.39, 0.115272974465401
19.40, 0.115271228060722
19.41, 0.115269481794017
19.42, 0.115267749780292
19.43, 0.115266007620132
19.44, 0.115264269762034
19.45, 0.115262531662071
19.46, 0.115260807968728
19.47, 0.115259074138066
19.48, 0.11525735447406
19.49, 0.115255624821759
19.50, 0.115253909440627
19.51, 0.115252193831204
19.52, 0.115250472497439
19.53, 0.115248763068467
19.54, 0.115247055791019
19.55, 0.115245348438716
19.56, 0.115243640969279
19.57, 0.115241949770737
19.58, 0.115240248503985
19.59, 0.115238551383937
19.60, 0.115236854055583
19.61, 0.115235171022825
19.62, 0.115233480014747
19.63, 0.115231798804926
19.64, 0.115230109524145
19.65, 0.115228432374575
19.66, 0.115226759186987
19.67, 0.115225076150834
19.68, 0.11522340703648
19.69, 0.115221737733367
19.70, 0.11522007270085
19.71, 0.115218405255256
19.72, 0.115216744068635
19.73, 0.115215092746307
19.74, 0.115213433429998
19.75, 0.115211778194933
19.76, 0.115210122641518
19.77, 0.115208481273568
19.78, 0.115206827707377
19.79, 0.115205188086355
19.80, 0.115203542512595
19.81, 0.115201906775477
19.82, 0.115200270977086
19.83, 0.115198641360811
19.84, 0.115197011442913
19.85, 0.11519538548267
19.86, 0.11519374729633
19.87, 0.11519213524487
19.88, 0.115190510971426
19.89, 0.115188892692462
19.90, 0.115187274324209
19.91, 0.115185655668706
19.92, 0.115184051129693
19.93, 0.1151824405202
19.94, 0.115180839729541
19.95, 0.115179228659735
19.96, 0.115177633654108
19.97, 0.115176028517857
19.98, 0.115174435192588
19.99, 0.115172841596198
20.00, 0.115171254216493
20.01, 0.11516965656965
20.02, 0.115168068613153
20.03, 0.115166484606192
20.04, 0.11516490459524
20.05, 0.115163322296456
20.06, 0.115161751724513
20.07, 0.115160177283081
20.08, 0.115158600515199
20.09, 0.115157037508631
20.10, 0.11515546658122
20.11, 0.115153907245908
20.12, 0.115152337809528
20.13, 0.11515078219772
20.14, 0.11514921832831
20.15, 0.11514766644772
20.16, 0.11514611641337
20.17, 0.115144565998568
20.18, 0.115143019317935
20.19, 0.115141472605165
20.20, 0.115139929674869
20.21, 0.115138388600338
20.22, 0.115136849238963
20.23, 0.115135311781632
20.24, 0.115133776041226
20.25, 0.115132239935521
20.26, 0.115130715550492
20.27, 0.115129185305615
20.28, 0.115127664456544
20.29, 0.115126139835453
20.30, 0.115124620456676
20.31, 0.115123097109586
20.32, 0.115121585494321
20.33, 0.115120073628619
20.34, 0.115118567655631
20.35, 0.115117047078671
20.36, 0.115115542498087
20.37, 0.115114039658498
20.38, 0.115112536477619
20.39, 0.115111034941371
20.40, 0.11510953728017
20.41, 0.115108051511721
20.42, 0.115106555264722
20.43, 0.115105062753681
20.44, 0.115103569912185
20.45, 0.115102088826128
20.46, 0.115100601525902
20.47, 0.11509912385608
20.48, 0.11509763997565
20.49, 0.115096165629176
20.50, 0.115094693147032
20.51, 0.115093212086484
20.52, 0.115091742938294
20.53, 0.115090277543823
20.54, 0.115088813820719
20.55, 0.115087349742128
20.56, 0.115085887193899
20.57, 0.115084426566773
20.58, 0.115082967328985
20.59, 0.115081512144374
20.60, 0.115080056368459
20.61, 0.11507860223157
20.62, 0.115077161908529
20.63, 0.115075711099347
20.64, 0.115074261978839
20.65, 0.115072824648713
20.66, 0.115071388721675
20.67, 0.115069946717029
20.68, 0.115068504134762
20.69, 0.115067073349672
20.70, 0.115065644118947
20.71, 0.115064206544271
20.72, 0.115062790527326
20.73, 0.115061358298392
20.74, 0.115059935646434
20.75, 0.11505851238412
20.76, 0.115057095087928
20.77, 0.115055674956103
20.78, 0.115054270993718
20.79, 0.115052846227615
20.80, 0.115051443277048
20.81, 0.115050033983265
20.82, 0.115048622006597
20.83, 0.115047223734495
20.84, 0.115045817139988
20.85, 0.115044422224706
20.86, 0.115043018745778
20.87, 0.115041626849325
20.88, 0.115040226636968
20.89, 0.11503883796582
20.90, 0.115037440881995
20.91, 0.115036053113996
20.92, 0.11503467129374
20.93, 0.11503328680841
20.94, 0.115031908129521
20.95, 0.115030526788748
20.96, 0.115029151113098
20.97, 0.115027773023241
20.98, 0.11502639827307
20.99, 0.115025025224561
21.00, 0.115023653879287
21.01, 0.115022283849822
21.02, 0.115020925526731
21.03, 0.11501955866708
21.04, 0.115018191288324
21.05, 0.115016839688833
21.06, 0.115015473216139
21.07, 0.115014122425813
21.08, 0.115012763251193
21.09, 0.115011417777926
21.10, 0.115010067348633
21.11, 0.115008712696872
21.12, 0.115007367593862
21.13, 0.115006028082444
21.14, 0.115004688067331
21.15, 0.115003349389648
21.16, 0.115002010266808
21.17, 0.115000672528932
21.18, 0.114999340634739
21.19, 0.114998006071319
21.20, 0.114996674981489
21.21, 0.114995345382646
21.22, 0.114994012974579
21.23, 0.114992698590803
21.24, 0.114991371256287
21.25, 0.114990045563227
21.26, 0.114988735581316
21.27, 0.114987412697617
21.28, 0.114986101415314
21.29, 0.114984783764487
21.30, 0.114983477429002
21.31, 0.114982162743825
21.32, 0.11498085927692
21.33, 0.114979553161539
21.34, 0.114978252813556
21.35, 0.114976943788216
21.36, 0.114975644147366
21.37, 0.114974348105161
21.38, 0.114973051305836
21.39, 0.114971756123937
21.40, 0.1149704623164
21.41, 0.114969171868765
21.42, 0.114967883042857
21.43, 0.114966593467001
21.44, 0.114965317499829
21.45, 0.114964030785553
21.46, 0.114962747682801
21.47, 0.114961463835778
21.48, 0.114960191474501
21.49, 0.114958912628981
21.50, 0.114957643043417
21.51, 0.114956364803314
21.52, 0.114955100227675
21.53, 0.114953824871688
21.54, 0.114952563038454
21.55, 0.114951300572154
21.56, 0.114950029358279
21.57, 0.114948769642711
21.58, 0.114947511226831
21.59, 0.114946256540621
21.60, 0.11494500311235
21.61, 0.114943750943389
21.62, 0.114942496166898
21.63, 0.114941244781054
21.64, 0.114939994658614
21.65, 0.114938746045437
21.66, 0.114937500926984
21.67, 0.114936257120502
21.68, 0.114935010525633
21.69, 0.11493377935814
21.70, 0.114932537678054
21.71, 0.11493129717082
21.72, 0.114930068182276
21.73, 0.114928830469256
21.74, 0.114927596261696
21.75, 0.114926371303716
21.76, 0.114925147669747
21.77, 0.114923917400715
21.78, 0.114922696529731
21.79, 0.114921474813613
21.80, 0.114920246510884
21.81, 0.114919029594249
21.82, 0.114917814109517
21.83, 0.114916601997597
21.84, 0.114915389027084
21.85, 0.114914177417882
21.86, 0.114912957275785
21.87, 0.11491174834309
21.88, 0.114910550745585
21.89, 0.114909346603164
21.90, 0.114908131525404
21.91, 0.11490693793119
21.92, 0.114905733558698
21.93, 0.114904532511913
21.94, 0.114903342818005
21.95, 0.114902144303744
21.96, 0.1149009473094
21.97, 0.114899761497237
21.98, 0.114898567043017
21.99, 0.114897373783502
22.00, 0.114896194013052
22.01, 0.114895003465713
22.02, 0.114893821998236
22.03, 0.114892644013579
22.04, 0.114891457239884
22.05, 0.114890279704289
22.06, 0.114889107639349
22.07, 0.114887934794987
22.08, 0.114886753166544
22.09, 0.114885580636648
22.10, 0.114884411598237
22.11, 0.114883243769433
22.12, 0.114882075187357
22.13, 0.114880914213148
22.14, 0.114879748076399
22.15, 0.114878583308638
22.16, 0.114877423869289
22.17, 0.114876261554145
22.18, 0.114875112595728
22.19, 0.114873954856638
22.20, 0.114872798502579
22.21, 0.114871651107147
22.22, 0.114870497227749
22.23, 0.114869344562475
22.24, 0.114868202998019
22.25, 0.114867050675965
22.26, 0.11486591173021
22.27, 0.114864766141939
22.28, 0.114863625417917
22.29, 0.114862480047845
22.30, 0.114861346064691
22.31, 0.114860213170631
22.32, 0.114859069547232
22.33, 0.114857939143872
22.34, 0.114856809987613
22.35, 0.114855682079621
22.36, 0.114854555421057
22.37, 0.114853417739976
22.38, 0.114852293439244
22.39, 0.11485117039141
22.40, 0.114850046459023
22.41, 0.11484892577594
22.42, 0.1148478042106
22.43, 0.114846685886855
22.44, 0.114845578976244
22.45, 0.114844463016405
22.46, 0.114843344224768
22.47, 0.114842230797883
22.48, 0.114841128479675
22.49, 0.114840017425774
22.50, 0.114838907492805
22.51, 0.114837806697791
22.52, 0.114836699154561
22.53, 0.114835600751528
22.54, 0.114834491345309
22.55, 0.114833397322832
22.56, 0.114832294562501
22.57, 0.114831202930926
22.58, 0.114830100435112
22.59, 0.114829011064372
22.60, 0.114827920831602
22.61, 0.114826821876505
22.62, 0.114825736039786
22.63, 0.114824651482936
22.64, 0.114823565933945
22.65, 0.114822483641112
22.66, 0.114821400358318
22.67, 0.114820318215255
22.68, 0.114819229331611
22.69, 0.114818149605759
22.70, 0.114817070878384
22.71, 0.114816005578168
22.72, 0.114814929129978
22.73, 0.114813856101094
22.74, 0.114812781946379
22.75, 0.114811711203111
22.76, 0.114810639336146
22.77, 0.114809578774152
22.78, 0.114808511327796
22.79, 0.114807452905429
22.80, 0.114806385646711
22.81, 0.114805321661302
22.82, 0.11480425867715
22.83, 0.114803204865701
22.84, 0.114802152067608
22.85, 0.114801090418416
22.86, 0.114800042057774
22.87, 0.114798982585013
22.88, 0.114797934274279
22.89, 0.114796889245212
22.90, 0.114795833097138
22.91, 0.114794788124195
22.92, 0.114793746436016
22.93, 0.114792691503319
22.94, 0.114791649867441
22.95, 0.114790611384906
22.96, 0.114789571944028
22.97, 0.114788533664431
22.98, 0.114787498541236
22.99, 0.114786462308251
23.00, 0.114785427249592
23.01, 0.114784395340375
23.02, 0.114783360350296
23.03, 0.114782330650279
23.04, 0.114781299980016
23.05, 0.114780280364613
23.06, 0.114779253893676
23.07, 0.114778224202391
23.08, 0.114777197822064
23.09, 0.114776184599193
23.10, 0.114775160422058
23.11, 0.114774137285756
23.12, 0.114773125046774
23.13, 0.114772106258202
23.14, 0.114771096240314
23.15, 0.114770075128594
23.16, 0.114769069464334
23.17, 0.114768052708197
23.18, 0.114767046989764
23.19, 0.114766042330009
23.20, 0.114765028699903
23.21, 0.11476402825902
23.22, 0.114763014602514
23.23, 0.114762014117163
23.24, 0.114761014685327
23.25, 0.114760016432467
23.26, 0.114759019100543
23.27, 0.114758012815011
23.28, 0.114757017586828
23.29, 0.114756023406946
23.30, 0.114755030286317
23.31, 0.11475403807139
23.32, 0.114753047062113
23.33, 0.114752059223536
23.34, 0.114751068046288
23.35, 0.114750080061626
23.36, 0.114749093131883
23.37, 0.114748107123498
23.38, 0.114747132316406
23.39, 0.114746150561145
23.40, 0.114745165607334
23.41, 0.114744183697216
23.42, 0.114743204976219
23.43, 0.114742233069456
23.44, 0.114741264363665
23.45, 0.114740286566662
23.46, 0.114739309863868
23.47, 0.114738331923098
23.48, 0.11473736933558
23.49, 0.114736393547812
23.50, 0.11473543082202
23.51, 0.11473446901051
23.52, 0.114733498288692
23.53, 0.114732538637472
23.54, 0.114731569913255
23.55, 0.11473060999834
23.56, 0.114729653285338
23.57, 0.114728699775148
23.58, 0.114727732793855
23.59, 0.114726779171668
23.60, 0.114725826337377
23.61, 0.114724864590873
23.62, 0.114723921649943
23.63, 0.114722961917185
23.64, 0.114722012975879
23.65, 0.114721065270413
23.66, 0.114720118358167
23.67, 0.114719170410421
23.68, 0.114718235376261
23.69, 0.114717289308356
23.70, 0.114716348583396
23.71, 0.114715406537442
23.72, 0.11471446557897
23.73, 0.114713523435747
23.74, 0.11471258422135
23.75, 0.114711646107041
23.76, 0.114710716945081
23.77, 0.114709780734543
23.78, 0.11470884333358
23.79, 0.114707911148863
23.80, 0.114706985801336
23.81, 0.114706053388665
23.82, 0.114705131927603
23.83, 0.114704199434897
23.84, 0.114703269889607
23.85, 0.114702349169875
23.86, 0.114701431678256
23.87, 0.114700504997992
23.88, 0.114699587165823
23.89, 0.114698664528405
23.90, 0.114697748612161
23.91, 0.114696825619243
23.92, 0.11469591162228
23.93, 0.114695000570317
23.94, 0.114694088341479
23.95, 0.11469317134241
23.96, 0.114692261059525
23.97, 0.114691351596362
23.98, 0.11469044521685
23.99, 0.114689539803213
24.00, 0.11468863323767
24.01, 0.114687729623751
24.02, 0.114686814859569
24.03, 0.114685913183151
24.04, 0.114685020203605
24.05, 0.114684120333457
24.06, 0.114683221424915
24.07, 0.114682321235689
24.08, 0.114681424128296
24.09, 0.114680525731838
24.10, 0.114679630438831
24.11, 0.114678734002872
24.12, 0.114677840527473
24.13, 0.11467695575623
24.14, 0.11467606408165
24.15, 0.114675171267326
24.16, 0.114674291416763
24.17, 0.114673400273549
24.18, 0.114672510111584
24.19, 0.114671625044367
24.20, 0.11467074457417
24.21, 0.114669859210303
24.22, 0.114668982547742
24.23, 0.114668099008983
24.24, 0.114667226311705
24.25, 0.114666342462588
24.26, 0.114665471595123
24.27, 0.114664589432881
24.28, 0.114663718135245
24.29, 0.114662849936097
24.30, 0.114661970464504
24.31, 0.114661103968448
24.32, 0.114660236201494
24.33, 0.114659361536121
24.34, 0.11465849546689
24.35, 0.114657630382174
24.36, 0.114656766138238
24.37, 0.114655895038952
24.38, 0.11465503250887
24.39, 0.114654173104964
24.40, 0.114653312291784
24.41, 0.114652452457695
24.42, 0.114651593498953
24.43, 0.114650737514917
24.44, 0.114649880259135
24.45, 0.114649025845068
24.46, 0.114648170315257
24.47, 0.114647317763162
24.48, 0.114646461813718
24.49, 0.114645610982089
24.50, 0.114644758883207
24.51, 0.114643909775025
24.52, 0.114643059401076
24.53, 0.114642222019311
24.54, 0.114641371100156
24.55, 0.114640525447765
24.56, 0.114639688388063
24.57, 0.114638842339389
24.58, 0.114637999142081
24.59, 0.114637164674162
24.60, 0.114636321084968
24.61, 0.114635478210727
24.62, 0.114634648479772
24.63, 0.114633807366622
24.64, 0.114632969233708
24.65, 0.114632137715942
24.66, 0.114631311183964
24.67, 0.11463047339718
24.68, 0.114629646484916
24.69, 0.114628810447887
24.70, 0.114627987270916
24.71, 0.114627162842009
24.72, 0.114626327151879
24.73, 0.114625506462551
24.74, 0.114624674513424
24.75, 0.114623853299311
24.76, 0.114623035094025
24.77, 0.114622215641062
24.78, 0.114621396925234
24.79, 0.114620569091744
24.80, 0.114619754269899
24.81, 0.114618935920087
24.82, 0.114618122577424
24.83, 0.114617307971297
24.84, 0.114616491997903
24.85, 0.11461567114825
24.86, 0.114614859067218
24.87, 0.114614047719607
24.88, 0.114613237126107
24.89, 0.114612437411908
24.90, 0.1146116284532
24.91, 0.114610820365169
24.92, 0.114610013034003
24.93, 0.11460920857899
24.94, 0.114608402878105
24.95, 0.114607600054739
24.96, 0.11460679373376
24.97, 0.114605992544764
24.98, 0.114605197859514
24.99, 0.114604396044497
25.00, 0.114603597264891
0.01, 0.364767450409646
0.02, 0.370419211685249
0.03, 0.362404798435784
0.04, 0.354058778522651
0.05, 0.350187017749681
0.06, 0.348912799631153
0.07, 0.347355696635711
0.08, 0.345724106030544
0.09, 0.34410901353094
0.10, 0.342550705059058
0.11, 0.341065945149787
0.12, 0.339660167975824
0.13, 0.338329540212496
0.14, 0.33707880011636
0.15, 0.335900218370996
0.16, 0.334789437519885
0.17, 0.333742002400827
0.18, 0.332753685569723
0.19, 0.331820521544666
0.20, 0.330938847553825
0.21, 0.33010530930126
0.22, 0.329316884043039
0.23, 0.328570775869745
0.24, 0.327864508172968
0.25, 0.32719582360928
0.26, 0.326699223300982
0.27, 0.326236334873141
0.28, 0.325805463741976
0.29, 0.325405181810424
0.30, 0.325034085537104
0.31, 0.324690968829165
0.32, 0.324374726072789
0.33, 0.324084414478603
0.34, 0.32381913044088
0.35, 0.323578091961731
0.36, 0.32336059528383
0.37, 0.323166000082969
0.38, 0.322993810337717
0.39, 0.322843533929138
0.40, 0.322714780222338
0.41, 0.32260720229822
0.42, 0.322520492879652
0.43, 0.32245448779372
0.44, 0.322409009079159
0.45, 0.322383942124882
0.46, 0.322379262447806
0.47, 0.322394942648086
0.48, 0.322431108998813
0.49, 0.322487850866724
0.50, 0.322565348914176
0.51, 0.322663837136056
0.52, 0.322783650205695
0.53, 0.322925143901677
0.54, 0.323088748756524
0.55, 0.323567365371079
0.56, 0.324071915886198
0.57, 0.324593937726086
0.58, 0.325134410607798
0.59, 0.325444081588165
0.60, 0.325774454463368
0.61, 0.32637381727276
0.62, 0.32698770294199
0.63, 0.327626461661542
0.64, 0.328291774821364
0.65, 0.328985483291304
0.66, 0.32970963807055
0.67, 0.330466470269336
0.68, 0.331258491169884
0.69, 0.332088482220303
0.70, 0.332959555690121
0.71, 0.332853199648517
0.72, 0.332684131692925
0.73, 0.332515129824873
0.74, 0.332346203810444
0.75, 0.332177333398685
0.76, 0.332008538364277
0.77, 0.331839798458757
0.78, 0.331671133459268
0.79, 0.331502543750964
0.80, 0.331333997845009
0.81, 0.333659595466898
0.82, 0.335985257060694
0.83, 0.338310972391282
0.84, 0.340636771249117
0.85, 0.342962613383159
0.86, 0.345288518580102
0.87, 0.347614506627802
0.88, 0.349940537278689
0.89, 0.352266660960169
0.90, 0.354592826182914
0.91, 0.356717899158938
0.92, 0.36346933302598
0.93, 0.370885619219107
0.94, 0.375496987070057
0.95, 0.380108354921006
0.96, 0.384719722771955
0.97, 0.389331090622904
0.98, 0.393942458473854
0.99, 0.398553826324803
1.00, 0.403165194175752
1.01, 0.407776562026701
1.02, 0.41238792987765
1.03, 0.416999297728599
1.04, 0.421610665579549
1.05, 0.426222033430498
1.06, 0.424996100588547
1.07, 0.42377709944146
1.08, 0.422559000244465
1.09, 0.42134714970521
1.10, 0.420144125871688
1.11, 0.418950112809096
1.12, 0.417765231747844
1.13, 0.416589601801493
1.14, 0.415423313644582
1.15, 0.414266410924203
1.16, 0.412565286963618
1.17, 0.410855663761463
1.18, 0.409157959473155
1.19, 0.407472175685246
1.20, 0.405700877907543
1.21, 0.403889051702824
1.22, 0.402084104517251
1.23, 0.40026311284194
1.24, 0.398453771579233
1.25, 0.396656041770813
1.26, 0.394913699556486
1.27, 0.393273021577901
1.28, 0.391695903636376
1.29, 0.390171911729085
1.30, 0.388695753736869
1.31, 0.387264094319046
1.32, 0.385874641489462
1.33, 0.384525775808808
1.34, 0.383216131771343
1.35, 0.381944751377121
1.36, 0.380711217371106
1.37, 0.379515896431277
1.38, 0.378356877447607
1.39, 0.377233698026506
1.40, 0.376145949233689
1.41, 0.375093312447568
1.42, 0.374075519483148
1.43, 0.373092294203026
1.44, 0.372143459258334
1.45, 0.371228813092707
1.46, 0.3703482157267
1.47, 0.36950154724804
1.48, 0.368688696926881
1.49, 0.367909565873457
1.50, 0.367164089515014
1.51, 0.366452187294761
1.52, 0.365773850753837
1.53, 0.365129003304826
1.54, 0.364517629539157
1.55, 0.363939717449982
1.56, 0.363395265650766
1.57, 0.362884238687253
1.58, 0.362406664330111
1.59, 0.361962555878975
1.60, 0.361551900653832
1.61, 0.361174761875059
1.62, 0.360831142488849
1.63, 0.360521061664861
1.64, 0.360244570358692
1.65, 0.360001700078198
1.66, 0.359792496469545
1.67, 0.359617007993382
1.68, 0.35947526768174
1.69, 0.359367333640503
1.70, 0.359293271315917
1.71, 0.359253123526688
1.72, 0.359246953781721
1.73, 0.35927481847079
1.74, 0.359336784060983
1.75, 0.359432914365289
1.76, 0.359563287948127
1.77, 0.359727971028373
1.78, 0.359927000832136
1.79, 0.360160484317923
1.80, 0.36042849907132
1.81, 0.360796808306101
1.82, 0.361179039234073
1.83, 0.361588686634212
1.84, 0.362025813092815
1.85, 0.362490506246534
1.86, 0.362982843089954
1.87, 0.363502914316136
1.88, 0.364050784712328
1.89, 0.364626547852353
1.90, 0.365230296812966
1.91, 0.365862111745474
1.92, 0.366522076311975
1.93, 0.367210284930605
1.94, 0.3679268251993
1.95, 0.368671771463298
1.96, 0.369445229904416
1.97, 0.37024728769937
1.98, 0.370992764035056
1.99, 0.371767007368731
2.00, 0.372570146080655
2.01, 0.372807380701282
2.02, 0.371228304282715
2.03, 0.369661064367857
2.04, 0.368105510809206
2.05, 0.366561451101249
2.06, 0.365028751033952
2.07, 0.363507246957298
2.08, 0.361996797099522
2.09, 0.360497212256151
2.10, 0.359008389685546
2.11, 0.357530164380492
2.12, 0.356062379531722
2.13, 0.354604942208295
2.14, 0.353157690665774
2.15, 0.351720478927226
2.16, 0.350293214518516
2.17, 0.348875743519996
2.18, 0.347467951118603
2.19, 0.346069726853946
2.20, 0.34468093816899
2.21, 0.343301484550857
2.22, 0.341931222012137
2.23, 0.340570080435828
2.24, 0.339217928441406
2.25, 0.337874662207436
2.26, 0.336540175955996
2.27, 0.3352143659509
2.28, 0.333897143908311
2.29, 0.332588405477154
2.30, 0.331288047494483
2.31, 0.329995974326919
2.32, 0.328712110971613
2.33, 0.327436348888274
2.34, 0.326168612783398
2.35, 0.324908804709789
2.36, 0.323656840652373
2.37, 0.322412629785923
2.38, 0.321176109067835
2.39, 0.319947183240894
2.40, 0.318725767048533
2.41, 0.317511802360854
2.42, 0.316305193738209
2.43, 0.315105878834452
2.44, 0.313913776533429
2.45, 0.31272882361191
2.46, 0.311809566620633
2.47, 0.310897314468348
2.48, 0.309991990983937
2.49, 0.309093526475646
2.50, 0.30820186287902
2.51, 0.307316937515643
2.52, 0.30643867009935
2.53, 0.305567008273243
2.54, 0.304701875300328
2.55, 0.303843228791785
2.56, 0.30299100506362
2.57, 0.302145139367176
2.58, 0.301305562264941
2.59, 0.300472237875885
2.60, 0.299645089568382
2.61, 0.298824081393196
2.62, 0.298009142094276
2.63, 0.297200226041472
2.64, 0.296397280319964
2.65, 0.295600237478935
2.66, 0.294809061822191
2.67, 0.294023707088405
2.68, 0.293244103427343
2.69, 0.292470224502589
2.70, 0.29170199709902
2.71, 0.290939391919894
2.72, 0.290182351049206
2.73, 0.289430833846349
2.74, 0.288684784975973
2.75, 0.287944172155548
2.76, 0.287208938896994
2.77, 0.28647905354241
2.78, 0.28575446307972
2.79, 0.285035120260334
2.80, 0.284320988074814
2.81, 0.283612028493211
2.82, 0.282908179845093
2.83, 0.282209429377265
2.84, 0.281515728991785
2.85, 0.280827031152157
2.86, 0.280143303156493
2.87, 0.279463855154582
2.88, 0.278788551529616
2.89, 0.278118102465924
2.90, 0.277452473637759
2.91, 0.276791608935009
2.92, 0.276135487578843
2.93, 0.275484070644521
2.94, 0.274837326493963
2.95, 0.274195195385756
2.96, 0.273557679030427
2.97, 0.272924954808962
2.98, 0.272301427182334
2.99, 0.271682386008143
3.00, 0.27106781523977
3.01, 0.270438796734909
3.02, 0.269813522250163
3.03, 0.269191930160345
3.04, 0.268574012867156
3.05, 0.267959758353293
3.06, 0.267349132709887
3.07, 0.26674210718927
3.08, 0.266138656342229
3.09, 0.265538763374667
3.10, 0.264942400033814
3.11, 0.26434954186505
3.12, 0.263760186917281
3.13, 0.263174270403054
3.14, 0.262591813244901
3.15, 0.262012769919755
3.16, 0.261437108477712
3.17, 0.260864816662421
3.18, 0.260295895898278
3.19, 0.259730292055916
3.20, 0.259167998301608
3.21, 0.258608994072396
3.22, 0.258053245504519
3.23, 0.25750074186258
3.24, 0.25695147881947
3.25, 0.256405397037602
3.26, 0.255862499914441
3.27, 0.255322774350619
3.28, 0.254786187072214
3.29, 0.254252721612278
3.30, 0.253722358649467
3.31, 0.253195078473243
3.32, 0.252670858163916
3.33, 0.252149673379895
3.34, 0.251631524078631
3.35, 0.251116376932539
3.36, 0.250604214964187
3.37, 0.250095017776324
3.38, 0.249588773510085
3.39, 0.249085455399793
3.40, 0.248585057139975
3.41, 0.24808754530917
3.42, 0.247592900680285
3.43, 0.247101134063058
3.44, 0.246612197238189
3.45, 0.246126065231231
3.46, 0.245642757966908
3.47, 0.245162224513593
3.48, 0.244684459821463
3.49, 0.244209454901604
3.50, 0.243737188224373
3.51, 0.243267621524232
3.52, 0.242800771505869
3.53, 0.24233660062467
3.54, 0.241875085365295
3.55, 0.241416229974407
3.56, 0.240960009880159
3.57, 0.240506399132524
3.58, 0.240055391903611
3.59, 0.239606966295652
3.60, 0.239161115074356
3.61, 0.238717811805897
3.62, 0.238277042312172
3.63, 0.237838799568058
3.64, 0.237403055060046
3.65, 0.236969801033314
3.66, 0.236539016612608
3.67, 0.236110692181633
3.68, 0.235684815870338
3.69, 0.235261355496091
3.70, 0.234840309661014
3.71, 0.234421664367601
3.72, 0.2340053966496
3.73, 0.233591487493138
3.74, 0.233179944099461
3.75, 0.232770729070731
3.76, 0.232363825240137
3.77, 0.231959239572846
3.78, 0.231556951156724
3.79, 0.231156922013783
3.80, 0.230759174468504
3.81, 0.230363668484097
3.82, 0.229970385739155
3.83, 0.229579334005874
3.84, 0.229190486703218
3.85, 0.228803826776105
3.86, 0.228387825012337
3.87, 0.227973981670912
3.88, 0.227562291977765
3.89, 0.227152722652748
3.90, 0.226745293826985
3.91, 0.226339966870211
3.92, 0.225936727909976
3.93, 0.225535581986732
3.94, 0.225136491869871
3.95, 0.224739455853188
3.96, 0.224344458083516
3.97, 0.223951497152045
3.98, 0.223560542300673
3.99, 0.223171583343585
4.00, 0.222784610714317
4.01, 0.222401017159427
4.02, 0.222019387461139
4.03, 0.22163969361938
4.04, 0.221261938344782
4.05, 0.220886087931608
4.06, 0.220512145513378
4.07, 0.220140098627207
4.08, 0.219769923550001
4.09, 0.219401619549282
4.10, 0.219035164766079
4.11, 0.218670540881689
4.12, 0.218307762506336
4.13, 0.217946790732975
4.14, 0.21758761454717
4.15, 0.217230244184973
4.16, 0.216874640448102
4.17, 0.216520802201396
4.18, 0.216168726384041
4.19, 0.215818381444471
4.20, 0.215469765927029
4.21, 0.215122868550122
4.22, 0.214777678017704
4.23, 0.214434180719516
4.24, 0.214092364292105
4.25, 0.213752213712739
4.26, 0.213413718112779
4.27, 0.213076868959909
4.28, 0.212741655001688
4.29, 0.212408069170556
4.30, 0.212076081761646
4.31, 0.211745692075156
4.32, 0.211416898551909
4.33, 0.211089668437682
4.34, 0.210764009065836
4.35, 0.210439895211969
4.36, 0.210117319658939
4.37, 0.209796283265825
4.38, 0.209476754442635
4.39, 0.209166345737244
4.40, 0.208874861992681
4.41, 0.208584356697844
4.42, 0.208294836373127
4.43, 0.208006264933178
4.44, 0.207718657287078
4.45, 0.20743199505428
4.46, 0.20714628309552
4.47, 0.20686150184997
4.48, 0.206577648264799
4.49, 0.206294720655521
4.50, 0.206012698957657
4.51, 0.205731582382832
4.52, 0.205451370421326
4.53, 0.205172046135218
4.54, 0.204893606737792
4.55, 0.204616040122279
4.56, 0.204339337519974
4.57, 0.204063504484568
4.58, 0.203788516267352
4.59, 0.203516810419899
4.60, 0.203244350259134
4.61, 0.202972729067679
4.62, 0.202701949524253
4.63, 0.202431986765022
4.64, 0.202162844072349
4.65, 0.201894514262358
4.66, 0.201626995739724
4.67, 0.201360267186928
4.68, 0.201094327057037
4.69, 0.200829183689235
4.70, 0.200564803961695
4.71, 0.200301191549274
4.72, 0.200038341275632
4.73, 0.19977624461297
4.74, 0.199514898799409
4.75, 0.199254290052893
4.76, 0.198994401338868
4.77, 0.198735251521175
4.78, 0.198476809589046
4.79, 0.198219077686052
4.80, 0.197962050161473
4.81, 0.197705717366665
4.82, 0.19745006417834
4.83, 0.197195095724256
4.84, 0.19694080082079
4.85, 0.196687173583451
4.86, 0.19643419696178
4.87, 0.196181873152849
4.88, 0.195930197615271
4.89, 0.195679145907879
4.90, 0.195428730393038
4.91, 0.195178941793634
4.92, 0.194929753672159
4.93, 0.194681178567146
4.94, 0.194433198424234
4.95, 0.194185814884992
4.96, 0.193939017483999
4.97, 0.193692790584199
4.98, 0.193447140066286
4.99, 0.193202042687004
5.00, 0.192957508914679
5.01, 0.192713518338734
5.02, 0.192470060488236
5.03, 0.1922271521301
5.04, 0.191984758880494
5.05, 0.191742884308147
5.06, 0.191501528008156
5.07, 0.191260674444918
5.08, 0.191020308677829
5.09, 0.190780441148282
5.10, 0.190541048207908
5.11, 0.190302128361665
5.12, 0.190063693215324
5.13, 0.189825705103001
5.14, 0.189588166350682
5.15, 0.189351076620368
5.16, 0.189114424878398
5.17, 0.188878213156354
5.18, 0.188642417362701
5.19, 0.188407030486596
5.20, 0.188172064598402
5.21, 0.187937502486427
5.22, 0.187703322755326
5.23, 0.187469534869064
5.24, 0.187236128911573
5.25, 0.187003100030697
5.26, 0.186770437244599
5.27, 0.186538123705783
5.28, 0.186306175426748
5.29, 0.18607456162
5.30, 0.185843281790344
5.31, 0.185612337985647
5.32, 0.185381711680417
5.33, 0.185151402993999
5.34, 0.184921403447452
5.35, 0.184691704722098
5.36, 0.184462297842129
5.37, 0.184233174248352
5.38, 0.184004332091634
5.39, 0.183775760217548
5.40, 0.183547463153164
5.41, 0.183319411577009
5.42, 0.183091619652139
5.43, 0.182864062020277
5.44, 0.182636751584095
5.45, 0.182409657400261
5.46, 0.182182794390684
5.47, 0.181956136244338
5.48, 0.181729689284642
5.49, 0.181503439965549
5.50, 0.181277392577122
5.51, 0.181051523774013
5.52, 0.18082583326404
5.53, 0.18060031672191
5.54, 0.18037496348576
5.55, 0.180149768525224
5.56, 0.179924725815042
5.57, 0.179699824049175
5.58, 0.179475050834452
5.59, 0.179250416322039
5.60, 0.179025899148263
5.61, 0.178801492696967
5.62, 0.178577196357054
5.63, 0.17835300283682
5.64, 0.178128902891315
5.65, 0.177904880255981
5.66, 0.177680938246762
5.67, 0.177457078950334
5.68, 0.177233278770864
5.69, 0.177004873525793
5.70, 0.17677527203907
5.71, 0.176545725934891
5.72, 0.176316191894853
5.73, 0.176086694482118
5.74, 0.175857219920593
5.75, 0.17562774540263
5.76, 0.175398282658862
5.77, 0.175168814224415
5.78, 0.174939333238023
5.79, 0.174709836432165
5.80, 0.174480319281405
5.81, 0.174250765442122
5.82, 0.174021176494312
5.83, 0.173791542739605
5.84, 0.173561854462642
5.85, 0.173332115914058
5.86, 0.173102300194897
5.87, 0.172872413143253
5.88, 0.172642459187894
5.89, 0.172412412498077
5.90, 0.172182265705929
5.91, 0.171952013217398
5.92, 0.171721663416979
5.93, 0.171491198071071
5.94, 0.1712606123482
5.95, 0.17102989099998
5.96, 0.170799042518933
5.97, 0.170568043143895
5.98, 0.170336896569588
5.99, 0.170105591041805
6.00, 0.169874135548289
6.01, 0.169661842497125
6.02, 0.16947172009805
6.03, 0.169281914660531
6.04, 0.169092411476571
6.05, 0.16890322138833
6.06, 0.168714332001489
6.07, 0.168525741215233
6.08, 0.168337461809787
6.09, 0.168149493256655
6.10, 0.167961819327098
6.11, 0.167774456075826
6.12, 0.167587385692464
6.13, 0.167400612236425
6.14, 0.167214140886184
6.15, 0.167027974894923
6.16, 0.166842102417496
6.17, 0.166656521830173
6.18, 0.166471239926494
6.19, 0.1662862469115
6.20, 0.166101545572141
6.21, 0.165917152194273
6.22, 0.165733036711265
6.23, 0.165549214499904
6.24, 0.16536568192435
6.25, 0.165182430939431
6.26, 0.164999474912655
6.27, 0.164816801967632
6.28, 0.164634421043486
6.29, 0.164452321799269
6.30, 0.164270514324541
6.31, 0.164088974726374
6.32, 0.163907724962756
6.33, 0.163726761556894
6.34, 0.163546067485424
6.35, 0.163365658276014
6.36, 0.163185536292267
6.37, 0.163005676413215
6.38, 0.162826101386142
6.39, 0.162646809693161
6.40, 0.162467781147799
6.41, 0.162289034180168
6.42, 0.162110556110395
6.43, 0.161932358210257
6.44, 0.161754419166353
6.45, 0.161576768777969
6.46, 0.161399377081973
6.47, 0.161222250181416
6.48, 0.161045398147992
6.49, 0.160868812656738
6.50, 0.160692488371394
6.51, 0.160516442689011
6.52, 0.160340646730359
6.53, 0.160165130851167
6.54, 0.159989868945901
6.55, 0.159814865794912
6.56, 0.159640132152012
6.57, 0.159465647407348
6.58, 0.159291440818313
6.59, 0.159117480031134
6.60, 0.158943775851728
6.61, 0.158770338891867
6.62, 0.15859715612734
6.63, 0.158424216139818
6.64, 0.158251551638741
6.65, 0.158079126919646
6.66, 0.157906956294246
6.67, 0.157735044576331
6.68, 0.157563385221705
6.69, 0.157391972941905
6.70, 0.157220811867979
6.71, 0.157049898088439
6.72, 0.156879231049641
6.73, 0.156708821557515
6.74, 0.156538656075965
6.75, 0.156368726434042
6.76, 0.156199052350531
6.77, 0.156029620607656
6.78, 0.155860432273608
6.79, 0.15569149613761
6.80, 0.155522791241293
6.81, 0.155354326756304
6.82, 0.155186112266392
6.83, 0.155018127435494
6.84, 0.154850389463575
6.85, 0.154682890847255
6.86, 0.154515629414045
6.87, 0.154348593200242
6.88, 0.154181804237095
6.89, 0.154015250491263
6.90, 0.153848928502856
6.91, 0.153682842025131
6.92, 0.15351700016089
6.93, 0.153351368065762
6.94, 0.153185988056176
6.95, 0.153020829352651
6.96, 0.152855900119697
6.97, 0.152691210899667
6.98, 0.15252674086667
6.99, 0.152362498261512
7.00, 0.152207963700175
7.01, 0.152073318540565
7.02, 0.151939046935346
7.03, 0.151805156134754
7.04, 0.151671625144184
7.05, 0.15153847388569
7.06, 0.151405679231875
7.07, 0.151273249981752
7.08, 0.151141193789969
7.09, 0.151009492143986
7.10, 0.150878151159399
7.11, 0.150747181167057
7.12, 0.150616559138066
7.13, 0.150486294839054
7.14, 0.150356385859075
7.15, 0.150226832231621
7.16, 0.15009763191079
7.17, 0.149969693188093
7.18, 0.149842590701661
7.19, 0.149715813431465
7.20, 0.149589397396656
7.21, 0.149463327019183
7.22, 0.149337602919239
7.23, 0.149212213283296
7.24, 0.149087176414064
7.25, 0.148962470347459
7.26, 0.148838115878385
7.27, 0.148714090059953
7.28, 0.148590402253655
7.29, 0.148467050768069
7.30, 0.14834404382099
7.31, 0.14822135180569
7.32, 0.148099003724558
7.33, 0.147976985690396
7.34, 0.147855300172744
7.35, 0.147733932764065
7.36, 0.147612903028923
7.37, 0.147492191688633
7.38, 0.147371804273654
7.39, 0.147251741562339
7.40, 0.147132003344966
7.41, 0.147012586246484
7.42, 0.146893489914438
7.43, 0.146774703987039
7.44, 0.146656236310305
7.45, 0.146538096658495
7.46, 0.146420262390548
7.47, 0.146302744716536
7.48, 0.146185528550915
7.49, 0.146068637174409
7.50, 0.145952057514599
7.51, 0.145829510071538
7.52, 0.145707302478005
7.53, 0.145585432644301
7.54, 0.145463891603756
7.55, 0.1453426960481
7.56, 0.145221835348741
7.57, 0.145101287423079
7.58, 0.144981093212538
7.59, 0.144861219002377
7.60, 0.14474166607088
7.61, 0.144622450649925
7.62, 0.14450355112026
7.63, 0.144384980991955
7.64, 0.144266732758136
7.65, 0.144148809982941
7.66, 0.144031199308009
7.67, 0.143913907727002
7.68, 0.143796939434462
7.69, 0.143680289994367
7.70, 0.143563956905078
7.71, 0.14344793149782
7.72, 0.14333222075669
7.73, 0.143216824249
7.74, 0.14310174092943
7.75, 0.142986958266608
7.76, 0.142872488900511
7.77, 0.142758327676338
7.78, 0.142644476346373
7.79, 0.142530920300857
7.80, 0.142417682921732
7.81, 0.142304737381716
7.82, 0.142192090596822
7.83, 0.142079753092188
7.84, 0.14196770834837
7.85, 0.141855965574207
7.86, 0.141744521560877
7.87, 0.141633364517705
7.88, 0.141522506696294
7.89, 0.14141194579143
7.90, 0.14130167916834
7.91, 0.141191697184083
7.92, 0.141082008281373
7.93, 0.140972611854494
7.94, 0.14086349592197
7.95, 0.140754681287875
7.96, 0.140646135964885
7.97, 0.140537887162091
7.98, 0.140429914373396
7.99, 0.140322229322912
8.00, 0.140214827870582
8.01, 0.140107701720645
8.02, 0.140000856932477
8.03, 0.139894296381196
8.04, 0.139788014690948
8.05, 0.139682004031996
8.06, 0.139576272138992
8.07, 0.139470807476262
8.08, 0.139365628627372
8.09, 0.139260719136206
8.10, 0.139156072022978
8.11, 0.139051698777541
8.12, 0.138947608704076
8.13, 0.138843772912754
8.14, 0.138740206841964
8.15, 0.138636908811521
8.16, 0.138533883138081
8.17, 0.13843111476437
8.18, 0.138328611650114
8.19, 0.138226369158447
8.20, 0.138124398846277
8.21, 0.138022682313673
8.22, 0.137921221234054
8.23, 0.137820024134451
8.24, 0.137719087038958
8.25, 0.137618410276763
8.26, 0.13751798716585
8.27, 0.137417817699346
8.28, 0.13731790073607
8.29, 0.137218239758965
8.30, 0.137118833099363
8.31, 0.137019676321085
8.32, 0.136920769578885
8.33, 0.136822108960165
8.34, 0.136723710966615
8.35, 0.136625545848581
8.36, 0.136527638858651
8.37, 0.136429975983006
8.38, 0.136332552311249
8.39, 0.136235385044818
8.40, 0.136138447354038
8.41, 0.136041765110177
8.42, 0.135945317657388
8.43, 0.135849117969687
8.44, 0.135753152284274
8.45, 0.135657426829291
8.46, 0.135561939801801
8.47, 0.135466691958045
8.48, 0.135371684028862
8.49, 0.13527690853409
8.50, 0.135182371647896
8.51, 0.135088064432716
8.52, 0.13499400347298
8.53, 0.134900158971254
8.54, 0.13480655232376
8.55, 0.134713181790698
8.56, 0.134620043195883
8.57, 0.134527130747346
8.58, 0.13443444195637
8.59, 0.134341983425775
8.60, 0.134249758501378
8.61, 0.134157751784088
8.62, 0.134065976985762
8.63, 0.133974422421294
8.64, 0.133883094288925
8.65, 0.133791996596248
8.66, 0.133701112475861
8.67, 0.13361045668941
8.68, 0.13352001560218
8.69, 0.133429789751342
8.70, 0.133339796621827
8.71, 0.133250018833789
8.72, 0.133160452094089
8.73, 0.133071108639747
8.74, 0.13298197605218
8.75, 0.132893062727611
8.76, 0.132804368263499
8.77, 0.132715883478172
8.78, 0.132627618677535
8.79, 0.132539558952355
8.80, 0.132463367579086
8.81, 0.13239433233402
8.82, 0.132325465278353
8.83, 0.132256763607534
8.84, 0.132188232798162
8.85, 0.132119860449448
8.86, 0.132051670595445
8.87, 0.131983627328179
8.88, 0.131915756406233
8.89, 0.131848041240267
8.90, 0.131780493696984
8.91, 0.131713115222069
8.92, 0.131645892646639
8.93, 0.131578826927668
8.94, 0.131511925353617
8.95, 0.131445189133924
8.96, 0.131378609332305
8.97, 0.131312193774844
8.98, 0.13124592952627
8.99, 0.13117981985152
9.00, 0.13111388339614
9.01, 0.131048087548178
9.02, 0.130982453930608
9.03, 0.130916982025896
9.04, 0.130851658384808
9.05, 0.130786486647563
9.06, 0.130721485240456
9.07, 0.130656623116246
9.08, 0.130591916620767
9.09, 0.130527372926381
9.10, 0.130462974717979
9.11, 0.13039872311559
9.12, 0.130334638795915
9.13, 0.130270687852451
9.14, 0.130206896988642
9.15, 0.130143258283527
9.16, 0.130079755436051
9.17, 0.130016415857167
9.18, 0.129953220101747
9.19, 0.129890168943331
9.20, 0.129827272504619
9.21, 0.129764524898641
9.22, 0.129701910755073
9.23, 0.129639448958523
9.24, 0.129577137890355
9.25, 0.129514965680884
9.26, 0.129452942850558
9.27, 0.129391063119779
9.28, 0.129329329739294
9.29, 0.129267735793904
9.30, 0.129206278968424
9.31, 0.129144972977263
9.32, 0.12908381066881
9.33, 0.129022789120827
9.34, 0.128961901095408
9.35, 0.128901160579809
9.36, 0.128840553403644
9.37, 0.128780095413877
9.38, 0.128719769426359
9.39, 0.128659589276531
9.40, 0.128599531475408
9.41, 0.128539624835924
9.42, 0.128479855561149
9.43, 0.128420218272165
9.44, 0.128360721309792
9.45, 0.128301357008023
9.46, 0.128242131633166
9.47, 0.128183040705631
9.48, 0.128124078417497
9.49, 0.128065256716517
9.50, 0.128006575405451
9.51, 0.127948021068084
9.52, 0.127889595643827
9.53, 0.127831310251464
9.54, 0.127773152898199
9.55, 0.127715123382665
9.56, 0.127657228346164
9.57, 0.127599474310357
9.58, 0.127541831775493
9.59, 0.127484339604441
9.60, 0.127426959102354
9.61, 0.127369717871868
9.62, 0.12731260689357
9.63, 0.127255624920795
9.64, 0.12719876422031
9.65, 0.127142036205416
9.66, 0.127085434660817
9.67, 0.127028964023679
9.68, 0.126972615456207
9.69, 0.126916392125549
9.70, 0.126860293952278
9.71, 0.126804322961588
9.72, 0.126748478983404
9.73, 0.126692756093186
9.74, 0.126637157206377
9.75, 0.126581685191645
9.76, 0.126526330106059
9.77, 0.126471107450513
9.78, 0.126416003773146
9.79, 0.126361016767901
9.80, 0.126306158506677
9.81, 0.126251418971904
9.82, 0.12619680495048
9.83, 0.126142306555802
9.84, 0.126087927856688
9.85, 0.126033672139076
9.86, 0.125979531178118
9.87, 0.125925510752738
9.88, 0.12587161105177
9.89, 0.125817836102643
9.90, 0.125764168842179
9.91, 0.125710621365696
9.92, 0.125657200076239
9.93, 0.125603891910326
9.94, 0.125550695498188
9.95, 0.12549762449278
9.96, 0.125444653257456
9.97, 0.125391812432235
9.98, 0.125339074009821
9.99, 0.125286470292754
10.00, 0.125233962431186
10.01, 0.125222446544713
10.02, 0.125208613620631
10.03, 0.125194825330269
10.04, 0.12518106275444
10.05, 0.125167330330511
10.06, 0.125153639419212
10.07, 0.125139976676494
10.08, 0.125126341517167
10.09, 0.125112746206296
10.10, 0.12509918228027
10.11, 0.125085655924049
10.12, 0.125072158467777
10.13, 0.125058690484682
10.14, 0.125045249398279
10.15, 0.125031849565726
10.16, 0.125018488534591
10.17, 0.125005144113987
10.18, 0.12499174845122
10.19, 0.124977010555353
10.20, 0.124962321844152
10.21, 0.124947668457779
10.22, 0.124933043876466
10.23, 0.124918467879084
10.24, 0.124903928940433
10.25, 0.124889428614159
10.26, 0.124874964240451
10.27, 0.124860539421192
10.28, 0.124846150894493
10.29, 0.124831799587227
10.30, 0.124817495623534
10.31, 0.124803217412477
10.32, 0.124788978691572
10.33, 0.124774787112344
10.34, 0.124760618413154
10.35, 0.12474649110507
10.36, 0.124732406046602
10.37, 0.124718353221661
10.38, 0.124704341702868
10.39, 0.124690360473246
10.40, 0.124676422672002
10.41, 0.124662509379066
10.42, 0.124648647071106
10.43, 0.124634807104377
10.44, 0.124621015140929
10.45, 0.124607249548818
10.46, 0.124593525425736
10.47, 0.124579832191929
10.48, 0.124566170250671
10.49, 0.124552558811362
10.50, 0.124538967977218
10.51, 0.124525425376498
10.52, 0.124511906673325
10.53, 0.124498424623057
10.54, 0.124484984326289
10.55, 0.124471573880393
10.56, 0.124458194078465
10.57, 0.124444849590797
10.58, 0.124431544663425
10.59, 0.124418267454005
10.60, 0.124405027836739
10.61, 0.124391822904852
10.62, 0.124378643428464
10.63, 0.124365507668773
10.64, 0.124352394591773
10.65, 0.124339326204354
10.66, 0.124326284362571
10.67, 0.124313286314819
10.68, 0.124300309290442
10.69, 0.124287367306467
10.70, 0.124274459849021
10.71, 0.124261586941405
10.72, 0.124248741242578
10.73, 0.124235927716946
10.74, 0.124223153937374
10.75, 0.124210403847754
10.76, 0.124197684989343
10.77, 0.124185012412952
10.78, 0.124172362802293
10.79, 0.124159734685283
10.80, 0.12414714906013
10.81, 0.124134599510801
10.82, 0.124122069075416
10.83, 0.124109585444985
10.84, 0.124097120776911
10.85, 0.124084689995325
10.86, 0.1240722930096
10.87, 0.124059918453978
10.88, 0.124047583219457
10.89, 0.124035274578884
10.90, 0.124023006292913
10.91, 0.124010758577617
10.92, 0.123998535397561
10.93, 0.12398635231356
10.94, 0.123974201332041
10.95, 0.123962075381274
10.96, 0.123949978815159
10.97, 0.123937914598545
10.98, 0.123925871865514
10.99, 0.123913869338352
11.00, 0.123901888593191
11.01, 0.123889941548622
11.02, 0.12387802689827
11.03, 0.123866138537858
11.04, 0.123854276990174
11.05, 0.12384245223015
11.06, 0.123830651109212
11.07, 0.123818871607645
11.08, 0.123807132809275
11.09, 0.123795413499082
11.10, 0.12378372768908
11.11, 0.123772067713442
11.12, 0.123760441756726
11.13, 0.12374883632646
11.14, 0.123737262732866
11.15, 0.123725716662285
11.16, 0.1237142060878
11.17, 0.123702710020116
11.18, 0.123691260345855
11.19, 0.123679815015197
11.20, 0.123668415311358
11.21, 0.123657030978434
11.22, 0.12364568152047
11.23, 0.123634355738975
11.24, 0.12362306444507
11.25, 0.123611793921561
11.26, 0.123600548201442
11.27, 0.12358933968337
11.28, 0.123578145089177
11.29, 0.123566983932019
11.30, 0.123555850942466
11.31, 0.123544744934895
11.32, 0.123533661604787
11.33, 0.123522607560225
11.34, 0.123511580718824
11.35, 0.123500574199687
11.36, 0.123489596614924
11.37, 0.123478648921415
11.38, 0.123467720036939
11.39, 0.123456830746913
11.40, 0.123445950954335
11.41, 0.123435109356249
11.42, 0.123424285791619
11.43, 0.123413491256246
11.44, 0.123402717355343
11.45, 0.123391978091797
11.46, 0.123381250626345
11.47, 0.123372622004471
11.48, 0.123364366553307
11.49, 0.123356144133995
11.50, 0.12334794607325
11.51, 0.123339768455107
11.52, 0.123331618033646
11.53, 0.123323485427774
11.54, 0.123315391537117
11.55, 0.123307305994674
11.56, 0.123299248320729
11.57, 0.123291227425507
11.58, 0.123283229028989
11.59, 0.12327524384018
11.60, 0.123267289307494
11.61, 0.1232593631983
11.62, 0.123251454696688
11.63, 0.123243569761154
11.64, 0.123235705317887
11.65, 0.123227869835574
11.66, 0.123220058540829
11.67, 0.123212277285182
11.68, 0.123204513344089
11.69, 0.123196767011729
11.70, 0.123189056753023
11.71, 0.123181353187774
11.72, 0.123173689297897
11.73, 0.123166041177467
11.74, 0.123158422089566
11.75, 0.123150816062453
11.76, 0.123143237582272
11.77, 0.123135682366388
11.78, 0.123128157916125
11.79, 0.123120640604989
11.80, 0.123113152745788
11.81, 0.123105691707451
11.82, 0.123098255398835
11.83, 0.123090838019461
11.84, 0.123083443271883
11.85, 0.123076069394912
11.86, 0.123068710539818
11.87, 0.123061387811922
11.88, 0.123054080891278
11.89, 0.123046790898598
11.90, 0.123039526173605
11.91, 0.123032287826178
11.92, 0.123025068729141
11.93, 0.123017874913756
11.94, 0.123010694092916
11.95, 0.123003542865155
11.96, 0.122996416190107
11.97, 0.122989304418922
11.98, 0.122982209959261
11.99, 0.122975153531521
12.00, 0.122968097525327
12.01, 0.122961071094128
12.02, 0.122954071047859
12.03, 0.122947085013556
12.04, 0.122940124685055
12.05, 0.122933189699847
12.06, 0.122926273466088
12.07, 0.122919370002608
12.08, 0.122912492494628
12.09, 0.122905640460039
12.10, 0.122898802081992
12.11, 0.122891991638655
12.12, 0.122885193904036
12.13, 0.122878414309093
12.14, 0.122871659761223
12.15, 0.12286492659939
12.16, 0.122858213120529
12.17, 0.12285152267751
12.18, 0.122844856656504
12.19, 0.122838199162778
12.20, 0.122831559786829
12.21, 0.122824951747609
12.22, 0.122818365146745
12.23, 0.122811782766274
12.24, 0.122805238197598
12.25, 0.122798708234507
12.26, 0.12279219302171
12.27, 0.122785698611548
12.28, 0.122779222770798
12.29, 0.122772770336295
12.30, 0.12276634166069
12.31, 0.122759918472165
12.32, 0.122753529309738
12.33, 0.122747155042805
12.34, 0.12274079336376
12.35, 0.122734458093202
12.36, 0.122728135532233
12.37, 0.122721838825177
12.38, 0.122715554752458
12.39, 0.122709294698137
12.40, 0.12270304951238
12.41, 0.122696830022079
12.42, 0.122690623069737
12.43, 0.122684439693408
12.44, 0.122678271453594
12.45, 0.122672126570547
12.46, 0.122665996074314
12.47, 0.122659877387868
12.48, 0.122653784544777
12.49, 0.122647713683839
12.50, 0.122641648855186
12.51, 0.122635615266488
12.52, 0.122629598428868
12.53, 0.12262359076442
12.54, 0.122617611150739
12.55, 0.122611640334775
12.56, 0.122605696288761
12.57, 0.122599765463938
12.58, 0.122593847872763
12.59, 0.122587954444542
12.60, 0.122582084273487
12.61, 0.122576225192464
12.62, 0.122570380015439
12.63, 0.122564559888464
12.64, 0.122558750555664
12.65, 0.122552968212122
12.66, 0.1225471957208
12.67, 0.122541446784361
12.68, 0.122535711065019
12.69, 0.122529988624144
12.70, 0.122524288741737
12.71, 0.122518602716362
12.72, 0.122512939288033
12.73, 0.122507286659769
12.74, 0.122501659345952
12.75, 0.122496043246397
12.76, 0.122490451594911
12.77, 0.122484861261812
12.78, 0.122479305572873
12.79, 0.122473750314116
12.80, 0.122468217854695
12.81, 0.122462710662361
12.82, 0.122457213948374
12.83, 0.122451729612263
12.84, 0.122446278524483
12.85, 0.122440829010207
12.86, 0.122435390602328
12.87, 0.122429976406238
12.88, 0.122424583010802
12.89, 0.12241919412211
12.90, 0.122413835578142
12.91, 0.122408483522086
12.92, 0.122403147270898
12.93, 0.122397836036633
12.94, 0.122392538564929
12.95, 0.122387251437839
12.96, 0.122381986913356
12.97, 0.122376734424389
12.98, 0.122371491431045
12.99, 0.122366277317569
13.00, 0.122361068644729
13.01, 0.122355884588258
13.02, 0.122350712229069
13.03, 0.122345550122211
13.04, 0.122340411575948
13.05, 0.122335292974857
13.06, 0.122330178622921
13.07, 0.122325084053575
13.08, 0.122320001200395
13.09, 0.122314941882203
13.10, 0.122309892291239
13.11, 0.122304852335655
13.12, 0.122299839037742
13.13, 0.122294832789692
13.14, 0.122289851734168
13.15, 0.122284878518614
13.16, 0.122279921278369
13.17, 0.122274981271727
13.18, 0.122270054763982
13.19, 0.122265147882897
13.20, 0.122260244443652
13.21, 0.122255370001727
13.22, 0.122250499168043
13.23, 0.122245649630815
13.24, 0.122240807317603
13.25, 0.122235988594535
13.26, 0.122231183337394
13.27, 0.122226386729242
13.28, 0.122221611354425
13.29, 0.122216847468728
13.30, 0.122212104282146
13.31, 0.122207362746677
13.32, 0.122202642115347
13.33, 0.122197940408145
13.34, 0.122193251835655
13.35, 0.122188574319704
13.36, 0.122183905540466
13.37, 0.122179259995494
13.38, 0.122174622920236
13.39, 0.12217000893028
13.40, 0.122165404016649
13.41, 0.12216080968168
13.42, 0.122156238031187
13.43, 0.122151675080002
13.44, 0.122147123108942
13.45, 0.122142591602826
13.46, 0.122138069086581
13.47, 0.122133558933298
13.48, 0.122129069609909
13.49, 0.122124580911665
13.50, 0.122120124485495
13.51, 0.122115674992133
13.52, 0.122111227462
13.53, 0.122106809019925
13.54, 0.122102392673058
13.55, 0.122097994636895
13.56, 0.122093617347741
13.57, 0.122089239685482
13.58, 0.122084885645319
13.59, 0.122080538661877
13.60, 0.122076214888482
13.61, 0.122071898905492
13.62, 0.122067593377274
13.63, 0.12206330599854
13.64, 0.122059020702322
13.65, 0.122054767706322
13.66, 0.122050510887964
13.67, 0.122046277863006
13.68, 0.122042050827521
13.69, 0.122037843541752
13.70, 0.122033639153575
13.71, 0.122029454496309
13.72, 0.122025287996958
13.73, 0.12202113290134
13.74, 0.122016975864752
13.75, 0.122012851358945
13.76, 0.122008723874394
13.77, 0.12200461667864
13.78, 0.122000531443947
13.79, 0.12199644151914
13.80, 0.121992375590941
13.81, 0.121988315311054
13.82, 0.121984268885051
13.83, 0.121980240490988
13.84, 0.12197622147993
13.85, 0.121972219886383
13.86, 0.121968219859068
13.87, 0.121964239524938
13.88, 0.121960269189495
13.89, 0.121956315965495
13.90, 0.121952374384136
13.91, 0.121948442230735
13.92, 0.121944517698304
13.93, 0.121940614373608
13.94, 0.121936719038327
13.95, 0.121932832613624
13.96, 0.121928965293438
13.97, 0.121925109981356
13.98, 0.12192126206357
13.99, 0.121917434884231
14.00, 0.121913602810559
14.01, 0.121909792255308
14.02, 0.121906000910001
14.03, 0.121902209020453
14.04, 0.121898436454426
14.05, 0.121894672786698
14.06, 0.121890918394285
14.07, 0.121887180907625
14.08, 0.12188345457405
14.09, 0.12187973767297
14.10, 0.121876037169566
14.11, 0.121872338368302
14.12, 0.121868666438478
14.13, 0.12186499496948
14.14, 0.121861330816159
14.15, 0.121857695222131
14.16, 0.121854061185543
14.17, 0.121850433933941
14.18, 0.12184682727903
14.19, 0.121843227442168
14.20, 0.121839634831197
14.21, 0.121836065057931
14.22, 0.121832489168488
14.23, 0.121828938855787
14.24, 0.121825401006558
14.25, 0.121821861756823
14.26, 0.121818345708888
14.27, 0.121814835868027
14.28, 0.121811342597066
14.29, 0.121807848410723
14.30, 0.121804376617089
14.31, 0.121800906891885
14.32, 0.121797450284776
14.33, 0.121793491754104
14.34, 0.12178790939177
14.35, 0.121782336281767
14.36, 0.121776779411907
14.37, 0.12177123194945
14.38, 0.121765685329395
14.39, 0.121760163146751
14.40, 0.121754641605597
14.41, 0.121749141083652
14.42, 0.121743649455411
14.43, 0.12173816199411
14.44, 0.121732685477266
14.45, 0.121727225772544
14.46, 0.121721780594072
14.47, 0.121716337439194
14.48, 0.121710915741324
14.49, 0.12170550219835
14.50, 0.121700087282
14.51, 0.121694698734283
14.52, 0.121689308676615
14.53, 0.121683939085455
14.54, 0.121678580174235
14.55, 0.121673225783688
14.56, 0.121667881684172
14.57, 0.121662554006959
14.58, 0.121657234597734
14.59, 0.121651923654227
14.60, 0.121646621199529
14.61, 0.121641336669289
14.62, 0.121636054890516
14.63, 0.121630797336344
14.64, 0.12162553793453
14.65, 0.12162028650387
14.66, 0.121615054047555
14.67, 0.121609831186708
14.68, 0.121604612732201
14.69, 0.121599416263608
14.70, 0.121594224374526
14.71, 0.121589032181004
14.72, 0.121583868213807
14.73, 0.121578704772711
14.74, 0.121573555065683
14.75, 0.121568413224825
14.76, 0.121563281287183
14.77, 0.121558157589847
14.78, 0.121553048063306
14.79, 0.121547942678677
14.80, 0.121542851052096
14.81, 0.121537777052614
14.82, 0.121532706045643
14.83, 0.12152763767535
14.84, 0.121522588157365
14.85, 0.121517547605751
14.86, 0.121512524005803
14.87, 0.121507499694253
14.88, 0.121502491097548
14.89, 0.12149749241552
14.90, 0.121492497350634
14.91, 0.121487512337653
14.92, 0.12148254511816
14.93, 0.121477584892926
14.94, 0.121472633371648
14.95, 0.121467691460969
14.96, 0.121462762915925
14.97, 0.121457833849868
14.98, 0.121452922871101
14.99, 0.121448026995076
15.00, 0.121443131052971
15.01, 0.121438242610246
15.02, 0.121433374121082
15.03, 0.121428508831216
15.04, 0.121423649124368
15.05, 0.121418802996509
15.06, 0.12141397200701
15.07, 0.121409144872687
15.08, 0.121404331475034
15.09, 0.121399521538835
15.10, 0.121394728973074
15.11, 0.121389935734444
15.12, 0.121385157609407
15.13, 0.121380387403579
15.14, 0.121375624163143
15.15, 0.121370880295199
15.16, 0.121366132171002
15.17, 0.121361400853215
15.18, 0.121356677205752
15.19, 0.121351970658949
15.20, 0.121347261729959
15.21, 0.121342571756283
15.22, 0.121337875024595
15.23, 0.121333197649872
15.24, 0.121328535154627
15.25, 0.121323874608406
15.26, 0.121319228542802
15.27, 0.121314590099485
15.28, 0.121309958801384
15.29, 0.121305334372356
15.30, 0.121300715186339
15.31, 0.121296113016474
15.32, 0.121291520147475
15.33, 0.121286934153035
15.34, 0.121282353347017
15.35, 0.121277781314948
15.36, 0.121273226470149
15.37, 0.121268677020687
15.38, 0.121264136097913
15.39, 0.1212596001501
15.40, 0.121255071438991
15.41, 0.121250549323858
15.42, 0.121246054341359
15.43, 0.121241548743916
15.44, 0.121237055879521
15.45, 0.12123258329918
15.46, 0.121228105940107
15.47, 0.121223647538813
15.48, 0.121219194292474
15.49, 0.121214745183867
15.50, 0.121210305069801
15.51, 0.121205874105906
15.52, 0.121201457872473
15.53, 0.121197036059424
15.54, 0.121192645601929
15.55, 0.121188249252766
15.56, 0.121183858163043
15.57, 0.121179475284251
15.58, 0.121175109192955
15.59, 0.121170748000148
15.60, 0.12116639508536
15.61, 0.121162049339054
15.62, 0.121157710123152
15.63, 0.121153385572471
15.64, 0.121149069708719
15.65, 0.121144748271104
15.66, 0.121140453258237
15.67, 0.121136156891484
15.68, 0.121131864854047
15.69, 0.12112759190829
15.70, 0.121123315231687
15.71, 0.121119051149172
15.72, 0.121114807599941
15.73, 0.121110558428918
15.74, 0.121106317836312
15.75, 0.12110208981986
15.76, 0.121097871735655
15.77, 0.121093658641462
15.78, 0.12108945349697
15.79, 0.121085253488279
15.80, 0.121081066946445
15.81, 0.121076879073692
15.82, 0.121072710029523
15.83, 0.12106854491082
15.84, 0.12106438415853
15.85, 0.121060244196354
15.86, 0.121056095898213
15.87, 0.12105196637113
15.88, 0.121047842573152
15.89, 0.121043723734666
15.90, 0.121039614520439
15.91, 0.121035510215887
15.92, 0.121031409272457
15.93, 0.121027325285591
15.94, 0.121023249375065
15.95, 0.121019179614604
15.96, 0.12101511358472
15.97, 0.121011054251382
15.98, 0.121007015109173
15.99, 0.121002977727054
16.00, 0.120998939096785
16.01, 0.120994914172414
16.02, 0.120990897455595
16.03, 0.120986884775907
16.04, 0.120982887876364
16.05, 0.120978886974814
16.06, 0.12097490485295
16.07, 0.120970926079279
16.08, 0.120966955848855
16.09, 0.120962987173492
16.10, 0.120959026536468
16.11, 0.120955082563753
16.12, 0.120951145998314
16.13, 0.120947203755922
16.14, 0.12094327877373
16.15, 0.12093936598011
16.16, 0.120935449322837
16.17, 0.12093154272756
16.18, 0.120927649930921
16.19, 0.120923762953693
16.20, 0.1209198717833
16.21, 0.120916006578024
16.22, 0.120912137115007
16.23, 0.120908273936967
16.24, 0.120904424094494
16.25, 0.120900572386132
16.26, 0.12089673370944
16.27, 0.120892903772001
16.28, 0.120889079587737
16.29, 0.120885258695435
16.30, 0.120881455555884
16.31, 0.120877648387954
16.32, 0.120873857028926
16.33, 0.120870069035264
16.34, 0.120866289049735
16.35, 0.120862513107719
16.36, 0.120858743974586
16.37, 0.120854979330941
16.38, 0.120851231826027
16.39, 0.120847488364319
16.40, 0.120843742429321
16.41, 0.120840010009503
16.42, 0.120836293510236
16.43, 0.12083257202683
16.44, 0.120828856776988
16.45, 0.120825156381652
16.46, 0.120821454322094
16.47, 0.120817765328462
16.48, 0.12081408418765
16.49, 0.120810406688892
16.50, 0.12080674445697
16.51, 0.12080307783976
16.52, 0.120799426626439
16.53, 0.120795770952944
16.54, 0.120792130919209
16.55, 0.120788495992061
16.56, 0.120784866858166
16.57, 0.120781243121308
16.58, 0.120777634950853
16.59, 0.12077402179706
16.60, 0.12077042251576
16.61, 0.12076683035748
16.62, 0.120763236198435
16.63, 0.120759660499712
16.64, 0.120756084745534
16.65, 0.120752515960325
16.66, 0.12074895889718
16.67, 0.120745399021261
16.68, 0.120741844771224
16.69, 0.120738313398637
16.70, 0.120734777420568
16.71, 0.120731251368933
16.72, 0.120727723612814
16.73, 0.120724205852822
16.74, 0.120720705355454
16.75, 0.120717193564148
16.76, 0.120713701385742
16.77, 0.120710212614246
16.78, 0.12070672893901
16.79, 0.120703252253452
16.80, 0.120699779225785
16.81, 0.120696322961507
16.82, 0.120692860326512
16.83, 0.120689412448358
16.84, 0.12068597193296
16.85, 0.120682534232318
16.86, 0.120679102096276
16.87, 0.120675677203817
16.88, 0.120672253381031
16.89, 0.120668846392543
16.90, 0.12066544697851
16.91, 0.120662040176147
16.92, 0.120658650669662
16.93, 0.120655262317721
16.94, 0.120651878516502
16.95, 0.120648504573041
16.96, 0.120645143158159
16.97, 0.120641776982456
16.98, 0.120638415437161
16.99, 0.120635069619123
17.00, 0.120631728413181
17.01, 0.120628391921872
17.02, 0.120625061111631
17.03, 0.120621732857274
17.04, 0.120618413632016
17.05, 0.12061510532561
17.06, 0.120611794220781
17.07, 0.120608495391394
17.08, 0.120605204012615
17.09, 0.120601919599471
17.10, 0.120598635850699
17.11, 0.120595357241889
17.12, 0.120592085557259
17.13, 0.120588818771308
17.14, 0.120585564576924
17.15, 0.120582315239606
17.16, 0.120579064863897
17.17, 0.120575825711597
17.18, 0.120572590949235
17.19, 0.120569361350033
17.20, 0.120565030566063
17.21, 0.120561455161605
17.22, 0.120557873741785
17.23, 0.120554309498366
17.24, 0.120550737182839
17.25, 0.120547179048616
17.26, 0.120543625934217
17.27, 0.12054007900482
17.28, 0.120536534326593
17.29, 0.120532996448042
17.30, 0.120529470579513
17.31, 0.120525939082161
17.32, 0.120522424136668
17.33, 0.120518901557091
17.34, 0.120515390879183
17.35, 0.120511888804201
17.36, 0.120508386874933
17.37, 0.120504891545223
17.38, 0.12050140042933
17.39, 0.120497925876991
17.40, 0.120494443664916
17.41, 0.120490975374744
17.42, 0.120487513218048
17.43, 0.120484041522932
17.44, 0.120480586014975
17.45, 0.120477144775034
17.46, 0.120473686296696
17.47, 0.1204702550932
17.48, 0.120466816928475
17.49, 0.120463390649426
17.50, 0.120459960481776
17.51, 0.120456544719287
17.52, 0.120453132746675
17.53, 0.120449713473558
17.54, 0.120446320088499
17.55, 0.120442920959834
17.56, 0.120439523888095
17.57, 0.120436135081387
17.58, 0.120432746641741
17.59, 0.120429373705487
17.60, 0.120426003038709
17.61, 0.120422628586033
17.62, 0.120419266171417
17.63, 0.120415910174748
17.64, 0.120412557942789
17.65, 0.120409210322121
17.66, 0.120405874147156
17.67, 0.120402532100443
17.68, 0.120399196503481
17.69, 0.120395872662135
17.70, 0.12039255302927
17.71, 0.120389229068594
17.72, 0.120385927469036
17.73, 0.120382611769652
17.74, 0.120379318050969
17.75, 0.120376020616193
17.76, 0.120372724731476
17.77, 0.120369432895442
17.78, 0.120366155377401
17.79, 0.120362873544941
17.80, 0.120359603991078
17.81, 0.120356337796487
17.82, 0.120353078077474
17.83, 0.120349817862321
17.84, 0.120346565843972
17.85, 0.120343315983396
17.86, 0.120340069828915
17.87, 0.120336837131104
17.88, 0.120333598623407
17.89, 0.120330374142758
17.90, 0.12032715550025
17.91, 0.120323926425567
17.92, 0.120320713905848
17.93, 0.120317504769258
17.94, 0.120314299537134
17.95, 0.120311100515978
17.96, 0.120307910955168
17.97, 0.120304717151481
17.98, 0.120301536875185
17.99, 0.120298348863784
18.00, 0.120295176449036
18.01, 0.120292000260915
18.02, 0.12028883576304
18.03, 0.120285672589919
18.04, 0.120282515698786
18.05, 0.120279362347687
18.06, 0.120276220422911
18.07, 0.120273074678073
18.08, 0.120269932506423
18.09, 0.120266803984895
18.10, 0.120263667393986
18.11, 0.120260546644634
18.12, 0.120257429800524
18.13, 0.120254313838761
18.14, 0.120251204004217
18.15, 0.120248096124759
18.16, 0.120244993572213
18.17, 0.120241894805444
18.18, 0.120238797919858
18.19, 0.120235716130477
18.20, 0.120232626454329
18.21, 0.120229552881445
18.22, 0.12022647999369
18.23, 0.120223403171035
18.24, 0.120220340565745
18.25, 0.120217278917253
18.26, 0.120214220762291
18.27, 0.120211168597775
18.28, 0.12020812757517
18.29, 0.120205080542925
18.30, 0.120202049156018
18.31, 0.120199011024282
18.32, 0.120195972583602
18.33, 0.120192952035457
18.34, 0.120189930561358
18.35, 0.120186917245135
18.36, 0.120183904559917
18.37, 0.120180895949291
18.38, 0.120177891209306
18.39, 0.120174891407121
18.40, 0.120171893522133
18.41, 0.120168908812434
18.42, 0.120165917906272
18.43, 0.120162940070878
18.44, 0.120159958242126
18.45, 0.120156987727867
18.46, 0.120154020869635
18.47, 0.120151057406309
18.48, 0.120148099005947
18.49, 0.120145138326417
18.50, 0.120142187103465
18.51, 0.120139237416315
18.52, 0.120136291023181
18.53, 0.120133358215309
18.54, 0.120130416724323
18.55, 0.120127493003107
18.56, 0.12012455979672
18.57, 0.12012163880666
18.58, 0.120118724960467
18.59, 0.12011581054618
18.60, 0.120112903822286
18.61, 0.120109995914584
18.62, 0.120107093502748
18.63, 0.120104194779787
18.64, 0.120101308983856
18.65, 0.120098414824923
18.66, 0.120095535995356
18.67, 0.120092650387619
18.68, 0.12008977615566
18.69, 0.120086897271658
18.70, 0.1200840319112
18.71, 0.120081169581914
18.72, 0.120078310881335
18.73, 0.120075453298773
18.74, 0.120072598971977
18.75, 0.120069760076082
18.76, 0.12006691396558
18.77, 0.120064069825761
18.78, 0.120061230243055
18.79, 0.120058404622331
18.80, 0.120055569689685
18.81, 0.120052748488611
18.82, 0.120049932724469
18.83, 0.120047117246143
18.84, 0.120044307868734
18.85, 0.120041499355154
18.86, 0.120038696141021
18.87, 0.120035896560151
18.88, 0.120033097385617
18.89, 0.120030301899286
18.90, 0.120027519409483
18.91, 0.120024732164258
18.92, 0.120021958697266
18.93, 0.120019175461311
18.94, 0.120016406114894
18.95, 0.120013639772153
18.96, 0.120010866269781
18.97, 0.120008108165957
18.98, 0.12000535329691
18.99, 0.120002599534495
19.00, 0.119999856509482
19.01, 0.119997108919383
19.02, 0.11999436650573
19.03, 0.119991625273455
19.04, 0.119988899104568
19.05, 0.119986164385852
19.06, 0.119983442058695
19.07, 0.119980723479318
19.08, 0.119977995628598
19.09, 0.119975285086801
19.10, 0.119972575213599
19.11, 0.119969870645819
19.12, 0.119967167324273
19.13, 0.119964467021406
19.14, 0.119961769769778
19.15, 0.119959075236357
19.16, 0.119956394113512
19.17, 0.119953705932385
19.18, 0.119951028979313
19.19, 0.119948346936803
19.20, 0.119945667655694
19.21, 0.119943003798298
19.22, 0.119940338370459
19.23, 0.119937678659474
19.24, 0.119935021706108
19.25, 0.119932369726324
19.26, 0.119929716515941
19.27, 0.119927068522769
19.28, 0.11992442545024
19.29, 0.119921781517041
19.30, 0.119919142366083
19.31, 0.119916516426379
19.32, 0.119913881265004
19.33, 0.119911261142801
19.34, 0.119908633393452
19.35, 0.119906019045274
19.36, 0.11990340561972
19.37, 0.119900785402245
19.38, 0.119898181881559
19.39, 0.11989557918476
19.40, 0.11989297965205
19.41, 0.119890380792075
19.42, 0.119887797175246
19.43, 0.119885204225066
19.44, 0.119882615906524
19.45, 0.119880028617121
19.46, 0.119877456355099
19.47, 0.119874874936996
19.48, 0.11987230842789
19.49, 0.119869732744821
19.50, 0.119867171923793
19.51, 0.119864612171997
19.52, 0.119862046990842
19.53, 0.119859495065427
19.54, 0.11985694559646
19.55, 0.119854397148245
19.56, 0.119851848998702
19.57, 0.119849318322123
19.58, 0.119846777900824
19.59, 0.119844242735521
19.60, 0.11984170834677
19.61, 0.119839188922495
19.62, 0.119836662300109
19.63, 0.119834146188395
19.64, 0.119831622814075
19.65, 0.119829112284711
19.66, 0.119826606578858
19.67, 0.119824091888279
19.68, 0.119821591667447
19.69, 0.119819092163016
19.70, 0.119816598116837
19.71, 0.119814101876279
19.72, 0.119811613327573
19.73, 0.119809134788517
19.74, 0.119806649070447
19.75, 0.119804168586655
19.76, 0.11980168816782
19.77, 0.119799222646874
19.78, 0.119796746309813
19.79, 0.11979428455408
19.80, 0.119791817176074
19.81, 0.119789360750757
19.82, 0.119786904649769
19.83, 0.119784455880375
19.84, 0.11978200764123
19.85, 0.119779563691913
19.86, 0.119777108711698
19.87, 0.119774680583091
19.88, 0.119772240610538
19.89, 0.119769807784114
19.90, 0.119767375619636
19.91, 0.119764943585179
19.92, 0.11976252671148
19.93, 0.119760104668692
19.94, 0.119757692593552
19.95, 0.119755271747583
19.96, 0.119752867280912
19.97, 0.119750453791799
19.98, 0.119748052299471
19.99, 0.11974565172602
20.00, 0.119743257725384
20.01, 0.119740854758483
20.02, 0.119738461957582
20.03, 0.119736074018883
20.04, 0.119733690381842
20.05, 0.119731305569529
20.06, 0.119728933038442
20.07, 0.119726557673388
20.08, 0.119724180644668
20.09, 0.119721817856589
20.10, 0.119719448292559
20.11, 0.119717090510356
20.12, 0.119714723980065
20.13, 0.119712371515511
20.14, 0.119710011493747
20.15, 0.119707664623754
20.16, 0.119705320028324
20.17, 0.119702975884744
20.18, 0.11970063639004
20.19, 0.119698297417947
20.20, 0.119695962849653
20.21, 0.119693630777832
20.22, 0.119691301457592
20.23, 0.119688974550638
20.24, 0.119686650682632
20.25, 0.1196843261443
20.26, 0.11968201461551
20.27, 0.119679698097448
20.28, 0.119677391494533
20.29, 0.119675082155908
20.30, 0.119672778566725
20.31, 0.119670471277658
20.32, 0.119668176967503
20.33, 0.119665882836947
20.34, 0.119663595604938
20.35, 0.119661294142899
20.36, 0.119659009888079
20.37, 0.119656727564667
20.38, 0.119654445696258
20.39, 0.119652166796892
20.40, 0.119649891959908
20.41, 0.119647629946575
20.42, 0.119645357789541
20.43, 0.119643090168088
20.44, 0.119640823185126
20.45, 0.119638568714564
20.46, 0.119636308172072
20.47, 0.119634058590516
20.48, 0.119631802863584
20.49, 0.1196295580839
20.50, 0.119627315316299
20.51, 0.119625065208217
20.52, 0.119622827375827
20.53, 0.119620593928569
20.54, 0.119618362909986
20.55, 0.119616132262913
20.56, 0.119613903815905
20.57, 0.119611678096079
20.58, 0.11960945394859
20.59, 0.119607235270705
20.60, 0.119605016676073
20.61, 0.119602799830067
20.62, 0.119600597690796
20.63, 0.119598386176815
20.64, 0.119596176710453
20.65, 0.119593979677694
20.66, 0.119591784806867
20.67, 0.119589584583776
20.68, 0.119587384535782
20.69, 0.119585196563278
20.70, 0.119583011270095
20.71, 0.11958081798685
20.72, 0.119578647033307
20.73, 0.119576460860502
20.74, 0.119574284664141
20.75, 0.119572108582088
20.76, 0.119569939229178
20.77, 0.119567767311133
20.78, 0.119565612697497
20.79, 0.11956343802724
20.80, 0.119561285429513
20.81, 0.119559127117738
20.82, 0.119556967490746
20.83, 0.119554821367633
20.84, 0.119552667921144
20.85, 0.119550527125946
20.86, 0.119548378284188
20.87, 0.119546241461425
20.88, 0.119544097371222
20.89, 0.119541965234991
20.90, 0.119539825349227
20.91, 0.119537695429751
20.92, 0.119535572310989
20.93, 0.119533447043562
20.94, 0.119531328381896
20.95, 0.119529207419206
20.96, 0.119527092853584
20.97, 0.119524976911707
20.98, 0.119522864801511
20.99, 0.119520754830152
21.00, 0.119518646954972
21.01, 0.119516541739539
21.02, 0.119514448303431
21.03, 0.119512347625056
21.04, 0.119510246653851
21.05, 0.119508162084291
21.06, 0.119506063274018
21.07, 0.119503981168032
21.08, 0.119501890817116
21.09, 0.119499815193357
21.10, 0.119497735008976
21.11, 0.119495651246956
21.12, 0.119493578008683
21.13, 0.119491510802842
21.14, 0.119489443497143
21.15, 0.11948737844978
21.16, 0.119485313527497
21.17, 0.119483250677775
21.18, 0.119481194196561
21.19, 0.119479135814741
21.20, 0.119477081668946
21.21, 0.119475029297893
21.22, 0.119472975251995
21.23, 0.119470939519628
21.24, 0.11946889146763
21.25, 0.119466845468472
21.26, 0.119464816116612
21.27, 0.119462774826314
21.28, 0.119460745306394
21.29, 0.119458710097343
21.30, 0.119456686938506
21.31, 0.119454655625953
21.32, 0.119452636797663
21.33, 0.119450615555169
21.34, 0.119448600689208
21.35, 0.119446578361375
21.36, 0.119444565211476
21.37, 0.119442556927047
21.38, 0.119440548082032
21.39, 0.119438542066682
21.40, 0.119436537511993
21.41, 0.11943453720398
21.42, 0.119432538687516
21.43, 0.11943054055412
21.44, 0.119428556440719
21.45, 0.119426562014722
21.46, 0.119424572181399
21.47, 0.119422582205063
21.48, 0.119420603852772
21.49, 0.119418619770945
21.50, 0.119416645860669
21.51, 0.119414663722578
21.52, 0.119412696158248
21.53, 0.119410718050719
21.54, 0.119408754447269
21.55, 0.119406790692768
21.56, 0.119404818759862
21.57, 0.11940285860979
21.58, 0.119400900905531
21.59, 0.119398947210977
21.60, 0.119396995471882
21.61, 0.119395045514494
21.62, 0.119393093362854
21.63, 0.119391145734913
21.64, 0.119389199697651
21.65, 0.119387255697876
21.66, 0.119385315643482
21.67, 0.119383377878285
21.68, 0.119381437771752
21.69, 0.119379513507945
21.70, 0.119377579661379
21.71, 0.119375647239585
21.72, 0.11937372739658
21.73, 0.119371799108367
21.74, 0.119369874932058
21.75, 0.119367960473201
21.76, 0.119366048265967
21.77, 0.119364129752702
21.78, 0.119362221288616
21.79, 0.119360312794237
21.80, 0.119358397839727
21.81, 0.119356494972006
21.82, 0.119354594703235
21.83, 0.119352697706638
21.84, 0.119350800816425
21.85, 0.119348905790133
21.86, 0.119347003120584
21.87, 0.119345111541858
21.88, 0.119343232444245
21.89, 0.119341347093856
21.90, 0.119339451453424
21.91, 0.119337577999523
21.92, 0.1193356943286
21.93, 0.119333814366341
21.94, 0.119331946454074
21.95, 0.119330070406033
21.96, 0.119328196536655
21.97, 0.119326334143207
21.98, 0.119324463803113
21.99, 0.119322595306188
22.00, 0.119320741002541
22.01, 0.119318876085864
22.02, 0.119317021062502
22.03, 0.11931517018755
22.04, 0.1193133108059
22.05, 0.119311461613002
22.06, 0.119309618331724
22.07, 0.119307774812623
22.08, 0.119305922797425
22.09, 0.11930408069949
22.10, 0.119302242543603
22.11, 0.119300406468094
22.12, 0.119298569759319
22.13, 0.119296741926601
22.14, 0.119294908523942
22.15, 0.11929307772707
22.16, 0.119291252986895
22.17, 0.119289425308093
22.18, 0.119287611798413
22.19, 0.11928579041153
22.20, 0.119283970699933
22.21, 0.119282160322514
22.22, 0.119280344234384
22.23, 0.119278529777867
22.24, 0.119276727487506
22.25, 0.119274914611516
22.26, 0.119273115442602
22.27, 0.119271310330608
22.28, 0.119269510652582
22.29, 0.119267707075954
22.30, 0.119265915502792
22.31, 0.119264125399221
22.32, 0.119262325047726
22.33, 0.119260538257693
22.34, 0.119258753826939
22.35, 0.119256970762735
22.36, 0.11925518949384
22.37, 0.1192533981012
22.38, 0.119251620426017
22.39, 0.119249844577181
22.40, 0.11924806801597
22.41, 0.119246295895365
22.42, 0.119244523221275
22.43, 0.119242753921216
22.44, 0.119240997151591
22.45, 0.119239231701523
22.46, 0.119237463991254
22.47, 0.119235701906884
22.48, 0.119233951633285
22.49, 0.119232193236988
22.50, 0.11923043670255
22.51, 0.119228689403329
22.52, 0.119226936174187
22.53, 0.119225192510922
22.54, 0.119223438411809
22.55, 0.119221700202884
22.56, 0.119219953952033
22.57, 0.119218219085124
22.58, 0.119216474053991
22.59, 0.11921474276999
22.60, 0.119213011126181
22.61, 0.119211271334605
22.62, 0.11920954516713
22.63, 0.11920782048968
22.64, 0.119206095444426
22.65, 0.119204374475981
22.66, 0.119202652970249
22.67, 0.119200932864692
22.68, 0.119199206878193
22.69, 0.119197490635647
22.70, 0.119195775647009
22.71, 0.119194074796288
22.72, 0.119192363366425
22.73, 0.119190655496432
22.74, 0.119188947319367
22.75, 0.119187243176572
22.76, 0.119185538125112
22.77, 0.119183845088602
22.78, 0.119182145864175
22.79, 0.119180455805591
22.80, 0.119178757526468
22.81, 0.119177063342697
22.82, 0.119175370255201
22.83, 0.119173687094495
22.84, 0.11917200552442
22.85, 0.119170315430949
22.86, 0.119168639144456
22.87, 0.119166952554421
22.88, 0.119165277228131
22.89, 0.119163606056362
22.90, 0.119161924375989
22.91, 0.119160253810895
22.92, 0.119158587480572
22.93, 0.119153862292022
22.94, 0.11915200374952
22.95, 0.119150149353822
22.96, 0.119148294776421
22.97, 0.119146441661662
22.98, 0.119144592646319
22.99, 0.119142743136167
23.00, 0.119140895305309
23.01, 0.119139051524888
23.02, 0.119137204999175
23.03, 0.119135364427394
23.04, 0.11913352395618
23.05, 0.119131695198987
23.06, 0.119129860081123
23.07, 0.119128022406823
23.08, 0.119126188494326
23.09, 0.119124368625328
23.10, 0.119122538442559
23.11, 0.119120709805508
23.12, 0.119118892931718
23.13, 0.11911707024703
23.14, 0.119115256795537
23.15, 0.119113432900979
23.16, 0.119111625372848
23.17, 0.119109807078239
23.18, 0.11910800024512
23.19, 0.119106195741428
23.20, 0.119104382720816
23.21, 0.119102583518317
23.22, 0.119100771419055
23.23, 0.119098973615603
23.24, 0.119097177523743
23.25, 0.11909538293847
23.26, 0.119093589945829
23.27, 0.119091788649917
23.28, 0.11908999960787
23.29, 0.119088211377625
23.30, 0.119086425604428
23.31, 0.119084641191097
23.32, 0.119082858239501
23.33, 0.119081079645331
23.34, 0.119079297807481
23.35, 0.119077520226853
23.36, 0.119075744155626
23.37, 0.11907396983429
23.38, 0.119072207012866
23.39, 0.119070437981643
23.40, 0.119068666699729
23.41, 0.119066898871731
23.42, 0.11906513497739
23.43, 0.119063378811294
23.44, 0.119061626012795
23.45, 0.119059864656446
23.46, 0.119058105503286
23.47, 0.119056345082779
23.48, 0.1190546011277
23.49, 0.119052844508706
23.50, 0.119051101778554
23.51, 0.119049360295109
23.52, 0.119047610850977
23.53, 0.119045873014206
23.54, 0.119044126638068
23.55, 0.119042389728405
23.56, 0.119040656571906
23.57, 0.119038927357735
23.58, 0.119037185361247
23.59, 0.119035457154539
23.60, 0.119033730514963
23.61, 0.119031995329537
23.62, 0.119030279749135
23.63, 0.119028548307254
23.64, 0.119026827913623
23.65, 0.119025109463911
23.66, 0.119023392707284
23.67, 0.11902167537298
23.68, 0.119019971053368
23.69, 0.119018256714473
23.70, 0.119016548500371
23.71, 0.119014839630593
23.72, 0.119013132302143
23.73, 0.119011424205487
23.74, 0.119009719696146
23.75, 0.119008017197316
23.76, 0.11900632442957
23.77, 0.119004624869204
23.78, 0.119002924529718
23.79, 0.119001230309916
23.80, 0.118999543719371
23.81, 0.118997850228663
23.82, 0.118996168717354
23.83, 0.118994476752952
23.84, 0.118992788109614
23.85, 0.118991108831887
23.86, 0.118989433855904
23.87, 0.118987750098496
23.88, 0.118986075444563
23.89, 0.118984396927891
23.90, 0.11898272587374
23.91, 0.118981047958289
23.92, 0.11897937957804
23.93, 0.118977715333872
23.94, 0.118976050319583
23.95, 0.118974380878071
23.96, 0.118972718889543
23.97, 0.118971058381991
23.98, 0.118969401499601
23.99, 0.118967746239204
24.00, 0.118966090243967
24.01, 0.118964438101312
24.02, 0.118962775427057
24.03, 0.118961125728321
24.04, 0.118959486168828
24.05, 0.118957839843114
24.06, 0.118956195378705
24.07, 0.118954549928632
24.08, 0.118952908344754
24.09, 0.118951266334833
24.10, 0.118949627797141
24.11, 0.118947988294353
24.12, 0.118946353013785
24.13, 0.118944726499388
24.14, 0.11894309426117
24.15, 0.118941461218419
24.16, 0.118939841402173
24.17, 0.118938211104593
24.18, 0.118936582566498
24.19, 0.118934959421345
24.20, 0.118933341288146
24.21, 0.118931719167681
24.22, 0.118930106450115
24.23, 0.118928487020577
24.24, 0.118926879424782
24.25, 0.118925261412104
24.26, 0.118923656679165
24.27, 0.118922041015852
24.28, 0.118920437457974
24.29, 0.118918836752534
24.30, 0.11891722580409
24.31, 0.118915628453729
24.32, 0.118914030203202
24.33, 0.118912425832269
24.34, 0.118910830880594
24.35, 0.118909237087376
24.36, 0.118907644673994
24.37, 0.118906046218899
24.38, 0.118904457039412
24.39, 0.118902871227071
24.40, 0.118901284842737
24.41, 0.118899699717731
24.42, 0.118898116296487
24.43, 0.118896536228004
24.44, 0.118894955577635
24.45, 0.118893378593568
24.46, 0.118891800422507
24.47, 0.1188902264951
24.48, 0.118888649387166
24.49, 0.118887078248054
24.50, 0.118885506140837
24.51, 0.118883937721839
24.52, 0.118882368539182
24.53, 0.118880812600499
24.54, 0.11887924433976
24.55, 0.118877681729997
24.56, 0.118876127880803
24.57, 0.118874566027231
24.58, 0.118873007316147
24.59, 0.118871457908489
24.60, 0.118869900364013
24.61, 0.118868343748319
24.62, 0.118866800567991
24.63, 0.118865246861691
24.64, 0.118863696959878
24.65, 0.118862154052855
24.66, 0.118860616911355
24.67, 0.118859068670298
24.68, 0.118857532056839
24.69, 0.118855986764696
24.70, 0.118854454959605
24.71, 0.118852922434728
24.72, 0.118851379336981
24.73, 0.118849851543362
24.74, 0.118848313264726
24.75, 0.118846786138628
24.76, 0.118845262596488
24.77, 0.11884373874986
24.78, 0.1188422158486
24.79, 0.118840684239959
24.80, 0.118839166386687
24.81, 0.118837645825328
24.82, 0.118836130481858
24.83, 0.118834614330669
24.84, 0.118833097506305
24.85, 0.118831576578868
24.86, 0.11883006464317
24.87, 0.118828554374847
24.88, 0.11882704506863
24.89, 0.118825547028676
24.90, 0.118824040880058
24.91, 0.118822535566465
24.92, 0.11882103219221
24.93, 0.118819531670043
24.94, 0.118818030382249
24.95, 0.118816532887249
24.96, 0.118815032297665
24.97, 0.118813537537784
24.98, 0.118812049741743
24.99, 0.11881055538952
25.00, 0.118809064525429
0.01, 0.411625437335378
0.02, 0.41728754832852
0.03, 0.409258458784477
0.04, 0.400897155326185
0.05, 0.397018304439458
0.06, 0.395741752924848
0.07, 0.394181798503914
0.08, 0.392547220068744
0.09, 0.39092916995109
0.10, 0.3893680078462
0.11, 0.387880528988813
0.12, 0.386472177502885
0.13, 0.385139113044017
0.14, 0.383886082545636
0.15, 0.382705342537111
0.16, 0.381592527582381
0.17, 0.38054317436079
0.18, 0.379553047686782
0.19, 0.37861817481671
0.20, 0.377734886271341
0.21, 0.376899821612218
0.22, 0.376109952560049
0.23, 0.375362478085443
0.24, 0.37465491704473
0.25, 0.373985007960752
0.26, 0.373487498259317
0.27, 0.373023762172799
0.28, 0.372592102014235
0.29, 0.372191087071374
0.30, 0.371819311232619
0.31, 0.371475566196477
0.32, 0.371158744324487
0.33, 0.370867901100804
0.34, 0.370602131264987
0.35, 0.370360651387122
0.36, 0.370142756421134
0.37, 0.369947804870232
0.38, 0.369775299804652
0.39, 0.369624748204268
0.40, 0.369495758718844
0.41, 0.36938798379399
0.42, 0.369301115589879
0.43, 0.369234989632953
0.44, 0.369189427636063
0.45, 0.369164314778236
0.46, 0.369159626531561
0.47, 0.369175335446013
0.48, 0.369211568025919
0.49, 0.36926841380167
0.50, 0.369346053766458
0.51, 0.369444722343668
0.52, 0.369564754819501
0.53, 0.369706507624054
0.54, 0.369870412078257
0.55, 0.370349905153534
0.56, 0.370855379620508
0.57, 0.371378357406398
0.58, 0.371919820022351
0.59, 0.37223005808385
0.60, 0.37256103595027
0.61, 0.373161496335354
0.62, 0.373776506175079
0.63, 0.374416434613592
0.64, 0.375082966119863
0.65, 0.375777944934809
0.66, 0.376503425813488
0.67, 0.377261643951824
0.68, 0.378055115230795
0.69, 0.378886626192001
0.70, 0.379759294804278
0.71, 0.379652743999494
0.72, 0.379483366440311
0.73, 0.379314055089691
0.74, 0.379144819731598
0.75, 0.378975640078
0.76, 0.378806535939785
0.77, 0.37863748703141
0.78, 0.37846851316624
0.79, 0.378299614730129
0.80, 0.37813076017658
0.81, 0.380460616520189
0.82, 0.38279053695285
0.83, 0.385120511220712
0.84, 0.387450569168776
0.85, 0.389780670472297
0.86, 0.392110834954202
0.87, 0.394441082438583
0.88, 0.396771372604168
0.89, 0.399101755970708
0.90, 0.401432180954584
0.91, 0.402997625865024
0.92, 0.409197903632321
0.93, 0.416064251228256
0.94, 0.420120544010186
0.95, 0.424176836792117
0.96, 0.428233129574048
0.97, 0.432289422355978
0.98, 0.436345715137908
0.99, 0.440402007919839
1.00, 0.444458300701769
1.01, 0.448514593483699
1.02, 0.45257088626563
1.03, 0.45662717904756
1.04, 0.460683471829491
1.05, 0.464739764611421
1.06, 0.463638467868304
1.07, 0.462534483715127
1.08, 0.461403711903609
1.09, 0.460267611035278
1.10, 0.459136451983756
1.11, 0.458011013756393
1.12, 0.45689187564542
1.13, 0.455779519273928
1.14, 0.454674328483493
1.15, 0.453576587155788
1.16, 0.451931883965211
1.17, 0.450277077478575
1.18, 0.448632785377715
1.19, 0.446999125041408
1.20, 0.445278586726151
1.21, 0.443516344732988
1.22, 0.441744803238162
1.23, 0.43987323455426
1.24, 0.438013988564247
1.25, 0.43616699342704
1.26, 0.434376059929183
1.27, 0.432687502297982
1.28, 0.431063116119269
1.29, 0.42949242410149
1.30, 0.427970091692636
1.31, 0.426492751210226
1.32, 0.425058079283747
1.33, 0.423664440115226
1.34, 0.422310433641341
1.35, 0.420995092647823
1.36, 0.419719191530211
1.37, 0.418486188423762
1.38, 0.417290071753052
1.39, 0.416130340027027
1.40, 0.415006545394298
1.41, 0.413918342909537
1.42, 0.412865429084995
1.43, 0.411847503915568
1.44, 0.410850151285655
1.45, 0.409879502184131
1.46, 0.408943250712074
1.47, 0.408041261762901
1.48, 0.407173397177087
1.49, 0.406339543956208
1.50, 0.405539620175287
1.51, 0.404773531869959
1.52, 0.4040412612427
1.53, 0.403342709252279
1.54, 0.402677855359425
1.55, 0.402046665773355
1.56, 0.401449139012335
1.57, 0.400885225413607
1.58, 0.400354942914285
1.59, 0.399858298257768
1.60, 0.399395269484806
1.61, 0.39896590655661
1.62, 0.398570218340463
1.63, 0.398208203753461
1.64, 0.39787991644393
1.65, 0.397585379260672
1.66, 0.397324629416405
1.67, 0.39709771140727
1.68, 0.396904653453151
1.69, 0.396745513109679
1.70, 0.396620348177381
1.71, 0.396529194027058
1.72, 0.396472117375966
1.73, 0.396449170724596
1.74, 0.396460406027328
1.75, 0.396505898380575
1.76, 0.396585714740303
1.77, 0.396699918331152
1.78, 0.396848550346748
1.79, 0.397031710133311
1.80, 0.397249472514925
1.81, 0.397567720995293
1.82, 0.397899917930219
1.83, 0.398259590157565
1.84, 0.398646786009518
1.85, 0.399061600986825
1.86, 0.39950410564705
1.87, 0.399974398146249
1.88, 0.400472525462149
1.89, 0.400998589769931
1.90, 0.401552687716937
1.91, 0.402134889324512
1.92, 0.402745279082332
1.93, 0.40338394830451
1.94, 0.404050992401339
1.95, 0.404746475524197
1.96, 0.405470508242459
1.97, 0.406223174767675
1.98, 0.406919138826869
1.99, 0.407643902332665
2.00, 0.40839759002963
2.01, 0.408578274658152
2.02, 0.406921921058234
2.03, 0.40527567718865
2.04, 0.403639503042264
2.05, 0.402013337746878
2.06, 0.400397160195909
2.07, 0.398790905734004
2.08, 0.39719454245949
2.09, 0.395607950430731
2.10, 0.394031151725044
2.11, 0.392464032137869
2.12, 0.390906508539505
2.13, 0.389358590334417
2.14, 0.387820167275257
2.15, 0.386291148141691
2.16, 0.384771521322451
2.17, 0.38326118808717
2.18, 0.381760062589813
2.19, 0.380268107855646
2.20, 0.378785243011147
2.21, 0.377311396478763
2.22, 0.375846468947682
2.23, 0.374390434106286
2.24, 0.372943197453334
2.25, 0.371504691780116
2.26, 0.370074844597974
2.27, 0.368653581627892
2.28, 0.36724084396106
2.29, 0.365836545895598
2.30, 0.364440621088837
2.31, 0.363052999686055
2.32, 0.361673625309603
2.33, 0.360302407713491
2.34, 0.358939290348048
2.35, 0.357584211736505
2.36, 0.356237088592578
2.37, 0.354897844974331
2.38, 0.353566439343467
2.39, 0.352242799520773
2.40, 0.3509268324599
2.41, 0.349618517145162
2.42, 0.348317751003308
2.43, 0.347024497610736
2.44, 0.345738675987209
2.45, 0.344460245106862
2.46, 0.343448214568181
2.47, 0.342443438197302
2.48, 0.341445857920048
2.49, 0.340455393748474
2.50, 0.339472002334015
2.51, 0.338495635706402
2.52, 0.337526206849705
2.53, 0.33656367427798
2.54, 0.335607961618459
2.55, 0.334659037703101
2.56, 0.333716842721321
2.57, 0.332781308340198
2.58, 0.331852362126962
2.59, 0.330929993424239
2.60, 0.330014118911636
2.61, 0.329104702630983
2.62, 0.328201673586568
2.63, 0.327305008557097
2.64, 0.326414621444002
2.65, 0.325530467525818
2.66, 0.32465249273113
2.67, 0.32378069099099
2.68, 0.32291495648729
2.69, 0.322055288507003
2.70, 0.321201595788923
2.71, 0.320353856530997
2.72, 0.319512020416758
2.73, 0.318676021070231
2.74, 0.317845840529731
2.75, 0.317021427762822
2.76, 0.316202712139531
2.77, 0.315389687832861
2.78, 0.314582276427879
2.79, 0.31378045259097
2.80, 0.312984168771894
2.81, 0.312193372462115
2.82, 0.311408020229457
2.83, 0.310628096161223
2.84, 0.309853548284959
2.85, 0.309084325963937
2.86, 0.308320388959662
2.87, 0.307561702683642
2.88, 0.306808208741731
2.89, 0.306059896353271
2.90, 0.305316727837311
2.91, 0.304578625321133
2.92, 0.303845586548694
2.93, 0.303117569128358
2.94, 0.302394530380919
2.95, 0.301676410898685
2.96, 0.300963212339557
2.97, 0.300255819280466
2.98, 0.299571921581919
2.99, 0.298892804331388
3.00, 0.298218454196743
3.01, 0.297529911398752
3.02, 0.29684541315428
3.03, 0.29616486831497
3.04, 0.295488283192902
3.05, 0.294815654544958
3.06, 0.294146937643011
3.07, 0.293482084917768
3.08, 0.292821111811359
3.09, 0.292163953758249
3.10, 0.291510601804925
3.11, 0.290861016647847
3.12, 0.290215222028426
3.13, 0.289573120249372
3.14, 0.288934751182463
3.15, 0.288300058046775
3.16, 0.287669013739966
3.17, 0.28704159021092
3.18, 0.286417811711282
3.19, 0.285797591303223
3.20, 0.285180941025811
3.21, 0.284567835648803
3.22, 0.28395823535219
3.23, 0.283352118409146
3.24, 0.28274950988259
3.25, 0.282150309807041
3.26, 0.281554544056822
3.27, 0.280962188904213
3.28, 0.280373214045349
3.29, 0.279787597635386
3.30, 0.279205326560101
3.31, 0.278626365999413
3.32, 0.278050690902284
3.33, 0.277478291104614
3.34, 0.276909137300025
3.35, 0.27634323327913
3.36, 0.275780529001372
3.37, 0.275221000940074
3.38, 0.274664669919569
3.39, 0.274111469155933
3.40, 0.273561410575056
3.41, 0.273014447013894
3.42, 0.272470561740978
3.43, 0.271929774098938
3.44, 0.271392032283296
3.45, 0.270857292655313
3.46, 0.270325590293281
3.47, 0.269796855618289
3.48, 0.269271099218888
3.49, 0.268748303868984
3.50, 0.268228452456868
3.51, 0.267711492631715
3.52, 0.267197447355559
3.53, 0.266686280197081
3.54, 0.266177956307977
3.55, 0.265672483815353
3.56, 0.265169827389196
3.57, 0.264669982985293
3.58, 0.264172919520562
3.59, 0.263692089453622
3.60, 0.2632226257494
3.61, 0.262755888183287
3.62, 0.262291865852017
3.63, 0.261830554858929
3.64, 0.261371905568454
3.65, 0.260915932546913
3.66, 0.260462599749459
3.67, 0.260011908319708
3.68, 0.259563825620949
3.69, 0.259118329576404
3.70, 0.258675415649662
3.71, 0.258235066513622
3.72, 0.257797266198812
3.73, 0.257361974178995
3.74, 0.256929230158175
3.75, 0.256498971259963
3.76, 0.256071174136185
3.77, 0.255645851987021
3.78, 0.255222995135138
3.79, 0.25480254082361
3.80, 0.254384532430135
3.81, 0.253968912820685
3.82, 0.253555666282162
3.83, 0.253144794396883
3.84, 0.252736284234194
3.85, 0.25233011242619
3.86, 0.251894687583752
3.87, 0.251461561342948
3.88, 0.251030735761572
3.89, 0.250602156161938
3.90, 0.250175871685995
3.91, 0.249751836132663
3.92, 0.249330014446118
3.93, 0.248910429554888
3.94, 0.248493033119354
3.95, 0.248077831913943
3.96, 0.247664787222378
3.97, 0.247253934214272
3.98, 0.246845206459341
3.99, 0.246438603530357
4.00, 0.246034117791495
4.01, 0.245633139074114
4.02, 0.245234254119086
4.03, 0.24483742826902
4.04, 0.244442667306567
4.05, 0.244049936730881
4.06, 0.243659234314427
4.07, 0.243270550231215
4.08, 0.242883853206677
4.09, 0.242499154346445
4.10, 0.242116420381922
4.11, 0.24173563352594
4.12, 0.241356807549816
4.13, 0.240979900820316
4.14, 0.240604905515676
4.15, 0.240231828828878
4.16, 0.239860634196887
4.17, 0.239491314706685
4.18, 0.239123862342816
4.19, 0.238758253699432
4.20, 0.238394483683792
4.21, 0.238032537487934
4.22, 0.237672407066234
4.23, 0.237314075612163
4.24, 0.236957523065786
4.25, 0.236602745319874
4.26, 0.23624972158747
4.27, 0.235898450092072
4.28, 0.235548908760875
4.29, 0.235201104808664
4.30, 0.234854986927518
4.31, 0.234510569579418
4.32, 0.234167846233552
4.33, 0.233826781210431
4.34, 0.233487380805756
4.35, 0.233149624862881
4.36, 0.232813498191061
4.37, 0.232479002488061
4.38, 0.232146107496561
4.39, 0.231822436418045
4.40, 0.231517816929797
4.41, 0.231214260347241
4.42, 0.230911778252885
4.43, 0.230610332999259
4.44, 0.230309936583276
4.45, 0.230010569600738
4.46, 0.229712241440353
4.47, 0.229414923661751
4.48, 0.229118621274961
4.49, 0.228823324331381
4.50, 0.228529013554557
4.51, 0.22823569137139
4.52, 0.227943353027084
4.53, 0.227651981550174
4.54, 0.22736157823068
4.55, 0.227072122487065
4.56, 0.226783605788001
4.57, 0.226496037255453
4.58, 0.226209391440773
4.59, 0.225933379678851
4.60, 0.225651908699437
4.61, 0.225371381331997
4.62, 0.225091794966708
4.63, 0.224813134358805
4.64, 0.224535388699215
4.65, 0.224258563913895
4.66, 0.223982646681402
4.67, 0.223707621815117
4.68, 0.223433481105251
4.69, 0.223160240429983
4.70, 0.22288785823331
4.71, 0.222616342908471
4.72, 0.222345683589096
4.73, 0.222075877110406
4.74, 0.221806919594756
4.75, 0.221538789650931
4.76, 0.221271474874759
4.77, 0.22100499595216
4.78, 0.220739315238308
4.79, 0.220474434766358
4.80, 0.220210356292655
4.81, 0.219947058067974
4.82, 0.219684533369764
4.83, 0.219422782324454
4.84, 0.219161798454397
4.85, 0.21890156785015
4.86, 0.218642076406389
4.87, 0.218383326714846
4.88, 0.218125310549247
4.89, 0.217868006557386
4.90, 0.217611427235071
4.91, 0.217355560228715
4.92, 0.217100377305516
4.93, 0.216845892045603
4.94, 0.216592085052674
4.95, 0.216338959984065
4.96, 0.216086504105554
4.97, 0.215834703275211
4.98, 0.215583557946956
4.99, 0.215333046135851
5.00, 0.215083181247598
5.01, 0.214833942424598
5.02, 0.214585311938993
5.03, 0.21433731476284
5.04, 0.21408991072075
5.05, 0.213843101608349
5.06, 0.21359688905015
5.07, 0.213351261733909
5.08, 0.213106193953811
5.09, 0.212861705658507
5.10, 0.212617764117251
5.11, 0.212374372803757
5.12, 0.212131541700109
5.13, 0.211889234298892
5.14, 0.211647447462607
5.15, 0.211406187766522
5.16, 0.211165435360235
5.17, 0.210925201225755
5.18, 0.210685449402818
5.19, 0.210446183238542
5.20, 0.210207408309868
5.21, 0.209969109545054
5.22, 0.209731263610702
5.23, 0.209493879355814
5.24, 0.209256949137334
5.25, 0.209020461268487
5.26, 0.208784412950379
5.27, 0.208548782476608
5.28, 0.208313582715903
5.29, 0.208078789611398
5.30, 0.207844395469398
5.31, 0.207610402525116
5.32, 0.207376798823796
5.33, 0.207143577589802
5.34, 0.206910730147604
5.35, 0.2066782473426
5.36, 0.206446123998304
5.37, 0.206214349608707
5.38, 0.205982920075388
5.39, 0.205751828050708
5.40, 0.205521071629298
5.41, 0.205290624698099
5.42, 0.205060500388467
5.43, 0.204830674255025
5.44, 0.204601154464379
5.45, 0.204371915261104
5.46, 0.204142966372464
5.47, 0.203914285707363
5.48, 0.203685879026582
5.49, 0.203457729416515
5.50, 0.20322984108679
5.51, 0.203002190588204
5.52, 0.202774776994203
5.53, 0.202547600337057
5.54, 0.20232064154391
5.55, 0.202093904002387
5.56, 0.201867373406213
5.57, 0.201641042355671
5.58, 0.201414894422936
5.59, 0.201188947475915
5.60, 0.200963172011491
5.61, 0.200737562874797
5.62, 0.200512120863203
5.63, 0.200286840388575
5.64, 0.200061707797146
5.65, 0.199836705480367
5.66, 0.199611839102197
5.67, 0.199387112173255
5.68, 0.199162498974885
5.69, 0.198919378879478
5.70, 0.198671384637546
5.71, 0.198423487608738
5.72, 0.198175640814462
5.73, 0.197927876077054
5.74, 0.197702412723641
5.75, 0.197493329365003
5.76, 0.197284295689967
5.77, 0.197075298652249
5.78, 0.196866331435357
5.79, 0.196657387366433
5.80, 0.196448465241158
5.81, 0.196239545981599
5.82, 0.196030630583598
5.83, 0.195821709028565
5.84, 0.195612776878422
5.85, 0.195403833388712
5.86, 0.19519485219236
5.87, 0.194985840050007
5.88, 0.194776800929745
5.89, 0.194567708055759
5.90, 0.194358555731583
5.91, 0.194149337815711
5.92, 0.193940058849382
5.93, 0.193730709022149
5.94, 0.19352127479708
5.95, 0.193311742149565
5.96, 0.193102126352773
5.97, 0.192892397108947
5.98, 0.192682557109627
5.99, 0.19247259978275
6.00, 0.192262529650085
6.01, 0.192071698669122
6.02, 0.191903112485177
6.03, 0.191734885390025
6.04, 0.191567002464638
6.05, 0.191399468361013
6.06, 0.191232277019442
6.07, 0.191065419220157
6.08, 0.190898915339376
6.09, 0.19073276190581
6.10, 0.190566937353535
6.11, 0.190401467659429
6.12, 0.190236325146752
6.13, 0.190071523041547
6.14, 0.189907054580933
6.15, 0.189742935274406
6.16, 0.189579144833877
6.17, 0.1894156903972
6.18, 0.18925256590312
6.19, 0.189089770304918
6.20, 0.188927305884891
6.21, 0.188765186533054
6.22, 0.188603384140465
6.23, 0.188441907662257
6.24, 0.188280764993695
6.25, 0.188119936365518
6.26, 0.187959442983604
6.27, 0.187799269170839
6.28, 0.187639423702476
6.29, 0.187479897325482
6.30, 0.187320703100552
6.31, 0.187161813010572
6.32, 0.187003246657047
6.33, 0.186845006270575
6.34, 0.186687069546523
6.35, 0.186529454056098
6.36, 0.186372166793589
6.37, 0.186215174692635
6.38, 0.186058501266841
6.39, 0.185902152274334
6.40, 0.185746099851444
6.41, 0.185590369769906
6.42, 0.185434938919186
6.43, 0.185279829351354
6.44, 0.185125008498483
6.45, 0.184970517451051
6.46, 0.184816319088057
6.47, 0.184662419647409
6.48, 0.18450883224805
6.49, 0.184355545791136
6.50, 0.184202554412275
6.51, 0.18404988330397
6.52, 0.183897492063693
6.53, 0.183745415212502
6.54, 0.183593630042666
6.55, 0.18344213810411
6.56, 0.183290949535229
6.57, 0.183140044415481
6.58, 0.182989451987251
6.59, 0.182839139456106
6.60, 0.182689117800622
6.61, 0.182539401656908
6.62, 0.182389970819281
6.63, 0.182240817046962
6.64, 0.182091973421619
6.65, 0.181943403817543
6.66, 0.181795123412222
6.67, 0.181647136322794
6.68, 0.181499432370523
6.69, 0.181352010061213
6.70, 0.181204873993026
6.71, 0.18105801977411
6.72, 0.180911443039145
6.73, 0.180765159119215
6.74, 0.180619150479834
6.75, 0.180473411702619
6.76, 0.18032796405244
6.77, 0.180182786448688
6.78, 0.180037890281503
6.79, 0.179893278008562
6.80, 0.179748927861119
6.81, 0.179604852988435
6.82, 0.179461059344505
6.83, 0.179317527628418
6.84, 0.179174276813272
6.85, 0.17903129698743
6.86, 0.178888585853522
6.87, 0.178746131004969
6.88, 0.178603959118574
6.89, 0.178462053469558
6.90, 0.178320406811319
6.91, 0.178179031524462
6.92, 0.178037936305807
6.93, 0.177897078016927
6.94, 0.177756503313505
6.95, 0.177616181643026
6.96, 0.177476121538962
6.97, 0.177336332583134
6.98, 0.177196794018211
6.99, 0.177057514626513
7.00, 0.176927992436367
7.01, 0.176818427188802
7.02, 0.176709263573864
7.03, 0.176600512607902
7.04, 0.176492153171726
7.05, 0.176384205879673
7.06, 0.176276647053875
7.07, 0.176169481530311
7.08, 0.17606271750669
7.09, 0.175956343395752
7.10, 0.175850358688
7.11, 0.175744776868312
7.12, 0.175639570807345
7.13, 0.175534755206727
7.14, 0.175430322506492
7.15, 0.175326277586553
7.16, 0.175222614099745
7.17, 0.175113002776921
7.18, 0.174975765299022
7.19, 0.174838887901674
7.20, 0.17470241585834
7.21, 0.174566328766939
7.22, 0.174430631345474
7.23, 0.174295307966428
7.24, 0.174160380680131
7.25, 0.174025819502349
7.26, 0.17389165354662
7.27, 0.173757855840217
7.28, 0.173624435589318
7.29, 0.17349139478341
7.30, 0.173358734547382
7.31, 0.173226431880065
7.32, 0.173094513928946
7.33, 0.172962964439041
7.34, 0.1728317880284
7.35, 0.172700968590719
7.36, 0.172570526690377
7.37, 0.172440446884944
7.38, 0.172310726167668
7.39, 0.172181369606851
7.40, 0.172052377815717
7.41, 0.171923746373239
7.42, 0.171795475021149
7.43, 0.171667553983917
7.44, 0.171539990292959
7.45, 0.171412790708035
7.46, 0.171285940377612
7.47, 0.171159442014044
7.48, 0.171033284427833
7.49, 0.170907491483389
7.50, 0.170782049912038
7.51, 0.170650664925312
7.52, 0.170519659308347
7.53, 0.170389026665657
7.54, 0.170258766808467
7.55, 0.170128888172438
7.56, 0.169999384188294
7.57, 0.169870228493052
7.58, 0.169741466917592
7.59, 0.169613063732131
7.60, 0.169485018941183
7.61, 0.169357346575493
7.62, 0.169230029397092
7.63, 0.169103082411533
7.64, 0.168976492105188
7.65, 0.168850267166993
7.66, 0.168724390236618
7.67, 0.168598867890844
7.68, 0.168473708794092
7.69, 0.168348907230179
7.70, 0.16822445864903
7.71, 0.168100353700939
7.72, 0.167976598857189
7.73, 0.167853198132476
7.74, 0.167730145446148
7.75, 0.16760742980947
7.76, 0.167485066828346
7.77, 0.167363047504935
7.78, 0.167241378263077
7.79, 0.167120035619957
7.80, 0.166999051317307
7.81, 0.166878390504558
7.82, 0.166758072422562
7.83, 0.166638094769901
7.84, 0.166518446521209
7.85, 0.166399139361041
7.86, 0.166280166343441
7.87, 0.166161511705147
7.88, 0.166043196680519
7.89, 0.165925213751378
7.90, 0.165807560917618
7.91, 0.165690228140364
7.92, 0.165573224230332
7.93, 0.165456548767294
7.94, 0.165340192356255
7.95, 0.165224169998864
7.96, 0.165108451954295
7.97, 0.164993066033217
7.98, 0.164877991642885
7.99, 0.164763237572407
8.00, 0.164648805784304
8.01, 0.164534684682483
8.02, 0.164420877162114
8.03, 0.164307392963938
8.04, 0.16419421921581
8.05, 0.164081352842931
8.06, 0.16396879991288
8.07, 0.163856546303288
8.08, 0.16374461706469
8.09, 0.163632989963799
8.10, 0.163521660267068
8.11, 0.16341063935389
8.12, 0.163299933986498
8.13, 0.163189522353578
8.14, 0.163079411606839
8.15, 0.162969600110345
8.16, 0.162860097169115
8.17, 0.162750887224648
8.18, 0.1626419766164
8.19, 0.162533359279904
8.20, 0.162425049370706
8.21, 0.16231702443301
8.22, 0.162209290487235
8.23, 0.162101855779271
8.24, 0.161994713203591
8.25, 0.161887865328508
8.26, 0.161781307552471
8.27, 0.16167503024951
8.28, 0.161569045024006
8.29, 0.161463347062281
8.30, 0.161357934680384
8.31, 0.161252808231834
8.32, 0.161147962626059
8.33, 0.161043398203077
8.34, 0.160939128649223
8.35, 0.160835126156909
8.36, 0.160731410463972
8.37, 0.160627977426692
8.38, 0.160524815005843
8.39, 0.160421940412489
8.40, 0.160319330552201
8.41, 0.160217007307153
8.42, 0.160114950105759
8.43, 0.160013172511954
8.44, 0.159911663586221
8.45, 0.159810425961532
8.46, 0.159709462735475
8.47, 0.159608769176961
8.48, 0.159508347411624
8.49, 0.159408189535161
8.50, 0.159308304840005
8.51, 0.159208681443587
8.52, 0.159109334616649
8.53, 0.159010235958572
8.54, 0.158911407177285
8.55, 0.15881284827995
8.56, 0.158714553240898
8.57, 0.158616515109819
8.58, 0.158518732569564
8.59, 0.158421211254099
8.60, 0.158323957759066
8.61, 0.158215314141939
8.62, 0.158112733566329
8.63, 0.158010393075942
8.64, 0.157908298300077
8.65, 0.157806454539397
8.66, 0.157704843734136
8.67, 0.157603481652435
8.68, 0.157502353954523
8.69, 0.157401460927439
8.70, 0.157300820447791
8.71, 0.157200415479954
8.72, 0.157100241143257
8.73, 0.157000313629143
8.74, 0.156900612958368
8.75, 0.156801151224963
8.76, 0.156701928089899
8.77, 0.156602934324793
8.78, 0.156504180624468
8.79, 0.156405651171322
8.80, 0.156319031550446
8.81, 0.156239599633597
8.82, 0.156160352430375
8.83, 0.156081293828777
8.84, 0.156002422624844
8.85, 0.155923728129412
8.86, 0.155845239747551
8.87, 0.155766913897453
8.88, 0.15568878019233
8.89, 0.155610817568836
8.90, 0.155533045703613
8.91, 0.155455458993023
8.92, 0.155378047707083
8.93, 0.155300812096627
8.94, 0.155223760206256
8.95, 0.155146889226078
8.96, 0.155070198238646
8.97, 0.154993687284321
8.98, 0.154917343203007
8.99, 0.154841175755807
9.00, 0.154765197951461
9.01, 0.154689380546352
9.02, 0.154613743798499
9.03, 0.154538285253512
9.04, 0.154462993146431
9.05, 0.154387872925935
9.06, 0.154312942206509
9.07, 0.154238166405921
9.08, 0.15416356119745
9.09, 0.154089141791423
9.10, 0.154014883569374
9.11, 0.15394078768761
9.12, 0.153866881924617
9.13, 0.153793124851398
9.14, 0.153719543410842
9.15, 0.153646133311532
9.16, 0.153572877893535
9.17, 0.153499800985014
9.18, 0.153426887830216
9.19, 0.153354133532734
9.20, 0.153281553936621
9.21, 0.153209141838288
9.22, 0.153136878203167
9.23, 0.153064783019574
9.24, 0.152992860958124
9.25, 0.152921088857547
9.26, 0.152849485570493
9.27, 0.152778043897082
9.28, 0.152706764069497
9.29, 0.15263563925779
9.30, 0.152564670434776
9.31, 0.152493870667198
9.32, 0.152423230885391
9.33, 0.15235274656797
9.34, 0.152282414676343
9.35, 0.152212245010531
9.36, 0.152142228077241
9.37, 0.152072375025403
9.38, 0.15200267272246
9.39, 0.151933131785349
9.40, 0.151863728221733
9.41, 0.151794491108728
9.42, 0.15172541343663
9.43, 0.151656479003388
9.44, 0.151587703405034
9.45, 0.151519076474342
9.46, 0.151450602344551
9.47, 0.151382282998637
9.48, 0.151314106289747
9.49, 0.151246087728132
9.50, 0.151178226029471
9.51, 0.151110505985706
9.52, 0.151042929602078
9.53, 0.150975511682094
9.54, 0.15090823722016
9.55, 0.150841105438353
9.56, 0.150774122247288
9.57, 0.150707299246736
9.58, 0.150640602287541
9.59, 0.150574074211375
9.60, 0.150507669434488
9.61, 0.150441422137105
9.62, 0.150375320082054
9.63, 0.150309361316395
9.64, 0.150243542788951
9.65, 0.150177867994118
9.66, 0.150112338017208
9.67, 0.150046953983473
9.68, 0.149981709705766
9.69, 0.149916602166514
9.70, 0.149851634170938
9.71, 0.149786812481122
9.72, 0.149722131956293
9.73, 0.149657587016603
9.74, 0.149593180908206
9.75, 0.14952891949891
9.76, 0.149464786620533
9.77, 0.149400804416083
9.78, 0.14933695574731
9.79, 0.149273238354258
9.80, 0.14920966036673
9.81, 0.149146223017502
9.82, 0.149082921118881
9.83, 0.149019750642262
9.84, 0.148956717093047
9.85, 0.148893817258953
9.86, 0.148831050233712
9.87, 0.148768417374457
9.88, 0.148705920441861
9.89, 0.148643561601065
9.90, 0.148581327068422
9.91, 0.148519224641989
9.92, 0.148457265094921
9.93, 0.14839543138037
9.94, 0.148333724653282
9.95, 0.148272159035971
9.96, 0.14821070590239
9.97, 0.148149397456306
9.98, 0.148088206724731
9.99, 0.148027163557548
10.00, 0.147966231553637
10.01, 0.147946381087442
10.02, 0.147924222737914
10.03, 0.147902122142063
10.04, 0.147880062173616
10.05, 0.147858046218813
10.06, 0.14783608461192
10.07, 0.147814166888927
10.08, 0.147792288821752
10.09, 0.147770466394305
10.10, 0.147748687480416
10.11, 0.14772696086933
10.12, 0.147705275644152
10.13, 0.147683633943817
10.14, 0.147662033130198
10.15, 0.1476404880087
10.16, 0.147618993572837
10.17, 0.147597530160761
10.18, 0.147576028393523
10.19, 0.147553195587458
10.20, 0.147530426136563
10.21, 0.14750770400978
10.22, 0.147485026292708
10.23, 0.147462408790294
10.24, 0.147439840757836
10.25, 0.147417325929599
10.26, 0.14739486020941
10.27, 0.147372446824255
10.28, 0.147350083620703
10.29, 0.147327771246715
10.30, 0.14730551832483
10.31, 0.147283304735133
10.32, 0.147261144250095
10.33, 0.147239041990322
10.34, 0.147216977307054
10.35, 0.147194966231291
10.36, 0.147173009636801
10.37, 0.147151100042966
10.38, 0.147129242918218
10.39, 0.147107430830562
10.40, 0.147085673044623
10.41, 0.147063953143525
10.42, 0.147042298342188
10.43, 0.147020677443564
10.44, 0.146999117272936
10.45, 0.146977595822478
10.46, 0.146956128157216
10.47, 0.146934705982078
10.48, 0.146913326026096
10.49, 0.146892010051926
10.50, 0.146870725622449
10.51, 0.146849503362387
10.52, 0.146828317438958
10.53, 0.146807179143787
10.54, 0.146786096173745
10.55, 0.146765055549565
10.56, 0.14674405729578
10.57, 0.146723106896099
10.58, 0.146702209337817
10.59, 0.146681350192581
10.60, 0.146660541554656
10.61, 0.146639779794327
10.62, 0.146619056434969
10.63, 0.146598387569313
10.64, 0.146577753590493
10.65, 0.146557178052273
10.66, 0.146536639841062
10.67, 0.146516156250531
10.68, 0.146495708546995
10.69, 0.146475305260932
10.70, 0.146454949167757
10.71, 0.146434639943252
10.72, 0.146414371030825
10.73, 0.146394143705755
10.74, 0.146373968489849
10.75, 0.146353829704986
10.76, 0.14633373378779
10.77, 0.146313696620612
10.78, 0.146293692945407
10.79, 0.146273722844719
10.80, 0.146253805847691
10.81, 0.146233937755854
10.82, 0.146214099768337
10.83, 0.146194321061151
10.84, 0.14617457162954
10.85, 0.146154870018783
10.86, 0.146135211408143
10.87, 0.146115586309008
10.88, 0.14609601381197
10.89, 0.146076478192686
10.90, 0.146056994441892
10.91, 0.146037542715907
10.92, 0.146018127727315
10.93, 0.145998763251537
10.94, 0.145979441655604
10.95, 0.145960157325465
10.96, 0.145940913511646
10.97, 0.145921713248501
10.98, 0.145902545601641
10.99, 0.145883429407732
11.00, 0.145864345082507
11.01, 0.145845306377692
11.02, 0.145826313515388
11.03, 0.145807354152649
11.04, 0.145788435030228
11.05, 0.145769563225866
11.06, 0.14575072485315
11.07, 0.145731920450136
11.08, 0.145713167387273
11.09, 0.145694443922668
11.10, 0.14567576639941
11.11, 0.145657123815213
11.12, 0.145638527315824
11.13, 0.145619961254596
11.14, 0.145601439038907
11.15, 0.145582953173083
11.16, 0.145564515991468
11.17, 0.145546102504483
11.18, 0.145527746448188
11.19, 0.145509404974802
11.20, 0.14549112059193
11.21, 0.145472861493307
11.22, 0.145454648322425
11.23, 0.14543646955438
11.24, 0.145418335277412
11.25, 0.145400232999868
11.26, 0.145382165001771
11.27, 0.145364145086941
11.28, 0.145346150398859
11.29, 0.145328199004479
11.30, 0.14531028655724
11.31, 0.145292410558588
11.32, 0.145274568592527
11.33, 0.14525676542237
11.34, 0.145238999314098
11.35, 0.145221265666806
11.36, 0.145203569142946
11.37, 0.145185913778648
11.38, 0.145168288024842
11.39, 0.145150710335061
11.40, 0.145133154831919
11.41, 0.145115645086485
11.42, 0.145098164416437
11.43, 0.145080724400037
11.44, 0.145063312954944
11.45, 0.145045946895928
11.46, 0.145028603888333
11.47, 0.144987597281985
11.48, 0.144967248479626
11.49, 0.144946947857662
11.50, 0.144926686177144
11.51, 0.144906460560779
11.52, 0.14488627694043
11.53, 0.144866126219175
11.54, 0.14484602903974
11.55, 0.144825955279975
11.56, 0.1448059232347
11.57, 0.144785944241581
11.58, 0.144766002537479
11.59, 0.144746087849978
11.60, 0.14472621899416
11.61, 0.144706393339849
11.62, 0.144686601005134
11.63, 0.144666845344645
11.64, 0.14464712625247
11.65, 0.144627449255299
11.66, 0.144607810863801
11.67, 0.144588219009144
11.68, 0.14456865849738
11.69, 0.144549129288287
11.70, 0.144529651543176
11.71, 0.144510194142124
11.72, 0.144490791409772
11.73, 0.144471418378833
11.74, 0.144452089015831
11.75, 0.144432788209108
11.76, 0.144413527584972
11.77, 0.144394305974139
11.78, 0.144375128450361
11.79, 0.14435597270288
11.80, 0.144336859784415
11.81, 0.14431778924316
11.82, 0.144298756988727
11.83, 0.144279759001133
11.84, 0.14426079683714
11.85, 0.144241868730374
11.86, 0.144222971197307
11.87, 0.144204122797813
11.88, 0.144185306523604
11.89, 0.144166517781358
11.90, 0.144147770586077
11.91, 0.144129063217133
11.92, 0.144110390402098
11.93, 0.144091754312921
11.94, 0.144073147059353
11.95, 0.144054580854409
11.96, 0.14403605491533
11.97, 0.144017558538545
11.98, 0.143999091978146
11.99, 0.143980676606869
12.00, 0.14396227744998
12.01, 0.143943918822414
12.02, 0.143925602391956
12.03, 0.143907313546972
12.04, 0.143889064337692
12.05, 0.143870852942458
12.06, 0.143852674799834
12.07, 0.143834522453664
12.08, 0.143816410152195
12.09, 0.143798336196216
12.10, 0.143780289631885
12.11, 0.143762284429325
12.12, 0.143744305852725
12.13, 0.143726357882776
12.14, 0.143708449664616
12.15, 0.143690575489146
12.16, 0.143672734963817
12.17, 0.143654930288776
12.18, 0.143637162887409
12.19, 0.143619418356445
12.20, 0.143601704601584
12.21, 0.143584036114054
12.22, 0.143566401394197
12.23, 0.143548784231394
12.24, 0.143531219068924
12.25, 0.143513680835408
12.26, 0.143496170341629
12.27, 0.14347869420088
12.28, 0.143461249904193
12.29, 0.143443842421475
12.30, 0.14342646988077
12.31, 0.143409117691388
12.32, 0.143391811679671
12.33, 0.143374533222824
12.34, 0.143357281443449
12.35, 0.143340068788106
12.36, 0.143322881133945
12.37, 0.143305731989466
12.38, 0.143288609448155
12.39, 0.143271522298132
12.40, 0.143254464173492
12.41, 0.143237443667844
12.42, 0.14322044912372
12.43, 0.143203489679551
12.44, 0.143186560077348
12.45, 0.143169664872006
12.46, 0.143152797818532
12.47, 0.143135955232809
12.48, 0.143119150415675
12.49, 0.143102380630746
12.50, 0.143085628945585
12.51, 0.143068921234255
12.52, 0.143052244372806
12.53, 0.143035587148568
12.54, 0.143018971798827
12.55, 0.143002376195902
12.56, 0.14298582187369
12.57, 0.142969291799169
12.58, 0.142952786861091
12.59, 0.142936320414617
12.60, 0.142919888479138
12.61, 0.142903480744614
12.62, 0.142887098554782
12.63, 0.142870753516369
12.64, 0.142854431318356
12.65, 0.142838150140979
12.66, 0.142821889953248
12.67, 0.142805665053067
12.68, 0.142789466064111
12.69, 0.142773293173645
12.70, 0.14275715314582
12.71, 0.142741040847209
12.72, 0.142724962616322
12.73, 0.142708906426828
12.74, 0.142692888673014
12.75, 0.142676895668394
12.76, 0.142660936656119
12.77, 0.142644992695973
12.78, 0.142629095131828
12.79, 0.142613208956655
12.80, 0.142597358071123
12.81, 0.142581544737768
12.82, 0.142565753984709
12.83, 0.142549986369881
12.84, 0.142534265617633
12.85, 0.142518556143597
12.86, 0.142502870940489
12.87, 0.142487220772511
12.88, 0.142471603843879
12.89, 0.142456003886874
12.90, 0.142440445238226
12.91, 0.142424904992354
12.92, 0.14240939229253
12.93, 0.142393916655889
12.94, 0.142378465613443
12.95, 0.142363037343444
12.96, 0.14234764357243
12.97, 0.142332273713074
12.98, 0.142316923073603
12.99, 0.142301614459472
13.00, 0.142286321511477
13.01, 0.142271066201876
13.02, 0.142255833189985
13.03, 0.14224062302827
13.04, 0.142225446128861
13.05, 0.142210301614892
13.06, 0.142195173012821
13.07, 0.142180076043724
13.08, 0.142165002005512
13.09, 0.142149961737624
13.10, 0.142134943028552
13.11, 0.142119944861096
13.12, 0.142104986414913
13.13, 0.142090045920454
13.14, 0.142075139756568
13.15, 0.142060254603011
13.16, 0.142045395943331
13.17, 0.142030566637076
13.18, 0.142015761372814
13.19, 0.142000987383087
13.20, 0.141986227975204
13.21, 0.141971507228101
13.22, 0.141956802496663
13.23, 0.141942129438673
13.24, 0.141927475620097
13.25, 0.141912856166783
13.26, 0.141898261667046
13.27, 0.141883686177629
13.28, 0.141869142435176
13.29, 0.141854622280774
13.30, 0.141840132808601
13.31, 0.141825657177334
13.32, 0.141811212653535
13.33, 0.141796797955284
13.34, 0.141782407672973
13.35, 0.141768038966524
13.36, 0.141753689762566
13.37, 0.141739375232679
13.38, 0.141725079344863
13.39, 0.141710817443094
13.40, 0.141696575916617
13.41, 0.141682355810397
13.42, 0.14166816824994
13.43, 0.141654000286642
13.44, 0.141639854345329
13.45, 0.141625739754091
13.46, 0.141611645219017
13.47, 0.141597572284263
13.48, 0.141583532023341
13.49, 0.141569503006352
13.50, 0.141555515958448
13.51, 0.141541547766519
13.52, 0.141527590220042
13.53, 0.141513674842271
13.54, 0.141499770549248
13.55, 0.141485894929575
13.56, 0.141472051298105
13.57, 0.141458216299392
13.58, 0.141444418014652
13.59, 0.14143063468171
13.60, 0.14141688632887
13.61, 0.14140315517486
13.62, 0.141389446613089
13.63, 0.141375765733462
13.64, 0.141362097486798
13.65, 0.141348471235108
13.66, 0.141334852201733
13.67, 0.141321266132724
13.68, 0.141307696712064
13.69, 0.141294156767805
13.70, 0.141280631295045
13.71, 0.141267136005989
13.72, 0.141253668619297
13.73, 0.141240221639553
13.74, 0.141226784415826
13.75, 0.14121338968971
13.76, 0.141200001654537
13.77, 0.141186644319055
13.78, 0.141173319112724
13.79, 0.141159998847707
13.80, 0.141146712686647
13.81, 0.141133443005301
13.82, 0.141120195909949
13.83, 0.14110697896114
13.84, 0.141093780539426
13.85, 0.141080608861402
13.86, 0.141067448576799
13.87, 0.141054318239099
13.88, 0.141041208163455
13.89, 0.141028124881547
13.90, 0.141015063139793
13.91, 0.141002020992605
13.92, 0.14098899612494
13.93, 0.140976002373892
13.94, 0.14096302699727
13.95, 0.14095007015657
13.96, 0.140937141422256
13.97, 0.140924235415686
13.98, 0.140911346982049
13.99, 0.140898487556439
14.00, 0.140885633158286
14.01, 0.140872809943245
14.02, 0.140860016191552
14.03, 0.140847231681672
14.04, 0.140834476713472
14.05, 0.140821739848985
14.06, 0.140809021391608
14.07, 0.140796330244301
14.08, 0.140783659421219
14.09, 0.140771007521151
14.10, 0.140758381654264
14.11, 0.140745767628107
14.12, 0.14073319028884
14.13, 0.140720621186923
14.14, 0.140708069907345
14.15, 0.140695556437131
14.16, 0.140683054911345
14.17, 0.140670569543103
14.18, 0.140658113072108
14.19, 0.140645672818117
14.20, 0.140633251241594
14.21, 0.140620861031703
14.22, 0.140608472747383
14.23, 0.140596120026915
14.24, 0.140583789563357
14.25, 0.14057146700798
14.26, 0.140559177095784
14.27, 0.140546902404051
14.28, 0.140534653481584
14.29, 0.140522413398584
14.30, 0.140510204015878
14.31, 0.140498006528967
14.32, 0.140485831405968
14.33, 0.140473685094423
14.34, 0.140461554416107
14.35, 0.140449443065509
14.36, 0.1404373553473
14.37, 0.140425287807393
14.38, 0.140413228900943
14.39, 0.140401203564121
14.40, 0.14038918655564
14.41, 0.140377199950952
14.42, 0.140365231566809
14.43, 0.140353275267953
14.44, 0.140341339239054
14.45, 0.140329428822108
14.46, 0.14031754046474
14.47, 0.140305662137175
14.48, 0.140293816293998
14.49, 0.140281986082008
14.50, 0.140270163053911
14.51, 0.140258374830597
14.52, 0.140246594045252
14.53, 0.140234841618863
14.54, 0.140223108371688
14.55, 0.140211389357262
14.56, 0.140199688468384
14.57, 0.140188012401698
14.58, 0.140176352988534
14.59, 0.140164710986897
14.60, 0.140153086156973
14.61, 0.140141487076818
14.62, 0.140129898816365
14.63, 0.140118343645746
14.64, 0.140106795339317
14.65, 0.14009526284109
14.66, 0.140083758397018
14.67, 0.140072270976308
14.68, 0.140060797212695
14.69, 0.140049352718318
14.70, 0.140037922210492
14.71, 0.140026498999984
14.72, 0.140015112396853
14.73, 0.140003734616049
14.74, 0.13999237904963
14.75, 0.139981039156803
14.76, 0.13996971693599
14.77, 0.139958411223012
14.78, 0.139947128779979
14.79, 0.139935858399443
14.80, 0.13992461044378
14.81, 0.139913386421922
14.82, 0.139902175856914
14.83, 0.139890973442284
14.84, 0.139879800634395
14.85, 0.139868642644357
14.86, 0.139857512117038
14.87, 0.139846386768314
14.88, 0.139835285910293
14.89, 0.139824202374827
14.90, 0.139813131265171
14.91, 0.13980207826679
14.92, 0.139791051568799
14.93, 0.139780037646812
14.94, 0.139769042739384
14.95, 0.139758064627349
14.96, 0.139747108058099
14.97, 0.139736157399637
14.98, 0.139725234339324
14.99, 0.139714333564503
15.00, 0.139703440164877
15.01, 0.139692562492471
15.02, 0.139681713082269
15.03, 0.139670874613153
15.04, 0.139660049638285
15.05, 0.13964924513745
15.06, 0.139638463462103
15.07, 0.139627694368845
15.08, 0.13961694629433
15.09, 0.139606210636921
15.10, 0.139595499634009
15.11, 0.139584794998397
15.12, 0.139574112619347
15.13, 0.139563447003962
15.14, 0.139552795477322
15.15, 0.139542170387132
15.16, 0.139531549960508
15.17, 0.139520952603707
15.18, 0.139510372042241
15.19, 0.139499815104927
15.20, 0.139489264697703
15.21, 0.139478738593215
15.22, 0.139468214232411
15.23, 0.139457717757456
15.24, 0.139447242270623
15.25, 0.139436777430208
15.26, 0.139426333961352
15.27, 0.139415906549475
15.28, 0.139405492394129
15.29, 0.139395093562811
15.30, 0.139384706710557
15.31, 0.139374344550537
15.32, 0.139363999808596
15.33, 0.139353668273026
15.34, 0.139343350123893
15.35, 0.139333047206529
15.36, 0.139322769532229
15.37, 0.139312505425453
15.38, 0.13930225548266
15.39, 0.139292018807054
15.40, 0.139281796900152
15.41, 0.1392715883075
15.42, 0.139261414282113
15.43, 0.139251238020824
15.44, 0.139241081448318
15.45, 0.13923095066763
15.46, 0.139220823090037
15.47, 0.139210722031603
15.48, 0.139200634725982
15.49, 0.139190556814315
15.50, 0.139180495191946
15.51, 0.139170450188694
15.52, 0.139160428005362
15.53, 0.139150405644293
15.54, 0.139140423994307
15.55, 0.139130442034535
15.56, 0.139120473175368
15.57, 0.139110518461511
15.58, 0.13910058769197
15.59, 0.139090670537116
15.60, 0.139080766854329
15.61, 0.139070878563849
15.62, 0.139061003656586
15.63, 0.139051150465682
15.64, 0.139041313448177
15.65, 0.139031477708276
15.66, 0.13902167396417
15.67, 0.139011877022659
15.68, 0.139002090331511
15.69, 0.138992330709475
15.70, 0.138982573828957
15.71, 0.138972837136141
15.72, 0.138963127121483
15.73, 0.138953419163491
15.74, 0.138943725534847
15.75, 0.138934052791735
15.76, 0.138924395393575
15.77, 0.138914750668968
15.78, 0.138905119963436
15.79, 0.13889550246645
15.80, 0.138885904081421
15.81, 0.138876311386642
15.82, 0.138866744963165
15.83, 0.138857187980957
15.84, 0.138847643611974
15.85, 0.138838126637451
15.86, 0.138828606640712
15.87, 0.138819113466879
15.88, 0.138809631579523
15.89, 0.138800162826525
15.90, 0.138790708423069
15.91, 0.138781267774652
15.92, 0.138771834967426
15.93, 0.138762427371228
15.94, 0.138753033925005
15.95, 0.138743653885491
15.96, 0.138734282772238
15.97, 0.138724925738651
15.98, 0.138715595436331
15.99, 0.138706273061779
16.00, 0.138696957999879
16.01, 0.138687661351977
16.02, 0.138678379795613
16.03, 0.138669108798402
16.04, 0.138659859224831
16.05, 0.138650612789484
16.06, 0.138641392476825
16.07, 0.138632180179233
16.08, 0.138622984747003
16.09, 0.138613796497713
16.10, 0.138604622184601
16.11, 0.138595472373662
16.12, 0.138586335097958
16.13, 0.138577199601167
16.14, 0.138568085408136
16.15, 0.1385589919641
16.16, 0.138549901101243
16.17, 0.138540825429801
16.18, 0.138531771363775
16.19, 0.138522728246806
16.20, 0.138513687472652
16.21, 0.13850467905303
16.22, 0.138495672674793
16.23, 0.13848667988645
16.24, 0.13847770469015
16.25, 0.138468735517924
16.26, 0.138459784112819
16.27, 0.138450849075774
16.28, 0.138441925995081
16.29, 0.138433011658001
16.30, 0.138424120547862
16.31, 0.138415232770097
16.32, 0.13840636708665
16.33, 0.138397510355579
16.34, 0.13838866778782
16.35, 0.138379836274774
16.36, 0.138371016121342
16.37, 0.138362208463809
16.38, 0.138353422276707
16.39, 0.138344647359286
16.40, 0.1383358759881
16.41, 0.138327123434574
16.42, 0.138318393779323
16.43, 0.138309664551099
16.44, 0.138300948265106
16.45, 0.138292250554023
16.46, 0.138283560099282
16.47, 0.13827488710938
16.48, 0.138266228238293
16.49, 0.138257579693824
16.50, 0.138248951837043
16.51, 0.13824032577142
16.52, 0.13823172003454
16.53, 0.138223116615327
16.54, 0.138214535593458
16.55, 0.138205963651338
16.56, 0.138197404113393
16.57, 0.138188856508779
16.58, 0.138180330361543
16.59, 0.138171804020561
16.60, 0.138163298406468
16.61, 0.1381548054649
16.62, 0.138146316946136
16.63, 0.138137851653445
16.64, 0.138129392439702
16.65, 0.138120944337365
16.66, 0.138112516659912
16.67, 0.138104090627309
16.68, 0.138095675792554
16.69, 0.138087289262406
16.70, 0.138078904998503
16.71, 0.13807053600476
16.72, 0.138062169701856
16.73, 0.138053821241055
16.74, 0.138045494890307
16.75, 0.138037161647532
16.76, 0.138028854657108
16.77, 0.138020557066745
16.78, 0.138012270096255
16.79, 0.138003994914957
16.80, 0.137995730945977
16.81, 0.137987486957232
16.82, 0.137979244028361
16.83, 0.137971020267371
16.84, 0.137962809991755
16.85, 0.137954607163421
16.86, 0.137946416108813
16.87, 0.137938238273427
16.88, 0.137930067832972
16.89, 0.137921918371622
16.90, 0.137913782829459
16.91, 0.137905644109982
16.92, 0.137897529025143
16.93, 0.137889421281513
16.94, 0.137881321975519
16.95, 0.137873238943126
16.96, 0.137865173174973
16.97, 0.137857109407462
16.98, 0.137849054022617
16.99, 0.137841021386861
17.00, 0.137832997590447
17.01, 0.137824983924263
17.02, 0.137816982467894
17.03, 0.137808988256692
17.04, 0.137801008007725
17.05, 0.137793044237623
17.06, 0.137785083168715
17.07, 0.13777713931755
17.08, 0.137769208560538
17.09, 0.137761289807283
17.10, 0.137753376991979
17.11, 0.1377454755267
17.12, 0.137737585545967
17.13, 0.137729705615237
17.14, 0.137721843174312
17.15, 0.137713991447767
17.16, 0.137706143198453
17.17, 0.137698312997299
17.18, 0.137690490723754
17.19, 0.137682680317494
17.20, 0.137674881696602
17.21, 0.137667101110602
17.22, 0.137659318466876
17.23, 0.137651559826944
17.24, 0.137643797819509
17.25, 0.137636055054807
17.26, 0.137628324001131
17.27, 0.137620604084435
17.28, 0.13761289172337
17.29, 0.137605192055577
17.30, 0.137597509244677
17.31, 0.137589826331599
17.32, 0.137582165636061
17.33, 0.137574502601909
17.34, 0.137566856489357
17.35, 0.137559224661331
17.36, 0.137551597648945
17.37, 0.137543983825572
17.38, 0.137536378285093
17.39, 0.137528796055555
17.40, 0.137521211532483
17.41, 0.137513645240686
17.42, 0.137506090190074
17.43, 0.137498531099261
17.44, 0.137490993430665
17.45, 0.137483476175986
17.46, 0.137475947344879
17.47, 0.137468448153059
17.48, 0.137460950491824
17.49, 0.13745346886878
17.50, 0.13744598769833
17.51, 0.137438526790603
17.52, 0.137431074268888
17.53, 0.137423620972301
17.54, 0.137416197736068
17.55, 0.137408774401509
17.56, 0.137401357973829
17.57, 0.137393954378852
17.58, 0.137386558149571
17.59, 0.137379180360907
17.60, 0.137371810829952
17.61, 0.137364441981506
17.62, 0.137357091299514
17.63, 0.137349752349295
17.64, 0.137342420622035
17.65, 0.13733510121842
17.66, 0.137327795516265
17.67, 0.137320490174524
17.68, 0.137313196910859
17.69, 0.137305919705409
17.70, 0.137298652833302
17.71, 0.137291384316314
17.72, 0.137284144796752
17.73, 0.137276896244388
17.74, 0.137269674003827
17.75, 0.137262453633255
17.76, 0.137255239553771
17.77, 0.137248033891566
17.78, 0.137240848307019
17.79, 0.137233662736981
17.80, 0.137226494841638
17.81, 0.137219334876798
17.82, 0.137212186005175
17.83, 0.137205042082
17.84, 0.137197910587204
17.85, 0.13719078767171
17.86, 0.137183671962813
17.87, 0.13717657418055
17.88, 0.13716947550873
17.89, 0.137162396446176
17.90, 0.137155327536986
17.91, 0.137148252841567
17.92, 0.137141201134326
17.93, 0.137134155534323
17.94, 0.137127119243385
17.95, 0.137120094819214
17.96, 0.137113084402387
17.97, 0.137106073407969
17.98, 0.137099080753767
17.99, 0.137092085725855
18.00, 0.137085110599441
18.01, 0.13707813731111
18.02, 0.1370711798731
18.03, 0.137064227408708
18.04, 0.137057287824796
18.05, 0.137050355060014
18.06, 0.137043438496127
18.07, 0.137036523193647
18.08, 0.137029615963938
18.09, 0.137022726533133
18.10, 0.137015834093262
18.11, 0.137008962368838
18.12, 0.137002099985032
18.13, 0.136995240656882
18.14, 0.136988393141602
18.15, 0.136981553507284
18.16, 0.136974721590735
18.17, 0.136967898763127
18.18, 0.136961083476871
18.19, 0.136954285808377
18.20, 0.136947486012959
18.21, 0.136940707532052
18.22, 0.136933932918706
18.23, 0.136927159171246
18.24, 0.136920405536195
18.25, 0.136913655944777
18.26, 0.136906914142614
18.27, 0.13690018311669
18.28, 0.136893467264171
18.29, 0.136886750410712
18.30, 0.136880053643573
18.31, 0.136873353640652
18.32, 0.13686665903449
18.33, 0.13685998664113
18.34, 0.13685331671621
18.35, 0.136846660769077
18.36, 0.13684000753841
18.37, 0.136833363962172
18.38, 0.136826729943749
18.39, 0.136820103054609
18.40, 0.136813483533626
18.41, 0.136806881181443
18.42, 0.13680027732925
18.43, 0.136793689466917
18.44, 0.136787103369131
18.45, 0.136780532459492
18.46, 0.136773970270259
18.47, 0.136767415310442
18.48, 0.136760868153373
18.49, 0.136754325090302
18.50, 0.136747793871697
18.51, 0.136741269941506
18.52, 0.136734752767742
18.53, 0.136728253500866
18.54, 0.136721750172466
18.55, 0.136715268823286
18.56, 0.136708780045304
18.57, 0.136702310593708
18.58, 0.136695850744228
18.59, 0.13668939530992
18.60, 0.136682951635057
18.61, 0.136676510019998
18.62, 0.136670078178031
18.63, 0.136663655252552
18.64, 0.136657247584961
18.65, 0.136650837717592
18.66, 0.136644445870655
18.67, 0.1366380514519
18.68, 0.13663167314904
18.69, 0.136625293199972
18.70, 0.136618931844758
18.71, 0.136612576801838
18.72, 0.136606230446438
18.73, 0.13659988854256
18.74, 0.136593554241655
18.75, 0.136587238978718
18.76, 0.136580919711353
18.77, 0.13657460795083
18.78, 0.136568302861209
18.79, 0.136562017398113
18.80, 0.136555725440654
18.81, 0.136549452761605
18.82, 0.136543189184836
18.83, 0.136536927765707
18.84, 0.136530678076753
18.85, 0.136524432529943
18.86, 0.136518196215938
18.87, 0.136511968408391
18.88, 0.13650574330786
18.89, 0.136499526907185
18.90, 0.136493327161236
18.91, 0.136487125930045
18.92, 0.13648094371949
18.93, 0.136474753882966
18.94, 0.136468583052851
18.95, 0.136462418974269
18.96, 0.136456250847987
18.97, 0.136450101774125
18.98, 0.136443959903664
18.99, 0.13643782382982
19.00, 0.136431700897695
19.01, 0.136425577844596
19.02, 0.13641946332473
19.03, 0.136413354549119
19.04, 0.136407263829202
19.05, 0.136401169335869
19.06, 0.136395089738543
19.07, 0.136389018547048
19.08, 0.136382941525883
19.09, 0.136376885392487
19.10, 0.136370832864216
19.11, 0.136364789703176
19.12, 0.136358751564794
19.13, 0.136352720740472
19.14, 0.136346696481466
19.15, 0.136340677277488
19.16, 0.136334676483322
19.17, 0.136328671778854
19.18, 0.136322682815184
19.19, 0.136316691539506
19.20, 0.136310706161726
19.21, 0.136304740365006
19.22, 0.136298775752246
19.23, 0.136292821701061
19.24, 0.13628687364918
19.25, 0.136280933595896
19.26, 0.136274996035424
19.27, 0.136269067289306
19.28, 0.136263146459389
19.29, 0.136257229697401
19.30, 0.136251319973919
19.31, 0.136245427676942
19.32, 0.136239529582306
19.33, 0.136233650249359
19.34, 0.136227764654681
19.35, 0.136221897629804
19.36, 0.136216034602263
19.37, 0.136210169647852
19.38, 0.136204323040338
19.39, 0.136198481031554
19.40, 0.136192646583839
19.41, 0.13618681537343
19.42, 0.136181003330695
19.43, 0.136175185342956
19.44, 0.136169373920723
19.45, 0.136163568278233
19.46, 0.136157780459435
19.47, 0.136151987356063
19.48, 0.13614621231199
19.49, 0.136140431454704
19.50, 0.136134668145276
19.51, 0.136128910703831
19.52, 0.136123149621341
19.53, 0.136117406743096
19.54, 0.136111668129007
19.55, 0.136105934708263
19.56, 0.136100203715817
19.57, 0.136094494677688
19.58, 0.136088777737236
19.59, 0.136083070245519
19.60, 0.136077367344847
19.61, 0.136071682270834
19.62, 0.136065993180275
19.63, 0.136060317582585
19.64, 0.136054637986768
19.65, 0.13604897421166
19.66, 0.136043318673547
19.67, 0.136037657565812
19.68, 0.136032013390933
19.69, 0.136026373461021
19.70, 0.136020743359533
19.71, 0.136015112524063
19.72, 0.136009494475248
19.73, 0.136003887666251
19.74, 0.13599827691029
19.75, 0.135992675628869
19.76, 0.135987076340118
19.77, 0.135981494858363
19.78, 0.135975907471725
19.79, 0.13597033733646
19.80, 0.135964763327309
19.81, 0.135959204368923
19.82, 0.13595364763811
19.83, 0.135948102426709
19.84, 0.135942560976072
19.85, 0.135937025542704
19.86, 0.13593148338753
19.87, 0.135925970953799
19.88, 0.13592044852528
19.89, 0.135914937405864
19.90, 0.135909429905856
19.91, 0.135903924487014
19.92, 0.135898438054398
19.93, 0.135892949844546
19.94, 0.13588747273315
19.95, 0.135881992051615
19.96, 0.135876529368283
19.97, 0.135871061653308
19.98, 0.135865607155922
19.99, 0.135860157803061
20.00, 0.135854716743913
20.01, 0.135849271266
20.02, 0.135843838022827
20.03, 0.135838413015314
20.04, 0.135832993858113
20.05, 0.135827577487816
20.06, 0.13582217568259
20.07, 0.135816774764188
20.08, 0.135811374780376
20.09, 0.13580599108041
20.10, 0.135800604637423
20.11, 0.135795231140911
20.12, 0.135789853542541
20.13, 0.135784491318299
20.14, 0.135779124216465
20.15, 0.135773774327452
20.16, 0.135768428566674
20.17, 0.135763086317142
20.18, 0.13575775201769
20.19, 0.135752420457803
20.20, 0.13574709571304
20.21, 0.135741775928941
20.22, 0.13573646254757
20.23, 0.13573115363915
20.24, 0.135725852260477
20.25, 0.135720549819857
20.26, 0.13571526476979
20.27, 0.135709977852301
20.28, 0.135704702913811
20.29, 0.135699428847811
20.30, 0.135694162548031
20.31, 0.135688893844347
20.32, 0.135683642344011
20.33, 0.135678392793253
20.34, 0.135673153631812
20.35, 0.13566790183166
20.36, 0.135662671333637
20.37, 0.135657443797826
20.38, 0.135652219558761
20.39, 0.135647002708322
20.40, 0.135641790926189
20.41, 0.135636595197323
20.42, 0.135631390762329
20.43, 0.135626193688536
20.44, 0.135621000581162
20.45, 0.135615822673508
20.46, 0.135610639533271
20.47, 0.135605471750146
20.48, 0.135600298419707
20.49, 0.135595140670325
20.50, 0.135589985768039
20.51, 0.135584827622858
20.52, 0.135579683224204
20.53, 0.135574545479827
20.54, 0.135569412805423
20.55, 0.135564283047722
20.56, 0.135559157858328
20.57, 0.135554038167935
20.58, 0.135548920948738
20.59, 0.135543813790082
20.60, 0.135538709076558
20.61, 0.135533606774841
20.62, 0.135528522185818
20.63, 0.1355234318778
20.64, 0.135518345012328
20.65, 0.13551327282235
20.66, 0.135508205377506
20.67, 0.135503135057917
20.68, 0.135498067467799
20.69, 0.135493013080328
20.70, 0.135487965031932
20.71, 0.135482910336615
20.72, 0.13547788056231
20.73, 0.135472838816356
20.74, 0.135467808511036
20.75, 0.135462780753741
20.76, 0.135457762269084
20.77, 0.135452742281149
20.78, 0.135447743245665
20.79, 0.135442726633513
20.80, 0.135437733099727
20.81, 0.135432735967963
20.82, 0.135427741845566
20.83, 0.135422760845234
20.84, 0.135417775730601
20.85, 0.135412806390389
20.86, 0.13540783075759
20.87, 0.135402868651135
20.88, 0.135397902613605
20.89, 0.135392949955725
20.90, 0.135387991719213
20.91, 0.135383045576722
20.92, 0.135378108964491
20.93, 0.135373171918989
20.94, 0.135368244037511
20.95, 0.135363315093694
20.96, 0.135358394892792
20.97, 0.135353476573499
20.98, 0.135348563702012
20.99, 0.135343654415927
21.00, 0.135338748534779
21.01, 0.135333849467571
21.02, 0.135328962518845
21.03, 0.135324072322732
21.04, 0.135319182622037
21.05, 0.135314311293443
21.06, 0.135309427719508
21.07, 0.135304564007507
21.08, 0.135299692557362
21.09, 0.135294838993211
21.10, 0.135289982132282
21.11, 0.135285123700016
21.12, 0.135280278782335
21.13, 0.135275441281512
21.14, 0.135270604949079
21.15, 0.135265773687969
21.16, 0.135260944308538
21.17, 0.135256119104841
21.18, 0.135251301879717
21.19, 0.135246485089558
21.20, 0.135241674847274
21.21, 0.135236867251464
21.22, 0.135232061397102
21.23, 0.13522727473409
21.24, 0.135222477648641
21.25, 0.13521768384945
21.26, 0.135212909498843
21.27, 0.135208126087235
21.28, 0.135203354937183
21.29, 0.135198580113846
21.30, 0.135193819517751
21.31, 0.13518905132425
21.32, 0.135184299373643
21.33, 0.135179545669524
21.34, 0.13517480012112
21.35, 0.135170050702305
21.36, 0.135165309785102
21.37, 0.135160577468331
21.38, 0.135155845112425
21.39, 0.135151119147071
21.40, 0.135146394822963
21.41, 0.135141677320367
21.42, 0.135136962029824
21.43, 0.135132250424843
21.44, 0.135127553973849
21.45, 0.135122848408433
21.46, 0.135118150267309
21.47, 0.135113453670789
21.48, 0.135108768993026
21.49, 0.135104080722842
21.50, 0.135099405226462
21.51, 0.135094722645771
21.52, 0.135090057223777
21.53, 0.135085381823369
21.54, 0.135080723717437
21.55, 0.135076066748841
21.56, 0.13507140314621
21.57, 0.135066752012431
21.58, 0.135062106587893
21.59, 0.135057465835126
21.60, 0.135052828946078
21.61, 0.135048195216835
21.62, 0.135043560339101
21.63, 0.135038933183196
21.64, 0.135034308395498
21.65, 0.135029687019954
21.66, 0.135025070726734
21.67, 0.13502045943283
21.68, 0.135015846913242
21.69, 0.135011251251869
21.70, 0.13500664856007
21.71, 0.135002047808119
21.72, 0.134997462567429
21.73, 0.134992869468082
21.74, 0.134988282042764
21.75, 0.134983705476445
21.76, 0.134979133676139
21.77, 0.134974556284635
21.78, 0.134969990617518
21.79, 0.134965427080763
21.80, 0.134960857175883
21.81, 0.134956301165903
21.82, 0.134951750955635
21.83, 0.13494720341311
21.84, 0.134942658561558
21.85, 0.134938116767317
21.86, 0.134933569678071
21.87, 0.134929033000591
21.88, 0.134924511910363
21.89, 0.134919985108918
21.90, 0.134915449612344
21.91, 0.134910938065087
21.92, 0.134906417633359
21.93, 0.134901901703231
21.94, 0.13489739955256
21.95, 0.13489289095267
21.96, 0.134888386135391
21.97, 0.134883893298717
21.98, 0.13487939421875
21.99, 0.134874898539402
22.00, 0.134870418772743
22.01, 0.134865928487354
22.02, 0.134861450131667
22.03, 0.134856977512289
22.04, 0.134852496820017
22.05, 0.134848028748467
22.06, 0.134843567487451
22.07, 0.134839107183923
22.08, 0.134834638814113
22.09, 0.134830182377155
22.10, 0.134825730789023
22.11, 0.134821283442398
22.12, 0.134816835367948
22.13, 0.134812399511566
22.14, 0.134807956399265
22.15, 0.134803519130189
22.16, 0.134799089625729
22.17, 0.134794656513878
22.18, 0.134790239520793
22.19, 0.13478581686781
22.20, 0.134781396264088
22.21, 0.134776985619025
22.22, 0.134772571074568
22.23, 0.134768158901422
22.24, 0.134763761570934
22.25, 0.134759353648036
22.26, 0.134754959896376
22.27, 0.134750561765558
22.28, 0.13474617023862
22.29, 0.134741776510475
22.30, 0.134737396085663
22.31, 0.134733017717465
22.32, 0.134728629985576
22.33, 0.134724256274658
22.34, 0.134719887687615
22.35, 0.134715520247243
22.36, 0.13471115565882
22.37, 0.13470678305582
22.38, 0.13470242459073
22.39, 0.134698069075584
22.40, 0.1346937127636
22.41, 0.134689363857441
22.42, 0.134685014772292
22.43, 0.134680668841918
22.44, 0.134676338169746
22.45, 0.13467199929584
22.46, 0.134667659243197
22.47, 0.134663324962132
22.48, 0.1346590039541
22.49, 0.134654676013223
22.50, 0.134650351502359
22.51, 0.134646035860267
22.52, 0.134641716077831
22.53, 0.134637406468836
22.54, 0.134633087450844
22.55, 0.134628785162284
22.56, 0.134624476233666
22.57, 0.134620178764592
22.58, 0.134615872534961
22.59, 0.13461158121734
22.60, 0.134607290340287
22.61, 0.134602992327411
22.62, 0.134598708739119
22.63, 0.134594426550078
22.64, 0.134590145138754
22.65, 0.134585869533007
22.66, 0.134581594010481
22.67, 0.134577319927191
22.68, 0.134573041792885
22.69, 0.134568774407542
22.70, 0.134564508284467
22.71, 0.134560257667388
22.72, 0.134555997408453
22.73, 0.134551740357768
22.74, 0.134547484676075
22.75, 0.134543234112184
22.76, 0.134538982495534
22.77, 0.134534744228214
22.78, 0.134530501061464
22.79, 0.134526266681492
22.80, 0.134522025117307
22.81, 0.134517789297835
22.82, 0.134513554039448
22.83, 0.134509330143095
22.84, 0.134505108737342
22.85, 0.134500878954768
22.86, 0.134496663692359
22.87, 0.134492439703975
22.88, 0.13448822643294
22.89, 0.134484019076306
22.90, 0.134479802178919
22.91, 0.13447559535043
22.92, 0.134471394732179
22.93, 0.134467182447493
22.94, 0.134479552608211
22.95, 0.13447602325464
22.96, 0.134472495408535
22.97, 0.134468969289894
22.98, 0.134465449459217
22.99, 0.134461930339294
23.00, 0.134458413774794
23.01, 0.13445490332431
23.02, 0.134451390497518
23.03, 0.134447884978108
23.04, 0.134444382132852
23.05, 0.13444089234163
23.06, 0.134437397037505
23.07, 0.134433900531787
23.08, 0.134430408504389
23.09, 0.134426932541934
23.10, 0.134423447551283
23.11, 0.134419964985838
23.12, 0.134416496145805
23.13, 0.134413023075819
23.14, 0.134409559992515
23.15, 0.134406087784165
23.16, 0.134402634064673
23.17, 0.134399169922068
23.18, 0.13439571787968
23.19, 0.134392271344546
23.20, 0.134388817020635
23.21, 0.134385377769372
23.22, 0.134381925946734
23.23, 0.134378491161174
23.24, 0.134375059430153
23.25, 0.1343716295584
23.26, 0.134368202663697
23.27, 0.134364768786397
23.28, 0.134361350121269
23.29, 0.13435793093098
23.30, 0.134354517759995
23.31, 0.134351106682866
23.32, 0.134347697208042
23.33, 0.134344295021208
23.34, 0.134340889248997
23.35, 0.134337490299258
23.36, 0.134334093595497
23.37, 0.134330700499784
23.38, 0.134327319174063
23.39, 0.13432393322704
23.40, 0.13432054724613
23.41, 0.134317165324695
23.42, 0.134313788944937
23.43, 0.134310422409795
23.44, 0.1343070591186
23.45, 0.13430368824548
23.46, 0.134300322277305
23.47, 0.134296954331583
23.48, 0.134293605563354
23.49, 0.134290245117335
23.50, 0.134286900417641
23.51, 0.134283557340276
23.52, 0.134280208528205
23.53, 0.134276872312343
23.54, 0.134273528536792
23.55, 0.134270195578138
23.56, 0.134266867405871
23.57, 0.134263544773815
23.58, 0.134260210805489
23.59, 0.134256891299765
23.60, 0.13425357507909
23.61, 0.134250250793138
23.62, 0.134246947891469
23.63, 0.134243631300093
23.64, 0.1342403259102
23.65, 0.134237023970494
23.66, 0.134233725805335
23.67, 0.134230427819249
23.68, 0.134227142535711
23.69, 0.134223849658797
23.70, 0.134220564635713
23.71, 0.134217280336992
23.72, 0.134213998326061
23.73, 0.134210716181905
23.74, 0.134207438985618
23.75, 0.134204165915918
23.76, 0.134200904298997
23.77, 0.134197636044335
23.78, 0.134194367631463
23.79, 0.134191107434731
23.80, 0.134187856630225
23.81, 0.13418459880903
23.82, 0.134181355437471
23.83, 0.134178102736628
23.84, 0.134174853866868
23.85, 0.134171615371898
23.86, 0.134168383787578
23.87, 0.134165144033401
23.88, 0.134161913539529
23.89, 0.134158681399731
23.90, 0.134155458336655
23.91, 0.134152228450083
23.92, 0.134149009107777
23.93, 0.134145796864815
23.94, 0.134142584464234
23.95, 0.134139368058156
23.96, 0.134136160707597
23.97, 0.134132956214387
23.98, 0.134129756364114
23.99, 0.134126559497473
24.00, 0.13412336254137
24.01, 0.134120171534073
24.02, 0.134116971245457
24.03, 0.134113782992149
24.04, 0.134110608598242
24.05, 0.134107427207754
24.06, 0.134104249772656
24.07, 0.134101071633719
24.08, 0.134097899109992
24.09, 0.134094728145323
24.10, 0.134091561156822
24.11, 0.134088393135154
24.12, 0.134085232516755
24.13, 0.134082080249936
24.14, 0.134078925194714
24.15, 0.134075769739888
24.16, 0.134072627699668
24.17, 0.134069477010798
24.18, 0.134066329815336
24.19, 0.134063188308118
24.20, 0.134060052458419
24.21, 0.134056914740517
24.22, 0.134053787931033
24.23, 0.134050654304561
24.24, 0.134047534889315
24.25, 0.134044406663598
24.26, 0.134041292014938
24.27, 0.134038166932213
24.28, 0.134035057078818
24.29, 0.134031948745026
24.30, 0.134028832659018
24.31, 0.134025731442632
24.32, 0.134022629843049
24.33, 0.134019523861185
24.34, 0.134016429172296
24.35, 0.134013335569948
24.36, 0.13401024437028
24.37, 0.134007148975116
24.38, 0.134004064380743
24.39, 0.134000983283834
24.40, 0.133997903533027
24.41, 0.133994825290215
24.42, 0.133991750643361
24.43, 0.133988679891802
24.44, 0.133985610035872
24.45, 0.13398254572795
24.46, 0.133979479429716
24.47, 0.133976420580484
24.48, 0.133973358611565
24.49, 0.133970304573698
24.50, 0.13396724987601
24.51, 0.133964200369318
24.52, 0.133961151016298
24.53, 0.133958115074638
24.54, 0.133955069866784
24.55, 0.133952030874848
24.56, 0.133949000560297
24.57, 0.133945964606581
24.58, 0.133942932082222
24.59, 0.133939909996575
24.60, 0.133936882139888
24.61, 0.133933855268136
24.62, 0.133930842122853
24.63, 0.13392782043396
24.64, 0.133924804436482
24.65, 0.133921795988319
24.66, 0.133918795059828
24.67, 0.13391578291424
24.68, 0.13391278407118
24.69, 0.133909777304344
24.70, 0.133906785322216
24.71, 0.133903793633906
24.72, 0.133900792854827
24.73, 0.133897807708311
24.74, 0.133894813818618
24.75, 0.133891831752838
24.76, 0.133888854415122
24.77, 0.133885879020601
24.78, 0.133882904616391
24.79, 0.133879922155678
24.80, 0.133876955101166
24.81, 0.133873987217922
24.82, 0.133871024606357
24.83, 0.13386806197558
24.84, 0.133865100174927
24.85, 0.133862136011889
24.86, 0.133859180932812
24.87, 0.133856229744406
24.88, 0.133853279565605
24.89, 0.133850341237422
24.90, 0.133847397629983
24.91, 0.133844454175702
24.92, 0.133841515630642
24.93, 0.133838579291212
24.94, 0.133835643051704
24.95, 0.133832712774915
24.96, 0.133829780038273
24.97, 0.133826854649798
24.98, 0.133823937031662
24.99, 0.133821014004283
